ISO-10303-21;
HEADER;
FILE_DESCRIPTION (( 'STEP AP203' ),
    '1' );
FILE_NAME ('221-415.step',
    '2024-11-06T21:08:54',
    ( '' ),
    ( '' ),
    'SwSTEP 2.0',
    'SolidWorks 2023',
    '' );
FILE_SCHEMA (( 'CONFIG_CONTROL_DESIGN' ));
ENDSEC;

DATA;
#1 = CARTESIAN_POINT ( 'NONE',  ( 4.549999999999998934, 8.000000000000076383, 16.06000000000000227 ) ) ;
#2 = DIRECTION ( 'NONE',  ( 0.000000000000000000, 0.6666666666682803388, -0.7453559924984866081 ) ) ;
#3 = CARTESIAN_POINT ( 'NONE',  ( 4.550000000000000711, 7.049999999999999822, 12.12000000000000099 ) ) ;
#4 = ORIENTED_EDGE ( 'NONE', *, *, #7720, .T. ) ;
#5 = PLANE ( 'NONE',  #4046 ) ;
#6 = CYLINDRICAL_SURFACE ( 'NONE', #302, 4.999999999996433075 ) ;
#7 = CYLINDRICAL_SURFACE ( 'NONE', #3376, 0.3999999999993835154 ) ;
#8 = CARTESIAN_POINT ( 'NONE',  ( 4.550000000000000711, 7.049999999999999822, 17.71999999999999886 ) ) ;
#9 = EDGE_CURVE ( 'NONE', #5432, #5882, #3167, .T. ) ;
#10 = EDGE_LOOP ( 'NONE', ( #677, #2891, #2018, #2866 ) ) ;
#11 = ORIENTED_EDGE ( 'NONE', *, *, #4903, .F. ) ;
#12 = DIRECTION ( 'NONE',  ( 1.000000000000000000, -0.000000000000000000, -0.000000000000000000 ) ) ;
#13 = LINE ( 'NONE', #539, #5252 ) ;
#14 = LINE ( 'NONE', #1938, #3862 ) ;
#15 = CIRCLE ( 'NONE', #3661, 0.9999999999658725214 ) ;
#16 = CARTESIAN_POINT ( 'NONE',  ( 18.07765284496200664, 8.149999999999998579, 11.52500000000000924 ) ) ;
#17 = ORIENTED_EDGE ( 'NONE', *, *, #6031, .F. ) ;
#18 = DIRECTION ( 'NONE',  ( 1.000000000000000000, -1.786992130180001379E-15, -0.000000000000000000 ) ) ;
#19 = ORIENTED_EDGE ( 'NONE', *, *, #888, .T. ) ;
#20 = ORIENTED_EDGE ( 'NONE', *, *, #7145, .T. ) ;
#21 = ADVANCED_FACE ( 'NONE', ( #2561 ), #5803, .T. ) ;
#22 = ADVANCED_FACE ( 'NONE', ( #65 ), #2679, .T. ) ;
#23 = AXIS2_PLACEMENT_3D ( 'NONE', #6067, #485, #1235 ) ;
#24 = ORIENTED_EDGE ( 'NONE', *, *, #6537, .F. ) ;
#25 = DIRECTION ( 'NONE',  ( 0.000000000000000000, 1.000000000000000000, 0.000000000000000000 ) ) ;
#26 = ADVANCED_FACE ( 'NONE', ( #5685 ), #7507, .T. ) ;
#27 = DIRECTION ( 'NONE',  ( 0.000000000000000000, 0.000000000000000000, -1.000000000000000000 ) ) ;
#28 = VERTEX_POINT ( 'NONE', #3973 ) ;
#29 = CARTESIAN_POINT ( 'NONE',  ( 4.549999999999999822, 7.049999999999998934, 1.419999999999999929 ) ) ;
#30 = ORIENTED_EDGE ( 'NONE', *, *, #4950, .F. ) ;
#31 = CIRCLE ( 'NONE', #1060, 0.3999999999993835154 ) ;
#32 = ORIENTED_EDGE ( 'NONE', *, *, #6403, .F. ) ;
#33 = ORIENTED_EDGE ( 'NONE', *, *, #7383, .T. ) ;
#34 = EDGE_CURVE ( 'NONE', #1678, #3130, #2930, .T. ) ;
#35 = VECTOR ( 'NONE', #5490, 1000.000000000000000 ) ;
#36 = PRODUCT_DEFINITION_SHAPE ( 'NONE', 'NONE',  #7768 ) ;
#37 = DIRECTION ( 'NONE',  ( 0.000000000000000000, 0.000000000000000000, -1.000000000000000000 ) ) ;
#38 = CARTESIAN_POINT ( 'NONE',  ( 16.18964619013597428, 7.962977933064635749, 0.2166310374532255667 ) ) ;
#39 = AXIS2_PLACEMENT_3D ( 'NONE', #4914, #4746, #1130 ) ;
#40 = CARTESIAN_POINT ( 'NONE',  ( 18.58839275991025630, 4.519789715092537463, 12.60629651730480916 ) ) ;
#41 = CARTESIAN_POINT ( 'NONE',  ( 18.58809699203467858, 4.069999999999994955, 17.35000000000000142 ) ) ;
#42 = CARTESIAN_POINT ( 'NONE',  ( 10.65000000000000746, 8.149999999999998579, 22.38000000000022638 ) ) ;
#43 = AXIS2_PLACEMENT_3D ( 'NONE', #6790, #5575, #4313 ) ;
#44 = DIRECTION ( 'NONE',  ( 0.000000000000000000, 0.000000000000000000, -1.000000000000000000 ) ) ;
#45 = LINE ( 'NONE', #1236, #3940 ) ;
#46 = VECTOR ( 'NONE', #5952, 1000.000000000000000 ) ;
#47 = AXIS2_PLACEMENT_3D ( 'NONE', #7058, #1535, #7209 ) ;
#48 = CARTESIAN_POINT ( 'NONE',  ( 10.54999999999880700, 7.550000000000000711, 18.35542486889182001 ) ) ;
#49 = ORIENTED_EDGE ( 'NONE', *, *, #511, .T. ) ;
#50 = DIRECTION ( 'NONE',  ( 0.7436943470771298914, 0.6685197963602284021, 0.000000000000000000 ) ) ;
#51 = DIRECTION ( 'NONE',  ( 0.000000000000000000, 1.000000000000000000, 0.000000000000000000 ) ) ;
#52 = CYLINDRICAL_SURFACE ( 'NONE', #1950, 2.499999999999904077 ) ;
#53 = CARTESIAN_POINT ( 'NONE',  ( 18.07765284496201730, 7.049999999999999822, 12.67499999999999538 ) ) ;
#54 = ORIENTED_EDGE ( 'NONE', *, *, #846, .T. ) ;
#55 = ORIENTED_EDGE ( 'NONE', *, *, #8009, .F. ) ;
#56 = DIRECTION ( 'NONE',  ( 1.000000000000000000, 0.000000000000000000, 0.000000000000000000 ) ) ;
#57 = CARTESIAN_POINT ( 'NONE',  ( 16.60000000000000142, 4.770000000000001350, 18.75000000000000000 ) ) ;
#58 = AXIS2_PLACEMENT_3D ( 'NONE', #6925, #1319, #4448 ) ;
#59 = ADVANCED_FACE ( 'NONE', ( #6518 ), #5912, .T. ) ;
#60 = DIRECTION ( 'NONE',  ( 0.000000000000000000, 0.000000000000000000, -1.000000000000000000 ) ) ;
#61 = FACE_OUTER_BOUND ( 'NONE', #1785, .T. ) ;
#62 = ORIENTED_EDGE ( 'NONE', *, *, #7281, .F. ) ;
#63 = CARTESIAN_POINT ( 'NONE',  ( 2.500000000000000000, 6.299999999999999822, 13.71572807176707975 ) ) ;
#64 = EDGE_LOOP ( 'NONE', ( #708, #3901, #2628, #2676, #4787, #8035, #6991, #3336, #414, #7905, #3392, #3137 ) ) ;
#65 = FACE_OUTER_BOUND ( 'NONE', #2854, .T. ) ;
#66 = AXIS2_PLACEMENT_3D ( 'NONE', #3155, #6363, #1286 ) ;
#67 = VERTEX_POINT ( 'NONE', #7130 ) ;
#68 = CYLINDRICAL_SURFACE ( 'NONE', #825, 0.3999999999993852362 ) ;
#69 = VECTOR ( 'NONE', #5459, 1000.000000000000000 ) ;
#70 = LINE ( 'NONE', #228, #3422 ) ;
#71 = ORIENTED_EDGE ( 'NONE', *, *, #177, .F. ) ;
#72 = EDGE_CURVE ( 'NONE', #5974, #5727, #952, .T. ) ;
#73 = B_SPLINE_CURVE_WITH_KNOTS ( 'NONE', 3,
 ( #6632, #4809, #4200, #6677 ),
 .UNSPECIFIED., .F., .F.,
 ( 4, 4 ),
 ( 0.000000000000000000, 1.000000000000000000 ),
 .UNSPECIFIED. ) ;
#74 = CARTESIAN_POINT ( 'NONE',  ( 15.23000000000000220, 8.149999999999998579, 0.8999999999999998002 ) ) ;
#75 = EDGE_LOOP ( 'NONE', ( #5559, #7744, #1063, #535 ) ) ;
#76 = LINE ( 'NONE', #2569, #1117 ) ;
#77 = ORIENTED_EDGE ( 'NONE', *, *, #8009, .T. ) ;
#78 = AXIS2_PLACEMENT_3D ( 'NONE', #3377, #2765, #7711 ) ;
#79 = EDGE_LOOP ( 'NONE', ( #7127, #7374, #286, #875 ) ) ;
#80 = ORIENTED_EDGE ( 'NONE', *, *, #4429, .F. ) ;
#81 = CARTESIAN_POINT ( 'NONE',  ( 4.550000000000004263, 8.149999999999998579, 6.519999999999999574 ) ) ;
#82 = AXIS2_PLACEMENT_3D ( 'NONE', #2444, #6917, #6187 ) ;
#83 = ADVANCED_FACE ( 'NONE', ( #5873 ), #2093, .T. ) ;
#84 = CARTESIAN_POINT ( 'NONE',  ( 0.04879489147587402070, 6.236000019965298513, 15.89478841297199274 ) ) ;
#85 = CARTESIAN_POINT ( 'NONE',  ( 18.26194645353651325, 1.297474645844952867, 6.149999999999990585 ) ) ;
#86 = EDGE_CURVE ( 'NONE', #3265, #3570, #7052, .T. ) ;
#87 = CARTESIAN_POINT ( 'NONE',  ( 4.549999999999999822, 7.049999999999998934, 17.67999999999999972 ) ) ;
#88 = CIRCLE ( 'NONE', #740, 0.3999999999993823496 ) ;
#89 = DIRECTION ( 'NONE',  ( 0.000000000000000000, -1.676899360110647289E-13, 1.000000000000000000 ) ) ;
#90 = DIRECTION ( 'NONE',  ( -0.000000000000000000, 1.000000000000000000, -0.000000000000000000 ) ) ;
#91 = ADVANCED_FACE ( 'NONE', ( #7205 ), #2174, .T. ) ;
#92 = ORIENTED_EDGE ( 'NONE', *, *, #5190, .F. ) ;
#93 = DIRECTION ( 'NONE',  ( -1.000000000000000000, -0.000000000000000000, -0.000000000000000000 ) ) ;
#94 = DIRECTION ( 'NONE',  ( 1.000000000000000000, -0.000000000000000000, -0.000000000000000000 ) ) ;
#95 = LINE ( 'NONE', #2008, #7503 ) ;
#96 = CARTESIAN_POINT ( 'NONE',  ( 17.37947366142814687, 7.000000000000001776, 0.8999999999999985789 ) ) ;
#97 = ORIENTED_EDGE ( 'NONE', *, *, #7046, .T. ) ;
#98 = ORIENTED_EDGE ( 'NONE', *, *, #3668, .T. ) ;
#99 = CARTESIAN_POINT ( 'NONE',  ( 10.25000000000061995, 8.149999999999998579, 5.580000000000620020 ) ) ;
#100 = EDGE_CURVE ( 'NONE', #6727, #3565, #5268, .T. ) ;
#101 = PLANE ( 'NONE',  #462 ) ;
#102 = CARTESIAN_POINT ( 'NONE',  ( 18.10221458223799829, 0.6499999999999996891, 1.776388142231904776 ) ) ;
#103 = ORIENTED_EDGE ( 'NONE', *, *, #2477, .F. ) ;
#104 = CARTESIAN_POINT ( 'NONE',  ( 10.25000000000061995, 7.550000000000000711, 13.01999999999937963 ) ) ;
#105 = ORIENTED_EDGE ( 'NONE', *, *, #1120, .T. ) ;
#106 = VERTEX_POINT ( 'NONE', #3362 ) ;
#107 = VERTEX_POINT ( 'NONE', #5332 ) ;
#108 = CARTESIAN_POINT ( 'NONE',  ( 4.550000000000000711, 8.149999999999998579, 17.16000000000000369 ) ) ;
#109 = CARTESIAN_POINT ( 'NONE',  ( 18.58839275991025985, 4.519789715092572990, 23.80629651730483332 ) ) ;
#110 = ORIENTED_EDGE ( 'NONE', *, *, #866, .T. ) ;
#111 = CARTESIAN_POINT ( 'NONE',  ( 18.58205168432627374, 4.770000000000000462, 7.372309282536076758 ) ) ;
#112 = ORIENTED_EDGE ( 'NONE', *, *, #6249, .T. ) ;
#113 = DIRECTION ( 'NONE',  ( 0.000000000000000000, 1.000000000000000000, -3.256654205567137632E-13 ) ) ;
#114 = VERTEX_POINT ( 'NONE', #336 ) ;
#115 = ORIENTED_EDGE ( 'NONE', *, *, #4097, .F. ) ;
#116 = ADVANCED_FACE ( 'NONE', ( #1531 ), #1641, .T. ) ;
#117 = ORIENTED_EDGE ( 'NONE', *, *, #3274, .T. ) ;
#118 = CARTESIAN_POINT ( 'NONE',  ( 17.18212227597007313, 7.049999999999998934, 0.9199999999999989297 ) ) ;
#119 = AXIS2_PLACEMENT_3D ( 'NONE', #2019, #6555, #3393 ) ;
#120 = EDGE_CURVE ( 'NONE', #3598, #3765, #2749, .T. ) ;
#121 = DIRECTION ( 'NONE',  ( -1.000000000000000000, 3.623435740287350615E-16, -0.000000000000000000 ) ) ;
#122 = CARTESIAN_POINT ( 'NONE',  ( 18.10699645857482665, 0.6674566104873542738, 5.628781749866249129 ) ) ;
#123 = FACE_OUTER_BOUND ( 'NONE', #7429, .T. ) ;
#124 = LINE ( 'NONE', #2617, #5886 ) ;
#125 = EDGE_CURVE ( 'NONE', #919, #4875, #2791, .T. ) ;
#126 = DIRECTION ( 'NONE',  ( 0.000000000000000000, 0.000000000000000000, -1.000000000000000000 ) ) ;
#127 = DIRECTION ( 'NONE',  ( 1.000000000000000000, 0.000000000000000000, 0.000000000000000000 ) ) ;
#128 = VERTEX_POINT ( 'NONE', #4689 ) ;
#129 = DIRECTION ( 'NONE',  ( -1.000000000000000000, -1.580832784477974830E-14, 0.000000000000000000 ) ) ;
#130 = CARTESIAN_POINT ( 'NONE',  ( 4.549999999999999822, 8.149999999999998579, 17.67999999999999972 ) ) ;
#131 = CARTESIAN_POINT ( 'NONE',  ( 17.18212227597109987, 7.049999999999999822, 5.480000000002529958 ) ) ;
#132 = PLANE ( 'NONE',  #6680 ) ;
#133 = ORIENTED_EDGE ( 'NONE', *, *, #1918, .F. ) ;
#134 = ORIENTED_EDGE ( 'NONE', *, *, #6403, .T. ) ;
#135 = CARTESIAN_POINT ( 'NONE',  ( 16.60000000000000142, 1.350000000000000311, 6.150000000000000355 ) ) ;
#136 = EDGE_CURVE ( 'NONE', #5750, #5566, #7992, .T. ) ;
#137 = B_SPLINE_CURVE_WITH_KNOTS ( 'NONE', 3,
 ( #1956, #1996, #203, #3875 ),
 .UNSPECIFIED., .F., .F.,
 ( 4, 4 ),
 ( 0.000000000000000000, 1.000000000000000000 ),
 .UNSPECIFIED. ) ;
#138 = CARTESIAN_POINT ( 'NONE',  ( 18.59006940929767282, 4.275293028433063469, 28.52123728017359383 ) ) ;
#139 = DIRECTION ( 'NONE',  ( -1.000000000000000000, 0.000000000000000000, 0.000000000000000000 ) ) ;
#140 = ORIENTED_EDGE ( 'NONE', *, *, #3438, .T. ) ;
#141 = PLANE ( 'NONE',  #119 ) ;
#142 = VERTEX_POINT ( 'NONE', #4119 ) ;
#143 = ORIENTED_EDGE ( 'NONE', *, *, #2673, .T. ) ;
#144 = ORIENTED_EDGE ( 'NONE', *, *, #3340, .T. ) ;
#145 = CARTESIAN_POINT ( 'NONE',  ( 16.60000000000000142, 0.6499999999999990230, 22.94999999999999929 ) ) ;
#146 = LINE ( 'NONE', #2027, #7702 ) ;
#147 = CIRCLE ( 'NONE', #6125, 2.499999999999904077 ) ;
#148 = ORIENTED_EDGE ( 'NONE', *, *, #7653, .T. ) ;
#149 = ORIENTED_EDGE ( 'NONE', *, *, #4170, .T. ) ;
#150 = VERTEX_POINT ( 'NONE', #5224 ) ;
#151 = CIRCLE ( 'NONE', #4696, 0.3999999999993853472 ) ;
#152 = CARTESIAN_POINT ( 'NONE',  ( 4.549999999999999822, 8.000000000000000000, 24.94000000000000128 ) ) ;
#153 = AXIS2_PLACEMENT_3D ( 'NONE', #1271, #7555, #654 ) ;
#154 = CARTESIAN_POINT ( 'NONE',  ( 18.47260329781198962, 5.343128833701894287, 0.000000000000000000 ) ) ;
#155 = LINE ( 'NONE', #3227, #3296 ) ;
#156 = DIRECTION ( 'NONE',  ( -0.000000000000000000, 1.000000000000000000, 3.863576125695558392E-13 ) ) ;
#157 = FACE_OUTER_BOUND ( 'NONE', #7498, .T. ) ;
#158 = VECTOR ( 'NONE', #1701, 1000.000000000000000 ) ;
#159 = CARTESIAN_POINT ( 'NONE',  ( 17.37947366142815042, 7.000000000000000000, 0.9000000000000021316 ) ) ;
#160 = ADVANCED_FACE ( 'NONE', ( #1595 ), #7694, .F. ) ;
#161 = VECTOR ( 'NONE', #1058, 1000.000000000000000 ) ;
#162 = EDGE_CURVE ( 'NONE', #4001, #736, #6547, .T. ) ;
#163 = CARTESIAN_POINT ( 'NONE',  ( 10.37489995996846304, 7.050000000000000711, 18.23999999999999844 ) ) ;
#164 = ORIENTED_EDGE ( 'NONE', *, *, #440, .F. ) ;
#165 = AXIS2_PLACEMENT_3D ( 'NONE', #2356, #438, #5440 ) ;
#166 = DIRECTION ( 'NONE',  ( 0.3122498999200741254, 0.000000000000000000, -0.9499999999999493294 ) ) ;
#167 = CYLINDRICAL_SURFACE ( 'NONE', #4471, 0.9999999999989070965 ) ;
#168 = LINE ( 'NONE', #3962, #3473 ) ;
#169 = CARTESIAN_POINT ( 'NONE',  ( 17.18212227597109987, 7.049999999999999822, 16.68000000000255056 ) ) ;
#170 = EDGE_CURVE ( 'NONE', #3092, #4131, #4624, .T. ) ;
#171 = ORIENTED_EDGE ( 'NONE', *, *, #4360, .F. ) ;
#172 = AXIS2_PLACEMENT_3D ( 'NONE', #5979, #3634, #579 ) ;
#173 = ORIENTED_EDGE ( 'NONE', *, *, #1131, .F. ) ;
#174 = CARTESIAN_POINT ( 'NONE',  ( 10.25000000000030909, 7.049999999999998934, 5.980000000000001315 ) ) ;
#175 = AXIS2_PLACEMENT_3D ( 'NONE', #2475, #4955, #6299 ) ;
#176 = CYLINDRICAL_SURFACE ( 'NONE', #7344, 4.999999999996431299 ) ;
#177 = EDGE_CURVE ( 'NONE', #396, #5812, #7965, .T. ) ;
#178 = CARTESIAN_POINT ( 'NONE',  ( 18.26196469902258102, 1.297558657672830629, 1.249999999999997780 ) ) ;
#179 = VERTEX_POINT ( 'NONE', #450 ) ;
#180 = AXIS2_PLACEMENT_3D ( 'NONE', #4942, #7889, #5457 ) ;
#181 = PLANE ( 'NONE',  #3627 ) ;
#182 = ORIENTED_EDGE ( 'NONE', *, *, #1532, .T. ) ;
#183 = EDGE_LOOP ( 'NONE', ( #5121, #5420, #6262, #4129 ) ) ;
#184 = ADVANCED_FACE ( 'NONE', ( #8015 ), #5453, .T. ) ;
#185 = VECTOR ( 'NONE', #673, 1000.000000000000000 ) ;
#186 = EDGE_CURVE ( 'NONE', #536, #5043, #534, .T. ) ;
#187 = APPLICATION_CONTEXT ( 'configuration controlled 3d designs of mechanical parts and assemblies' ) ;
#188 = ORIENTED_EDGE ( 'NONE', *, *, #3297, .F. ) ;
#189 = DIRECTION ( 'NONE',  ( -1.000000000000000000, 0.000000000000000000, 0.000000000000000000 ) ) ;
#190 = CARTESIAN_POINT ( 'NONE',  ( 18.58898895371305571, 4.123898130085382085, 23.65000000000004121 ) ) ;
#191 = ORIENTED_EDGE ( 'NONE', *, *, #5199, .T. ) ;
#192 = VERTEX_POINT ( 'NONE', #2371 ) ;
#193 = VERTEX_POINT ( 'NONE', #4851 ) ;
#194 = EDGE_CURVE ( 'NONE', #5755, #1570, #1800, .T. ) ;
#195 = ORIENTED_EDGE ( 'NONE', *, *, #2263, .T. ) ;
#196 = CARTESIAN_POINT ( 'NONE',  ( 2.500000000000000000, 5.900000000004309797, 14.89999999999169944 ) ) ;
#197 = CARTESIAN_POINT ( 'NONE',  ( 4.550000000000000711, 7.049999999999999822, 6.479999999999998650 ) ) ;
#198 = EDGE_CURVE ( 'NONE', #6981, #1988, #5134, .T. ) ;
#199 = VECTOR ( 'NONE', #667, 1000.000000000000000 ) ;
#200 = DIRECTION ( 'NONE',  ( 1.000000000000000000, 0.000000000000000000, 0.000000000000000000 ) ) ;
#201 = AXIS2_PLACEMENT_3D ( 'NONE', #3599, #3549, #4693 ) ;
#202 = CARTESIAN_POINT ( 'NONE',  ( 18.58205168432626309, 4.769999999999997797, 18.75000000000000355 ) ) ;
#203 = CARTESIAN_POINT ( 'NONE',  ( 10.50109117053267838, 7.586912850962324484, 22.70003251923242615 ) ) ;
#204 = CARTESIAN_POINT ( 'NONE',  ( 4.550000000000000711, 7.049999999999999822, 22.78000000000000114 ) ) ;
#205 = EDGE_CURVE ( 'NONE', #3130, #5785, #6718, .T. ) ;
#206 = VECTOR ( 'NONE', #7435, 1000.000000000000000 ) ;
#207 =( LENGTH_UNIT ( ) NAMED_UNIT ( * ) SI_UNIT ( .MILLI., .METRE. ) );
#208 = CARTESIAN_POINT ( 'NONE',  ( 10.25000000000061995, 7.550000000000000711, 5.580000000000620020 ) ) ;
#209 = LINE ( 'NONE', #5178, #587 ) ;
#210 = AXIS2_PLACEMENT_3D ( 'NONE', #1698, #6614, #4179 ) ;
#211 = EDGE_LOOP ( 'NONE', ( #7294, #3983, #287, #6942 ) ) ;
#212 = DIRECTION ( 'NONE',  ( 0.000000000000000000, -1.000000000000000000, -9.466633826054356609E-13 ) ) ;
#213 = CARTESIAN_POINT ( 'NONE',  ( 18.36103384753110390, 0.5293105945157643433, 29.78159787834600536 ) ) ;
#214 = DIRECTION ( 'NONE',  ( 0.000000000000000000, -1.000000000000000000, -2.891205793294215166E-15 ) ) ;
#215 = CARTESIAN_POINT ( 'NONE',  ( 17.18212227597000208, 7.049999999999999822, 6.480000000000001315 ) ) ;
#216 = ORIENTED_EDGE ( 'NONE', *, *, #34, .T. ) ;
#217 = VERTEX_POINT ( 'NONE', #6112 ) ;
#218 = ADVANCED_FACE ( 'NONE', ( #1153 ), #3636, .T. ) ;
#219 = DIRECTION ( 'NONE',  ( -0.000000000000000000, -0.000000000000000000, 1.000000000000000000 ) ) ;
#220 = CARTESIAN_POINT ( 'NONE',  ( 18.10881781221917208, 5.999999999999993783, 13.42500000000000071 ) ) ;
#221 = VERTEX_POINT ( 'NONE', #6807 ) ;
#222 = CARTESIAN_POINT ( 'NONE',  ( 4.550000000000000711, 7.400000000000000355, 3.140000000000000124 ) ) ;
#223 = ORIENTED_EDGE ( 'NONE', *, *, #4170, .F. ) ;
#224 = ORIENTED_EDGE ( 'NONE', *, *, #2574, .T. ) ;
#225 = VERTEX_POINT ( 'NONE', #1842 ) ;
#226 = ADVANCED_FACE ( 'NONE', ( #3022 ), #7925, .F. ) ;
#227 = FACE_OUTER_BOUND ( 'NONE', #6255, .T. ) ;
#228 = CARTESIAN_POINT ( 'NONE',  ( 8.820000000000000284, 8.149999999999998579, 16.06000000000000227 ) ) ;
#229 = VECTOR ( 'NONE', #6447, 1000.000000000000000 ) ;
#230 = VERTEX_POINT ( 'NONE', #3544 ) ;
#231 = ORIENTED_EDGE ( 'NONE', *, *, #3357, .F. ) ;
#232 = EDGE_LOOP ( 'NONE', ( #3791, #5884, #5475, #6945, #2145, #368, #4077, #5749 ) ) ;
#233 = APPROVAL_PERSON_ORGANIZATION ( #4643, #6579, #7673 ) ;
#234 = DIRECTION ( 'NONE',  ( 0.4226182617407413522, 0.9063077870366305078, -0.000000000000000000 ) ) ;
#235 = LINE ( 'NONE', #3989, #1069 ) ;
#236 = EDGE_CURVE ( 'NONE', #2990, #7019, #2418, .T. ) ;
#237 = CARTESIAN_POINT ( 'NONE',  ( 10.25000000000000000, 7.049999999999999822, 11.58000000000000540 ) ) ;
#238 = DIRECTION ( 'NONE',  ( 1.000000000000000000, -0.000000000000000000, -0.000000000000000000 ) ) ;
#239 = CARTESIAN_POINT ( 'NONE',  ( 8.820000000000000284, 8.000000000000067502, 13.73999999999990251 ) ) ;
#240 = EDGE_CURVE ( 'NONE', #6395, #6766, #4897, .T. ) ;
#241 = VECTOR ( 'NONE', #6487, 1000.000000000000000 ) ;
#242 = APPLICATION_PROTOCOL_DEFINITION ( 'international standard', 'config_control_design', 1994, #5851 ) ;
#243 = DIRECTION ( 'NONE',  ( 0.000000000000000000, 0.000000000000000000, -1.000000000000000000 ) ) ;
#244 = ADVANCED_FACE ( 'NONE', ( #1244 ), #7363, .F. ) ;
#245 = CARTESIAN_POINT ( 'NONE',  ( 16.60000000000000142, 1.349999999999999645, 28.55000000000000071 ) ) ;
#246 = ORIENTED_EDGE ( 'NONE', *, *, #4007, .F. ) ;
#247 = CARTESIAN_POINT ( 'NONE',  ( 16.60000000000000142, 0.6499999999999862554, 6.150000000000003020 ) ) ;
#248 = CARTESIAN_POINT ( 'NONE',  ( 10.54999999999975913, 7.550000000000000711, 22.64457513110894737 ) ) ;
#249 = DIRECTION ( 'NONE',  ( 0.000000000000000000, -1.000000000000000000, -5.782411586588430333E-15 ) ) ;
#250 = CARTESIAN_POINT ( 'NONE',  ( 4.550000000000000711, 8.149999999999998579, 22.78000000000000114 ) ) ;
#251 = VERTEX_POINT ( 'NONE', #6756 ) ;
#252 = ORIENTED_EDGE ( 'NONE', *, *, #4267, .T. ) ;
#253 = LINE ( 'NONE', #5219, #1879 ) ;
#254 = LINE ( 'NONE', #4541, #3355 ) ;
#255 = ORIENTED_EDGE ( 'NONE', *, *, #7054, .F. ) ;
#256 = CARTESIAN_POINT ( 'NONE',  ( 4.549999999999999822, 7.049999999999998934, 6.519999999999999574 ) ) ;
#257 = DIRECTION ( 'NONE',  ( 1.000000000000000000, 0.000000000000000000, 1.049507702967585899E-12 ) ) ;
#258 = ORIENTED_EDGE ( 'NONE', *, *, #3915, .F. ) ;
#259 = CARTESIAN_POINT ( 'NONE',  ( 0.2098135294229777625, 6.109337146751781411, 13.78933224263219870 ) ) ;
#260 = CARTESIAN_POINT ( 'NONE',  ( 18.59999999999999787, 0.7000000000000110578, 0.7000000000000110578 ) ) ;
#261 = ORIENTED_EDGE ( 'NONE', *, *, #5878, .T. ) ;
#262 = EDGE_CURVE ( 'NONE', #2068, #342, #1192, .T. ) ;
#263 = EDGE_CURVE ( 'NONE', #6055, #4582, #6028, .T. ) ;
#264 = ORIENTED_EDGE ( 'NONE', *, *, #3841, .T. ) ;
#265 = ORIENTED_EDGE ( 'NONE', *, *, #2157, .T. ) ;
#266 = EDGE_CURVE ( 'NONE', #6018, #3996, #4937, .T. ) ;
#267 = ORIENTED_EDGE ( 'NONE', *, *, #1020, .F. ) ;
#268 = PLANE ( 'NONE',  #3042 ) ;
#269 = CARTESIAN_POINT ( 'NONE',  ( 17.08923586769300229, 7.321299490900610607, 29.80000000000000071 ) ) ;
#270 = DIRECTION ( 'NONE',  ( -1.000000000000000000, -0.000000000000000000, -0.000000000000000000 ) ) ;
#271 = CARTESIAN_POINT ( 'NONE',  ( 18.10699645857483020, 0.6674566104873678185, 22.42878174986628181 ) ) ;
#272 = VECTOR ( 'NONE', #2046, 1000.000000000000000 ) ;
#273 = LINE ( 'NONE', #5990, #2246 ) ;
#274 = DIRECTION ( 'NONE',  ( 0.000000000000000000, 1.000000000000000000, 0.000000000000000000 ) ) ;
#275 = EDGE_CURVE ( 'NONE', #6730, #4663, #629, .T. ) ;
#276 = EDGE_CURVE ( 'NONE', #150, #4146, #2291, .T. ) ;
#277 = VECTOR ( 'NONE', #2925, 1000.000000000000000 ) ;
#278 = LINE ( 'NONE', #355, #1980 ) ;
#279 = CARTESIAN_POINT ( 'NONE',  ( 17.18212227597054920, 7.049999999999999822, 17.68000000000002103 ) ) ;
#280 = ORIENTED_EDGE ( 'NONE', *, *, #7714, .F. ) ;
#281 = DIRECTION ( 'NONE',  ( 1.000000000000000000, -0.000000000000000000, 8.437332067847339205E-16 ) ) ;
#282 = CARTESIAN_POINT ( 'NONE',  ( 18.18404351367648175, 0.9639719677251674668, 18.15734870073524476 ) ) ;
#283 = CARTESIAN_POINT ( 'NONE',  ( 16.60000000000000142, 4.070000000000059792, 16.65000000000000213 ) ) ;
#284 = AXIS2_PLACEMENT_3D ( 'NONE', #6842, #1096, #1142 ) ;
#285 = CARTESIAN_POINT ( 'NONE',  ( 17.91437827766100810, 6.300000000000006040, 16.67499999999999716 ) ) ;
#286 = ORIENTED_EDGE ( 'NONE', *, *, #1391, .T. ) ;
#287 = ORIENTED_EDGE ( 'NONE', *, *, #3567, .T. ) ;
#288 = LINE ( 'NONE', #1487, #3024 ) ;
#289 = CIRCLE ( 'NONE', #2769, 0.9999999999989065413 ) ;
#290 = VECTOR ( 'NONE', #3374, 1000.000000000000000 ) ;
#291 = VECTOR ( 'NONE', #5543, 1000.000000000000000 ) ;
#292 = CARTESIAN_POINT ( 'NONE',  ( 18.21660862778837142, 1.099580679648713755, 11.70568678242992533 ) ) ;
#293 = EDGE_LOOP ( 'NONE', ( #2889, #6622, #6227, #77, #1657 ) ) ;
#294 = CARTESIAN_POINT ( 'NONE',  ( 17.18212227597054920, 7.049999999999999822, 12.08000000000000007 ) ) ;
#295 = CARTESIAN_POINT ( 'NONE',  ( 10.54999999999880878, 7.550000000000000711, 18.35542486889182001 ) ) ;
#296 = VECTOR ( 'NONE', #5016, 1000.000000000000000 ) ;
#297 = VECTOR ( 'NONE', #2578, 1000.000000000000000 ) ;
#298 = EDGE_LOOP ( 'NONE', ( #770, #1455, #1692, #5811 ) ) ;
#299 = ADVANCED_FACE ( 'NONE', ( #1715 ), #712, .T. ) ;
#300 = DIRECTION ( 'NONE',  ( 0.000000000000000000, 0.000000000000000000, 1.000000000000000000 ) ) ;
#301 = LINE ( 'NONE', #6561, #4600 ) ;
#302 = AXIS2_PLACEMENT_3D ( 'NONE', #1964, #1839, #6928 ) ;
#303 = ORIENTED_EDGE ( 'NONE', *, *, #5030, .F. ) ;
#304 = VECTOR ( 'NONE', #7370, 1000.000000000000000 ) ;
#305 = ORIENTED_EDGE ( 'NONE', *, *, #2252, .T. ) ;
#306 = ORIENTED_EDGE ( 'NONE', *, *, #5977, .T. ) ;
#307 = ORIENTED_EDGE ( 'NONE', *, *, #5441, .F. ) ;
#308 = DIRECTION ( 'NONE',  ( 0.000000000000000000, 0.000000000000000000, -1.000000000000000000 ) ) ;
#309 = VECTOR ( 'NONE', #2995, 1000.000000000000227 ) ;
#310 = DIRECTION ( 'NONE',  ( 0.000000000000000000, -0.000000000000000000, 1.000000000000000000 ) ) ;
#311 = ADVANCED_FACE ( 'NONE', ( #3200 ), #6971, .T. ) ;
#312 = CARTESIAN_POINT ( 'NONE',  ( 4.549999999999999822, 8.000000000000101252, 15.45999999999999908 ) ) ;
#313 = CARTESIAN_POINT ( 'NONE',  ( 8.820000000000000284, 7.400000000000000355, 19.93999999999999773 ) ) ;
#314 = AXIS2_PLACEMENT_3D ( 'NONE', #7737, #6592, #6556 ) ;
#315 = DIRECTION ( 'NONE',  ( 0.000000000000000000, 1.000000000000000000, 0.000000000000000000 ) ) ;
#316 = AXIS2_PLACEMENT_3D ( 'NONE', #2852, #7683, #2127 ) ;
#317 = ADVANCED_FACE ( 'NONE', ( #7496 ), #5676, .T. ) ;
#318 = DIRECTION ( 'NONE',  ( -0.000000000000000000, 1.000000000000000000, -0.000000000000000000 ) ) ;
#319 = VECTOR ( 'NONE', #5554, 1000.000000000000000 ) ;
#320 = CARTESIAN_POINT ( 'NONE',  ( 16.18594924246994893, 5.979999999998560689, 11.56000000000000050 ) ) ;
#321 = B_SPLINE_CURVE_WITH_KNOTS ( 'NONE', 3,
 ( #1793, #2324, #5538, #5619, #6711, #4842, #1145, #6195, #4185, #4798, #1101, #3586 ),
 .UNSPECIFIED., .F., .F.,
 ( 4, 2, 2, 2, 2, 4 ),
 ( 0.000000000000000000, 0.2500000000000000555, 0.5000000000000001110, 0.7500000000000002220, 0.8750000000000001110, 1.000000000000000000 ),
 .UNSPECIFIED. ) ;
#322 = CARTESIAN_POINT ( 'NONE',  ( 10.50109116744298454, 7.586912853294202286, 7.099967477265102467 ) ) ;
#323 = DIRECTION ( 'NONE',  ( 1.000000000000000000, -1.027520474853500812E-14, -0.000000000000000000 ) ) ;
#324 = DIRECTION ( 'NONE',  ( -3.174543961041026456E-13, 1.000000000000000000, 0.000000000000000000 ) ) ;
#325 = DIRECTION ( 'NONE',  ( 0.000000000000000000, 1.000000000000000000, 0.000000000000000000 ) ) ;
#326 = VECTOR ( 'NONE', #2235, 1000.000000000000000 ) ;
#327 = FACE_OUTER_BOUND ( 'NONE', #4960, .T. ) ;
#328 = ORIENTED_EDGE ( 'NONE', *, *, #1718, .T. ) ;
#329 = ORIENTED_EDGE ( 'NONE', *, *, #2724, .T. ) ;
#330 = CARTESIAN_POINT ( 'NONE',  ( 2.500000000000000000, 6.599999999999999645, 15.68262379212500157 ) ) ;
#331 = AXIS2_PLACEMENT_3D ( 'NONE', #6897, #60, #5753 ) ;
#332 = EDGE_CURVE ( 'NONE', #2919, #2755, #7836, .T. ) ;
#333 = LINE ( 'NONE', #4076, #1496 ) ;
#334 = VERTEX_POINT ( 'NONE', #789 ) ;
#335 = LINE ( 'NONE', #3471, #5307 ) ;
#336 = CARTESIAN_POINT ( 'NONE',  ( 18.58205168432626309, 4.769999999999997797, 5.449999999999999289 ) ) ;
#337 = EDGE_CURVE ( 'NONE', #1871, #3117, #6310, .T. ) ;
#338 = ORIENTED_EDGE ( 'NONE', *, *, #5696, .F. ) ;
#339 = DIRECTION ( 'NONE',  ( 0.000000000000000000, 0.000000000000000000, -1.000000000000000000 ) ) ;
#340 = PLANE ( 'NONE',  #47 ) ;
#341 = ORIENTED_EDGE ( 'NONE', *, *, #2514, .T. ) ;
#342 = VERTEX_POINT ( 'NONE', #3116 ) ;
#343 = ORIENTED_EDGE ( 'NONE', *, *, #2239, .F. ) ;
#344 = ORIENTED_EDGE ( 'NONE', *, *, #5227, .F. ) ;
#345 = DIRECTION ( 'NONE',  ( -0.000000000000000000, -0.000000000000000000, 1.000000000000000000 ) ) ;
#346 = CIRCLE ( 'NONE', #4120, 0.2000000000005426326 ) ;
#347 = DIRECTION ( 'NONE',  ( 0.000000000000000000, 1.000000000000000000, 0.000000000000000000 ) ) ;
#348 = CARTESIAN_POINT ( 'NONE',  ( 10.44063215199694561, 7.632542950166171458, 11.53839488223949061 ) ) ;
#349 = EDGE_CURVE ( 'NONE', #5750, #2220, #3849, .T. ) ;
#350 = DIRECTION ( 'NONE',  ( -1.000000000000000000, 0.000000000000000000, 0.000000000000000000 ) ) ;
#351 = CARTESIAN_POINT ( 'NONE',  ( 18.10221458223799829, 0.6500000000000024647, 1.949999999999999512 ) ) ;
#352 = EDGE_CURVE ( 'NONE', #642, #1257, #6327, .T. ) ;
#353 = EDGE_CURVE ( 'NONE', #2640, #6486, #1406, .T. ) ;
#354 = SECURITY_CLASSIFICATION_LEVEL ( 'unclassified' ) ;
#355 = CARTESIAN_POINT ( 'NONE',  ( 4.550000000000000711, 8.149999999999998579, 27.25999999999999801 ) ) ;
#356 = CARTESIAN_POINT ( 'NONE',  ( 16.18594924246994893, 5.979999999998560689, 28.80000000000000426 ) ) ;
#357 = DIRECTION ( 'NONE',  ( -1.000000000000000000, 0.000000000000000000, 0.000000000000000000 ) ) ;
#358 = EDGE_CURVE ( 'NONE', #5609, #2909, #3806, .T. ) ;
#359 = CARTESIAN_POINT ( 'NONE',  ( 8.820000000000000284, 7.400000000000000355, 3.140000000000000124 ) ) ;
#360 = CARTESIAN_POINT ( 'NONE',  ( 18.10221458223790592, 0.6500000000000463185, 29.79821200218855637 ) ) ;
#361 = EDGE_CURVE ( 'NONE', #4853, #809, #4219, .T. ) ;
#362 = CARTESIAN_POINT ( 'NONE',  ( 18.10221458223799829, 0.6500000000000001332, 13.15000000000000036 ) ) ;
#363 = ORIENTED_EDGE ( 'NONE', *, *, #1960, .T. ) ;
#364 = VERTEX_POINT ( 'NONE', #2550 ) ;
#365 = CYLINDRICAL_SURFACE ( 'NONE', #2537, 0.6000000000000970113 ) ;
#366 = VECTOR ( 'NONE', #5628, 1000.000000000000000 ) ;
#367 = CARTESIAN_POINT ( 'NONE',  ( 18.22768840902516274, 1.146650358813601889, 23.67819840945032794 ) ) ;
#368 = ORIENTED_EDGE ( 'NONE', *, *, #3474, .T. ) ;
#369 = CARTESIAN_POINT ( 'NONE',  ( 10.37489995996842040, 7.682152859750583040, 11.56000000000000050 ) ) ;
#370 = DIRECTION ( 'NONE',  ( 1.000000000000000000, 0.000000000000000000, 1.491862189342353284E-12 ) ) ;
#371 = EDGE_CURVE ( 'NONE', #1268, #1257, #2590, .T. ) ;
#372 = VERTEX_POINT ( 'NONE', #7533 ) ;
#373 = CARTESIAN_POINT ( 'NONE',  ( 0.3643478260869588703, 7.699923329723704413, 29.75386415199194801 ) ) ;
#374 = DIRECTION ( 'NONE',  ( 0.000000000000000000, 1.000000000000000000, 0.000000000000000000 ) ) ;
#375 = FACE_OUTER_BOUND ( 'NONE', #5473, .T. ) ;
#376 = VERTEX_POINT ( 'NONE', #2504 ) ;
#377 = ORIENTED_EDGE ( 'NONE', *, *, #6343, .F. ) ;
#378 = ORIENTED_EDGE ( 'NONE', *, *, #1540, .F. ) ;
#379 = CIRCLE ( 'NONE', #8004, 13.89999999994158308 ) ;
#380 = EDGE_LOOP ( 'NONE', ( #2897, #4051, #2385, #5410 ) ) ;
#381 = DIRECTION ( 'NONE',  ( 0.000000000000000000, 1.000000000000000000, 0.000000000000000000 ) ) ;
#382 = LINE ( 'NONE', #4053, #1991 ) ;
#383 = CARTESIAN_POINT ( 'NONE',  ( 4.550000000000000711, 7.049999999999999822, 28.37999999999999901 ) ) ;
#384 = FACE_OUTER_BOUND ( 'NONE', #4071, .T. ) ;
#385 = DATE_AND_TIME ( #2230, #4260 ) ;
#386 = LINE ( 'NONE', #2159, #1704 ) ;
#387 = EDGE_CURVE ( 'NONE', #6372, #2327, #1503, .T. ) ;
#388 = VECTOR ( 'NONE', #870, 1000.000000000000000 ) ;
#389 = LINE ( 'NONE', #4832, #1518 ) ;
#390 = LINE ( 'NONE', #7756, #4369 ) ;
#391 = LINE ( 'NONE', #439, #3205 ) ;
#392 = ORIENTED_EDGE ( 'NONE', *, *, #1342, .T. ) ;
#393 = DIRECTION ( 'NONE',  ( 0.000000000000000000, 1.000000000000000000, 0.000000000000000000 ) ) ;
#394 = AXIS2_PLACEMENT_3D ( 'NONE', #3381, #5856, #2845 ) ;
#395 = VERTEX_POINT ( 'NONE', #7452 ) ;
#396 = VERTEX_POINT ( 'NONE', #53 ) ;
#397 = DIRECTION ( 'NONE',  ( 1.000000000000000000, 0.000000000000000000, 0.000000000000000000 ) ) ;
#398 = EDGE_CURVE ( 'NONE', #5723, #1504, #6930, .T. ) ;
#399 = EDGE_CURVE ( 'NONE', #3824, #5454, #752, .T. ) ;
#400 = AXIS2_PLACEMENT_3D ( 'NONE', #5576, #8046, #7437 ) ;
#401 = FACE_OUTER_BOUND ( 'NONE', #5689, .T. ) ;
#402 = EDGE_LOOP ( 'NONE', ( #4205, #3609, #328, #6442, #5941, #6631, #6056, #4398, #5833, #7692, #6554, #1843, #71, #3441, #3967, #3510, #7584, #606 ) ) ;
#403 = DIRECTION ( 'NONE',  ( -1.000000000000000000, 0.000000000000000000, 0.000000000000000000 ) ) ;
#404 = ADVANCED_FACE ( 'NONE', ( #5587 ), #132, .T. ) ;
#405 = PLANE ( 'NONE',  #5433 ) ;
#406 = CARTESIAN_POINT ( 'NONE',  ( 4.550000000000000711, 7.049999999999999822, 1.420000000000000373 ) ) ;
#407 = CIRCLE ( 'NONE', #1856, 0.3999999999993829047 ) ;
#408 = ORIENTED_EDGE ( 'NONE', *, *, #3783, .F. ) ;
#409 = CARTESIAN_POINT ( 'NONE',  ( 4.549999999999999822, 8.149999999999998579, 18.21999999999999886 ) ) ;
#410 = CARTESIAN_POINT ( 'NONE',  ( 16.18594924246994893, 5.979999999998560689, 28.80000000000000426 ) ) ;
#411 = CARTESIAN_POINT ( 'NONE',  ( 10.65000000000000036, 8.149999999999998579, 5.580000000000235438 ) ) ;
#412 = EDGE_CURVE ( 'NONE', #4875, #3779, #4491, .T. ) ;
#413 = EDGE_CURVE ( 'NONE', #4197, #6950, #4380, .T. ) ;
#414 = ORIENTED_EDGE ( 'NONE', *, *, #7022, .T. ) ;
#415 = VECTOR ( 'NONE', #94, 1000.000000000000000 ) ;
#416 = DIRECTION ( 'NONE',  ( -1.000000000000000000, 0.000000000000000000, 0.000000000000000000 ) ) ;
#417 = ORIENTED_EDGE ( 'NONE', *, *, #5190, .T. ) ;
#418 = EDGE_LOOP ( 'NONE', ( #7043, #3281, #722, #5422 ) ) ;
#419 = AXIS2_PLACEMENT_3D ( 'NONE', #5381, #2075, #7111 ) ;
#420 = VERTEX_POINT ( 'NONE', #4612 ) ;
#421 = VECTOR ( 'NONE', #6508, 1000.000000000000000 ) ;
#422 = DIRECTION ( 'NONE',  ( 0.000000000000000000, 1.000000000000000000, 0.000000000000000000 ) ) ;
#423 = CARTESIAN_POINT ( 'NONE',  ( 10.25000000000030909, 7.049999999999999822, 5.980000000000004867 ) ) ;
#424 = ORIENTED_EDGE ( 'NONE', *, *, #5800, .T. ) ;
#425 = AXIS2_PLACEMENT_3D ( 'NONE', #7661, #5160, #4432 ) ;
#426 = DIRECTION ( 'NONE',  ( 0.000000000000000000, 0.000000000000000000, 1.000000000000000000 ) ) ;
#427 = EDGE_CURVE ( 'NONE', #7518, #5682, #2147, .T. ) ;
#428 = ORIENTED_EDGE ( 'NONE', *, *, #5868, .T. ) ;
#429 = ORIENTED_EDGE ( 'NONE', *, *, #2848, .F. ) ;
#430 = LINE ( 'NONE', #7907, #7028 ) ;
#431 = AXIS2_PLACEMENT_3D ( 'NONE', #7614, #6330, #3120 ) ;
#432 = B_SPLINE_CURVE_WITH_KNOTS ( 'NONE', 3,
 ( #4523, #3991, #271, #6385, #7026, #1468, #1431, #3951, #3907, #6428, #3341, #5815 ),
 .UNSPECIFIED., .F., .F.,
 ( 4, 2, 2, 2, 2, 4 ),
 ( 0.000000000000000000, 0.2499999999999989453, 0.4999999999999978906, 0.7499999999999968914, 0.8749999999999984457, 1.000000000000000000 ),
 .UNSPECIFIED. ) ;
#433 = AXIS2_PLACEMENT_3D ( 'NONE', #7340, #7940, #7291 ) ;
#434 = EDGE_CURVE ( 'NONE', #3996, #5423, #5292, .T. ) ;
#435 = DIRECTION ( 'NONE',  ( -1.000000000000000000, 0.000000000000000000, 0.000000000000000000 ) ) ;
#436 = CARTESIAN_POINT ( 'NONE',  ( 16.60000000000000142, 7.049999999999999822, 13.12500000000000000 ) ) ;
#437 = CYLINDRICAL_SURFACE ( 'NONE', #6843, 1.570000000001446683 ) ;
#438 = DIRECTION ( 'NONE',  ( 0.000000000000000000, -1.000000000000000000, 0.000000000000000000 ) ) ;
#439 = CARTESIAN_POINT ( 'NONE',  ( 4.550000000000000711, 7.000000000000000000, 11.56000000000000050 ) ) ;
#440 = EDGE_CURVE ( 'NONE', #2340, #376, #4000, .T. ) ;
#441 = DIRECTION ( 'NONE',  ( 1.000000000000000000, 0.000000000000000000, 1.538482882759301868E-12 ) ) ;
#442 = VECTOR ( 'NONE', #6281, 1000.000000000000000 ) ;
#443 = ORIENTED_EDGE ( 'NONE', *, *, #5143, .F. ) ;
#444 = DIRECTION ( 'NONE',  ( 1.000000000000000000, -0.000000000000000000, 0.000000000000000000 ) ) ;
#445 = B_SPLINE_CURVE_WITH_KNOTS ( 'NONE', 3,
 ( #5551, #2553, #8018, #2460 ),
 .UNSPECIFIED., .F., .F.,
 ( 4, 4 ),
 ( 0.000000000000000000, 1.000000000000000000 ),
 .UNSPECIFIED. ) ;
#446 = CARTESIAN_POINT ( 'NONE',  ( 9.420000000000319673, 7.150000000001090150, 28.35999999999999943 ) ) ;
#447 = EDGE_LOOP ( 'NONE', ( #3072, #1377, #2826, #1533, #3043, #6757 ) ) ;
#448 = CARTESIAN_POINT ( 'NONE',  ( 0.2160213651203121699, 6.099999999997910649, 16.69999999999999929 ) ) ;
#449 = CARTESIAN_POINT ( 'NONE',  ( 17.33486177177819343, 7.049999999999993605, 5.959999999999999964 ) ) ;
#450 = CARTESIAN_POINT ( 'NONE',  ( 4.550000000000000711, 8.149999999999998579, 11.56000000000000227 ) ) ;
#451 = EDGE_CURVE ( 'NONE', #1035, #7926, #6509, .T. ) ;
#452 = EDGE_LOOP ( 'NONE', ( #5758, #2566, #3829, #6029 ) ) ;
#453 = VERTEX_POINT ( 'NONE', #250 ) ;
#454 = FACE_OUTER_BOUND ( 'NONE', #7997, .T. ) ;
#455 = LINE ( 'NONE', #2294, #3831 ) ;
#456 = AXIS2_PLACEMENT_3D ( 'NONE', #970, #4786, #3566 ) ;
#457 = PLANE ( 'NONE',  #5645 ) ;
#458 = LINE ( 'NONE', #3553, #2683 ) ;
#459 = ORIENTED_EDGE ( 'NONE', *, *, #4602, .F. ) ;
#460 = DIRECTION ( 'NONE',  ( 0.000000000000000000, 0.000000000000000000, 1.000000000000000000 ) ) ;
#461 = EDGE_LOOP ( 'NONE', ( #1524, #1402, #754, #2226 ) ) ;
#462 = AXIS2_PLACEMENT_3D ( 'NONE', #2630, #3241, #5105 ) ;
#463 = EDGE_LOOP ( 'NONE', ( #3388, #258, #3360, #2483 ) ) ;
#464 = EDGE_CURVE ( 'NONE', #5914, #6259, #5215, .T. ) ;
#465 = ORIENTED_EDGE ( 'NONE', *, *, #100, .F. ) ;
#466 = CARTESIAN_POINT ( 'NONE',  ( 10.37489995997825787, 7.682152859743366591, 5.959999999999999964 ) ) ;
#467 = CARTESIAN_POINT ( 'NONE',  ( 17.33486177177819698, 7.049999999999993605, 1.440000000000001501 ) ) ;
#468 = DIRECTION ( 'NONE',  ( 1.000000000000000000, 0.000000000000000000, 0.000000000000000000 ) ) ;
#469 = ORIENTED_EDGE ( 'NONE', *, *, #1814, .F. ) ;
#470 = CARTESIAN_POINT ( 'NONE',  ( 16.60000000000000142, 1.349999999999976108, 13.15000000000000036 ) ) ;
#471 = ORIENTED_EDGE ( 'NONE', *, *, #6033, .T. ) ;
#472 = ORIENTED_EDGE ( 'NONE', *, *, #3170, .T. ) ;
#473 = CARTESIAN_POINT ( 'NONE',  ( 17.37894151473797066, 7.000622083981281385, 17.16000000000000014 ) ) ;
#474 = ADVANCED_FACE ( 'NONE', ( #7727 ), #5321, .T. ) ;
#475 = PLANE ( 'NONE',  #5017 ) ;
#476 = LINE ( 'NONE', #4880, #4055 ) ;
#477 = DIRECTION ( 'NONE',  ( 0.7598676893420028833, 0.6500777604979618429, 0.000000000000000000 ) ) ;
#478 = CIRCLE ( 'NONE', #4769, 0.6000000000000961231 ) ;
#479 = CARTESIAN_POINT ( 'NONE',  ( 10.37489995997995784, 7.682152859742341633, 12.64000000000000057 ) ) ;
#480 = EDGE_CURVE ( 'NONE', #4824, #1678, #3944, .T. ) ;
#481 = LINE ( 'NONE', #2357, #3016 ) ;
#482 = CC_DESIGN_APPROVAL ( #6579, ( #4006 ) ) ;
#483 = CARTESIAN_POINT ( 'NONE',  ( 11.29999999998313953, 1.799999999990480326, 11.56000000000000050 ) ) ;
#484 = ORIENTED_EDGE ( 'NONE', *, *, #4243, .F. ) ;
#485 = DIRECTION ( 'NONE',  ( -0.000000000000000000, -0.000000000000000000, 1.000000000000000000 ) ) ;
#486 = CARTESIAN_POINT ( 'NONE',  ( 10.02241238366300102, 7.948185016151895432, 5.959999999999999964 ) ) ;
#487 = DIRECTION ( 'NONE',  ( 0.000000000000000000, -0.000000000000000000, 1.000000000000000000 ) ) ;
#488 = ORIENTED_EDGE ( 'NONE', *, *, #86, .F. ) ;
#489 = CYLINDRICAL_SURFACE ( 'NONE', #5981, 11.99999999999686118 ) ;
#490 = CARTESIAN_POINT ( 'NONE',  ( 10.25000000000061995, 8.149999999999998579, 1.819999999999384999 ) ) ;
#491 = DIRECTION ( 'NONE',  ( -0.7981850161519280507, 0.6024123836630072004, -0.000000000000000000 ) ) ;
#492 = CARTESIAN_POINT ( 'NONE',  ( 16.60000000000000142, 0.6500000000000001332, 18.75000000000000000 ) ) ;
#493 = VERTEX_POINT ( 'NONE', #909 ) ;
#494 = ORIENTED_EDGE ( 'NONE', *, *, #6318, .F. ) ;
#495 = CARTESIAN_POINT ( 'NONE',  ( 4.550000000000000711, 7.049999999999999822, 6.479999999999998650 ) ) ;
#496 = AXIS2_PLACEMENT_3D ( 'NONE', #256, #7582, #7693 ) ;
#497 = LINE ( 'NONE', #7327, #304 ) ;
#498 = DIRECTION ( 'NONE',  ( 1.000000000000000000, -0.000000000000000000, -4.709267944782753698E-15 ) ) ;
#499 = PLANE ( 'NONE',  #3874 ) ;
#500 = ORIENTED_EDGE ( 'NONE', *, *, #2892, .T. ) ;
#501 = FACE_OUTER_BOUND ( 'NONE', #293, .T. ) ;
#502 = VERTEX_POINT ( 'NONE', #2706 ) ;
#503 = ORIENTED_EDGE ( 'NONE', *, *, #6332, .T. ) ;
#504 = AXIS2_PLACEMENT_3D ( 'NONE', #3594, #5547, #1284 ) ;
#505 = ORIENTED_EDGE ( 'NONE', *, *, #5514, .T. ) ;
#506 = LINE ( 'NONE', #6127, #1604 ) ;
#507 = FACE_OUTER_BOUND ( 'NONE', #452, .T. ) ;
#508 = CARTESIAN_POINT ( 'NONE',  ( 16.60000000000000142, 6.299999999999879918, 13.42499999999987992 ) ) ;
#509 = ORIENTED_EDGE ( 'NONE', *, *, #2742, .F. ) ;
#510 = EDGE_CURVE ( 'NONE', #6288, #1017, #4070, .T. ) ;
#511 = EDGE_CURVE ( 'NONE', #6256, #4998, #6545, .T. ) ;
#512 = DIRECTION ( 'NONE',  ( -0.000000000000000000, 1.000000000000000000, 0.000000000000000000 ) ) ;
#513 = ORIENTED_EDGE ( 'NONE', *, *, #2024, .F. ) ;
#514 = VERTEX_POINT ( 'NONE', #831 ) ;
#515 = DIRECTION ( 'NONE',  ( 0.000000000000000000, 1.000000000000000000, 0.000000000000000000 ) ) ;
#516 = EDGE_CURVE ( 'NONE', #2990, #3513, #7119, .T. ) ;
#517 = LINE ( 'NONE', #2315, #5386 ) ;
#518 = LINE ( 'NONE', #6838, #6268 ) ;
#519 = CARTESIAN_POINT ( 'NONE',  ( 4.549999999999999822, 8.149999999999998579, 7.020000000000000462 ) ) ;
#520 = CARTESIAN_POINT ( 'NONE',  ( 16.60000000000000142, 4.070000000000014495, 11.74999999999994316 ) ) ;
#521 = EDGE_CURVE ( 'NONE', #6040, #6025, #5863, .T. ) ;
#522 = DIRECTION ( 'NONE',  ( -0.000000000000000000, -0.000000000000000000, 1.000000000000000000 ) ) ;
#523 = EDGE_CURVE ( 'NONE', #5672, #7466, #5939, .T. ) ;
#524 = CARTESIAN_POINT ( 'NONE',  ( 18.59999999999999787, 0.2904647954188804837, 29.66769790928769623 ) ) ;
#525 = CARTESIAN_POINT ( 'NONE',  ( 16.60000000000000142, 4.070000000000030482, 1.250000000000000000 ) ) ;
#526 = DIRECTION ( 'NONE',  ( 1.840951633560259894E-13, 1.000000000000000000, 1.614869854000228233E-15 ) ) ;
#527 = CARTESIAN_POINT ( 'NONE',  ( 17.18212227597007313, 7.049999999999998934, 6.519999999999998685 ) ) ;
#528 = EDGE_CURVE ( 'NONE', #4211, #364, #7978, .T. ) ;
#529 = ORIENTED_EDGE ( 'NONE', *, *, #5945, .T. ) ;
#530 = CARTESIAN_POINT ( 'NONE',  ( 15.23000000000025267, 5.650000000000099831, 28.89999999999999858 ) ) ;
#531 = FACE_OUTER_BOUND ( 'NONE', #1089, .T. ) ;
#532 = CARTESIAN_POINT ( 'NONE',  ( 10.02241238366300102, 7.948185016151897209, 1.440000000000000169 ) ) ;
#533 = VECTOR ( 'NONE', #3046, 1000.000000000000000 ) ;
#534 = LINE ( 'NONE', #1066, #577 ) ;
#535 = ORIENTED_EDGE ( 'NONE', *, *, #1908, .F. ) ;
#536 = VERTEX_POINT ( 'NONE', #4034 ) ;
#537 = DIRECTION ( 'NONE',  ( -0.000000000000000000, -0.000000000000000000, 1.000000000000000000 ) ) ;
#538 = CARTESIAN_POINT ( 'NONE',  ( 18.58205168432626309, 4.769999999999997797, 1.949999999999999289 ) ) ;
#539 = CARTESIAN_POINT ( 'NONE',  ( 18.27335378321595272, 1.349999999999999867, 6.150000000000000355 ) ) ;
#540 = VECTOR ( 'NONE', #2362, 1000.000000000000000 ) ;
#541 = CARTESIAN_POINT ( 'NONE',  ( 0.04879491358186616168, 6.235999986104698856, 13.90521157559099663 ) ) ;
#542 = DIRECTION ( 'NONE',  ( 0.000000000000000000, 0.000000000000000000, -1.000000000000000000 ) ) ;
#543 = VERTEX_POINT ( 'NONE', #215 ) ;
#544 = CARTESIAN_POINT ( 'NONE',  ( 18.58809699203467858, 4.070000000000026930, 6.850000000000001421 ) ) ;
#545 = ORIENTED_EDGE ( 'NONE', *, *, #6885, .T. ) ;
#546 = ORIENTED_EDGE ( 'NONE', *, *, #510, .F. ) ;
#547 = VECTOR ( 'NONE', #6349, 1000.000000000000000 ) ;
#548 = ADVANCED_FACE ( 'NONE', ( #327 ), #2819, .T. ) ;
#549 = ORIENTED_EDGE ( 'NONE', *, *, #7853, .F. ) ;
#550 = CARTESIAN_POINT ( 'NONE',  ( 4.549999999999999822, 8.000000000000101252, 9.860000000000001208 ) ) ;
#551 = DIRECTION ( 'NONE',  ( 1.000000000000000000, 0.000000000000000000, 0.000000000000000000 ) ) ;
#552 = LINE ( 'NONE', #1211, #4114 ) ;
#553 = ORIENTED_EDGE ( 'NONE', *, *, #2342, .F. ) ;
#554 = AXIS2_PLACEMENT_3D ( 'NONE', #6236, #661, #3148 ) ;
#555 = ORIENTED_EDGE ( 'NONE', *, *, #7927, .T. ) ;
#556 = VECTOR ( 'NONE', #6918, 1000.000000000000000 ) ;
#557 = FACE_OUTER_BOUND ( 'NONE', #4957, .T. ) ;
#558 = ORIENTED_EDGE ( 'NONE', *, *, #2544, .T. ) ;
#559 = ORIENTED_EDGE ( 'NONE', *, *, #7486, .F. ) ;
#560 = DIRECTION ( 'NONE',  ( -1.000000000000000000, 1.402813050906578058E-11, 0.000000000000000000 ) ) ;
#561 = EDGE_CURVE ( 'NONE', #4111, #5115, #7759, .T. ) ;
#562 = EDGE_CURVE ( 'NONE', #5277, #6905, #7041, .T. ) ;
#563 = AXIS2_PLACEMENT_3D ( 'NONE', #4158, #2987, #6679 ) ;
#564 = DIRECTION ( 'NONE',  ( -0.000000000000000000, -0.000000000000000000, 1.000000000000000000 ) ) ;
#565 = DIRECTION ( 'NONE',  ( 0.8955305689931903901, 0.000000000000000000, 0.4449999999985761456 ) ) ;
#566 = CIRCLE ( 'NONE', #5002, 8.000000000018912871 ) ;
#567 = LINE ( 'NONE', #1141, #4845 ) ;
#568 = VECTOR ( 'NONE', #4860, 1000.000000000000000 ) ;
#569 = CARTESIAN_POINT ( 'NONE',  ( 16.60000000000000142, 4.070000000000014495, 28.54999999999994387 ) ) ;
#570 = DIRECTION ( 'NONE',  ( -1.000000000000000000, 0.000000000000000000, -0.000000000000000000 ) ) ;
#571 = ADVANCED_FACE ( 'NONE', ( #6441 ), #6064, .T. ) ;
#572 = DIRECTION ( 'NONE',  ( -1.000000000000000000, 0.000000000000000000, 0.000000000000000000 ) ) ;
#573 = CARTESIAN_POINT ( 'NONE',  ( 16.60000000000000142, 1.349999999999976108, 1.949999999999974865 ) ) ;
#574 = AXIS2_PLACEMENT_3D ( 'NONE', #6869, #3784, #1302 ) ;
#575 = CARTESIAN_POINT ( 'NONE',  ( 16.60000000000000142, 0.6500000000000001332, 7.550000000000000711 ) ) ;
#576 = ORIENTED_EDGE ( 'NONE', *, *, #262, .F. ) ;
#577 = VECTOR ( 'NONE', #5373, 1000.000000000000000 ) ;
#578 = DIRECTION ( 'NONE',  ( -8.222589276150862273E-13, 0.000000000000000000, -1.000000000000000000 ) ) ;
#579 = DIRECTION ( 'NONE',  ( 0.9989168903558240942, 0.04653005654252611450, 0.000000000000000000 ) ) ;
#580 = DIRECTION ( 'NONE',  ( 1.000000000000000000, 0.000000000000000000, 0.000000000000000000 ) ) ;
#581 = CARTESIAN_POINT ( 'NONE',  ( 4.549999999999999822, 7.000000000000000888, 12.64000000000000057 ) ) ;
#582 = ORIENTED_EDGE ( 'NONE', *, *, #523, .T. ) ;
#583 = ORIENTED_EDGE ( 'NONE', *, *, #7224, .T. ) ;
#584 = CARTESIAN_POINT ( 'NONE',  ( 18.58205168432626309, 4.769999999999997797, 13.15000000000000213 ) ) ;
#585 = CARTESIAN_POINT ( 'NONE',  ( 18.58945613926489671, 4.448400964684688041, 1.354017516029443424 ) ) ;
#586 = EDGE_CURVE ( 'NONE', #1136, #1426, #589, .T. ) ;
#587 = VECTOR ( 'NONE', #7642, 1000.000000000000000 ) ;
#588 = CARTESIAN_POINT ( 'NONE',  ( 18.58205168432626309, 4.769999999999997797, 5.449999999999999289 ) ) ;
#589 = CIRCLE ( 'NONE', #5781, 0.3999999999993846256 ) ;
#590 = AXIS2_PLACEMENT_3D ( 'NONE', #2443, #2488, #7330 ) ;
#591 = DIRECTION ( 'NONE',  ( -1.000000000000000000, -0.000000000000000000, -0.000000000000000000 ) ) ;
#592 = CARTESIAN_POINT ( 'NONE',  ( 18.58952477949125992, 4.174497322550295486, 22.94419192211767466 ) ) ;
#593 = ORIENTED_EDGE ( 'NONE', *, *, #4348, .T. ) ;
#594 = DIRECTION ( 'NONE',  ( 1.000000000000000000, 0.000000000000000000, 0.000000000000000000 ) ) ;
#595 = ORIENTED_EDGE ( 'NONE', *, *, #205, .F. ) ;
#596 = EDGE_LOOP ( 'NONE', ( #7421, #20, #1837, #6252 ) ) ;
#597 = ADVANCED_FACE ( 'NONE', ( #2406, #5363 ), #5444, .T. ) ;
#598 = AXIS2_PLACEMENT_3D ( 'NONE', #7110, #4672, #7637 ) ;
#599 = VERTEX_POINT ( 'NONE', #6145 ) ;
#600 = CARTESIAN_POINT ( 'NONE',  ( 16.60000000000000142, 1.349999999999988098, 12.45000000000002593 ) ) ;
#601 = DIRECTION ( 'NONE',  ( 0.000000000000000000, 1.000000000000000000, 0.000000000000000000 ) ) ;
#602 = DIRECTION ( 'NONE',  ( -0.000000000000000000, -0.000000000000000000, -1.000000000000000000 ) ) ;
#603 = ORIENTED_EDGE ( 'NONE', *, *, #7440, .F. ) ;
#604 = CARTESIAN_POINT ( 'NONE',  ( 4.549999999999999822, 8.000000000000101252, 21.05999999999999872 ) ) ;
#605 = CIRCLE ( 'NONE', #5156, 0.9999999999989065413 ) ;
#606 = ORIENTED_EDGE ( 'NONE', *, *, #2218, .F. ) ;
#607 = DIRECTION ( 'NONE',  ( -1.000000000000000000, 0.000000000000000000, 0.000000000000000000 ) ) ;
#608 = ORIENTED_EDGE ( 'NONE', *, *, #6489, .F. ) ;
#609 = ORIENTED_EDGE ( 'NONE', *, *, #1476, .T. ) ;
#610 = DIRECTION ( 'NONE',  ( 0.7981850161514267850, -0.6024123836636713358, -0.000000000000000000 ) ) ;
#611 = CARTESIAN_POINT ( 'NONE',  ( 0.2081155200536569938, 6.100000000000000533, 13.10000000000103704 ) ) ;
#612 = DIRECTION ( 'NONE',  ( -1.918465386552228497E-12, -0.000000000000000000, -1.000000000000000000 ) ) ;
#613 = LINE ( 'NONE', #84, #2154 ) ;
#614 = EDGE_CURVE ( 'NONE', #1796, #2484, #5141, .T. ) ;
#615 = CARTESIAN_POINT ( 'NONE',  ( 4.550000000000000711, 8.149999999999998579, 17.16000000000000369 ) ) ;
#616 = LINE ( 'NONE', #6709, #1985 ) ;
#617 = DIRECTION ( 'NONE',  ( 0.000000000000000000, 3.438469747025563122E-14, 1.000000000000000000 ) ) ;
#618 = CARTESIAN_POINT ( 'NONE',  ( 4.550000000000000711, 8.149999999999998579, 28.35999999999999943 ) ) ;
#619 = CARTESIAN_POINT ( 'NONE',  ( 3.103331481307348927, 8.150000000000012790, 29.22478650953658530 ) ) ;
#620 = VECTOR ( 'NONE', #3778, 1000.000000000000000 ) ;
#621 = ADVANCED_FACE ( 'NONE', ( #4271 ), #4758, .T. ) ;
#622 = PRODUCT ( '221-415', '221-415', '', ( #4674 ) ) ;
#623 = ADVANCED_FACE ( 'NONE', ( #7958 ), #1665, .F. ) ;
#624 = CARTESIAN_POINT ( 'NONE',  ( 18.48452363809825272, 0.4717263594703372531, 0.03826656043439413679 ) ) ;
#625 = VERTEX_POINT ( 'NONE', #7354 ) ;
#626 = DIRECTION ( 'NONE',  ( 0.000000000000000000, -1.000000000000000000, -1.582935171828580504E-13 ) ) ;
#627 = DIRECTION ( 'NONE',  ( -0.000000000000000000, 1.964996503761339106E-16, -1.000000000000000000 ) ) ;
#628 = DIRECTION ( 'NONE',  ( -1.000000000000000000, 0.000000000000000000, 0.000000000000000000 ) ) ;
#629 = LINE ( 'NONE', #7846, #5263 ) ;
#630 = CARTESIAN_POINT ( 'NONE',  ( 16.61003373497139179, 7.736761468821599763, 0.05858031729898714041 ) ) ;
#631 = ADVANCED_FACE ( 'NONE', ( #7914 ), #2970, .F. ) ;
#632 = EDGE_LOOP ( 'NONE', ( #1870, #6737, #668, #2283 ) ) ;
#633 = ORIENTED_EDGE ( 'NONE', *, *, #4189, .T. ) ;
#634 = CARTESIAN_POINT ( 'NONE',  ( 16.96493515728931101, 7.450000000000629896, 29.80000000000000071 ) ) ;
#635 = CARTESIAN_POINT ( 'NONE',  ( 15.23000000000010523, 8.149999999999998579, 28.89999999999999858 ) ) ;
#636 = DIRECTION ( 'NONE',  ( -1.000000000000000000, 0.000000000000000000, 0.000000000000000000 ) ) ;
#637 = DIRECTION ( 'NONE',  ( 0.000000000000000000, 0.000000000000000000, 1.000000000000000000 ) ) ;
#638 = CARTESIAN_POINT ( 'NONE',  ( 18.10221458223799829, 0.6500000000000001332, 1.950000000000002176 ) ) ;
#639 = ORIENTED_EDGE ( 'NONE', *, *, #3458, .T. ) ;
#640 = DIRECTION ( 'NONE',  ( 1.000000000000000000, -0.000000000000000000, -0.000000000000000000 ) ) ;
#641 = VERTEX_POINT ( 'NONE', #2358 ) ;
#642 = VERTEX_POINT ( 'NONE', #4839 ) ;
#643 = EDGE_CURVE ( 'NONE', #3657, #1802, #7312, .T. ) ;
#644 = VERTEX_POINT ( 'NONE', #1097 ) ;
#645 = DIRECTION ( 'NONE',  ( -0.000000000000000000, 1.000000000000000000, 0.000000000000000000 ) ) ;
#646 = CARTESIAN_POINT ( 'NONE',  ( 10.65000000000000746, 8.149999999999998579, 11.18000000000023242 ) ) ;
#647 = VERTEX_POINT ( 'NONE', #3532 ) ;
#648 = DIRECTION ( 'NONE',  ( 0.000000000000000000, 1.000000000000000000, 0.000000000000000000 ) ) ;
#649 = ORIENTED_EDGE ( 'NONE', *, *, #959, .F. ) ;
#650 = VECTOR ( 'NONE', #18, 1000.000000000000000 ) ;
#651 = VERTEX_POINT ( 'NONE', #5973 ) ;
#652 = ORIENTED_EDGE ( 'NONE', *, *, #6308, .F. ) ;
#653 = ORIENTED_EDGE ( 'NONE', *, *, #236, .T. ) ;
#654 = DIRECTION ( 'NONE',  ( 1.000000000000000000, 0.000000000000000000, 0.000000000000000000 ) ) ;
#655 = LINE ( 'NONE', #2613, #7604 ) ;
#656 = LINE ( 'NONE', #4481, #3950 ) ;
#657 = DIRECTION ( 'NONE',  ( 0.000000000000000000, 1.000000000000000000, 0.000000000000000000 ) ) ;
#658 = DIRECTION ( 'NONE',  ( 0.000000000000000000, 1.000000000000000000, 0.000000000000000000 ) ) ;
#659 = EDGE_CURVE ( 'NONE', #1974, #3223, #5536, .T. ) ;
#660 = LINE ( 'NONE', #525, #7931 ) ;
#661 = DIRECTION ( 'NONE',  ( 0.000000000000000000, 0.000000000000000000, -1.000000000000000000 ) ) ;
#662 = DIRECTION ( 'NONE',  ( -0.000000000000000000, -0.000000000000000000, 1.000000000000000000 ) ) ;
#663 = VERTEX_POINT ( 'NONE', #7874 ) ;
#664 = CARTESIAN_POINT ( 'NONE',  ( 16.60000000000000142, 4.769999999999999574, 22.25000000000000000 ) ) ;
#665 = CARTESIAN_POINT ( 'NONE',  ( 18.10221458223799829, 0.6500000000000026867, 11.05000000000000071 ) ) ;
#666 = DIRECTION ( 'NONE',  ( 0.000000000000000000, 1.000000000000000000, 0.000000000000000000 ) ) ;
#667 = DIRECTION ( 'NONE',  ( -1.000000000000000000, -1.539231921728554871E-14, 0.000000000000000000 ) ) ;
#668 = ORIENTED_EDGE ( 'NONE', *, *, #6802, .T. ) ;
#669 = ORIENTED_EDGE ( 'NONE', *, *, #1181, .F. ) ;
#670 = EDGE_CURVE ( 'NONE', #1161, #644, #3176, .T. ) ;
#671 = DIRECTION ( 'NONE',  ( 0.000000000000000000, 1.000000000000000000, 0.000000000000000000 ) ) ;
#672 = DIRECTION ( 'NONE',  ( 0.8955305689931833957, 0.000000000000000000, -0.4449999999985900789 ) ) ;
#673 = DIRECTION ( 'NONE',  ( 1.812738453107955580E-11, 1.000000000000000000, -0.000000000000000000 ) ) ;
#674 = CARTESIAN_POINT ( 'NONE',  ( 18.47260329781199317, 5.343128833701895175, 0.000000000000000000 ) ) ;
#675 = VECTOR ( 'NONE', #2738, 1000.000000000000000 ) ;
#676 = CARTESIAN_POINT ( 'NONE',  ( 3.619999999999617302, 8.149999999999998579, 0.6999999999999942935 ) ) ;
#677 = ORIENTED_EDGE ( 'NONE', *, *, #7625, .F. ) ;
#678 = FACE_OUTER_BOUND ( 'NONE', #5008, .T. ) ;
#679 = ORIENTED_EDGE ( 'NONE', *, *, #2139, .T. ) ;
#680 = DIRECTION ( 'NONE',  ( -1.000000000000000000, 0.000000000000000000, 0.000000000000000000 ) ) ;
#681 = VECTOR ( 'NONE', #4923, 1000.000000000000000 ) ;
#682 = ORIENTED_EDGE ( 'NONE', *, *, #2273, .F. ) ;
#683 = EDGE_CURVE ( 'NONE', #5657, #7288, #2932, .T. ) ;
#684 = FACE_OUTER_BOUND ( 'NONE', #5686, .T. ) ;
#685 = EDGE_CURVE ( 'NONE', #128, #8038, #7303, .T. ) ;
#686 = EDGE_LOOP ( 'NONE', ( #6854, #5524, #2737, #173 ) ) ;
#687 = DIRECTION ( 'NONE',  ( 0.000000000000000000, 1.000000000000000000, 0.000000000000000000 ) ) ;
#688 = VERTEX_POINT ( 'NONE', #4796 ) ;
#689 = DIRECTION ( 'NONE',  ( 0.3122498999201796521, 0.000000000000000000, -0.9499999999999146905 ) ) ;
#690 = ORIENTED_EDGE ( 'NONE', *, *, #6903, .F. ) ;
#691 = ORIENTED_EDGE ( 'NONE', *, *, #3340, .F. ) ;
#692 = EDGE_LOOP ( 'NONE', ( #7346, #893, #5200, #3333 ) ) ;
#693 = AXIS2_PLACEMENT_3D ( 'NONE', #2873, #1613, #4782 ) ;
#694 = DIRECTION ( 'NONE',  ( -3.191891195800813712E-13, 1.000000000000000000, 0.000000000000000000 ) ) ;
#695 = EDGE_CURVE ( 'NONE', #3507, #1045, #1221, .T. ) ;
#696 = AXIS2_PLACEMENT_3D ( 'NONE', #8010, #487, #6070 ) ;
#697 = LINE ( 'NONE', #3873, #3179 ) ;
#698 = DIRECTION ( 'NONE',  ( -7.762887555008176180E-13, 0.000000000000000000, 1.000000000000000000 ) ) ;
#699 = AXIS2_PLACEMENT_3D ( 'NONE', #2980, #7274, #4281 ) ;
#700 = CARTESIAN_POINT ( 'NONE',  ( 18.58809699203467858, 4.069999999999993179, 22.94999999999994245 ) ) ;
#701 = EDGE_CURVE ( 'NONE', #3657, #1871, #3669, .T. ) ;
#702 = VECTOR ( 'NONE', #4391, 1000.000000000000000 ) ;
#703 = DIRECTION ( 'NONE',  ( 0.000000000000000000, -6.567167444769884781E-14, 1.000000000000000000 ) ) ;
#704 = AXIS2_PLACEMENT_3D ( 'NONE', #990, #339, #4123 ) ;
#705 = VECTOR ( 'NONE', #1031, 1000.000000000000000 ) ;
#706 = EDGE_CURVE ( 'NONE', #7659, #4958, #5486, .T. ) ;
#707 = PLANE ( 'NONE',  #7597 ) ;
#708 = ORIENTED_EDGE ( 'NONE', *, *, #5066, .T. ) ;
#709 = CARTESIAN_POINT ( 'NONE',  ( 18.59999999999999787, 7.450000000000740030, 29.10000000000075104 ) ) ;
#710 = DIRECTION ( 'NONE',  ( 0.000000000000000000, 1.000000000000000000, 0.000000000000000000 ) ) ;
#711 = FACE_OUTER_BOUND ( 'NONE', #2913, .T. ) ;
#712 = PLANE ( 'NONE',  #7200 ) ;
#713 = ORIENTED_EDGE ( 'NONE', *, *, #745, .T. ) ;
#714 = AXIS2_PLACEMENT_3D ( 'NONE', #2336, #3736, #4811 ) ;
#715 = ORIENTED_EDGE ( 'NONE', *, *, #1702, .T. ) ;
#716 = CARTESIAN_POINT ( 'NONE',  ( 18.59999999999999787, 0.2000000000000008993, 29.58989794855704858 ) ) ;
#717 = FACE_OUTER_BOUND ( 'NONE', #7775, .T. ) ;
#718 = DIRECTION ( 'NONE',  ( 0.000000000000000000, 0.000000000000000000, -1.000000000000000000 ) ) ;
#719 = ORIENTED_EDGE ( 'NONE', *, *, #7102, .T. ) ;
#720 = LINE ( 'NONE', #6819, #702 ) ;
#721 = EDGE_CURVE ( 'NONE', #6344, #3034, #6008, .T. ) ;
#722 = ORIENTED_EDGE ( 'NONE', *, *, #3102, .T. ) ;
#723 = VERTEX_POINT ( 'NONE', #8047 ) ;
#724 = VECTOR ( 'NONE', #4329, 1000.000000000000000 ) ;
#725 = VERTEX_POINT ( 'NONE', #7525 ) ;
#726 = CARTESIAN_POINT ( 'NONE',  ( 4.549999999999999822, 8.000000000000000000, 13.74000000000000021 ) ) ;
#727 = CIRCLE ( 'NONE', #4620, 8.000000000018912871 ) ;
#728 = DIRECTION ( 'NONE',  ( -0.000000000000000000, -0.000000000000000000, 1.000000000000000000 ) ) ;
#729 = ORIENTED_EDGE ( 'NONE', *, *, #349, .F. ) ;
#730 = ORIENTED_EDGE ( 'NONE', *, *, #4434, .T. ) ;
#731 = AXIS2_PLACEMENT_3D ( 'NONE', #7000, #5137, #5623 ) ;
#732 = ADVANCED_FACE ( 'NONE', ( #6233 ), #3759, .T. ) ;
#733 = CARTESIAN_POINT ( 'NONE',  ( 18.27335378321595272, 1.350000000000000089, 28.55000000000000071 ) ) ;
#734 = ORIENTED_EDGE ( 'NONE', *, *, #4050, .T. ) ;
#735 = CIRCLE ( 'NONE', #4226, 8.000000000018912871 ) ;
#736 = VERTEX_POINT ( 'NONE', #779 ) ;
#737 = EDGE_CURVE ( 'NONE', #3217, #3645, #5132, .T. ) ;
#738 = ORIENTED_EDGE ( 'NONE', *, *, #6774, .T. ) ;
#739 = CARTESIAN_POINT ( 'NONE',  ( 16.96493515728931101, 7.450000000000629896, 29.80000000000000071 ) ) ;
#740 = AXIS2_PLACEMENT_3D ( 'NONE', #6832, #1308, #689 ) ;
#741 = DIRECTION ( 'NONE',  ( 0.000000000000000000, -5.280432176166451075E-13, -1.000000000000000000 ) ) ;
#742 = CARTESIAN_POINT ( 'NONE',  ( 17.18212227597109987, 8.149999999999998579, 18.71999999999745157 ) ) ;
#743 = VECTOR ( 'NONE', #612, 1000.000000000000000 ) ;
#744 = CARTESIAN_POINT ( 'NONE',  ( 17.33486177177819343, 7.049999999999995381, 18.23999999999999844 ) ) ;
#745 = EDGE_CURVE ( 'NONE', #3183, #6291, #4972, .T. ) ;
#746 = DIRECTION ( 'NONE',  ( 0.7499999999939012119, 0.000000000000000000, 0.6614378277730630362 ) ) ;
#747 = CARTESIAN_POINT ( 'NONE',  ( 16.60000000000000142, 1.350000000000000311, 11.75000000000000000 ) ) ;
#748 = ORIENTED_EDGE ( 'NONE', *, *, #3905, .T. ) ;
#749 = DIRECTION ( 'NONE',  ( 0.000000000000000000, 1.000000000000000000, 0.000000000000000000 ) ) ;
#750 = DIRECTION ( 'NONE',  ( -1.000000000000000000, 0.000000000000000000, 0.000000000000000000 ) ) ;
#751 = CARTESIAN_POINT ( 'NONE',  ( 16.60000000000000142, 1.349999999999976108, 1.949999999999974865 ) ) ;
#752 = LINE ( 'NONE', #3236, #7077 ) ;
#753 = EDGE_LOOP ( 'NONE', ( #3747, #2610, #1716, #5445, #669, #7987, #3690, #7620, #5844 ) ) ;
#754 = ORIENTED_EDGE ( 'NONE', *, *, #2139, .F. ) ;
#755 = CARTESIAN_POINT ( 'NONE',  ( 17.37947366142814687, 7.000000000000001776, 28.35999999999999943 ) ) ;
#756 = CARTESIAN_POINT ( 'NONE',  ( 9.420000000000319673, 7.150000000001090150, 17.16000000000000014 ) ) ;
#757 = CARTESIAN_POINT ( 'NONE',  ( 10.44063214874049095, 7.632542952623910359, 23.86160511610901835 ) ) ;
#758 = ORIENTED_EDGE ( 'NONE', *, *, #4558, .F. ) ;
#759 = CARTESIAN_POINT ( 'NONE',  ( 16.60000000000000142, 6.000000000000000000, 14.25919971910100692 ) ) ;
#760 = FACE_OUTER_BOUND ( 'NONE', #1711, .T. ) ;
#761 = ORIENTED_EDGE ( 'NONE', *, *, #5353, .F. ) ;
#762 = ORIENTED_EDGE ( 'NONE', *, *, #2180, .F. ) ;
#763 = VERTEX_POINT ( 'NONE', #2657 ) ;
#764 = CARTESIAN_POINT ( 'NONE',  ( 17.37947366142814687, 7.000000000000001776, 17.16000000000000014 ) ) ;
#765 = CARTESIAN_POINT ( 'NONE',  ( 0.01539872734662562671, 6.287154200363584522, 13.92248943574534614 ) ) ;
#766 = ORIENTED_EDGE ( 'NONE', *, *, #4261, .F. ) ;
#767 = CARTESIAN_POINT ( 'NONE',  ( 17.37894151473797066, 7.000622083981280497, 13.12500000000000000 ) ) ;
#768 = ORIENTED_EDGE ( 'NONE', *, *, #6367, .T. ) ;
#769 = ORIENTED_EDGE ( 'NONE', *, *, #1349, .F. ) ;
#770 = ORIENTED_EDGE ( 'NONE', *, *, #2459, .F. ) ;
#771 = EDGE_CURVE ( 'NONE', #4240, #2032, #6272, .T. ) ;
#772 = ADVANCED_FACE ( 'NONE', ( #157 ), #1234, .T. ) ;
#773 = CARTESIAN_POINT ( 'NONE',  ( 4.550000000000000711, 8.149999999999998579, 12.64000000000000412 ) ) ;
#774 = AXIS2_PLACEMENT_3D ( 'NONE', #2860, #5372, #4078 ) ;
#775 = CARTESIAN_POINT ( 'NONE',  ( 0.000000000000000000, 6.599999999999996980, 15.68262379212500157 ) ) ;
#776 = EDGE_CURVE ( 'NONE', #6582, #5566, #3876, .T. ) ;
#777 = DIRECTION ( 'NONE',  ( -1.000000000000000000, -0.000000000000000000, -1.206764157201284039E-17 ) ) ;
#778 = CARTESIAN_POINT ( 'NONE',  ( 16.60000000000000142, 4.770000000000001350, 13.14999999999999858 ) ) ;
#779 = CARTESIAN_POINT ( 'NONE',  ( 17.18212227597027919, 8.149999999999998579, 0.9199999999999989297 ) ) ;
#780 = AXIS2_PLACEMENT_3D ( 'NONE', #4452, #5675, #3268 ) ;
#781 = EDGE_CURVE ( 'NONE', #372, #1335, #5738, .T. ) ;
#782 = DIRECTION ( 'NONE',  ( 0.000000000000000000, 1.000000000000000000, 0.000000000000000000 ) ) ;
#783 = ADVANCED_FACE ( 'NONE', ( #6193 ), #5702, .F. ) ;
#784 = ADVANCED_FACE ( 'NONE', ( #7439 ), #4444, .T. ) ;
#785 = ORIENTED_EDGE ( 'NONE', *, *, #5168, .F. ) ;
#786 = CARTESIAN_POINT ( 'NONE',  ( 4.549999999999999822, 8.149999999999998579, 7.020000000000000462 ) ) ;
#787 = CARTESIAN_POINT ( 'NONE',  ( 18.59999999999999787, 0.2904647954188804837, 29.66769790928769623 ) ) ;
#788 = DIRECTION ( 'NONE',  ( 0.000000000000000000, -1.000000000000000000, 0.000000000000000000 ) ) ;
#789 = CARTESIAN_POINT ( 'NONE',  ( 17.18212227597027564, 8.149999999999998579, 12.11999999999999034 ) ) ;
#790 = VECTOR ( 'NONE', #4821, 1000.000000000000000 ) ;
#791 = ORIENTED_EDGE ( 'NONE', *, *, #969, .F. ) ;
#792 = ORIENTED_EDGE ( 'NONE', *, *, #5963, .F. ) ;
#793 = FACE_OUTER_BOUND ( 'NONE', #418, .T. ) ;
#794 = DIRECTION ( 'NONE',  ( -1.000000000000000000, 0.000000000000000000, 0.000000000000000000 ) ) ;
#795 = ADVANCED_FACE ( 'NONE', ( #4368 ), #1884, .T. ) ;
#796 = CARTESIAN_POINT ( 'NONE',  ( 10.37489995996842040, 7.682152859750585705, 28.35999999999999943 ) ) ;
#797 = VERTEX_POINT ( 'NONE', #42 ) ;
#798 = CARTESIAN_POINT ( 'NONE',  ( 16.60000000000000142, 4.070000000000059792, 22.25000000000000000 ) ) ;
#799 = ORIENTED_EDGE ( 'NONE', *, *, #2745, .T. ) ;
#800 = ORIENTED_EDGE ( 'NONE', *, *, #6343, .T. ) ;
#801 = ORIENTED_EDGE ( 'NONE', *, *, #3916, .T. ) ;
#802 = CARTESIAN_POINT ( 'NONE',  ( 4.549999999999999822, 7.000000000000000000, 1.440000000000000169 ) ) ;
#803 = LINE ( 'NONE', #4550, #7061 ) ;
#804 = ORIENTED_EDGE ( 'NONE', *, *, #4441, .F. ) ;
#805 = EDGE_CURVE ( 'NONE', #4535, #6082, #2541, .T. ) ;
#806 = ORIENTED_EDGE ( 'NONE', *, *, #6988, .F. ) ;
#807 = ORIENTED_EDGE ( 'NONE', *, *, #1163, .F. ) ;
#808 = CIRCLE ( 'NONE', #7794, 0.6999999999999420019 ) ;
#809 = VERTEX_POINT ( 'NONE', #1925 ) ;
#810 = CARTESIAN_POINT ( 'NONE',  ( 4.550000000000000711, 7.049999999999999822, 17.71999999999999886 ) ) ;
#811 = CARTESIAN_POINT ( 'NONE',  ( 18.58952477949125992, 4.174497322550290157, 17.34419192211767680 ) ) ;
#812 = AXIS2_PLACEMENT_3D ( 'NONE', #1696, #564, #7910 ) ;
#813 = CARTESIAN_POINT ( 'NONE',  ( 10.25000000000061995, 8.149999999999998579, 13.01999999999937963 ) ) ;
#814 = DIRECTION ( 'NONE',  ( 1.000000000000000000, -0.000000000000000000, -0.000000000000000000 ) ) ;
#815 = DIRECTION ( 'NONE',  ( 0.000000000000000000, 1.000000000000000000, 0.000000000000000000 ) ) ;
#816 = EDGE_CURVE ( 'NONE', #7120, #2640, #6652, .T. ) ;
#817 = FACE_OUTER_BOUND ( 'NONE', #1672, .T. ) ;
#818 = AXIS2_PLACEMENT_3D ( 'NONE', #2710, #1557, #948 ) ;
#819 = AXIS2_PLACEMENT_3D ( 'NONE', #4057, #5206, #7184 ) ;
#820 = DIRECTION ( 'NONE',  ( -0.000000000000000000, 1.000000000000000000, -0.000000000000000000 ) ) ;
#821 = VECTOR ( 'NONE', #7800, 1000.000000000000000 ) ;
#822 = AXIS2_PLACEMENT_3D ( 'NONE', #3542, #6026, #3503 ) ;
#823 = LINE ( 'NONE', #5784, #7071 ) ;
#824 = ORIENTED_EDGE ( 'NONE', *, *, #7918, .F. ) ;
#825 = AXIS2_PLACEMENT_3D ( 'NONE', #6906, #6297, #5687 ) ;
#826 = DIRECTION ( 'NONE',  ( -1.548240702311686554E-12, 0.000000000000000000, 1.000000000000000000 ) ) ;
#827 = CARTESIAN_POINT ( 'NONE',  ( 18.23251184766974475, 0.5892413872925180707, 29.79386098756256729 ) ) ;
#828 = ADVANCED_FACE ( 'NONE', ( #6920 ), #1357, .T. ) ;
#829 = PLANE ( 'NONE',  #1408 ) ;
#830 = EDGE_CURVE ( 'NONE', #4513, #1381, #124, .T. ) ;
#831 = CARTESIAN_POINT ( 'NONE',  ( 18.58809699203467858, 4.069999999999994955, 11.75000000000000000 ) ) ;
#832 = EDGE_LOOP ( 'NONE', ( #1075, #4263, #4128, #3725, #3749, #5222, #2208, #6379, #1651 ) ) ;
#833 = CC_DESIGN_PERSON_AND_ORGANIZATION_ASSIGNMENT ( #6538, #7076, ( #7768 ) ) ;
#834 = VECTOR ( 'NONE', #2703, 1000.000000000000000 ) ;
#835 = ORIENTED_EDGE ( 'NONE', *, *, #2616, .F. ) ;
#836 = CARTESIAN_POINT ( 'NONE',  ( 4.550000000000004263, 7.049999999999998934, 23.32000000000000028 ) ) ;
#837 = AXIS2_PLACEMENT_3D ( 'NONE', #1082, #7822, #5849 ) ;
#838 = FACE_OUTER_BOUND ( 'NONE', #4154, .T. ) ;
#839 = CARTESIAN_POINT ( 'NONE',  ( 3.620000000000000551, 7.000000000000000000, 28.89999999999999858 ) ) ;
#840 = ORIENTED_EDGE ( 'NONE', *, *, #4922, .T. ) ;
#841 = VECTOR ( 'NONE', #885, 1000.000000000000000 ) ;
#842 = CARTESIAN_POINT ( 'NONE',  ( 10.65000000000000391, 8.149999999999998579, 24.21999999999980702 ) ) ;
#843 = ORIENTED_EDGE ( 'NONE', *, *, #3913, .F. ) ;
#844 = VERTEX_POINT ( 'NONE', #5779 ) ;
#845 = CIRCLE ( 'NONE', #2910, 0.6999999999999769740 ) ;
#846 = EDGE_CURVE ( 'NONE', #5608, #5656, #1434, .T. ) ;
#847 = EDGE_LOOP ( 'NONE', ( #7838, #1259, #1757, #1780, #55 ) ) ;
#848 = DIRECTION ( 'NONE',  ( 0.7317914199408835918, 0.6815286624206684518, 0.000000000000000000 ) ) ;
#849 = DIRECTION ( 'NONE',  ( 0.6024123836630105311, 0.7981850161519256082, 0.000000000000000000 ) ) ;
#850 = ADVANCED_FACE ( 'NONE', ( #817 ), #5173, .T. ) ;
#851 = VERTEX_POINT ( 'NONE', #3302 ) ;
#852 = ORIENTED_EDGE ( 'NONE', *, *, #4683, .T. ) ;
#853 = ORIENTED_EDGE ( 'NONE', *, *, #3405, .T. ) ;
#854 = AXIS2_PLACEMENT_3D ( 'NONE', #483, #1015, #4231 ) ;
#855 = ORIENTED_EDGE ( 'NONE', *, *, #4800, .T. ) ;
#856 = DIRECTION ( 'NONE',  ( 0.3122498999201835379, 0.000000000000000000, -0.9499999999999133582 ) ) ;
#857 = DIRECTION ( 'NONE',  ( -0.000000000000000000, -0.000000000000000000, -1.000000000000000000 ) ) ;
#858 = VECTOR ( 'NONE', #1517, 1000.000000000000000 ) ;
#859 = CARTESIAN_POINT ( 'NONE',  ( 16.60000000000000142, 1.349999999999976108, 16.65000000000000213 ) ) ;
#860 = AXIS2_PLACEMENT_3D ( 'NONE', #7409, #671, #4286 ) ;
#861 = PLANE ( 'NONE',  #2776 ) ;
#862 = PLANE ( 'NONE',  #819 ) ;
#863 = VECTOR ( 'NONE', #6311, 1000.000000000000000 ) ;
#864 = CARTESIAN_POINT ( 'NONE',  ( 0.000000000000000000, 0.000000000000000000, 0.000000000000000000 ) ) ;
#865 = FACE_OUTER_BOUND ( 'NONE', #2789, .T. ) ;
#866 = EDGE_CURVE ( 'NONE', #2919, #7895, #6066, .T. ) ;
#867 = DIRECTION ( 'NONE',  ( 0.000000000000000000, 0.000000000000000000, -1.000000000000000000 ) ) ;
#868 = AXIS2_PLACEMENT_3D ( 'NONE', #1625, #7307, #1011 ) ;
#869 = ORIENTED_EDGE ( 'NONE', *, *, #1131, .T. ) ;
#870 = DIRECTION ( 'NONE',  ( 0.000000000000000000, 1.000000000000000000, 0.000000000000000000 ) ) ;
#871 = DIRECTION ( 'NONE',  ( 0.000000000000000000, 0.000000000000000000, -1.000000000000000000 ) ) ;
#872 = DIRECTION ( 'NONE',  ( -1.000000000000000000, 0.000000000000000000, 0.000000000000000000 ) ) ;
#873 = DIRECTION ( 'NONE',  ( -0.000000000000000000, -0.000000000000000000, 1.000000000000000000 ) ) ;
#874 = VERTEX_POINT ( 'NONE', #4526 ) ;
#875 = ORIENTED_EDGE ( 'NONE', *, *, #4800, .F. ) ;
#876 = CARTESIAN_POINT ( 'NONE',  ( 0.05672869526816448627, 7.450000000000004619, 0.000000000000000000 ) ) ;
#877 = EDGE_CURVE ( 'NONE', #6803, #8039, #4844, .T. ) ;
#878 = ADVANCED_FACE ( 'NONE', ( #6716 ), #5411, .F. ) ;
#879 = CARTESIAN_POINT ( 'NONE',  ( 18.16605281595992594, 0.8926834002228933862, 1.412773798329860941 ) ) ;
#880 = VERTEX_POINT ( 'NONE', #2328 ) ;
#881 = ADVANCED_FACE ( 'NONE', ( #531 ), #4803, .T. ) ;
#882 = CARTESIAN_POINT ( 'NONE',  ( 4.550000000000000711, 7.049999999999998934, 5.980000000000001315 ) ) ;
#883 = DIRECTION ( 'NONE',  ( 0.000000000000000000, 0.000000000000000000, 1.000000000000000000 ) ) ;
#884 = ORIENTED_EDGE ( 'NONE', *, *, #1801, .F. ) ;
#885 = DIRECTION ( 'NONE',  ( 1.000000000000000000, -0.000000000000000000, -0.000000000000000000 ) ) ;
#886 = DIRECTION ( 'NONE',  ( 0.000000000000000000, 3.469446951953721474E-14, 1.000000000000000000 ) ) ;
#887 = AXIS2_PLACEMENT_3D ( 'NONE', #7725, #7084, #1522 ) ;
#888 = EDGE_CURVE ( 'NONE', #2747, #4438, #3301, .T. ) ;
#889 = ORIENTED_EDGE ( 'NONE', *, *, #2661, .T. ) ;
#890 = EDGE_CURVE ( 'NONE', #5395, #6700, #4187, .T. ) ;
#891 = VERTEX_POINT ( 'NONE', #2416 ) ;
#892 = EDGE_LOOP ( 'NONE', ( #344, #7807, #1459, #5512 ) ) ;
#893 = ORIENTED_EDGE ( 'NONE', *, *, #6884, .F. ) ;
#894 = DIRECTION ( 'NONE',  ( 0.000000000000000000, 0.000000000000000000, 1.000000000000000000 ) ) ;
#895 = CARTESIAN_POINT ( 'NONE',  ( 16.60000000000000142, 0.6500000000000001332, 5.450000000000001066 ) ) ;
#896 = PLANE ( 'NONE',  #4838 ) ;
#897 = CARTESIAN_POINT ( 'NONE',  ( 10.25000000000020783, 8.149999999999998579, 18.21999999999999886 ) ) ;
#898 = DIRECTION ( 'NONE',  ( -0.000000000000000000, -0.000000000000000000, 1.000000000000000000 ) ) ;
#899 = PLANE ( 'NONE',  #6785 ) ;
#900 = CIRCLE ( 'NONE', #2723, 0.6000000000000970113 ) ;
#901 = DIRECTION ( 'NONE',  ( 0.000000000000000000, 0.000000000000000000, 1.000000000000000000 ) ) ;
#902 = FACE_OUTER_BOUND ( 'NONE', #2853, .T. ) ;
#903 = FACE_OUTER_BOUND ( 'NONE', #7784, .T. ) ;
#904 = VERTEX_POINT ( 'NONE', #3020 ) ;
#905 = CARTESIAN_POINT ( 'NONE',  ( 18.58809699203467858, 4.069999999999994067, 6.150000000000003020 ) ) ;
#906 = DIRECTION ( 'NONE',  ( -0.000000000000000000, -1.000000000000000000, -0.000000000000000000 ) ) ;
#907 = FACE_OUTER_BOUND ( 'NONE', #2311, .T. ) ;
#908 = EDGE_CURVE ( 'NONE', #2958, #3614, #4193, .T. ) ;
#909 = CARTESIAN_POINT ( 'NONE',  ( 18.58205168432626309, 4.769999999999997797, 1.949999999999999289 ) ) ;
#910 = ORIENTED_EDGE ( 'NONE', *, *, #5541, .T. ) ;
#911 = ORIENTED_EDGE ( 'NONE', *, *, #358, .T. ) ;
#912 = LINE ( 'NONE', #3467, #2373 ) ;
#913 = CARTESIAN_POINT ( 'NONE',  ( 13.60000000000356302, 8.149999999999998579, 20.50000000000000000 ) ) ;
#914 = ORIENTED_EDGE ( 'NONE', *, *, #2116, .F. ) ;
#915 = CARTESIAN_POINT ( 'NONE',  ( 16.60000000000000142, 1.349999999999999645, 6.150000000000000355 ) ) ;
#916 = DIRECTION ( 'NONE',  ( 0.000000000000000000, -3.097720492815677862E-16, -1.000000000000000000 ) ) ;
#917 = CARTESIAN_POINT ( 'NONE',  ( 16.76457808430475538, 7.624407379096709292, 0.02074494975832522417 ) ) ;
#918 = EDGE_CURVE ( 'NONE', #3521, #6131, #4895, .T. ) ;
#919 = VERTEX_POINT ( 'NONE', #2453 ) ;
#920 = LINE ( 'NONE', #3476, #4599 ) ;
#921 = DIRECTION ( 'NONE',  ( -0.000000000000000000, -0.000000000000000000, -1.000000000000000000 ) ) ;
#922 = ORIENTED_EDGE ( 'NONE', *, *, #7577, .T. ) ;
#923 = ORIENTED_EDGE ( 'NONE', *, *, #7763, .F. ) ;
#924 = ORIENTED_EDGE ( 'NONE', *, *, #3934, .T. ) ;
#925 = ADVANCED_FACE ( 'NONE', ( #5546 ), #4935, .T. ) ;
#926 = ORIENTED_EDGE ( 'NONE', *, *, #3867, .F. ) ;
#927 = DIRECTION ( 'NONE',  ( -1.000000000000000000, 0.000000000000000000, 0.000000000000000000 ) ) ;
#928 = CC_DESIGN_DATE_AND_TIME_ASSIGNMENT ( #5315, #5895, ( #5049 ) ) ;
#929 = B_SPLINE_CURVE_WITH_KNOTS ( 'NONE', 3,
 ( #5447, #5539, #6623, #4762, #4147, #6105 ),
 .UNSPECIFIED., .F., .F.,
 ( 4, 2, 4 ),
 ( 0.000000000000000000, 0.5000000000000000000, 1.000000000000000000 ),
 .UNSPECIFIED. ) ;
#930 = CARTESIAN_POINT ( 'NONE',  ( 4.550000000000000711, 7.049999999999998934, 17.17999999999999972 ) ) ;
#931 = CARTESIAN_POINT ( 'NONE',  ( 10.25000000000000000, 7.049999999999999822, 7.020000000000000462 ) ) ;
#932 = DIRECTION ( 'NONE',  ( -0.000000000000000000, -1.192185798255201659E-16, -1.000000000000000000 ) ) ;
#933 = VECTOR ( 'NONE', #4450, 1000.000000000000000 ) ;
#934 = CARTESIAN_POINT ( 'NONE',  ( 3.620000000000000107, 7.000000000000000000, 28.89999999999999858 ) ) ;
#935 = EDGE_CURVE ( 'NONE', #4344, #6328, #4622, .T. ) ;
#936 = PERSON_AND_ORGANIZATION ( #6653, #1510 ) ;
#937 = AXIS2_PLACEMENT_3D ( 'NONE', #2581, #1958, #3914 ) ;
#938 = CARTESIAN_POINT ( 'NONE',  ( 8.820000000000000284, 7.400000000000005684, 9.860000000000001208 ) ) ;
#939 = FACE_OUTER_BOUND ( 'NONE', #3292, .T. ) ;
#940 = DIRECTION ( 'NONE',  ( -1.000000000000000000, 0.000000000000000000, 3.229739708000455283E-15 ) ) ;
#941 = EDGE_CURVE ( 'NONE', #7236, #1306, #6110, .T. ) ;
#942 = DIRECTION ( 'NONE',  ( 2.809873545960397291E-13, 1.000000000000000000, 0.000000000000000000 ) ) ;
#943 = CARTESIAN_POINT ( 'NONE',  ( 10.37489995996849856, 7.050000000000000711, 1.440000000000000169 ) ) ;
#944 = VECTOR ( 'NONE', #4673, 1000.000000000000000 ) ;
#945 = DIRECTION ( 'NONE',  ( 1.000000000000000000, -3.980830721252968592E-15, -0.000000000000000000 ) ) ;
#946 = ORIENTED_EDGE ( 'NONE', *, *, #5796, .F. ) ;
#947 = ORIENTED_EDGE ( 'NONE', *, *, #3771, .T. ) ;
#948 = DIRECTION ( 'NONE',  ( 0.000000000000000000, 1.000000000000000000, 0.000000000000000000 ) ) ;
#949 = VECTOR ( 'NONE', #5295, 1000.000000000000000 ) ;
#950 = CARTESIAN_POINT ( 'NONE',  ( 18.25022240231554349, 1.245001127752446646, 11.74393450571126074 ) ) ;
#951 = FACE_OUTER_BOUND ( 'NONE', #2743, .T. ) ;
#952 = LINE ( 'NONE', #6450, #3212 ) ;
#953 = AXIS2_PLACEMENT_3D ( 'NONE', #1957, #6795, #7603 ) ;
#954 = VECTOR ( 'NONE', #7381, 1000.000000000000000 ) ;
#955 = VERTEX_POINT ( 'NONE', #6754 ) ;
#956 = DIRECTION ( 'NONE',  ( -0.000000000000000000, 1.000000000000000000, 0.000000000000000000 ) ) ;
#957 = FACE_OUTER_BOUND ( 'NONE', #463, .T. ) ;
#958 = AXIS2_PLACEMENT_3D ( 'NONE', #3273, #4457, #672 ) ;
#959 = EDGE_CURVE ( 'NONE', #4572, #536, #1713, .T. ) ;
#960 = ORIENTED_EDGE ( 'NONE', *, *, #7972, .F. ) ;
#961 = VECTOR ( 'NONE', #6761, 1000.000000000000000 ) ;
#962 = VERTEX_POINT ( 'NONE', #4849 ) ;
#963 = ORIENTED_EDGE ( 'NONE', *, *, #1378, .F. ) ;
#964 = VERTEX_POINT ( 'NONE', #7320 ) ;
#965 = CARTESIAN_POINT ( 'NONE',  ( 11.29999999998313953, 1.799999999990480326, 7.040000000000000036 ) ) ;
#966 = AXIS2_PLACEMENT_3D ( 'NONE', #2564, #189, #1382 ) ;
#967 = CARTESIAN_POINT ( 'NONE',  ( 9.419999999999999929, 8.149999999999998579, 18.23999999999999844 ) ) ;
#968 = CARTESIAN_POINT ( 'NONE',  ( 18.11572158209749617, 0.7000000000000019540, 0.000000000000000000 ) ) ;
#969 = EDGE_CURVE ( 'NONE', #5677, #7592, #4331, .T. ) ;
#970 = CARTESIAN_POINT ( 'NONE',  ( 3.619999999999619966, 8.149999999999998579, 29.10000000000037090 ) ) ;
#971 = AXIS2_PLACEMENT_3D ( 'NONE', #4580, #4768, #1761 ) ;
#972 = DIRECTION ( 'NONE',  ( -0.000000000000000000, -0.000000000000000000, 1.000000000000000000 ) ) ;
#973 = COORDINATED_UNIVERSAL_TIME_OFFSET ( 5, 0, .BEHIND. ) ;
#974 = VECTOR ( 'NONE', #5413, 1000.000000000000000 ) ;
#975 = CARTESIAN_POINT ( 'NONE',  ( 17.18212227597007313, 7.049999999999998934, 23.31999999999998252 ) ) ;
#976 = LINE ( 'NONE', #4676, #7097 ) ;
#977 = CARTESIAN_POINT ( 'NONE',  ( 4.549999999999999822, 7.000000000000000000, 12.64000000000000057 ) ) ;
#978 = EDGE_CURVE ( 'NONE', #6025, #5682, #6932, .T. ) ;
#979 = CARTESIAN_POINT ( 'NONE',  ( 10.25000000000020961, 8.149999999999998579, 18.22000000000001663 ) ) ;
#980 = CARTESIAN_POINT ( 'NONE',  ( 4.549999999999999822, 8.149999999999998579, 23.82000000000000028 ) ) ;
#981 = VERTEX_POINT ( 'NONE', #5371 ) ;
#982 = ORIENTED_EDGE ( 'NONE', *, *, #177, .T. ) ;
#983 = FACE_OUTER_BOUND ( 'NONE', #3085, .T. ) ;
#984 = VECTOR ( 'NONE', #4227, 1000.000000000000000 ) ;
#985 = CARTESIAN_POINT ( 'NONE',  ( 0.04879489147587402070, 6.236000019965298513, 15.89478841297199274 ) ) ;
#986 = ORIENTED_EDGE ( 'NONE', *, *, #6307, .F. ) ;
#987 = DIRECTION ( 'NONE',  ( 0.9772196966341454294, -0.2122302158276919981, 0.000000000000000000 ) ) ;
#988 = DIRECTION ( 'NONE',  ( 0.000000000000000000, -1.000000000000000000, 0.000000000000000000 ) ) ;
#989 = EDGE_LOOP ( 'NONE', ( #6365, #7655, #2523, #2427 ) ) ;
#990 = CARTESIAN_POINT ( 'NONE',  ( 17.18212227597027919, 7.049999999999998934, 23.32000000000000028 ) ) ;
#991 = DIRECTION ( 'NONE',  ( -0.000000000000000000, -0.000000000000000000, 1.000000000000000000 ) ) ;
#992 = ORIENTED_EDGE ( 'NONE', *, *, #5251, .T. ) ;
#993 = ADVANCED_FACE ( 'NONE', ( #4237 ), #7844, .T. ) ;
#994 = EDGE_LOOP ( 'NONE', ( #1206, #1875, #7817, #7915, #5589, #5218, #4116, #5769 ) ) ;
#995 = ORIENTED_EDGE ( 'NONE', *, *, #6237, .T. ) ;
#996 = EDGE_CURVE ( 'NONE', #3977, #7104, #2178, .T. ) ;
#997 = ORIENTED_EDGE ( 'NONE', *, *, #4409, .F. ) ;
#998 = PLANE ( 'NONE',  #3958 ) ;
#999 = VECTOR ( 'NONE', #139, 1000.000000000000000 ) ;
#1000 = DIRECTION ( 'NONE',  ( 1.000000000000000000, 0.000000000000000000, 1.014813233447996241E-12 ) ) ;
#1001 = CARTESIAN_POINT ( 'NONE',  ( 10.54999999999999893, 7.550000000000000711, 7.039999241236604810 ) ) ;
#1002 = PLANE ( 'NONE',  #3335 ) ;
#1003 = DIRECTION ( 'NONE',  ( -3.614007241618328063E-16, 0.000000000000000000, -1.000000000000000000 ) ) ;
#1004 = DIRECTION ( 'NONE',  ( 0.000000000000000000, 0.000000000000000000, -1.000000000000000000 ) ) ;
#1005 = EDGE_CURVE ( 'NONE', #2859, #2690, #5096, .T. ) ;
#1006 = EDGE_CURVE ( 'NONE', #6926, #2388, #6241, .T. ) ;
#1007 = ADVANCED_FACE ( 'NONE', ( #4414 ), #167, .T. ) ;
#1008 = DIRECTION ( 'NONE',  ( 1.000000000000000000, 0.000000000000000000, 0.000000000000000000 ) ) ;
#1009 = DIRECTION ( 'NONE',  ( 0.000000000000000000, -1.000000000000000000, 0.000000000000000000 ) ) ;
#1010 = ADVANCED_FACE ( 'NONE', ( #3845 ), #5710, .F. ) ;
#1011 = DIRECTION ( 'NONE',  ( 2.441261891713194689E-11, 0.000000000000000000, 1.000000000000000000 ) ) ;
#1012 = DIRECTION ( 'NONE',  ( 0.000000000000000000, 0.000000000000000000, 1.000000000000000000 ) ) ;
#1013 = CARTESIAN_POINT ( 'NONE',  ( 18.10221458223799829, 0.6499999999999991340, 22.25000000000000000 ) ) ;
#1014 = ORIENTED_EDGE ( 'NONE', *, *, #5385, .T. ) ;
#1015 = DIRECTION ( 'NONE',  ( 0.000000000000000000, 0.000000000000000000, -1.000000000000000000 ) ) ;
#1016 = EDGE_CURVE ( 'NONE', #6766, #7659, #7494, .T. ) ;
#1017 = VERTEX_POINT ( 'NONE', #3727 ) ;
#1018 = ORIENTED_EDGE ( 'NONE', *, *, #6783, .F. ) ;
#1019 = LINE ( 'NONE', #1102, #7564 ) ;
#1020 = EDGE_CURVE ( 'NONE', #1076, #2709, #1477, .T. ) ;
#1021 = EDGE_CURVE ( 'NONE', #4853, #7816, #7450, .T. ) ;
#1022 = AXIS2_PLACEMENT_3D ( 'NONE', #104, #6941, #1375 ) ;
#1023 = CARTESIAN_POINT ( 'NONE',  ( 18.10221458223800539, 0.6499999999999995781, 24.17638814223192156 ) ) ;
#1024 = VERTEX_POINT ( 'NONE', #130 ) ;
#1025 = DIRECTION ( 'NONE',  ( 2.197554852866291840E-14, -2.563813995010673656E-14, -1.000000000000000000 ) ) ;
#1026 = LINE ( 'NONE', #2940, #6878 ) ;
#1027 = DIRECTION ( 'NONE',  ( 1.000000000000000000, -0.000000000000000000, -1.182492075635317643E-15 ) ) ;
#1028 = ORIENTED_EDGE ( 'NONE', *, *, #7755, .T. ) ;
#1029 = CARTESIAN_POINT ( 'NONE',  ( 4.550000000000000711, 7.049999999999999822, 23.32000000000000028 ) ) ;
#1030 = ADVANCED_FACE ( 'NONE', ( #7568 ), #4451, .T. ) ;
#1031 = DIRECTION ( 'NONE',  ( -0.000000000000000000, -0.000000000000000000, 1.000000000000000000 ) ) ;
#1032 = ORIENTED_EDGE ( 'NONE', *, *, #2216, .T. ) ;
#1033 = CARTESIAN_POINT ( 'NONE',  ( 8.820000000000000284, 8.149999999999998579, 8.139999999999998792 ) ) ;
#1034 = VERTEX_POINT ( 'NONE', #6851 ) ;
#1035 = VERTEX_POINT ( 'NONE', #5060 ) ;
#1036 = EDGE_CURVE ( 'NONE', #5277, #4552, #7053, .T. ) ;
#1037 = ORIENTED_EDGE ( 'NONE', *, *, #2024, .T. ) ;
#1038 = CARTESIAN_POINT ( 'NONE',  ( 0.000000000000000000, 7.218676524318544452, 29.80000000000000071 ) ) ;
#1039 = PLANE ( 'NONE',  #5359 ) ;
#1040 = DIRECTION ( 'NONE',  ( 0.000000000000000000, -1.000000000000000000, 0.000000000000000000 ) ) ;
#1041 = ORIENTED_EDGE ( 'NONE', *, *, #6459, .T. ) ;
#1042 = ADVANCED_FACE ( 'NONE', ( #7404 ), #6, .T. ) ;
#1043 = FACE_OUTER_BOUND ( 'NONE', #1821, .T. ) ;
#1044 = VERTEX_POINT ( 'NONE', #4326 ) ;
#1045 = VERTEX_POINT ( 'NONE', #787 ) ;
#1046 = CARTESIAN_POINT ( 'NONE',  ( 18.18671896327439796, 0.9749621944824637954, 28.44829219818434396 ) ) ;
#1047 = CARTESIAN_POINT ( 'NONE',  ( 16.60000000000000142, 6.000000000000000000, 16.37500000000000000 ) ) ;
#1048 = LINE ( 'NONE', #6613, #2639 ) ;
#1049 = VECTOR ( 'NONE', #8040, 1000.000000000000000 ) ;
#1050 = CARTESIAN_POINT ( 'NONE',  ( 18.58205168432626309, 4.769999999999997797, 27.85000000000000497 ) ) ;
#1051 = ADVANCED_FACE ( 'NONE', ( #1365 ), #6805, .F. ) ;
#1052 = CARTESIAN_POINT ( 'NONE',  ( 4.549999999999999822, 7.000000000000000000, 11.56000000000000227 ) ) ;
#1053 = CARTESIAN_POINT ( 'NONE',  ( 10.65000000000000391, 8.149999999999998579, 1.819999999999801110 ) ) ;
#1054 = CARTESIAN_POINT ( 'NONE',  ( 18.58205168432625953, 4.770000000000001350, 7.550000000000000711 ) ) ;
#1055 = VECTOR ( 'NONE', #5209, 1000.000000000000000 ) ;
#1056 = ORIENTED_EDGE ( 'NONE', *, *, #337, .F. ) ;
#1057 = ORIENTED_EDGE ( 'NONE', *, *, #3438, .F. ) ;
#1058 = DIRECTION ( 'NONE',  ( 2.809873545960397291E-13, 1.000000000000000000, 0.000000000000000000 ) ) ;
#1059 = B_SPLINE_CURVE_WITH_KNOTS ( 'NONE', 3,
 ( #4374, #6150, #4846, #624 ),
 .UNSPECIFIED., .F., .F.,
 ( 4, 4 ),
 ( 0.000000000000000000, 1.000000000000000000 ),
 .UNSPECIFIED. ) ;
#1060 = AXIS2_PLACEMENT_3D ( 'NONE', #5015, #6353, #698 ) ;
#1061 = EDGE_CURVE ( 'NONE', #1603, #3513, #5640, .T. ) ;
#1062 = LINE ( 'NONE', #7841, #7690 ) ;
#1063 = ORIENTED_EDGE ( 'NONE', *, *, #781, .F. ) ;
#1064 = CARTESIAN_POINT ( 'NONE',  ( 0.3643478260869588703, 7.699923329723704413, 29.75386415199194801 ) ) ;
#1065 = DIRECTION ( 'NONE',  ( 3.289549702593050909E-15, -2.467162276944788280E-15, 1.000000000000000000 ) ) ;
#1066 = CARTESIAN_POINT ( 'NONE',  ( 4.549999999999999822, 8.149999999999998579, 12.61999999999999922 ) ) ;
#1067 = ORIENTED_EDGE ( 'NONE', *, *, #2095, .F. ) ;
#1068 = CARTESIAN_POINT ( 'NONE',  ( 18.58839275991025275, 4.519789715092544569, 18.20629651730480703 ) ) ;
#1069 = VECTOR ( 'NONE', #6571, 1000.000000000000000 ) ;
#1070 = CARTESIAN_POINT ( 'NONE',  ( 4.550000000000000711, 7.049999999999999822, 5.980000000000001315 ) ) ;
#1071 = CARTESIAN_POINT ( 'NONE',  ( 18.39999999999959002, 0.000000000000000000, 0.6999999999999995115 ) ) ;
#1072 = ORIENTED_EDGE ( 'NONE', *, *, #3797, .F. ) ;
#1073 = AXIS2_PLACEMENT_3D ( 'NONE', #1399, #2492, #3717 ) ;
#1074 = DIRECTION ( 'NONE',  ( 0.000000000000000000, -1.000000000000000000, 0.000000000000000000 ) ) ;
#1075 = ORIENTED_EDGE ( 'NONE', *, *, #4066, .F. ) ;
#1076 = VERTEX_POINT ( 'NONE', #5627 ) ;
#1077 = EDGE_CURVE ( 'NONE', #1730, #6943, #1241, .T. ) ;
#1078 = AXIS2_PLACEMENT_3D ( 'NONE', #8025, #7375, #594 ) ;
#1079 = ORIENTED_EDGE ( 'NONE', *, *, #3539, .T. ) ;
#1080 = CARTESIAN_POINT ( 'NONE',  ( 4.550000000000000711, 8.000000000000000000, 8.140000000000002345 ) ) ;
#1081 = AXIS2_PLACEMENT_3D ( 'NONE', #3114, #5585, #4980 ) ;
#1082 = CARTESIAN_POINT ( 'NONE',  ( 16.60000000000000142, 6.299999999999889688, 16.37500000000000000 ) ) ;
#1083 = DIRECTION ( 'NONE',  ( 0.000000000000000000, 1.000000000000000000, 0.000000000000000000 ) ) ;
#1084 = EDGE_CURVE ( 'NONE', #3129, #891, #7059, .T. ) ;
#1085 = ORIENTED_EDGE ( 'NONE', *, *, #5385, .F. ) ;
#1086 = VECTOR ( 'NONE', #7900, 1000.000000000000000 ) ;
#1087 = DIRECTION ( 'NONE',  ( 0.000000000000000000, 0.000000000000000000, -1.000000000000000000 ) ) ;
#1088 = ORIENTED_EDGE ( 'NONE', *, *, #5161, .T. ) ;
#1089 = EDGE_LOOP ( 'NONE', ( #6093, #3465, #4667, #4433 ) ) ;
#1090 = DIRECTION ( 'NONE',  ( 0.000000000000000000, 1.000000000000000000, 4.956352788505573673E-15 ) ) ;
#1091 = AXIS2_PLACEMENT_3D ( 'NONE', #3648, #4212, #4819 ) ;
#1092 = DIRECTION ( 'NONE',  ( 1.000000000000000000, 0.000000000000000000, 0.000000000000000000 ) ) ;
#1093 = CARTESIAN_POINT ( 'NONE',  ( 8.820000000000000284, 8.000000000000065725, 8.140000000000002345 ) ) ;
#1094 = DIRECTION ( 'NONE',  ( 0.000000000000000000, -1.676899360110642493E-13, -1.000000000000000000 ) ) ;
#1095 = CYLINDRICAL_SURFACE ( 'NONE', #43, 0.6999999999999766409 ) ;
#1096 = DIRECTION ( 'NONE',  ( -1.000000000000000000, 0.000000000000000000, 0.000000000000000000 ) ) ;
#1097 = CARTESIAN_POINT ( 'NONE',  ( 10.54999999999980531, 7.550000000000147260, 1.555424868891050139 ) ) ;
#1098 = VECTOR ( 'NONE', #6674, 1000.000000000000000 ) ;
#1099 = ORIENTED_EDGE ( 'NONE', *, *, #685, .F. ) ;
#1100 = AXIS2_PLACEMENT_3D ( 'NONE', #4176, #1092, #3620 ) ;
#1101 = CARTESIAN_POINT ( 'NONE',  ( 18.26194645353651680, 1.297474645844970409, 17.34999999999999787 ) ) ;
#1102 = CARTESIAN_POINT ( 'NONE',  ( 18.10221458223799829, 0.6500000000000026867, 11.05000000000000071 ) ) ;
#1103 = CIRCLE ( 'NONE', #1249, 0.3999999999993835154 ) ;
#1104 = DIRECTION ( 'NONE',  ( 1.000000000000000000, -0.000000000000000000, -0.000000000000000000 ) ) ;
#1105 = CIRCLE ( 'NONE', #2562, 0.3999999999993841815 ) ;
#1106 = VERTEX_POINT ( 'NONE', #665 ) ;
#1107 = CARTESIAN_POINT ( 'NONE',  ( 16.60000000000000142, 0.6499999999999991340, 22.25000000000000000 ) ) ;
#1108 = DIRECTION ( 'NONE',  ( 1.000000000000000000, 0.000000000000000000, 1.040291984501444773E-12 ) ) ;
#1109 = DIRECTION ( 'NONE',  ( 0.000000000000000000, -1.000000000000000000, 0.000000000000000000 ) ) ;
#1110 = CARTESIAN_POINT ( 'NONE',  ( 0.000000000000000000, 6.599999999999999645, 15.68262379212500157 ) ) ;
#1111 = ORIENTED_EDGE ( 'NONE', *, *, #5441, .T. ) ;
#1112 = EDGE_CURVE ( 'NONE', #1335, #502, #5246, .T. ) ;
#1113 = ORIENTED_EDGE ( 'NONE', *, *, #2754, .F. ) ;
#1114 = EDGE_CURVE ( 'NONE', #4353, #891, #5140, .T. ) ;
#1115 = CARTESIAN_POINT ( 'NONE',  ( 18.11124640417893872, 0.6833104186764491494, -8.326672684688674053E-14 ) ) ;
#1116 = DIRECTION ( 'NONE',  ( 0.000000000000000000, 1.000000000000000000, 0.000000000000000000 ) ) ;
#1117 = VECTOR ( 'NONE', #6345, 1000.000000000000000 ) ;
#1118 = CARTESIAN_POINT ( 'NONE',  ( 16.60000000000000142, 4.769999999999999574, 24.35000000000000497 ) ) ;
#1119 = CARTESIAN_POINT ( 'NONE',  ( 10.37489995997990277, 7.682152859742380713, 18.23999999999999844 ) ) ;
#1120 = EDGE_CURVE ( 'NONE', #3565, #3253, #6397, .T. ) ;
#1121 = CARTESIAN_POINT ( 'NONE',  ( 17.33486177177820053, 7.049999999999999822, 22.75999999999999801 ) ) ;
#1122 = ORIENTED_EDGE ( 'NONE', *, *, #434, .F. ) ;
#1123 = LINE ( 'NONE', #3605, #1479 ) ;
#1124 = ORIENTED_EDGE ( 'NONE', *, *, #2856, .T. ) ;
#1125 = AXIS2_PLACEMENT_3D ( 'NONE', #320, #6707, #4140 ) ;
#1126 = VERTEX_POINT ( 'NONE', #1584 ) ;
#1127 = ORIENTED_EDGE ( 'NONE', *, *, #1275, .F. ) ;
#1128 = CARTESIAN_POINT ( 'NONE',  ( 15.23000000000025267, 5.650000000000099831, 0.9000000000000001332 ) ) ;
#1129 = LINE ( 'NONE', #1778, #5247 ) ;
#1130 = DIRECTION ( 'NONE',  ( 0.6024123836633384910, 0.7981850161516781395, 0.000000000000000000 ) ) ;
#1131 = EDGE_CURVE ( 'NONE', #851, #7659, #2491, .T. ) ;
#1132 = ORIENTED_EDGE ( 'NONE', *, *, #614, .F. ) ;
#1133 = EDGE_CURVE ( 'NONE', #4488, #5046, #4069, .T. ) ;
#1134 = DIRECTION ( 'NONE',  ( -7.762887555008176180E-13, 0.000000000000000000, 1.000000000000000000 ) ) ;
#1135 = EDGE_LOOP ( 'NONE', ( #5843, #8027, #5157, #4376, #4035, #2604, #7742, #6453, #6887 ) ) ;
#1136 = VERTEX_POINT ( 'NONE', #248 ) ;
#1137 = CARTESIAN_POINT ( 'NONE',  ( 18.10699645857483375, 0.6674566104873683736, 28.02878174986625481 ) ) ;
#1138 = DIRECTION ( 'NONE',  ( 0.8955305689923248602, 0.000000000000000000, -0.4450000000003180300 ) ) ;
#1139 = CARTESIAN_POINT ( 'NONE',  ( -5.287651877629434969E-13, 6.324608602652916467, 12.87539137995027083 ) ) ;
#1140 = FACE_OUTER_BOUND ( 'NONE', #7021, .T. ) ;
#1141 = CARTESIAN_POINT ( 'NONE',  ( 4.550000000000000711, 7.049999999999999822, 7.020000000000000462 ) ) ;
#1142 = DIRECTION ( 'NONE',  ( 0.000000000000000000, 0.000000000000000000, 1.000000000000000000 ) ) ;
#1143 = LOCAL_TIME ( 16, 8, 54.00000000000000000, #5966 ) ;
#1144 = CARTESIAN_POINT ( 'NONE',  ( 16.60000000000000142, 4.070000000000059792, 13.15000000000000036 ) ) ;
#1145 = CARTESIAN_POINT ( 'NONE',  ( 18.18671896327441218, 0.9749621944825305198, 17.24829219818436599 ) ) ;
#1146 = PLANE ( 'NONE',  #7045 ) ;
#1147 = EDGE_CURVE ( 'NONE', #1262, #3507, #3537, .T. ) ;
#1148 = DIRECTION ( 'NONE',  ( 0.000000000000000000, 0.000000000000000000, -1.000000000000000000 ) ) ;
#1149 = ORIENTED_EDGE ( 'NONE', *, *, #5983, .F. ) ;
#1150 = DIRECTION ( 'NONE',  ( 1.905546427720270837E-13, 1.000000000000000000, -0.000000000000000000 ) ) ;
#1151 = CARTESIAN_POINT ( 'NONE',  ( 10.54999999999880878, 7.550000000000000711, 23.95542486889181788 ) ) ;
#1152 = FACE_OUTER_BOUND ( 'NONE', #6347, .T. ) ;
#1153 = FACE_OUTER_BOUND ( 'NONE', #4420, .T. ) ;
#1154 = ORIENTED_EDGE ( 'NONE', *, *, #1021, .F. ) ;
#1155 = ORIENTED_EDGE ( 'NONE', *, *, #3552, .T. ) ;
#1156 = CARTESIAN_POINT ( 'NONE',  ( 11.29999999998313953, 1.799999999990480326, 18.23999999999999844 ) ) ;
#1157 = CARTESIAN_POINT ( 'NONE',  ( 18.58809699203468213, 1.349999999999978328, 1.250000000000000000 ) ) ;
#1158 = CARTESIAN_POINT ( 'NONE',  ( 18.07765284496201375, 7.049999999999999822, 7.074999999999996625 ) ) ;
#1159 = LINE ( 'NONE', #4812, #3577 ) ;
#1160 = CARTESIAN_POINT ( 'NONE',  ( 17.37947366142815042, 7.000000000000000888, 7.040000000000000036 ) ) ;
#1161 = VERTEX_POINT ( 'NONE', #5824 ) ;
#1162 = CARTESIAN_POINT ( 'NONE',  ( 18.59006940929767282, 4.275293028433067910, 11.72123728017357891 ) ) ;
#1163 = EDGE_CURVE ( 'NONE', #2029, #4958, #7003, .T. ) ;
#1164 = ORIENTED_EDGE ( 'NONE', *, *, #6587, .T. ) ;
#1165 = VERTEX_POINT ( 'NONE', #5290 ) ;
#1166 = ORIENTED_EDGE ( 'NONE', *, *, #5429, .T. ) ;
#1167 = FACE_OUTER_BOUND ( 'NONE', #5185, .T. ) ;
#1168 = CARTESIAN_POINT ( 'NONE',  ( 4.550000000000004263, 7.049999999999998934, 0.9200000000000000400 ) ) ;
#1169 = DIRECTION ( 'NONE',  ( -0.7981850161519296050, 0.6024123836630052020, -0.000000000000000000 ) ) ;
#1170 = ORIENTED_EDGE ( 'NONE', *, *, #1471, .F. ) ;
#1171 = ORIENTED_EDGE ( 'NONE', *, *, #2473, .F. ) ;
#1172 = EDGE_CURVE ( 'NONE', #6291, #4701, #3313, .T. ) ;
#1173 = EDGE_CURVE ( 'NONE', #625, #6422, #6477, .T. ) ;
#1174 = ORIENTED_EDGE ( 'NONE', *, *, #4506, .F. ) ;
#1175 = ORIENTED_EDGE ( 'NONE', *, *, #6611, .T. ) ;
#1176 = DIRECTION ( 'NONE',  ( 0.000000000000000000, 1.000000000000000000, 0.000000000000000000 ) ) ;
#1177 = LINE ( 'NONE', #2402, #2161 ) ;
#1178 = FACE_OUTER_BOUND ( 'NONE', #3886, .T. ) ;
#1179 = CARTESIAN_POINT ( 'NONE',  ( 16.60000000000000142, 4.070000000000059792, 18.75000000000000000 ) ) ;
#1180 = CARTESIAN_POINT ( 'NONE',  ( 18.10221458223799829, 0.6500000000000026867, 16.65000000000000213 ) ) ;
#1181 = EDGE_CURVE ( 'NONE', #6422, #2938, #7680, .T. ) ;
#1182 = VECTOR ( 'NONE', #4280, 1000.000000000000000 ) ;
#1183 = PLANE ( 'NONE',  #5988 ) ;
#1184 = CYLINDRICAL_SURFACE ( 'NONE', #1472, 0.6999999999999420019 ) ;
#1185 = EDGE_CURVE ( 'NONE', #2259, #1649, #5861, .T. ) ;
#1186 = DIRECTION ( 'NONE',  ( 0.000000000000000000, 1.000000000000000000, 0.000000000000000000 ) ) ;
#1187 = ORIENTED_EDGE ( 'NONE', *, *, #3337, .T. ) ;
#1188 = CARTESIAN_POINT ( 'NONE',  ( 18.10221458223799829, 0.6500000000000024647, 24.35000000000000497 ) ) ;
#1189 = CARTESIAN_POINT ( 'NONE',  ( 4.690000000058420326, 4.299999999992524913, 6.150000000000000355 ) ) ;
#1190 = CARTESIAN_POINT ( 'NONE',  ( 16.60000000000000142, 1.349999999999976108, 13.15000000000000036 ) ) ;
#1191 = VECTOR ( 'NONE', #126, 1000.000000000000000 ) ;
#1192 = LINE ( 'NONE', #581, #1098 ) ;
#1193 = EDGE_LOOP ( 'NONE', ( #3683, #3245, #2669, #4501 ) ) ;
#1194 = ORIENTED_EDGE ( 'NONE', *, *, #6446, .T. ) ;
#1195 = CARTESIAN_POINT ( 'NONE',  ( 16.85300771592445912, 7.551694597614240223, 29.79291050629553084 ) ) ;
#1196 = LINE ( 'NONE', #3600, #1360 ) ;
#1197 = CARTESIAN_POINT ( 'NONE',  ( 4.549999999999999822, 7.400000000000000355, 14.33999999999999986 ) ) ;
#1198 = CIRCLE ( 'NONE', #6778, 0.9999999999989070965 ) ;
#1199 = CARTESIAN_POINT ( 'NONE',  ( 18.59006940929767282, 4.275293028433043929, 6.121237280173645878 ) ) ;
#1200 = DIRECTION ( 'NONE',  ( -1.000000000000000000, 0.000000000000000000, 0.000000000000000000 ) ) ;
#1201 = EDGE_LOOP ( 'NONE', ( #4338, #806, #1041, #4297 ) ) ;
#1202 = DIRECTION ( 'NONE',  ( 1.000000000000000000, -0.000000000000000000, -0.000000000000000000 ) ) ;
#1203 = ORIENTED_EDGE ( 'NONE', *, *, #5900, .T. ) ;
#1204 = ORIENTED_EDGE ( 'NONE', *, *, #6294, .T. ) ;
#1205 = AXIS2_PLACEMENT_3D ( 'NONE', #934, #3379, #1618 ) ;
#1206 = ORIENTED_EDGE ( 'NONE', *, *, #2514, .F. ) ;
#1207 = VECTOR ( 'NONE', #5946, 1000.000000000000000 ) ;
#1208 = LINE ( 'NONE', #466, #309 ) ;
#1209 = LINE ( 'NONE', #3700, #4999 ) ;
#1210 = EDGE_CURVE ( 'NONE', #6486, #4145, #3998, .T. ) ;
#1211 = CARTESIAN_POINT ( 'NONE',  ( 10.25000000000030909, 7.049999999999999822, 28.37999999999998479 ) ) ;
#1212 = EDGE_LOOP ( 'NONE', ( #4722, #3478, #3041, #3399, #583, #6875, #3697 ) ) ;
#1213 = FACE_OUTER_BOUND ( 'NONE', #3427, .T. ) ;
#1214 = ORIENTED_EDGE ( 'NONE', *, *, #6946, .F. ) ;
#1215 = VECTOR ( 'NONE', #6841, 1000.000000000000000 ) ;
#1216 = EDGE_CURVE ( 'NONE', #5138, #663, #1521, .T. ) ;
#1217 = DIRECTION ( 'NONE',  ( -0.1736481772463059625, 0.9848077530863754703, 0.000000000000000000 ) ) ;
#1218 = VERTEX_POINT ( 'NONE', #5256 ) ;
#1219 = ORIENTED_EDGE ( 'NONE', *, *, #7901, .T. ) ;
#1220 = DIRECTION ( 'NONE',  ( 0.000000000000000000, 1.610814656264227647E-14, -1.000000000000000000 ) ) ;
#1221 = B_SPLINE_CURVE_WITH_KNOTS ( 'NONE', 3,
 ( #1703, #4183, #6663, #524 ),
 .UNSPECIFIED., .F., .F.,
 ( 4, 4 ),
 ( 0.000000000000000000, 1.000000000000000000 ),
 .UNSPECIFIED. ) ;
#1222 = VECTOR ( 'NONE', #2369, 1000.000000000000000 ) ;
#1223 = AXIS2_PLACEMENT_3D ( 'NONE', #2865, #2142, #886 ) ;
#1224 = ADVANCED_FACE ( 'NONE', ( #1552 ), #7153, .T. ) ;
#1225 = EDGE_CURVE ( 'NONE', #4020, #7779, #4648, .T. ) ;
#1226 = CARTESIAN_POINT ( 'NONE',  ( 0.02815555149649707697, 6.252073896277914322, 12.94821555024336313 ) ) ;
#1227 = DIRECTION ( 'NONE',  ( -1.000000000000000000, 1.402523930327248536E-11, 0.000000000000000000 ) ) ;
#1228 = FACE_OUTER_BOUND ( 'NONE', #5875, .T. ) ;
#1229 = AXIS2_PLACEMENT_3D ( 'NONE', #7410, #1846, #4901 ) ;
#1230 = CARTESIAN_POINT ( 'NONE',  ( 10.25000000000061995, 7.550000000000000711, 11.18000000000061966 ) ) ;
#1231 = AXIS2_PLACEMENT_3D ( 'NONE', #5388, #927, #4744 ) ;
#1232 = CARTESIAN_POINT ( 'NONE',  ( 16.60000000000000142, 0.6500000000000001332, 16.65000000000000213 ) ) ;
#1233 = ADVANCED_FACE ( 'NONE', ( #6544 ), #2096, .T. ) ;
#1234 = CYLINDRICAL_SURFACE ( 'NONE', #1073, 1.570000000001446683 ) ;
#1235 = DIRECTION ( 'NONE',  ( 0.9772196966341454294, -0.2122302158276919981, 0.000000000000000000 ) ) ;
#1236 = CARTESIAN_POINT ( 'NONE',  ( 10.25000000000000178, 7.049999999999999822, 1.420000000000000373 ) ) ;
#1237 = EDGE_CURVE ( 'NONE', #5197, #7974, #7810, .T. ) ;
#1238 = CARTESIAN_POINT ( 'NONE',  ( 18.10221458223597679, 0.6500000000009461543, 0.001787997811314578391 ) ) ;
#1239 = ORIENTED_EDGE ( 'NONE', *, *, #7763, .T. ) ;
#1240 = CARTESIAN_POINT ( 'NONE',  ( 16.60000000000000142, 1.350000000000000311, 17.35000000000000142 ) ) ;
#1241 = LINE ( 'NONE', #6199, #3307 ) ;
#1242 = AXIS2_PLACEMENT_3D ( 'NONE', #5791, #7649, #2085 ) ;
#1243 = CARTESIAN_POINT ( 'NONE',  ( 18.07765284496199243, 8.149999999999998579, 1.475000000000005418 ) ) ;
#1244 = FACE_OUTER_BOUND ( 'NONE', #5045, .T. ) ;
#1245 = EDGE_LOOP ( 'NONE', ( #1906, #7475, #3709, #5588 ) ) ;
#1246 = ORIENTED_EDGE ( 'NONE', *, *, #8021, .F. ) ;
#1247 = DIRECTION ( 'NONE',  ( 1.000000000000000000, -3.828376262897276349E-16, -0.000000000000000000 ) ) ;
#1248 = DIRECTION ( 'NONE',  ( 0.000000000000000000, 0.000000000000000000, -1.000000000000000000 ) ) ;
#1249 = AXIS2_PLACEMENT_3D ( 'NONE', #3382, #2773, #1626 ) ;
#1250 = DIRECTION ( 'NONE',  ( 0.000000000000000000, -1.000000000000000000, -3.295974604356668067E-13 ) ) ;
#1251 = AXIS2_PLACEMENT_3D ( 'NONE', #4649, #3315, #1553 ) ;
#1252 = CARTESIAN_POINT ( 'NONE',  ( 18.58205168432626309, 4.769999999999997797, 5.449999999999999289 ) ) ;
#1253 = CARTESIAN_POINT ( 'NONE',  ( 10.25000000000030909, 8.149999999999998579, 28.37999999999998479 ) ) ;
#1254 = ORIENTED_EDGE ( 'NONE', *, *, #3328, .F. ) ;
#1255 = DIRECTION ( 'NONE',  ( 0.000000000000000000, -1.000000000000000000, -7.743465732562603237E-13 ) ) ;
#1256 = ORIENTED_EDGE ( 'NONE', *, *, #1006, .T. ) ;
#1257 = VERTEX_POINT ( 'NONE', #1565 ) ;
#1258 = CIRCLE ( 'NONE', #5797, 0.3999999999993835154 ) ;
#1259 = ORIENTED_EDGE ( 'NONE', *, *, #1881, .F. ) ;
#1260 = FACE_OUTER_BOUND ( 'NONE', #6204, .T. ) ;
#1261 = CARTESIAN_POINT ( 'NONE',  ( 16.60000000000000142, 4.769999999999999574, 13.15000000000000036 ) ) ;
#1262 = VERTEX_POINT ( 'NONE', #6520 ) ;
#1263 = AXIS2_PLACEMENT_3D ( 'NONE', #6061, #2846, #477 ) ;
#1264 = ORIENTED_EDGE ( 'NONE', *, *, #5207, .F. ) ;
#1265 = DIRECTION ( 'NONE',  ( 0.000000000000000000, 0.000000000000000000, 1.000000000000000000 ) ) ;
#1266 = EDGE_CURVE ( 'NONE', #7212, #2005, #1534, .T. ) ;
#1267 = ORIENTED_EDGE ( 'NONE', *, *, #5353, .T. ) ;
#1268 = VERTEX_POINT ( 'NONE', #7740 ) ;
#1269 = CARTESIAN_POINT ( 'NONE',  ( 4.550000000000000711, 8.149999999999998579, 11.58000000000000007 ) ) ;
#1270 = ORIENTED_EDGE ( 'NONE', *, *, #7576, .F. ) ;
#1271 = CARTESIAN_POINT ( 'NONE',  ( 4.550000000000000711, 7.049999999999999822, 23.32000000000000028 ) ) ;
#1272 = CARTESIAN_POINT ( 'NONE',  ( 8.820000000000000284, 8.149999999999998579, 13.74000000000000199 ) ) ;
#1273 = CARTESIAN_POINT ( 'NONE',  ( 16.60000000000000142, 4.770000000000001350, 5.450000000000000178 ) ) ;
#1274 = PLANE ( 'NONE',  #284 ) ;
#1275 = EDGE_CURVE ( 'NONE', #1106, #6082, #3439, .T. ) ;
#1276 = DIRECTION ( 'NONE',  ( 0.000000000000000000, 0.000000000000000000, -1.000000000000000000 ) ) ;
#1277 = CARTESIAN_POINT ( 'NONE',  ( 17.18212227597000208, 7.049999999999999822, 6.479999999999998650 ) ) ;
#1278 = CARTESIAN_POINT ( 'NONE',  ( 17.37947366142815042, 6.999999999999999112, 28.89999999999999858 ) ) ;
#1279 = VECTOR ( 'NONE', #1809, 1000.000000000000000 ) ;
#1280 = CARTESIAN_POINT ( 'NONE',  ( 18.18404351367648530, 0.9639719677251668006, 6.957348700735241032 ) ) ;
#1281 = VERTEX_POINT ( 'NONE', #1645 ) ;
#1282 = LINE ( 'NONE', #6671, #4309 ) ;
#1283 = DIRECTION ( 'NONE',  ( 0.7499999999967188469, 0.000000000000000000, 0.6614378277698680364 ) ) ;
#1284 = DIRECTION ( 'NONE',  ( -3.191891195800813712E-13, 1.000000000000000000, 0.000000000000000000 ) ) ;
#1285 = EDGE_CURVE ( 'NONE', #981, #217, #4660, .T. ) ;
#1286 = DIRECTION ( 'NONE',  ( 1.000000000000000000, 0.000000000000000000, 0.000000000000000000 ) ) ;
#1287 = ORIENTED_EDGE ( 'NONE', *, *, #7428, .F. ) ;
#1288 = EDGE_CURVE ( 'NONE', #1281, #599, #7772, .T. ) ;
#1289 = EDGE_LOOP ( 'NONE', ( #1309, #3018, #2367, #2028, #5343 ) ) ;
#1290 = CARTESIAN_POINT ( 'NONE',  ( 15.52306693130773496, 8.150000000000027001, 29.25507582047245947 ) ) ;
#1291 = FACE_OUTER_BOUND ( 'NONE', #3023, .T. ) ;
#1292 = CARTESIAN_POINT ( 'NONE',  ( 10.37489995997995784, 7.682152859742341633, 12.64000000000000057 ) ) ;
#1293 = LINE ( 'NONE', #4539, #3734 ) ;
#1294 = DIRECTION ( 'NONE',  ( 1.000000000000000000, -0.000000000000000000, -0.000000000000000000 ) ) ;
#1295 = VERTEX_POINT ( 'NONE', #7168 ) ;
#1296 = CYLINDRICAL_SURFACE ( 'NONE', #4021, 13.89999999994158486 ) ;
#1297 = ORIENTED_EDGE ( 'NONE', *, *, #6318, .T. ) ;
#1298 = ORIENTED_EDGE ( 'NONE', *, *, #4617, .T. ) ;
#1299 = EDGE_CURVE ( 'NONE', #5463, #4719, #4014, .T. ) ;
#1300 = VECTOR ( 'NONE', #1065, 1000.000000000000000 ) ;
#1301 = ORIENTED_EDGE ( 'NONE', *, *, #4616, .F. ) ;
#1302 = DIRECTION ( 'NONE',  ( -1.030425744732828750E-12, 0.000000000000000000, -1.000000000000000000 ) ) ;
#1303 = DIRECTION ( 'NONE',  ( 1.000000000000000000, -0.000000000000000000, -0.000000000000000000 ) ) ;
#1304 = ORIENTED_EDGE ( 'NONE', *, *, #7716, .T. ) ;
#1305 = EDGE_CURVE ( 'NONE', #1854, #2052, #7208, .T. ) ;
#1306 = VERTEX_POINT ( 'NONE', #6559 ) ;
#1307 = VECTOR ( 'NONE', #4238, 1000.000000000000000 ) ;
#1308 = DIRECTION ( 'NONE',  ( 0.000000000000000000, 1.000000000000000000, 0.000000000000000000 ) ) ;
#1309 = ORIENTED_EDGE ( 'NONE', *, *, #1384, .F. ) ;
#1310 = ORIENTED_EDGE ( 'NONE', *, *, #1133, .F. ) ;
#1311 = ORIENTED_EDGE ( 'NONE', *, *, #7145, .F. ) ;
#1312 = PLANE ( 'NONE',  #153 ) ;
#1313 = EDGE_CURVE ( 'NONE', #955, #4735, #2794, .T. ) ;
#1314 = LINE ( 'NONE', #6313, #5242 ) ;
#1315 = DIRECTION ( 'NONE',  ( 0.000000000000000000, -1.000000000000000000, 0.000000000000000000 ) ) ;
#1316 = DIRECTION ( 'NONE',  ( 1.000000000000000000, -0.000000000000000000, 2.493132406175790382E-15 ) ) ;
#1317 = CARTESIAN_POINT ( 'NONE',  ( 17.18212227597007313, 7.049999999999998934, 17.71999999999998110 ) ) ;
#1318 = ADVANCED_FACE ( 'NONE', ( #5228 ), #5915, .T. ) ;
#1319 = DIRECTION ( 'NONE',  ( 1.000000000000000000, -0.000000000000000000, -0.000000000000000000 ) ) ;
#1320 = EDGE_LOOP ( 'NONE', ( #1824, #1607, #5920, #791 ) ) ;
#1321 = DIRECTION ( 'NONE',  ( 0.000000000000000000, 1.000000000000000000, 0.000000000000000000 ) ) ;
#1322 = DIRECTION ( 'NONE',  ( -1.000000000000000000, 0.000000000000000000, 0.000000000000000000 ) ) ;
#1323 = FACE_OUTER_BOUND ( 'NONE', #2591, .T. ) ;
#1324 = CARTESIAN_POINT ( 'NONE',  ( 16.60000000000000142, 4.070000000000059792, 11.05000000000000071 ) ) ;
#1325 = EDGE_LOOP ( 'NONE', ( #4915, #4650, #6973, #4867 ) ) ;
#1326 = ORIENTED_EDGE ( 'NONE', *, *, #3582, .F. ) ;
#1327 = FACE_OUTER_BOUND ( 'NONE', #7729, .T. ) ;
#1328 = EDGE_CURVE ( 'NONE', #763, #5639, #4627, .T. ) ;
#1329 = FACE_OUTER_BOUND ( 'NONE', #994, .T. ) ;
#1330 = AXIS2_PLACEMENT_3D ( 'NONE', #1512, #972, #4751 ) ;
#1331 = CARTESIAN_POINT ( 'NONE',  ( 18.58205168432626309, 4.769999999999997797, 22.25000000000000355 ) ) ;
#1332 = ORIENTED_EDGE ( 'NONE', *, *, #5198, .T. ) ;
#1333 = CARTESIAN_POINT ( 'NONE',  ( 0.000000000000000000, 6.400000000002104450, 17.00000000000190070 ) ) ;
#1334 = B_SPLINE_CURVE_WITH_KNOTS ( 'NONE', 3,
 ( #1808, #3080, #4289, #1199, #8022, #2464, #4944, #4336, #6816, #1252 ),
 .UNSPECIFIED., .F., .F.,
 ( 4, 2, 2, 2, 4 ),
 ( 0.000000000000000000, 0.1250000000000000278, 0.2500000000000000555, 0.5000000000000012212, 1.000000000000000000 ),
 .UNSPECIFIED. ) ;
#1335 = VERTEX_POINT ( 'NONE', #5876 ) ;
#1336 = EDGE_LOOP ( 'NONE', ( #6901, #6565, #3112, #4869 ) ) ;
#1337 = CIRCLE ( 'NONE', #5869, 1.049999999990996136 ) ;
#1338 = ORIENTED_EDGE ( 'NONE', *, *, #5014, .T. ) ;
#1339 = LINE ( 'NONE', #3897, #5510 ) ;
#1340 = LINE ( 'NONE', #3216, #1737 ) ;
#1341 = ORIENTED_EDGE ( 'NONE', *, *, #2745, .F. ) ;
#1342 = EDGE_CURVE ( 'NONE', #2721, #1165, #920, .T. ) ;
#1343 = ORIENTED_EDGE ( 'NONE', *, *, #2037, .T. ) ;
#1344 = VECTOR ( 'NONE', #1315, 1000.000000000000000 ) ;
#1345 = FACE_OUTER_BOUND ( 'NONE', #2432, .T. ) ;
#1346 = ORIENTED_EDGE ( 'NONE', *, *, #3458, .F. ) ;
#1347 = ORIENTED_EDGE ( 'NONE', *, *, #4277, .F. ) ;
#1348 = ORIENTED_EDGE ( 'NONE', *, *, #7959, .F. ) ;
#1349 = EDGE_CURVE ( 'NONE', #2470, #723, #6596, .T. ) ;
#1350 = VECTOR ( 'NONE', #3482, 1000.000000000000000 ) ;
#1351 = CARTESIAN_POINT ( 'NONE',  ( 15.23000000000007148, 8.149999999999998579, 29.10000000000022169 ) ) ;
#1352 = AXIS2_PLACEMENT_3D ( 'NONE', #2111, #5462, #1074 ) ;
#1353 = CIRCLE ( 'NONE', #3533, 0.3999999999993835154 ) ;
#1354 = DIRECTION ( 'NONE',  ( 1.000000000000000000, 0.000000000000000000, -4.481106253301543463E-16 ) ) ;
#1355 = DIRECTION ( 'NONE',  ( 0.000000000000000000, 0.000000000000000000, -1.000000000000000000 ) ) ;
#1356 = VECTOR ( 'NONE', #1316, 1000.000000000000000 ) ;
#1357 = PLANE ( 'NONE',  #2656 ) ;
#1358 = VECTOR ( 'NONE', #7073, 1000.000000000000000 ) ;
#1359 = CARTESIAN_POINT ( 'NONE',  ( 8.820000000000000284, 7.400000000000000355, 25.53999999999999915 ) ) ;
#1360 = VECTOR ( 'NONE', #6760, 1000.000000000000000 ) ;
#1361 = CIRCLE ( 'NONE', #425, 1.570000000001445351 ) ;
#1362 = CARTESIAN_POINT ( 'NONE',  ( 4.549999999999998934, 8.000000000000076383, 4.859999999999999432 ) ) ;
#1363 = ORIENTED_EDGE ( 'NONE', *, *, #3735, .F. ) ;
#1364 = CARTESIAN_POINT ( 'NONE',  ( 0.2479041193698552636, 4.245442074226871476, 13.09544207422178452 ) ) ;
#1365 = FACE_OUTER_BOUND ( 'NONE', #6562, .T. ) ;
#1366 = CARTESIAN_POINT ( 'NONE',  ( 4.550000000000000711, 7.400000000000000355, 14.33999999999999986 ) ) ;
#1367 = DIRECTION ( 'NONE',  ( 1.000000000000000000, 0.000000000000000000, 0.000000000000000000 ) ) ;
#1368 = ORIENTED_EDGE ( 'NONE', *, *, #4575, .F. ) ;
#1369 = VECTOR ( 'NONE', #1860, 1000.000000000000114 ) ;
#1370 = ORIENTED_EDGE ( 'NONE', *, *, #3061, .F. ) ;
#1371 = CARTESIAN_POINT ( 'NONE',  ( 2.500000000000000000, 6.235999986104701520, 13.90521157559099841 ) ) ;
#1372 = CARTESIAN_POINT ( 'NONE',  ( 18.58205168432626664, 4.769999999999998685, 28.02123529584835637 ) ) ;
#1373 = CARTESIAN_POINT ( 'NONE',  ( 18.58451382613609226, 4.708190853347724136, 22.58868606496654152 ) ) ;
#1374 = ORIENTED_EDGE ( 'NONE', *, *, #4854, .F. ) ;
#1375 = DIRECTION ( 'NONE',  ( 1.000000000000000000, 0.000000000000000000, 1.548240702311686554E-12 ) ) ;
#1376 = ORIENTED_EDGE ( 'NONE', *, *, #5940, .T. ) ;
#1377 = ORIENTED_EDGE ( 'NONE', *, *, #3345, .F. ) ;
#1378 = EDGE_CURVE ( 'NONE', #6689, #5320, #3330, .T. ) ;
#1379 = ADVANCED_FACE ( 'NONE', ( #227 ), #2831, .T. ) ;
#1380 = AXIS2_PLACEMENT_3D ( 'NONE', #4983, #1966, #5025 ) ;
#1381 = VERTEX_POINT ( 'NONE', #5195 ) ;
#1382 = DIRECTION ( 'NONE',  ( 0.000000000000000000, 0.000000000000000000, 1.000000000000000000 ) ) ;
#1383 = CIRCLE ( 'NONE', #7600, 0.3999999999993848476 ) ;
#1384 = EDGE_CURVE ( 'NONE', #7651, #2414, #7715, .T. ) ;
#1385 = PLANE ( 'NONE',  #6800 ) ;
#1386 = ORIENTED_EDGE ( 'NONE', *, *, #7428, .T. ) ;
#1387 = ORIENTED_EDGE ( 'NONE', *, *, #3915, .T. ) ;
#1388 = AXIS2_PLACEMENT_3D ( 'NONE', #859, #200, #3412 ) ;
#1389 = ORIENTED_EDGE ( 'NONE', *, *, #5430, .T. ) ;
#1390 = VERTEX_POINT ( 'NONE', #4810 ) ;
#1391 = EDGE_CURVE ( 'NONE', #3479, #7664, #1196, .T. ) ;
#1392 = EDGE_CURVE ( 'NONE', #3278, #6005, #3086, .T. ) ;
#1393 = AXIS2_PLACEMENT_3D ( 'NONE', #2828, #5299, #7767 ) ;
#1394 = PLANE ( 'NONE',  #2509 ) ;
#1395 = AXIS2_PLACEMENT_3D ( 'NONE', #6368, #794, #3275 ) ;
#1396 = CARTESIAN_POINT ( 'NONE',  ( 15.78124827076261205, 8.105458462349847792, 0.4081181846400051549 ) ) ;
#1397 = CARTESIAN_POINT ( 'NONE',  ( 18.58475214792419905, 4.700472293808086732, 12.79885094489112518 ) ) ;
#1398 = CARTESIAN_POINT ( 'NONE',  ( 8.820000000000000284, 8.149999999999998579, 21.66000000000000369 ) ) ;
#1399 = CARTESIAN_POINT ( 'NONE',  ( 16.18594924246994893, 5.979999999998560689, 28.80000000000000426 ) ) ;
#1400 = ADVANCED_FACE ( 'NONE', ( #2376 ), #7280, .T. ) ;
#1401 = FACE_OUTER_BOUND ( 'NONE', #298, .T. ) ;
#1402 = ORIENTED_EDGE ( 'NONE', *, *, #1926, .F. ) ;
#1403 = CARTESIAN_POINT ( 'NONE',  ( -6.883382752675970501E-17, 0.000000000000000000, 29.10000000000003695 ) ) ;
#1404 = CARTESIAN_POINT ( 'NONE',  ( 17.37947366142814687, 7.000000000000001776, 5.960000000000000853 ) ) ;
#1405 = DIRECTION ( 'NONE',  ( 0.000000000000000000, -0.7804878048781611621, 0.6251710057548011124 ) ) ;
#1406 = LINE ( 'NONE', #5630, #5659 ) ;
#1407 = ORIENTED_EDGE ( 'NONE', *, *, #5642, .F. ) ;
#1408 = AXIS2_PLACEMENT_3D ( 'NONE', #2704, #2739, #5182 ) ;
#1409 = ORIENTED_EDGE ( 'NONE', *, *, #1036, .F. ) ;
#1410 = CARTESIAN_POINT ( 'NONE',  ( 18.10221458223597679, 0.6500000000009461543, 0.001787997811314578391 ) ) ;
#1411 = ADVANCED_FACE ( 'NONE', ( #2986 ), #7369, .F. ) ;
#1412 = PLANE ( 'NONE',  #1395 ) ;
#1413 = LINE ( 'NONE', #7654, #999 ) ;
#1414 = ORIENTED_EDGE ( 'NONE', *, *, #516, .T. ) ;
#1415 = CARTESIAN_POINT ( 'NONE',  ( 2.500000000000000000, 5.899999999999059774, 14.89999999999819913 ) ) ;
#1416 = VERTEX_POINT ( 'NONE', #2335 ) ;
#1417 = VERTEX_POINT ( 'NONE', #495 ) ;
#1418 = LOCAL_TIME ( 16, 8, 54.00000000000000000, #973 ) ;
#1419 = ORIENTED_EDGE ( 'NONE', *, *, #1706, .F. ) ;
#1420 = CARTESIAN_POINT ( 'NONE',  ( 4.550000000000000711, 7.049999999999999822, 12.12000000000000099 ) ) ;
#1421 = CARTESIAN_POINT ( 'NONE',  ( 15.23000000000000220, 8.149999999999998579, 0.8999999999999998002 ) ) ;
#1422 = ADVANCED_FACE ( 'NONE', ( #6723 ), #4245, .T. ) ;
#1423 = EDGE_LOOP ( 'NONE', ( #5583, #3389, #889, #265 ) ) ;
#1424 = VERTEX_POINT ( 'NONE', #7326 ) ;
#1425 = ORIENTED_EDGE ( 'NONE', *, *, #4736, .T. ) ;
#1426 = VERTEX_POINT ( 'NONE', #8019 ) ;
#1427 = CARTESIAN_POINT ( 'NONE',  ( 18.02006148038798017, 6.141077867432327864, 16.64115749938332911 ) ) ;
#1428 = CARTESIAN_POINT ( 'NONE',  ( 18.58451382613609582, 4.708190853347709925, 16.98868606496655431 ) ) ;
#1429 = CIRCLE ( 'NONE', #5958, 8.000000000018912871 ) ;
#1430 = ADVANCED_FACE ( 'NONE', ( #3077 ), #1765, .T. ) ;
#1431 = CARTESIAN_POINT ( 'NONE',  ( 18.18671896327441573, 0.9749621944825411779, 22.84829219818437451 ) ) ;
#1432 = LINE ( 'NONE', #2694, #297 ) ;
#1433 = LINE ( 'NONE', #6271, #2645 ) ;
#1434 = LINE ( 'NONE', #204, #2383 ) ;
#1435 = LINE ( 'NONE', #4411, #5098 ) ;
#1436 = CARTESIAN_POINT ( 'NONE',  ( 4.550000000000000711, 7.049999999999999822, 17.67999999999999972 ) ) ;
#1437 = ADVANCED_FACE ( 'NONE', ( #2907 ), #1805, .T. ) ;
#1438 = ORIENTED_EDGE ( 'NONE', *, *, #4881, .T. ) ;
#1439 = DIRECTION ( 'NONE',  ( 0.000000000000000000, 1.000000000000000000, 0.000000000000000000 ) ) ;
#1440 = DIRECTION ( 'NONE',  ( 1.292605314553997657E-13, -1.000000000000000000, -0.000000000000000000 ) ) ;
#1441 = CARTESIAN_POINT ( 'NONE',  ( 3.620000000000000551, 7.000000000000000000, 0.9000000000000021316 ) ) ;
#1442 = DIRECTION ( 'NONE',  ( -0.000000000000000000, -0.000000000000000000, 1.000000000000000000 ) ) ;
#1443 = VECTOR ( 'NONE', #7253, 1000.000000000000000 ) ;
#1444 = VERTEX_POINT ( 'NONE', #5377 ) ;
#1445 = EDGE_LOOP ( 'NONE', ( #1497, #392, #3371, #4579 ) ) ;
#1446 = DIRECTION ( 'NONE',  ( -1.000000000000000000, 0.000000000000000000, -8.320172549884076494E-16 ) ) ;
#1447 = EDGE_CURVE ( 'NONE', #493, #5975, #6462, .T. ) ;
#1448 = CARTESIAN_POINT ( 'NONE',  ( 4.549999999999999822, 8.000000000000101252, 8.740000000000099689 ) ) ;
#1449 = CARTESIAN_POINT ( 'NONE',  ( 18.25055108836684781, 1.246465065007693829, 1.255694667707807577 ) ) ;
#1450 = EDGE_CURVE ( 'NONE', #2919, #5722, #455, .T. ) ;
#1451 = VERTEX_POINT ( 'NONE', #7241 ) ;
#1452 = CARTESIAN_POINT ( 'NONE',  ( 16.60000000000000142, 4.770000000000001350, 7.550000000000000711 ) ) ;
#1453 = ORIENTED_EDGE ( 'NONE', *, *, #2447, .F. ) ;
#1454 = DIRECTION ( 'NONE',  ( -1.000000000000000000, 0.000000000000000000, 0.000000000000000000 ) ) ;
#1455 = ORIENTED_EDGE ( 'NONE', *, *, #3653, .F. ) ;
#1456 = DIRECTION ( 'NONE',  ( 1.000000000000000000, 0.000000000000000000, 0.000000000000000000 ) ) ;
#1457 = CARTESIAN_POINT ( 'NONE',  ( 18.07765284496202085, 7.049999999999999822, 23.87499999999998934 ) ) ;
#1458 = EDGE_LOOP ( 'NONE', ( #2349, #5959, #1783, #2793, #7222, #734, #2372, #2962 ) ) ;
#1459 = ORIENTED_EDGE ( 'NONE', *, *, #5653, .T. ) ;
#1460 = ORIENTED_EDGE ( 'NONE', *, *, #3835, .F. ) ;
#1461 = VECTOR ( 'NONE', #7391, 1000.000000000000000 ) ;
#1462 = EDGE_CURVE ( 'NONE', #651, #6456, #6633, .T. ) ;
#1463 = ORIENTED_EDGE ( 'NONE', *, *, #1782, .F. ) ;
#1464 = B_SPLINE_CURVE_WITH_KNOTS ( 'NONE', 3,
 ( #2711, #2089, #4577, #7048, #1490, #3970, #2134, #292, #3391, #950, #7764, #1592 ),
 .UNSPECIFIED., .F., .F.,
 ( 4, 2, 2, 2, 2, 4 ),
 ( 0.000000000000000000, 0.2499999999999999445, 0.4999999999999998890, 0.7499999999999997780, 0.8749999999999998890, 1.000000000000000000 ),
 .UNSPECIFIED. ) ;
#1465 = CARTESIAN_POINT ( 'NONE',  ( 10.25000000000061995, 8.149999999999998579, 11.18000000000061966 ) ) ;
#1466 = CARTESIAN_POINT ( 'NONE',  ( 8.820000000000000284, 8.000000000000101252, 9.860000000000001208 ) ) ;
#1467 = AXIS2_PLACEMENT_3D ( 'NONE', #5701, #815, #1923 ) ;
#1468 = CARTESIAN_POINT ( 'NONE',  ( 18.16889802884329441, 0.9039405897249770394, 22.79672270054088656 ) ) ;
#1469 = CARTESIAN_POINT ( 'NONE',  ( 17.37894151473800264, 7.000622083981287602, 1.440000000000000169 ) ) ;
#1470 = DIRECTION ( 'NONE',  ( 0.000000000000000000, 1.000000000000000000, 0.000000000000000000 ) ) ;
#1471 = EDGE_CURVE ( 'NONE', #3507, #5829, #6035, .T. ) ;
#1472 = AXIS2_PLACEMENT_3D ( 'NONE', #3536, #397, #7877 ) ;
#1473 = EDGE_CURVE ( 'NONE', #5657, #6972, #2014, .T. ) ;
#1474 = CARTESIAN_POINT ( 'NONE',  ( 17.33486177177819698, 7.049999999999997158, 11.56000000000000050 ) ) ;
#1475 = DIRECTION ( 'NONE',  ( 0.000000000000000000, 1.000000000000000000, 1.614869854000228233E-15 ) ) ;
#1476 = EDGE_CURVE ( 'NONE', #7212, #7089, #5715, .T. ) ;
#1477 = CIRCLE ( 'NONE', #1997, 4.999999999996431299 ) ;
#1478 = ORIENTED_EDGE ( 'NONE', *, *, #2638, .T. ) ;
#1479 = VECTOR ( 'NONE', #2949, 1000.000000000000000 ) ;
#1480 = CARTESIAN_POINT ( 'NONE',  ( 3.620000000000000551, 7.000000000000000000, 0.9000000000000021316 ) ) ;
#1481 = CARTESIAN_POINT ( 'NONE',  ( 10.37489995996846304, 7.050000000000000711, 18.23999999999999844 ) ) ;
#1482 = DIRECTION ( 'NONE',  ( 1.000000000000000000, 0.000000000000000000, 0.000000000000000000 ) ) ;
#1483 = CARTESIAN_POINT ( 'NONE',  ( 10.54999999999880878, 7.550000000000000711, 23.95542486889181788 ) ) ;
#1484 = ORIENTED_EDGE ( 'NONE', *, *, #888, .F. ) ;
#1485 = AXIS2_PLACEMENT_3D ( 'NONE', #5902, #7724, #2163 ) ;
#1486 = VERTEX_POINT ( 'NONE', #57 ) ;
#1487 = CARTESIAN_POINT ( 'NONE',  ( 16.60000000000000142, 0.6500000000000001332, 7.550000000000000711 ) ) ;
#1488 = EDGE_CURVE ( 'NONE', #4009, #6288, #3887, .T. ) ;
#1489 = VECTOR ( 'NONE', #3039, 1000.000000000000000 ) ;
#1490 = CARTESIAN_POINT ( 'NONE',  ( 18.13779192000146878, 0.7827846147250933084, 11.46948472087481008 ) ) ;
#1491 = EDGE_LOOP ( 'NONE', ( #5027, #92, #3655, #3497 ) ) ;
#1492 = FACE_OUTER_BOUND ( 'NONE', #4818, .T. ) ;
#1493 = DIRECTION ( 'NONE',  ( -1.000000000000000000, 0.000000000000000000, 0.000000000000000000 ) ) ;
#1494 = AXIS2_PLACEMENT_3D ( 'NONE', #5517, #645, #5563 ) ;
#1495 = CARTESIAN_POINT ( 'NONE',  ( 16.85464702360445344, 7.550435510428170183, 0.006765500578438666569 ) ) ;
#1496 = VECTOR ( 'NONE', #5327, 1000.000000000000000 ) ;
#1497 = ORIENTED_EDGE ( 'NONE', *, *, #5006, .T. ) ;
#1498 = CARTESIAN_POINT ( 'NONE',  ( 0.04879491358186616168, 6.235999986104698856, 13.90521157559099663 ) ) ;
#1499 = LINE ( 'NONE', #4629, #4717 ) ;
#1500 = ORIENTED_EDGE ( 'NONE', *, *, #1077, .F. ) ;
#1501 = ORIENTED_EDGE ( 'NONE', *, *, #332, .T. ) ;
#1502 = ORIENTED_EDGE ( 'NONE', *, *, #1937, .F. ) ;
#1503 = CIRCLE ( 'NONE', #1380, 4.999999999996431299 ) ;
#1504 = VERTEX_POINT ( 'NONE', #135 ) ;
#1505 = FACE_OUTER_BOUND ( 'NONE', #4250, .T. ) ;
#1506 = DIRECTION ( 'NONE',  ( 0.000000000000000000, 1.000000000000000000, 0.000000000000000000 ) ) ;
#1507 = FACE_OUTER_BOUND ( 'NONE', #3066, .T. ) ;
#1508 = EDGE_CURVE ( 'NONE', #7814, #5767, #6284, .T. ) ;
#1509 = CARTESIAN_POINT ( 'NONE',  ( 16.60000000000000142, 4.070000000000030482, 1.250000000000000000 ) ) ;
#1510 = ORGANIZATION ( 'UNSPECIFIED', 'UNSPECIFIED', '' ) ;
#1511 = DIRECTION ( 'NONE',  ( 0.000000000000000000, 1.000000000000000000, 0.000000000000000000 ) ) ;
#1512 = CARTESIAN_POINT ( 'NONE',  ( 11.29999999998313953, 1.799999999990480326, 29.80000000000000071 ) ) ;
#1513 = CIRCLE ( 'NONE', #4628, 0.6999999999999766409 ) ;
#1514 = APPROVAL_STATUS ( 'not_yet_approved' ) ;
#1515 = CARTESIAN_POINT ( 'NONE',  ( 16.60000000000000142, 4.070000000000030482, 23.65000000000000568 ) ) ;
#1516 = ADVANCED_FACE ( 'NONE', ( #793 ), #5591, .T. ) ;
#1517 = DIRECTION ( 'NONE',  ( -0.000000000000000000, -0.000000000000000000, 1.000000000000000000 ) ) ;
#1518 = VECTOR ( 'NONE', #7911, 1000.000000000000000 ) ;
#1519 = ORIENTED_EDGE ( 'NONE', *, *, #3002, .F. ) ;
#1520 = CARTESIAN_POINT ( 'NONE',  ( 10.65000000000000391, 8.149999999999998579, 13.01999999999979885 ) ) ;
#1521 = LINE ( 'NONE', #2778, #421 ) ;
#1522 = DIRECTION ( 'NONE',  ( -1.000000000000000000, 0.000000000000000000, 0.000000000000000000 ) ) ;
#1523 = CARTESIAN_POINT ( 'NONE',  ( 0.05672869526816448627, 7.450000000000004619, 0.000000000000000000 ) ) ;
#1524 = ORIENTED_EDGE ( 'NONE', *, *, #3981, .T. ) ;
#1525 = VERTEX_POINT ( 'NONE', #1410 ) ;
#1526 = DIRECTION ( 'NONE',  ( 0.000000000000000000, 0.000000000000000000, -1.000000000000000000 ) ) ;
#1527 = EDGE_CURVE ( 'NONE', #395, #142, #7536, .T. ) ;
#1528 = DIRECTION ( 'NONE',  ( 1.000000000000000000, 0.000000000000000000, 0.000000000000000000 ) ) ;
#1529 = ORIENTED_EDGE ( 'NONE', *, *, #5014, .F. ) ;
#1530 = DIRECTION ( 'NONE',  ( 1.000000000000000000, -0.000000000000000000, -0.000000000000000000 ) ) ;
#1531 = FACE_OUTER_BOUND ( 'NONE', #4656, .T. ) ;
#1532 = EDGE_CURVE ( 'NONE', #7573, #3437, #2697, .T. ) ;
#1533 = ORIENTED_EDGE ( 'NONE', *, *, #3675, .F. ) ;
#1534 = LINE ( 'NONE', #2214, #841 ) ;
#1535 = DIRECTION ( 'NONE',  ( 0.000000000000000000, 0.000000000000000000, -1.000000000000000000 ) ) ;
#1536 = AXIS2_PLACEMENT_3D ( 'NONE', #6938, #718, #2017 ) ;
#1537 = ORIENTED_EDGE ( 'NONE', *, *, #2997, .T. ) ;
#1538 = EDGE_LOOP ( 'NONE', ( #4940, #4017, #6736, #7377 ) ) ;
#1539 = ORIENTED_EDGE ( 'NONE', *, *, #4007, .T. ) ;
#1540 = EDGE_CURVE ( 'NONE', #4721, #6085, #2191, .T. ) ;
#1541 = ORIENTED_EDGE ( 'NONE', *, *, #5338, .F. ) ;
#1542 = CARTESIAN_POINT ( 'NONE',  ( 17.91437827766101520, 6.299999999999941203, 13.12500000000000000 ) ) ;
#1543 = CARTESIAN_POINT ( 'NONE',  ( 10.44063214874753243, 7.632542952618595500, 12.66160511610936545 ) ) ;
#1544 = EDGE_CURVE ( 'NONE', #2912, #4468, #5499, .T. ) ;
#1545 = LINE ( 'NONE', #154, #1909 ) ;
#1546 = LINE ( 'NONE', #1658, #5480 ) ;
#1547 = EDGE_CURVE ( 'NONE', #2525, #1919, #5028, .T. ) ;
#1548 = PERSON_AND_ORGANIZATION_ROLE ( 'classification_officer' ) ;
#1549 = FACE_OUTER_BOUND ( 'NONE', #6820, .T. ) ;
#1550 = LINE ( 'NONE', #2849, #6439 ) ;
#1551 = LINE ( 'NONE', #3462, #5019 ) ;
#1552 = FACE_OUTER_BOUND ( 'NONE', #989, .T. ) ;
#1553 = DIRECTION ( 'NONE',  ( -7.762887555008176180E-13, 0.000000000000000000, 1.000000000000000000 ) ) ;
#1554 = VERTEX_POINT ( 'NONE', #6813 ) ;
#1555 = ORIENTED_EDGE ( 'NONE', *, *, #5540, .F. ) ;
#1556 = ADVANCED_FACE ( 'NONE', ( #1291 ), #6208, .T. ) ;
#1557 = DIRECTION ( 'NONE',  ( 0.000000000000000000, 0.000000000000000000, -1.000000000000000000 ) ) ;
#1558 = CARTESIAN_POINT ( 'NONE',  ( 0.000000000000000000, 6.344239102212979375, 15.85350548474336030 ) ) ;
#1559 = ORIENTED_EDGE ( 'NONE', *, *, #1299, .T. ) ;
#1560 = DIRECTION ( 'NONE',  ( -0.000000000000000000, -0.000000000000000000, 1.000000000000000000 ) ) ;
#1561 = CARTESIAN_POINT ( 'NONE',  ( 0.4999999999999469869, 7.218676524318589749, 0.000000000000000000 ) ) ;
#1562 = ADVANCED_FACE ( 'NONE', ( #5065 ), #7457, .T. ) ;
#1563 = ORIENTED_EDGE ( 'NONE', *, *, #3309, .T. ) ;
#1564 = EDGE_CURVE ( 'NONE', #3175, #2885, #566, .T. ) ;
#1565 = CARTESIAN_POINT ( 'NONE',  ( 17.37947366142815042, 6.999999999999999112, 1.440000000000000169 ) ) ;
#1566 = LINE ( 'NONE', #5987, #705 ) ;
#1567 = VERTEX_POINT ( 'NONE', #1371 ) ;
#1568 = ORIENTED_EDGE ( 'NONE', *, *, #6094, .T. ) ;
#1569 = ORIENTED_EDGE ( 'NONE', *, *, #2736, .T. ) ;
#1570 = VERTEX_POINT ( 'NONE', #635 ) ;
#1571 = CARTESIAN_POINT ( 'NONE',  ( 17.37947366142814687, 7.000000000000001776, 5.959999999999999964 ) ) ;
#1572 = DIRECTION ( 'NONE',  ( 1.000000000000000000, 0.000000000000000000, 0.000000000000000000 ) ) ;
#1573 = CARTESIAN_POINT ( 'NONE',  ( 10.54999999999999893, 7.550000000000000711, 18.23999924123656768 ) ) ;
#1574 = ADVANCED_FACE ( 'NONE', ( #1327 ), #3852, .T. ) ;
#1575 = FACE_OUTER_BOUND ( 'NONE', #6221, .T. ) ;
#1576 = VECTOR ( 'NONE', #3881, 1000.000000000000000 ) ;
#1577 = CARTESIAN_POINT ( 'NONE',  ( 18.39999999999972147, 0.000000000000000000, 29.10000000000018261 ) ) ;
#1578 = APPROVAL_ROLE ( '' ) ;
#1579 = AXIS2_PLACEMENT_3D ( 'NONE', #2001, #6355, #5782 ) ;
#1580 = CARTESIAN_POINT ( 'NONE',  ( 4.550000000000000711, 8.149999999999998579, 24.94000000000000128 ) ) ;
#1581 = CARTESIAN_POINT ( 'NONE',  ( 17.37947366142814687, 7.000000000000001776, 28.35999999999999943 ) ) ;
#1582 = CARTESIAN_POINT ( 'NONE',  ( 10.54999999999999893, 7.550000000000000711, 1.439999241236623817 ) ) ;
#1583 = LINE ( 'NONE', #5319, #4632 ) ;
#1584 = CARTESIAN_POINT ( 'NONE',  ( 4.550000000000000711, 8.149999999999998579, 19.33999999999999986 ) ) ;
#1585 = VECTOR ( 'NONE', #5658, 1000.000000000000114 ) ;
#1586 = CARTESIAN_POINT ( 'NONE',  ( 4.549999999999999822, 8.149999999999998579, 18.21999999999999886 ) ) ;
#1587 = ORIENTED_EDGE ( 'NONE', *, *, #4365, .T. ) ;
#1588 = VERTEX_POINT ( 'NONE', #755 ) ;
#1589 = CARTESIAN_POINT ( 'NONE',  ( 9.420000000000319673, 7.150000000001090150, 28.80000000000000426 ) ) ;
#1590 = AXIS2_PLACEMENT_3D ( 'NONE', #895, #5887, #1572 ) ;
#1591 = VECTOR ( 'NONE', #3715, 1000.000000000000000 ) ;
#1592 = CARTESIAN_POINT ( 'NONE',  ( 18.27335378321595627, 1.350000000000004530, 11.75000000000000000 ) ) ;
#1593 = ORIENTED_EDGE ( 'NONE', *, *, #4097, .T. ) ;
#1594 = CARTESIAN_POINT ( 'NONE',  ( 8.820000000000000284, 8.000000000000000000, 27.25999999999999801 ) ) ;
#1595 = FACE_OUTER_BOUND ( 'NONE', #6714, .T. ) ;
#1596 = AXIS2_PLACEMENT_3D ( 'NONE', #5664, #5054, #89 ) ;
#1597 = VECTOR ( 'NONE', #6493, 1000.000000000000000 ) ;
#1598 = ORIENTED_EDGE ( 'NONE', *, *, #4416, .F. ) ;
#1599 = CARTESIAN_POINT ( 'NONE',  ( 18.10674111757951721, 0.6666331132368068513, 0.0005968758323635081631 ) ) ;
#1600 = CARTESIAN_POINT ( 'NONE',  ( 8.820000000000000284, 7.400000000000000355, 4.259999999999999787 ) ) ;
#1601 = FACE_OUTER_BOUND ( 'NONE', #2741, .T. ) ;
#1602 = AXIS2_PLACEMENT_3D ( 'NONE', #99, #6366, #5678 ) ;
#1603 = VERTEX_POINT ( 'NONE', #6857 ) ;
#1604 = VECTOR ( 'NONE', #1687, 1000.000000000000000 ) ;
#1605 = ADVANCED_FACE ( 'NONE', ( #7574 ), #2744, .F. ) ;
#1606 = EDGE_CURVE ( 'NONE', #1381, #7617, #253, .T. ) ;
#1607 = ORIENTED_EDGE ( 'NONE', *, *, #398, .F. ) ;
#1608 = ORIENTED_EDGE ( 'NONE', *, *, #2209, .F. ) ;
#1609 = EDGE_CURVE ( 'NONE', #3084, #3996, #5906, .T. ) ;
#1610 = VERTEX_POINT ( 'NONE', #2786 ) ;
#1611 = CARTESIAN_POINT ( 'NONE',  ( 4.549999999999999822, 7.049999999999998934, 23.27999999999999758 ) ) ;
#1612 = CIRCLE ( 'NONE', #574, 0.9999999999974716891 ) ;
#1613 = DIRECTION ( 'NONE',  ( 0.000000000000000000, 1.000000000000000000, 0.000000000000000000 ) ) ;
#1614 = DIRECTION ( 'NONE',  ( 0.6024123836630105311, 0.7981850161519256082, 0.000000000000000000 ) ) ;
#1615 = DIRECTION ( 'NONE',  ( 1.000000000000000000, 0.000000000000000000, 0.000000000000000000 ) ) ;
#1616 = AXIS2_PLACEMENT_3D ( 'NONE', #7239, #3595, #4805 ) ;
#1617 = ADVANCED_FACE ( 'NONE', ( #2204 ), #3968, .T. ) ;
#1618 = DIRECTION ( 'NONE',  ( 1.000000000000000000, 0.000000000000000000, 0.000000000000000000 ) ) ;
#1619 = ADVANCED_FACE ( 'NONE', ( #983 ), #365, .F. ) ;
#1620 = ADVANCED_FACE ( 'NONE', ( #7008 ), #5867, .T. ) ;
#1621 = PERSON_AND_ORGANIZATION ( #6653, #1510 ) ;
#1622 = AXIS2_PLACEMENT_3D ( 'NONE', #3057, #7231, #6710 ) ;
#1623 = DIRECTION ( 'NONE',  ( 1.905546427720270837E-13, 1.000000000000000000, -0.000000000000000000 ) ) ;
#1624 = CIRCLE ( 'NONE', #1100, 0.6999999999999420019 ) ;
#1625 = CARTESIAN_POINT ( 'NONE',  ( 0.2999999999999999889, 0.000000000000000000, 12.80000000000000071 ) ) ;
#1626 = DIRECTION ( 'NONE',  ( -1.548240702311686554E-12, 0.000000000000000000, 1.000000000000000000 ) ) ;
#1627 = DIRECTION ( 'NONE',  ( 0.000000000000000000, 0.000000000000000000, -1.000000000000000000 ) ) ;
#1628 = ORIENTED_EDGE ( 'NONE', *, *, #4258, .T. ) ;
#1629 = VECTOR ( 'NONE', #323, 1000.000000000000000 ) ;
#1630 = DIRECTION ( 'NONE',  ( 0.000000000000000000, 1.000000000000000000, 0.000000000000000000 ) ) ;
#1631 = EDGE_CURVE ( 'NONE', #5455, #5407, #3957, .T. ) ;
#1632 = EDGE_LOOP ( 'NONE', ( #5164, #5107, #6123, #3546 ) ) ;
#1633 = ORIENTED_EDGE ( 'NONE', *, *, #7085, .F. ) ;
#1634 = DIRECTION ( 'NONE',  ( 1.000000000000000000, 0.000000000000000000, 0.000000000000000000 ) ) ;
#1635 = VECTOR ( 'NONE', #7551, 1000.000000000000000 ) ;
#1636 = EDGE_CURVE ( 'NONE', #6370, #5972, #6484, .T. ) ;
#1637 = CARTESIAN_POINT ( 'NONE',  ( 18.18404351367649241, 0.9639719677251709085, 23.75734870073524263 ) ) ;
#1638 = ORIENTED_EDGE ( 'NONE', *, *, #3408, .T. ) ;
#1639 = CARTESIAN_POINT ( 'NONE',  ( 0.000000000000000000, 3.949999999997781508, 12.79999999999753157 ) ) ;
#1640 = CARTESIAN_POINT ( 'NONE',  ( 0.2651046008992991587, 4.248474983201688815, 16.70152501746307649 ) ) ;
#1641 = PLANE ( 'NONE',  #1393 ) ;
#1642 = ORIENTED_EDGE ( 'NONE', *, *, #1305, .F. ) ;
#1643 = CARTESIAN_POINT ( 'NONE',  ( 4.549999999999999822, 7.049999999999998934, 23.82000000000000028 ) ) ;
#1644 = EDGE_CURVE ( 'NONE', #5407, #1416, #2169, .T. ) ;
#1645 = CARTESIAN_POINT ( 'NONE',  ( 8.820000000000000284, 8.149999999999998579, 8.139999999999998792 ) ) ;
#1646 = CARTESIAN_POINT ( 'NONE',  ( 10.54999999999975913, 7.550000000000000711, 17.04457513110894951 ) ) ;
#1647 = VERTEX_POINT ( 'NONE', #2855 ) ;
#1648 = CARTESIAN_POINT ( 'NONE',  ( 10.25000000000061995, 7.049999999999999822, 24.21999999999940201 ) ) ;
#1649 = VERTEX_POINT ( 'NONE', #5943 ) ;
#1650 = ORIENTED_EDGE ( 'NONE', *, *, #1061, .T. ) ;
#1651 = ORIENTED_EDGE ( 'NONE', *, *, #2724, .F. ) ;
#1652 = DIRECTION ( 'NONE',  ( -0.000000000000000000, -0.000000000000000000, 1.000000000000000000 ) ) ;
#1653 = CARTESIAN_POINT ( 'NONE',  ( 18.10221458223799829, 0.6500000000000026867, 27.85000000000000497 ) ) ;
#1654 = EDGE_CURVE ( 'NONE', #4757, #3326, #912, .T. ) ;
#1655 = CARTESIAN_POINT ( 'NONE',  ( 4.690000000058420326, 4.299999999992524913, 28.55000000000000071 ) ) ;
#1656 = CARTESIAN_POINT ( 'NONE',  ( 4.549999999999999822, 7.000000000000000888, 18.23999999999999844 ) ) ;
#1657 = ORIENTED_EDGE ( 'NONE', *, *, #6814, .F. ) ;
#1658 = CARTESIAN_POINT ( 'NONE',  ( 4.550000000000000711, 8.149999999999998579, 28.37999999999999901 ) ) ;
#1659 = ADVANCED_FACE ( 'NONE', ( #6550 ), #4652, .T. ) ;
#1660 = LINE ( 'NONE', #5286, #3522 ) ;
#1661 = LINE ( 'NONE', #2814, #7993 ) ;
#1662 = EDGE_CURVE ( 'NONE', #2836, #1588, #3319, .T. ) ;
#1663 = CARTESIAN_POINT ( 'NONE',  ( 16.60000000000000142, 4.769999999999999574, 27.85000000000000497 ) ) ;
#1664 = CARTESIAN_POINT ( 'NONE',  ( 11.29999999998313953, 1.799999999990480326, 5.959999999999999964 ) ) ;
#1665 = CYLINDRICAL_SURFACE ( 'NONE', #5379, 0.6999999999999420019 ) ;
#1666 = ORIENTED_EDGE ( 'NONE', *, *, #2209, .T. ) ;
#1667 = ORIENTED_EDGE ( 'NONE', *, *, #4671, .F. ) ;
#1668 = CARTESIAN_POINT ( 'NONE',  ( -6.883382752675970501E-17, 0.000000000000000000, 29.10000000000003695 ) ) ;
#1669 = EDGE_CURVE ( 'NONE', #5366, #4535, #288, .T. ) ;
#1670 = AXIS2_PLACEMENT_3D ( 'NONE', #1415, #3972, #4464 ) ;
#1671 = CARTESIAN_POINT ( 'NONE',  ( 4.550000000000000711, 8.149999999999998579, 22.75999999999999801 ) ) ;
#1672 = EDGE_LOOP ( 'NONE', ( #7172, #1934, #1693, #603, #1374 ) ) ;
#1673 = DIRECTION ( 'NONE',  ( -0.7981850161519256082, 0.6024123836630105311, 0.000000000000000000 ) ) ;
#1674 = CARTESIAN_POINT ( 'NONE',  ( 4.549999999999999822, 7.049999999999998934, 23.27999999999999758 ) ) ;
#1675 = DIRECTION ( 'NONE',  ( 0.000000000000000000, 0.000000000000000000, -1.000000000000000000 ) ) ;
#1676 = B_SPLINE_CURVE_WITH_KNOTS ( 'NONE', 3,
 ( #2727, #6464, #4670, #6426, #5203, #5888, #5347, #2874, #7823, #5241 ),
 .UNSPECIFIED., .F., .F.,
 ( 4, 2, 2, 2, 4 ),
 ( 0.000000000000000000, 0.1250000000000000278, 0.2500000000000000555, 0.5000000000000005551, 1.000000000000000000 ),
 .UNSPECIFIED. ) ;
#1677 = ADVANCED_FACE ( 'NONE', ( #6513 ), #6402, .T. ) ;
#1678 = VERTEX_POINT ( 'NONE', #876 ) ;
#1679 = CARTESIAN_POINT ( 'NONE',  ( 18.58898895371305215, 4.123898130085399849, 1.249999999999993117 ) ) ;
#1680 = LINE ( 'NONE', #1070, #3431 ) ;
#1681 = CARTESIAN_POINT ( 'NONE',  ( 18.10881781221917208, 5.999999999999991118, 14.25919971910100692 ) ) ;
#1682 = EDGE_LOOP ( 'NONE', ( #2254, #2172, #3523, #3924, #7934, #4909 ) ) ;
#1683 = FACE_OUTER_BOUND ( 'NONE', #5569, .T. ) ;
#1684 = ORIENTED_EDGE ( 'NONE', *, *, #2387, .F. ) ;
#1685 = ORIENTED_EDGE ( 'NONE', *, *, #3743, .F. ) ;
#1686 = ORIENTED_EDGE ( 'NONE', *, *, #3122, .T. ) ;
#1687 = DIRECTION ( 'NONE',  ( 0.000000000000000000, 0.000000000000000000, -1.000000000000000000 ) ) ;
#1688 = CARTESIAN_POINT ( 'NONE',  ( 8.820000000000000284, 7.400000000000000355, 3.140000000000000124 ) ) ;
#1689 = FACE_OUTER_BOUND ( 'NONE', #2264, .T. ) ;
#1690 = VERTEX_POINT ( 'NONE', #5186 ) ;
#1691 = CARTESIAN_POINT ( 'NONE',  ( 10.65000000000000036, 7.550000000000000711, 1.819999999999801110 ) ) ;
#1692 = ORIENTED_EDGE ( 'NONE', *, *, #2278, .T. ) ;
#1693 = ORIENTED_EDGE ( 'NONE', *, *, #2976, .F. ) ;
#1694 = CARTESIAN_POINT ( 'NONE',  ( 18.13779192000148655, 0.7827846147251339426, 28.26948472087486408 ) ) ;
#1695 = CARTESIAN_POINT ( 'NONE',  ( 8.820000000000000284, 8.000000000000101252, 15.45999999999999908 ) ) ;
#1696 = CARTESIAN_POINT ( 'NONE',  ( 9.420000000000319673, 7.150000000001090150, 11.56000000000000050 ) ) ;
#1697 = VECTOR ( 'NONE', #6753, 1000.000000000000000 ) ;
#1698 = CARTESIAN_POINT ( 'NONE',  ( 8.820000000000000284, 8.000000000000101252, 21.05999999999999872 ) ) ;
#1699 = FACE_OUTER_BOUND ( 'NONE', #2689, .T. ) ;
#1700 = EDGE_CURVE ( 'NONE', #2992, #6358, #3430, .T. ) ;
#1701 = DIRECTION ( 'NONE',  ( 3.289549702593061558E-15, -2.467162276944796169E-15, 1.000000000000000000 ) ) ;
#1702 = EDGE_CURVE ( 'NONE', #5975, #5639, #7805, .T. ) ;
#1703 = CARTESIAN_POINT ( 'NONE',  ( 18.48452365234800254, 0.4717263528255698501, 29.76173343727360532 ) ) ;
#1704 = VECTOR ( 'NONE', #2812, 1000.000000000000000 ) ;
#1705 = EDGE_LOOP ( 'NONE', ( #4, #7425, #1968, #6865, #6218, #1813, #4220, #3164, #801, #4404, #5942, #2301 ) ) ;
#1706 = EDGE_CURVE ( 'NONE', #7664, #880, #929, .T. ) ;
#1707 = PLANE ( 'NONE',  #7032 ) ;
#1708 = LINE ( 'NONE', #7234, #3293 ) ;
#1709 = VECTOR ( 'NONE', #7956, 1000.000000000000000 ) ;
#1710 = DIRECTION ( 'NONE',  ( -1.000000000000000000, -1.580832784477974830E-14, 0.000000000000000000 ) ) ;
#1711 = EDGE_LOOP ( 'NONE', ( #7697, #1460, #1037, #6380 ) ) ;
#1712 = DIRECTION ( 'NONE',  ( -0.2713043478261156771, 0.9624936108102983834, 0.000000000000000000 ) ) ;
#1713 = LINE ( 'NONE', #2939, #1222 ) ;
#1714 = CARTESIAN_POINT ( 'NONE',  ( 9.420000000000319673, 7.150000000001090150, 12.64000000000000057 ) ) ;
#1715 = FACE_OUTER_BOUND ( 'NONE', #2529, .T. ) ;
#1716 = ORIENTED_EDGE ( 'NONE', *, *, #1112, .T. ) ;
#1717 = EDGE_CURVE ( 'NONE', #5812, #334, #7270, .T. ) ;
#1718 = EDGE_CURVE ( 'NONE', #142, #7518, #1708, .T. ) ;
#1719 = VECTOR ( 'NONE', #7314, 999.9999999999998863 ) ;
#1720 = B_SPLINE_CURVE_WITH_KNOTS ( 'NONE', 3,
 ( #6377, #7547, #5688, #109, #7018, #3865, #3285, #1983, #190, #5117 ),
 .UNSPECIFIED., .F., .F.,
 ( 4, 2, 2, 2, 4 ),
 ( 0.000000000000000000, 0.5000000000000027756, 0.7500000000000013323, 0.8750000000000007772, 1.000000000000000000 ),
 .UNSPECIFIED. ) ;
#1721 = ORIENTED_EDGE ( 'NONE', *, *, #2477, .T. ) ;
#1722 = DIRECTION ( 'NONE',  ( 0.000000000000000000, 0.000000000000000000, -1.000000000000000000 ) ) ;
#1723 = CARTESIAN_POINT ( 'NONE',  ( 18.58898895371305215, 4.123898130085389191, 18.05000000000003268 ) ) ;
#1724 = CARTESIAN_POINT ( 'NONE',  ( 4.550000000000000711, 7.400000000000000355, 8.740000000000001990 ) ) ;
#1725 = DIRECTION ( 'NONE',  ( 0.000000000000000000, 1.000000000000000000, 0.000000000000000000 ) ) ;
#1726 = ORIENTED_EDGE ( 'NONE', *, *, #2164, .F. ) ;
#1727 = AXIS2_PLACEMENT_3D ( 'NONE', #1189, #1759, #3678 ) ;
#1728 = FACE_OUTER_BOUND ( 'NONE', #2243, .T. ) ;
#1729 = ORIENTED_EDGE ( 'NONE', *, *, #5158, .F. ) ;
#1730 = VERTEX_POINT ( 'NONE', #3587 ) ;
#1731 = CIRCLE ( 'NONE', #5883, 1.570000000001444018 ) ;
#1732 = ORIENTED_EDGE ( 'NONE', *, *, #4841, .T. ) ;
#1733 = CARTESIAN_POINT ( 'NONE',  ( 10.37489995997994541, 7.682152859742349627, 1.440000000000000169 ) ) ;
#1734 = DIRECTION ( 'NONE',  ( 1.000000000000000000, 0.000000000000000000, 0.000000000000000000 ) ) ;
#1735 = PLANE ( 'NONE',  #2890 ) ;
#1736 = ORIENTED_EDGE ( 'NONE', *, *, #275, .T. ) ;
#1737 = VECTOR ( 'NONE', #1303, 1000.000000000000000 ) ;
#1738 = DIRECTION ( 'NONE',  ( 1.000000000000000000, 0.000000000000000000, 0.000000000000000000 ) ) ;
#1739 = ORIENTED_EDGE ( 'NONE', *, *, #8021, .T. ) ;
#1740 = ORIENTED_EDGE ( 'NONE', *, *, #3596, .T. ) ;
#1741 = DIRECTION ( 'NONE',  ( -0.000000000000000000, 1.000000000000000000, -0.000000000000000000 ) ) ;
#1742 = CIRCLE ( 'NONE', #2792, 1.570000000001445351 ) ;
#1743 = DIRECTION ( 'NONE',  ( -0.000000000000000000, 1.000000000000000000, 0.000000000000000000 ) ) ;
#1744 = CARTESIAN_POINT ( 'NONE',  ( 0.1314324441732261095, 6.140449397097292206, 13.05948309739091684 ) ) ;
#1745 = ADVANCED_FACE ( 'NONE', ( #6750 ), #7917, .F. ) ;
#1746 = DIRECTION ( 'NONE',  ( 1.000000000000000000, 0.000000000000000000, 9.562644484282139927E-17 ) ) ;
#1747 = DIRECTION ( 'NONE',  ( 1.000000000000000000, 0.000000000000000000, 0.000000000000000000 ) ) ;
#1748 = DIRECTION ( 'NONE',  ( -0.000000000000000000, 1.000000000000000000, 0.000000000000000000 ) ) ;
#1749 = DIRECTION ( 'NONE',  ( 0.000000000000000000, -1.000000000000000000, 0.000000000000000000 ) ) ;
#1750 = VECTOR ( 'NONE', #2330, 1000.000000000000000 ) ;
#1751 = VECTOR ( 'NONE', #7887, 1000.000000000000000 ) ;
#1752 = LINE ( 'NONE', #5489, #6514 ) ;
#1753 = CARTESIAN_POINT ( 'NONE',  ( 10.25000000000000000, 7.049999999999998934, 22.77999999999998337 ) ) ;
#1754 = EDGE_CURVE ( 'NONE', #3084, #107, #3014, .T. ) ;
#1755 = CARTESIAN_POINT ( 'NONE',  ( 18.21595806906793413, 1.096793534737526610, 6.895587648125622415 ) ) ;
#1756 = VECTOR ( 'NONE', #3142, 1000.000000000000000 ) ;
#1757 = ORIENTED_EDGE ( 'NONE', *, *, #866, .F. ) ;
#1758 = CARTESIAN_POINT ( 'NONE',  ( 18.58205168432626309, 4.769999999999997797, 27.85000000000000497 ) ) ;
#1759 = DIRECTION ( 'NONE',  ( -0.000000000000000000, -0.000000000000000000, 1.000000000000000000 ) ) ;
#1760 = CARTESIAN_POINT ( 'NONE',  ( 0.2479055468261065209, 4.245442325925922411, 16.70455767406998859 ) ) ;
#1761 = DIRECTION ( 'NONE',  ( -1.026956297780866250E-12, 0.000000000000000000, -1.000000000000000000 ) ) ;
#1762 = ORIENTED_EDGE ( 'NONE', *, *, #3868, .T. ) ;
#1763 = VERTEX_POINT ( 'NONE', #7356 ) ;
#1764 = LINE ( 'NONE', #4244, #1751 ) ;
#1765 = PLANE ( 'NONE',  #1229 ) ;
#1766 = AXIS2_PLACEMENT_3D ( 'NONE', #7426, #687, #1866 ) ;
#1767 = CARTESIAN_POINT ( 'NONE',  ( 3.620000000000001439, 8.149999999999998579, 0.8999999999999985789 ) ) ;
#1768 = EDGE_CURVE ( 'NONE', #3598, #3708, #6586, .T. ) ;
#1769 = CARTESIAN_POINT ( 'NONE',  ( -1.376676550535193854E-16, 0.000000000000000000, 0.6999999999999992895 ) ) ;
#1770 = CARTESIAN_POINT ( 'NONE',  ( 18.44364714642943071, 3.023971149168895021E-14, 0.6183425319611504101 ) ) ;
#1771 = ORIENTED_EDGE ( 'NONE', *, *, #3344, .F. ) ;
#1772 = DIRECTION ( 'NONE',  ( 0.000000000000000000, 0.000000000000000000, -1.000000000000000000 ) ) ;
#1773 = ORIENTED_EDGE ( 'NONE', *, *, #7165, .T. ) ;
#1774 = VECTOR ( 'NONE', #7952, 1000.000000000000000 ) ;
#1775 = ORIENTED_EDGE ( 'NONE', *, *, #6217, .T. ) ;
#1776 = ORIENTED_EDGE ( 'NONE', *, *, #5478, .T. ) ;
#1777 = DIRECTION ( 'NONE',  ( 1.000000000000000000, 0.000000000000000000, 0.000000000000000000 ) ) ;
#1778 = CARTESIAN_POINT ( 'NONE',  ( 4.550000000000000711, 7.049999999999999822, 17.17999999999999972 ) ) ;
#1779 = CARTESIAN_POINT ( 'NONE',  ( 16.60000000000000142, 4.070000000000030482, 18.05000000000000071 ) ) ;
#1780 = ORIENTED_EDGE ( 'NONE', *, *, #1450, .T. ) ;
#1781 = LINE ( 'NONE', #3450, #2281 ) ;
#1782 = EDGE_CURVE ( 'NONE', #6087, #6943, #4723, .T. ) ;
#1783 = ORIENTED_EDGE ( 'NONE', *, *, #2042, .T. ) ;
#1784 = ORIENTED_EDGE ( 'NONE', *, *, #1768, .T. ) ;
#1785 = EDGE_LOOP ( 'NONE', ( #2635, #7408, #5226, #4920, #4738, #4163, #3271, #33, #7657 ) ) ;
#1786 = LINE ( 'NONE', #6006, #6119 ) ;
#1787 = EDGE_CURVE ( 'NONE', #7466, #1106, #1019, .T. ) ;
#1788 = LINE ( 'NONE', #4361, #681 ) ;
#1789 = LINE ( 'NONE', #4968, #743 ) ;
#1790 = CARTESIAN_POINT ( 'NONE',  ( 18.57494477594099891, 4.946767786038685166, 0.000000000000000000 ) ) ;
#1791 = DIRECTION ( 'NONE',  ( 1.000000000000000000, -1.027520474853500812E-14, -0.000000000000000000 ) ) ;
#1792 = DIRECTION ( 'NONE',  ( -0.000000000000000000, 1.000000000000000000, -0.000000000000000000 ) ) ;
#1793 = CARTESIAN_POINT ( 'NONE',  ( 18.10221458223799829, 0.6500000000000026867, 16.65000000000000213 ) ) ;
#1794 = PLANE ( 'NONE',  #2245 ) ;
#1795 = DIRECTION ( 'NONE',  ( 1.000000000000000000, 0.000000000000000000, 1.554745915346609476E-12 ) ) ;
#1796 = VERTEX_POINT ( 'NONE', #4843 ) ;
#1797 = DIRECTION ( 'NONE',  ( -0.000000000000000000, -6.344131569286608450E-17, -1.000000000000000000 ) ) ;
#1798 = CARTESIAN_POINT ( 'NONE',  ( 0.03227322464861755863, 6.244506321540407079, 16.84442371478492007 ) ) ;
#1799 = CARTESIAN_POINT ( 'NONE',  ( 11.29999999998313953, 1.799999999990480326, 23.83999999999999986 ) ) ;
#1800 = LINE ( 'NONE', #5548, #5515 ) ;
#1801 = EDGE_CURVE ( 'NONE', #6328, #5707, #6068, .T. ) ;
#1802 = VERTEX_POINT ( 'NONE', #5408 ) ;
#1803 = ORIENTED_EDGE ( 'NONE', *, *, #6845, .F. ) ;
#1804 = LINE ( 'NONE', #3304, #6958 ) ;
#1805 = PLANE ( 'NONE',  #6418 ) ;
#1806 = VECTOR ( 'NONE', #4282, 1000.000000000000000 ) ;
#1807 = DIRECTION ( 'NONE',  ( -1.000000000000000000, -0.000000000000000000, -7.791038769298920684E-16 ) ) ;
#1808 = CARTESIAN_POINT ( 'NONE',  ( 18.58809699203467858, 4.069999999999994955, 6.150000000000000355 ) ) ;
#1809 = DIRECTION ( 'NONE',  ( 1.000000000000000000, -0.000000000000000000, -0.000000000000000000 ) ) ;
#1810 = VERTEX_POINT ( 'NONE', #486 ) ;
#1811 = CARTESIAN_POINT ( 'NONE',  ( 18.58822579892915172, 4.529898241270196912, 11.58502519194743918 ) ) ;
#1812 = VERTEX_POINT ( 'NONE', #2975 ) ;
#1813 = ORIENTED_EDGE ( 'NONE', *, *, #162, .T. ) ;
#1814 = EDGE_CURVE ( 'NONE', #6646, #964, #4275, .T. ) ;
#1815 = EDGE_CURVE ( 'NONE', #5608, #5270, #4113, .T. ) ;
#1816 = EDGE_LOOP ( 'NONE', ( #98, #4428, #1124, #5871, #4939, #5110, #3327, #3869 ) ) ;
#1817 = DIRECTION ( 'NONE',  ( 0.000000000000000000, 0.000000000000000000, 1.000000000000000000 ) ) ;
#1818 = PLANE ( 'NONE',  #4855 ) ;
#1819 = DIRECTION ( 'NONE',  ( 0.7499999999967170705, 0.000000000000000000, 0.6614378277698702568 ) ) ;
#1820 = ORIENTED_EDGE ( 'NONE', *, *, #2360, .F. ) ;
#1821 = EDGE_LOOP ( 'NONE', ( #6830, #1587, #5859, #7628 ) ) ;
#1822 = CYLINDRICAL_SURFACE ( 'NONE', #3455, 0.3000000000000002665 ) ;
#1823 = ORIENTED_EDGE ( 'NONE', *, *, #3357, .T. ) ;
#1824 = ORIENTED_EDGE ( 'NONE', *, *, #2624, .F. ) ;
#1825 = VECTOR ( 'NONE', #5427, 1000.000000000000000 ) ;
#1826 = CARTESIAN_POINT ( 'NONE',  ( 18.16889802884328375, 0.9039405897249177535, 28.39672270054085956 ) ) ;
#1827 = ADVANCED_FACE ( 'NONE', ( #3500 ), #1794, .T. ) ;
#1828 = DIRECTION ( 'NONE',  ( 0.000000000000000000, 1.000000000000000000, 0.000000000000000000 ) ) ;
#1829 = DIRECTION ( 'NONE',  ( 0.000000000000000000, 1.000000000000000000, 0.000000000000000000 ) ) ;
#1830 = CARTESIAN_POINT ( 'NONE',  ( 18.57494477594098470, 4.946767786038678949, 0.000000000000000000 ) ) ;
#1831 = DIRECTION ( 'NONE',  ( -1.000000000000000000, 0.000000000000000000, 0.000000000000000000 ) ) ;
#1832 = DIRECTION ( 'NONE',  ( 1.000000000000000000, 0.000000000000000000, 0.000000000000000000 ) ) ;
#1833 = CIRCLE ( 'NONE', #5610, 0.9999999999974720222 ) ;
#1834 = FACE_OUTER_BOUND ( 'NONE', #5922, .T. ) ;
#1835 = CARTESIAN_POINT ( 'NONE',  ( 18.27335378321595627, 1.350000000000004530, 22.95000000000000284 ) ) ;
#1836 = CARTESIAN_POINT ( 'NONE',  ( 16.18594924246994893, 5.979999999998560689, 18.23999999999999844 ) ) ;
#1837 = ORIENTED_EDGE ( 'NONE', *, *, #5100, .F. ) ;
#1838 = CARTESIAN_POINT ( 'NONE',  ( 8.820000000000000284, 8.000000000000101252, 3.140000000000095604 ) ) ;
#1839 = DIRECTION ( 'NONE',  ( 0.000000000000000000, 1.000000000000000000, 0.000000000000000000 ) ) ;
#1840 = DIRECTION ( 'NONE',  ( 0.000000000000000000, -0.7804878048781611621, 0.6251710057548011124 ) ) ;
#1841 = AXIS2_PLACEMENT_3D ( 'NONE', #4486, #5089, #6433 ) ;
#1842 = CARTESIAN_POINT ( 'NONE',  ( 9.419999999999999929, 8.149999999999998579, 7.039999999999999147 ) ) ;
#1843 = ORIENTED_EDGE ( 'NONE', *, *, #3015, .F. ) ;
#1844 = EDGE_LOOP ( 'NONE', ( #5560, #5340, #4933, #1463, #7774, #3429, #7464, #2348, #1368 ) ) ;
#1845 = CARTESIAN_POINT ( 'NONE',  ( 10.65000000000000391, 7.550000000000000711, 13.01999999999999957 ) ) ;
#1846 = DIRECTION ( 'NONE',  ( 0.000000000000000000, 1.000000000000000000, 0.000000000000000000 ) ) ;
#1847 = CARTESIAN_POINT ( 'NONE',  ( 10.54999999999975913, 7.550000000000000711, 28.24457513110894880 ) ) ;
#1848 = CIRCLE ( 'NONE', #3411, 0.6000000000000970113 ) ;
#1849 = ADVANCED_FACE ( 'NONE', ( #5367 ), #1184, .F. ) ;
#1850 = CARTESIAN_POINT ( 'NONE',  ( 10.65000000000000746, 7.550000000000000711, 5.580000000000002736 ) ) ;
#1851 = DIRECTION ( 'NONE',  ( 0.000000000000000000, -1.000000000000000000, 0.000000000000000000 ) ) ;
#1852 = EDGE_LOOP ( 'NONE', ( #1867, #559, #6323, #7612, #3098 ) ) ;
#1853 = DIRECTION ( 'NONE',  ( 0.000000000000000000, 1.000000000000000000, 0.000000000000000000 ) ) ;
#1854 = VERTEX_POINT ( 'NONE', #2325 ) ;
#1855 = ORIENTED_EDGE ( 'NONE', *, *, #737, .F. ) ;
#1856 = AXIS2_PLACEMENT_3D ( 'NONE', #7069, #1506, #856 ) ;
#1857 = AXIS2_PLACEMENT_3D ( 'NONE', #7751, #3343, #6534 ) ;
#1858 = ORIENTED_EDGE ( 'NONE', *, *, #2527, .F. ) ;
#1859 = AXIS2_PLACEMENT_3D ( 'NONE', #4323, #7879, #6238 ) ;
#1860 = DIRECTION ( 'NONE',  ( 0.9848077530122122392, 0.1736481776669064614, 7.951681761628004933E-16 ) ) ;
#1861 = CARTESIAN_POINT ( 'NONE',  ( 9.419999999999999929, 8.149999999999998579, 11.55999999999999872 ) ) ;
#1862 = CARTESIAN_POINT ( 'NONE',  ( 8.820000000000000284, 8.000000000000101252, 4.259999999999905640 ) ) ;
#1863 = ORIENTED_EDGE ( 'NONE', *, *, #5670, .F. ) ;
#1864 = ADVANCED_FACE ( 'NONE', ( #6712 ), #1146, .T. ) ;
#1865 = ADVANCED_FACE ( 'NONE', ( #3672 ), #6147, .F. ) ;
#1866 = DIRECTION ( 'NONE',  ( 1.000000000000000000, 0.000000000000000000, 1.491862189342353284E-12 ) ) ;
#1867 = ORIENTED_EDGE ( 'NONE', *, *, #4752, .F. ) ;
#1868 = CIRCLE ( 'NONE', #4467, 0.6999999999999769740 ) ;
#1869 = FACE_OUTER_BOUND ( 'NONE', #1325, .T. ) ;
#1870 = ORIENTED_EDGE ( 'NONE', *, *, #3927, .F. ) ;
#1871 = VERTEX_POINT ( 'NONE', #6425 ) ;
#1872 = DIRECTION ( 'NONE',  ( 0.8965754122233362544, 0.4428911042192591463, 0.000000000000000000 ) ) ;
#1873 = ADVANCED_FACE ( 'NONE', ( #4372 ), #4593, .F. ) ;
#1874 = VECTOR ( 'NONE', #1440, 1000.000000000000000 ) ;
#1875 = ORIENTED_EDGE ( 'NONE', *, *, #4516, .T. ) ;
#1876 = CARTESIAN_POINT ( 'NONE',  ( 18.07765284496202085, 8.149999999999998579, 17.12500000000001421 ) ) ;
#1877 = ADVANCED_FACE ( 'NONE', ( #4319 ), #5813, .T. ) ;
#1878 = DIRECTION ( 'NONE',  ( 0.8267972847077922349, 0.5624999999998417932, 0.000000000000000000 ) ) ;
#1879 = VECTOR ( 'NONE', #7686, 1000.000000000000000 ) ;
#1880 = FACE_OUTER_BOUND ( 'NONE', #6990, .T. ) ;
#1881 = EDGE_CURVE ( 'NONE', #7895, #5904, #2700, .T. ) ;
#1882 = AXIS2_PLACEMENT_3D ( 'NONE', #5425, #4166, #1777 ) ;
#1883 = CARTESIAN_POINT ( 'NONE',  ( 4.549999999999999822, 8.149999999999998579, 6.479999999999999538 ) ) ;
#1884 = PLANE ( 'NONE',  #5118 ) ;
#1885 = DIRECTION ( 'NONE',  ( -0.000000000000000000, 1.057355261547768322E-16, -1.000000000000000000 ) ) ;
#1886 = DIRECTION ( 'NONE',  ( -1.000000000000000000, 0.000000000000000000, 0.000000000000000000 ) ) ;
#1887 = CARTESIAN_POINT ( 'NONE',  ( 17.37947366142815042, 6.999999999999999112, 23.83999999999999986 ) ) ;
#1888 = EDGE_CURVE ( 'NONE', #7617, #106, #407, .T. ) ;
#1889 = ORIENTED_EDGE ( 'NONE', *, *, #6845, .T. ) ;
#1890 = PLANE ( 'NONE',  #2631 ) ;
#1891 = DIRECTION ( 'NONE',  ( 0.000000000000000000, 0.000000000000000000, -1.000000000000000000 ) ) ;
#1892 = AXIS2_PLACEMENT_3D ( 'NONE', #7835, #570, #2282 ) ;
#1893 = DIRECTION ( 'NONE',  ( 1.000000000000000000, 0.000000000000000000, 1.500535806722250850E-12 ) ) ;
#1894 = DIRECTION ( 'NONE',  ( 0.8955305689931868374, 0.000000000000000000, 0.4449999999985831955 ) ) ;
#1895 = ORIENTED_EDGE ( 'NONE', *, *, #480, .F. ) ;
#1896 = ORIENTED_EDGE ( 'NONE', *, *, #4891, .F. ) ;
#1897 = CARTESIAN_POINT ( 'NONE',  ( 11.29999999998313953, 1.799999999990480326, 22.75999999999999801 ) ) ;
#1898 = EDGE_CURVE ( 'NONE', #1504, #3598, #3169, .T. ) ;
#1899 = VECTOR ( 'NONE', #2883, 1000.000000000000000 ) ;
#1900 = DIRECTION ( 'NONE',  ( 1.000000000000000000, 0.000000000000000000, 0.000000000000000000 ) ) ;
#1901 = VECTOR ( 'NONE', #2965, 1000.000000000000000 ) ;
#1902 = PLANE ( 'NONE',  #3990 ) ;
#1903 = CARTESIAN_POINT ( 'NONE',  ( 16.60000000000000142, 4.070000000000014495, 22.94999999999994245 ) ) ;
#1904 = ORIENTED_EDGE ( 'NONE', *, *, #125, .T. ) ;
#1905 = CARTESIAN_POINT ( 'NONE',  ( 10.25000000000000000, 7.049999999999999822, 23.82000000000001450 ) ) ;
#1906 = ORIENTED_EDGE ( 'NONE', *, *, #7054, .T. ) ;
#1907 = ORIENTED_EDGE ( 'NONE', *, *, #7135, .T. ) ;
#1908 = EDGE_CURVE ( 'NONE', #1810, #372, #289, .T. ) ;
#1909 = VECTOR ( 'NONE', #932, 1000.000000000000000 ) ;
#1910 = VERTEX_POINT ( 'NONE', #2034 ) ;
#1911 = CARTESIAN_POINT ( 'NONE',  ( 4.550000000000000711, 7.049999999999999822, 0.9200000000000008171 ) ) ;
#1912 = DIRECTION ( 'NONE',  ( 0.000000000000000000, 0.000000000000000000, -1.000000000000000000 ) ) ;
#1913 = ORIENTED_EDGE ( 'NONE', *, *, #5341, .F. ) ;
#1914 = AXIS2_PLACEMENT_3D ( 'NONE', #2317, #4793, #7263 ) ;
#1915 = ORIENTED_EDGE ( 'NONE', *, *, #7249, .F. ) ;
#1916 = VERTEX_POINT ( 'NONE', #1278 ) ;
#1917 = ORIENTED_EDGE ( 'NONE', *, *, #136, .T. ) ;
#1918 = EDGE_CURVE ( 'NONE', #4169, #8017, #4836, .T. ) ;
#1919 = VERTEX_POINT ( 'NONE', #1835 ) ;
#1920 = LINE ( 'NONE', #4479, #3161 ) ;
#1921 = LINE ( 'NONE', #4925, #863 ) ;
#1922 = CARTESIAN_POINT ( 'NONE',  ( 18.58205168432626309, 4.769999999999997797, 13.15000000000000213 ) ) ;
#1923 = DIRECTION ( 'NONE',  ( 0.8955305689931744029, 0.000000000000000000, 0.4449999999986080645 ) ) ;
#1924 = ADVANCED_BREP_SHAPE_REPRESENTATION ( '221-415', ( #5669, #7473 ), #4092 ) ;
#1925 = CARTESIAN_POINT ( 'NONE',  ( 18.07765284496199243, 7.049999999999999822, 17.12499999999999645 ) ) ;
#1926 = EDGE_CURVE ( 'NONE', #225, #6549, #6924, .T. ) ;
#1927 = LINE ( 'NONE', #5703, #4576 ) ;
#1928 = VECTOR ( 'NONE', #5825, 1000.000000000000000 ) ;
#1929 = ORIENTED_EDGE ( 'NONE', *, *, #5542, .T. ) ;
#1930 = CARTESIAN_POINT ( 'NONE',  ( 0.000000000000000000, 0.6999999999992979616, 29.10000000000070131 ) ) ;
#1931 = DIRECTION ( 'NONE',  ( 0.7981850161514267850, -0.6024123836636713358, -0.000000000000000000 ) ) ;
#1932 = LINE ( 'NONE', #4415, #4929 ) ;
#1933 = DIRECTION ( 'NONE',  ( 0.000000000000000000, 1.000000000000000000, 0.000000000000000000 ) ) ;
#1934 = ORIENTED_EDGE ( 'NONE', *, *, #7622, .F. ) ;
#1935 = ORIENTED_EDGE ( 'NONE', *, *, #4416, .T. ) ;
#1936 = DIRECTION ( 'NONE',  ( -1.000000000000000000, 0.000000000000000000, 0.000000000000000000 ) ) ;
#1937 = EDGE_CURVE ( 'NONE', #4131, #4003, #45, .T. ) ;
#1938 = CARTESIAN_POINT ( 'NONE',  ( 17.18212227596999853, 7.049999999999998934, 23.27999999999999758 ) ) ;
#1939 = CARTESIAN_POINT ( 'NONE',  ( 18.08674987252188160, 6.036060533888887747, 13.26284599899690875 ) ) ;
#1940 = ORIENTED_EDGE ( 'NONE', *, *, #6084, .T. ) ;
#1941 = DIRECTION ( 'NONE',  ( 0.000000000000000000, 0.000000000000000000, -1.000000000000000000 ) ) ;
#1942 = EDGE_LOOP ( 'NONE', ( #1166, #5428, #7903, #6296, #1287, #926, #7366, #1332, #995, #2678 ) ) ;
#1943 = ORIENTED_EDGE ( 'NONE', *, *, #7210, .F. ) ;
#1944 = EDGE_CURVE ( 'NONE', #962, #2220, #5113, .T. ) ;
#1945 = VERTEX_POINT ( 'NONE', #810 ) ;
#1946 = DIRECTION ( 'NONE',  ( 0.000000000000000000, 0.000000000000000000, -1.000000000000000000 ) ) ;
#1947 = ORIENTED_EDGE ( 'NONE', *, *, #1801, .T. ) ;
#1948 = CARTESIAN_POINT ( 'NONE',  ( 18.58956010794821978, 4.178590307877393606, 6.856661645260337501 ) ) ;
#1949 = EDGE_LOOP ( 'NONE', ( #2261, #7928, #6758, #6695, #7474, #1896, #3818, #4427, #843, #267, #513, #2798, #62, #7705 ) ) ;
#1950 = AXIS2_PLACEMENT_3D ( 'NONE', #3021, #2549, #5497 ) ;
#1951 = CARTESIAN_POINT ( 'NONE',  ( 8.820000000000000284, 8.149999999999998579, 27.25999999999999801 ) ) ;
#1952 = ORIENTED_EDGE ( 'NONE', *, *, #3263, .T. ) ;
#1953 = ORIENTED_EDGE ( 'NONE', *, *, #2309, .T. ) ;
#1954 = DIRECTION ( 'NONE',  ( -0.000000000000000000, -0.000000000000000000, 1.000000000000000000 ) ) ;
#1955 = LINE ( 'NONE', #4442, #556 ) ;
#1956 = CARTESIAN_POINT ( 'NONE',  ( 10.37489995997823478, 7.682152859743383466, 22.75999999999999801 ) ) ;
#1957 = CARTESIAN_POINT ( 'NONE',  ( 17.18212227597109987, 7.049999999999999822, 22.28000000000255199 ) ) ;
#1958 = DIRECTION ( 'NONE',  ( 0.000000000000000000, 0.000000000000000000, 1.000000000000000000 ) ) ;
#1959 = EDGE_CURVE ( 'NONE', #5275, #6025, #7543, .T. ) ;
#1960 = EDGE_CURVE ( 'NONE', #5432, #5455, #3338, .T. ) ;
#1961 = DIRECTION ( 'NONE',  ( -1.548240702311686554E-12, 0.000000000000000000, 1.000000000000000000 ) ) ;
#1962 = ORIENTED_EDGE ( 'NONE', *, *, #7224, .F. ) ;
#1963 = DIRECTION ( 'NONE',  ( 0.000000000000000000, 0.000000000000000000, -1.000000000000000000 ) ) ;
#1964 = CARTESIAN_POINT ( 'NONE',  ( 13.60000000000356302, 7.049999999999999822, 26.10000000000000142 ) ) ;
#1965 = LINE ( 'NONE', #6929, #2582 ) ;
#1966 = DIRECTION ( 'NONE',  ( 0.000000000000000000, 1.000000000000000000, 0.000000000000000000 ) ) ;
#1967 = EDGE_CURVE ( 'NONE', #2530, #28, #3948, .T. ) ;
#1968 = ORIENTED_EDGE ( 'NONE', *, *, #3344, .T. ) ;
#1969 = ORIENTED_EDGE ( 'NONE', *, *, #6587, .F. ) ;
#1970 = CARTESIAN_POINT ( 'NONE',  ( 17.33486177177819343, 7.049999999999995381, 13.12500000000000000 ) ) ;
#1971 = FACE_OUTER_BOUND ( 'NONE', #5301, .T. ) ;
#1972 = VECTOR ( 'NONE', #4489, 1000.000000000000000 ) ;
#1973 = DIRECTION ( 'NONE',  ( -1.000000000000000000, -1.580832784477974830E-14, 0.000000000000000000 ) ) ;
#1974 = VERTEX_POINT ( 'NONE', #5202 ) ;
#1975 = FACE_OUTER_BOUND ( 'NONE', #1852, .T. ) ;
#1976 = ORIENTED_EDGE ( 'NONE', *, *, #3124, .T. ) ;
#1977 = ORIENTED_EDGE ( 'NONE', *, *, #7035, .F. ) ;
#1978 = ADVANCED_FACE ( 'NONE', ( #2071 ), #4556, .T. ) ;
#1979 = ADVANCED_FACE ( 'NONE', ( #6463 ), #7666, .T. ) ;
#1980 = VECTOR ( 'NONE', #4104, 1000.000000000000000 ) ;
#1981 = ORIENTED_EDGE ( 'NONE', *, *, #5808, .T. ) ;
#1982 = DIRECTION ( 'NONE',  ( -0.000000000000000000, 1.000000000000000000, 0.000000000000000000 ) ) ;
#1983 = CARTESIAN_POINT ( 'NONE',  ( 18.58956010794822333, 4.178590307877426469, 23.65666164526035686 ) ) ;
#1984 = EDGE_LOOP ( 'NONE', ( #2100, #4634, #3742, #7947 ) ) ;
#1985 = VECTOR ( 'NONE', #4927, 1000.000000000000000 ) ;
#1986 = CARTESIAN_POINT ( 'NONE',  ( 8.820000000000000284, 8.149999999999998579, 2.539999999999998259 ) ) ;
#1987 = ORIENTED_EDGE ( 'NONE', *, *, #6983, .T. ) ;
#1988 = VERTEX_POINT ( 'NONE', #7142 ) ;
#1989 = EDGE_CURVE ( 'NONE', #844, #7007, #2916, .T. ) ;
#1990 = ORIENTED_EDGE ( 'NONE', *, *, #5384, .F. ) ;
#1991 = VECTOR ( 'NONE', #6498, 1000.000000000000000 ) ;
#1992 = LINE ( 'NONE', #197, #3935 ) ;
#1993 = VECTOR ( 'NONE', #1255, 1000.000000000000000 ) ;
#1994 = DIRECTION ( 'NONE',  ( 0.000000000000000000, 0.000000000000000000, -1.000000000000000000 ) ) ;
#1995 = CARTESIAN_POINT ( 'NONE',  ( 18.10221458223800184, 0.6499999999999996891, 5.540347606981752548 ) ) ;
#1996 = CARTESIAN_POINT ( 'NONE',  ( 10.44063215200304384, 7.632542950161570694, 22.73839488223849870 ) ) ;
#1997 = AXIS2_PLACEMENT_3D ( 'NONE', #3882, #51, #6889 ) ;
#1998 = DIRECTION ( 'NONE',  ( 0.7599342076850883476, 0.6499999999923363747, 0.000000000000000000 ) ) ;
#1999 = VECTOR ( 'NONE', #5877, 1000.000000000000000 ) ;
#2000 = EDGE_CURVE ( 'NONE', #5101, #2220, #2761, .T. ) ;
#2001 = CARTESIAN_POINT ( 'NONE',  ( 4.550000000000000711, 8.149999999999998579, 17.71999999999999176 ) ) ;
#2002 = VECTOR ( 'NONE', #4732, 1000.000000000000000 ) ;
#2003 = AXIS2_PLACEMENT_3D ( 'NONE', #1118, #6079, #3123 ) ;
#2004 = LINE ( 'NONE', #6394, #4589 ) ;
#2005 = VERTEX_POINT ( 'NONE', #967 ) ;
#2006 = CARTESIAN_POINT ( 'NONE',  ( 17.18212227597054920, 8.149999999999998579, 17.67999999999999972 ) ) ;
#2007 = DIRECTION ( 'NONE',  ( 3.289549702593050909E-15, -2.467162276944788280E-15, 1.000000000000000000 ) ) ;
#2008 = CARTESIAN_POINT ( 'NONE',  ( 8.820000000000000284, 8.149999999999998579, 21.66000000000000369 ) ) ;
#2009 = DIRECTION ( 'NONE',  ( -0.000000000000000000, -0.000000000000000000, 1.000000000000000000 ) ) ;
#2010 = ORIENTED_EDGE ( 'NONE', *, *, #3316, .F. ) ;
#2011 = AXIS2_PLACEMENT_3D ( 'NONE', #3172, #1456, #3937 ) ;
#2012 = EDGE_LOOP ( 'NONE', ( #5992, #1990, #7378, #4503 ) ) ;
#2013 = EDGE_CURVE ( 'NONE', #8038, #904, #382, .T. ) ;
#2014 = LINE ( 'NONE', #3239, #2258 ) ;
#2015 = FACE_OUTER_BOUND ( 'NONE', #6909, .T. ) ;
#2016 = VECTOR ( 'NONE', #7322, 1000.000000000000000 ) ;
#2017 = DIRECTION ( 'NONE',  ( 0.9998630929521341582, -0.01654676258945753792, 0.000000000000000000 ) ) ;
#2018 = ORIENTED_EDGE ( 'NONE', *, *, #3819, .T. ) ;
#2019 = CARTESIAN_POINT ( 'NONE',  ( 8.820000000000000284, 7.400000000000000355, 10.46000000000009855 ) ) ;
#2020 = EDGE_LOOP ( 'NONE', ( #1175, #6277, #2140, #946 ) ) ;
#2021 = ORIENTED_EDGE ( 'NONE', *, *, #6094, .F. ) ;
#2022 = VECTOR ( 'NONE', #873, 1000.000000000000000 ) ;
#2023 = ORIENTED_EDGE ( 'NONE', *, *, #6904, .T. ) ;
#2024 = EDGE_CURVE ( 'NONE', #4998, #1076, #2517, .T. ) ;
#2025 = PLANE ( 'NONE',  #3436 ) ;
#2026 = AXIS2_PLACEMENT_3D ( 'NONE', #1156, #537, #4941 ) ;
#2027 = CARTESIAN_POINT ( 'NONE',  ( 10.54999999999853522, 7.550000000001108269, 5.844575131109902344 ) ) ;
#2028 = ORIENTED_EDGE ( 'NONE', *, *, #5622, .T. ) ;
#2029 = VERTEX_POINT ( 'NONE', #6532 ) ;
#2030 = AXIS2_PLACEMENT_3D ( 'NONE', #2806, #4559, #2653 ) ;
#2031 = ORIENTED_EDGE ( 'NONE', *, *, #2848, .T. ) ;
#2032 = VERTEX_POINT ( 'NONE', #5310 ) ;
#2033 = VECTOR ( 'NONE', #3893, 1000.000000000000000 ) ;
#2034 = CARTESIAN_POINT ( 'NONE',  ( 4.550000000000000711, 7.049999999999999822, 28.37999999999999901 ) ) ;
#2035 = LINE ( 'NONE', #5083, #547 ) ;
#2036 = AXIS2_PLACEMENT_3D ( 'NONE', #4714, #2355, #4063 ) ;
#2037 = EDGE_CURVE ( 'NONE', #955, #4588, #4703, .T. ) ;
#2038 = CARTESIAN_POINT ( 'NONE',  ( 2.500000000000000000, 6.100000000000000533, 13.71572807176701403 ) ) ;
#2039 = CARTESIAN_POINT ( 'NONE',  ( 18.22722386638361769, 1.144652205999026506, 6.121266545636054879 ) ) ;
#2040 = CARTESIAN_POINT ( 'NONE',  ( 17.37947366142815042, 6.999999999999999112, 12.64000000000000057 ) ) ;
#2041 = DIRECTION ( 'NONE',  ( -1.000000000000000000, -0.000000000000000000, -0.000000000000000000 ) ) ;
#2042 = EDGE_CURVE ( 'NONE', #7278, #6040, #7709, .T. ) ;
#2043 = CARTESIAN_POINT ( 'NONE',  ( 16.60000000000000142, 1.349999999999988098, 23.65000000000002345 ) ) ;
#2044 = CARTESIAN_POINT ( 'NONE',  ( 17.18212227597054920, 8.149999999999998579, 28.87999999999999901 ) ) ;
#2045 = ORIENTED_EDGE ( 'NONE', *, *, #6084, .F. ) ;
#2046 = DIRECTION ( 'NONE',  ( 1.000000000000000000, -0.000000000000000000, -0.000000000000000000 ) ) ;
#2047 = CARTESIAN_POINT ( 'NONE',  ( 18.22768840902516274, 1.146650358813586124, 18.07819840945034073 ) ) ;
#2048 = CYLINDRICAL_SURFACE ( 'NONE', #5935, 0.6000000000000961231 ) ;
#2049 = DIRECTION ( 'NONE',  ( 1.000000000000000000, 0.000000000000000000, 0.000000000000000000 ) ) ;
#2050 = ORIENTED_EDGE ( 'NONE', *, *, #2573, .T. ) ;
#2051 = CIRCLE ( 'NONE', #6862, 0.6999999999999402256 ) ;
#2052 = VERTEX_POINT ( 'NONE', #1688 ) ;
#2053 = DIRECTION ( 'NONE',  ( 0.8955305689923246382, 0.000000000000000000, 0.4450000000003183076 ) ) ;
#2054 = CARTESIAN_POINT ( 'NONE',  ( 0.2999999999955427210, 4.254627983564946092, 16.69999999999999929 ) ) ;
#2055 = LINE ( 'NONE', #6287, #229 ) ;
#2056 = ORIENTED_EDGE ( 'NONE', *, *, #5728, .T. ) ;
#2057 = CARTESIAN_POINT ( 'NONE',  ( 4.549999999999999822, 7.049999999999998934, 28.87999999999999901 ) ) ;
#2058 = EDGE_CURVE ( 'NONE', #1034, #4727, #3447, .T. ) ;
#2059 = ORIENTED_EDGE ( 'NONE', *, *, #941, .F. ) ;
#2060 = ORIENTED_EDGE ( 'NONE', *, *, #352, .T. ) ;
#2061 = APPROVAL_PERSON_ORGANIZATION ( #2878, #3966, #7786 ) ;
#2062 = VERTEX_POINT ( 'NONE', #3517 ) ;
#2063 = FACE_OUTER_BOUND ( 'NONE', #2533, .T. ) ;
#2064 = DIRECTION ( 'NONE',  ( 0.000000000000000000, 1.000000000000000000, 0.000000000000000000 ) ) ;
#2065 = ORIENTED_EDGE ( 'NONE', *, *, #6104, .T. ) ;
#2066 = EDGE_CURVE ( 'NONE', #1262, #5882, #5925, .T. ) ;
#2067 = EDGE_CURVE ( 'NONE', #5684, #3866, #4745, .T. ) ;
#2068 = VERTEX_POINT ( 'NONE', #5961 ) ;
#2069 = ORIENTED_EDGE ( 'NONE', *, *, #3905, .F. ) ;
#2070 = ADVANCED_FACE ( 'NONE', ( #2224 ), #2305, .F. ) ;
#2071 = FACE_OUTER_BOUND ( 'NONE', #4659, .T. ) ;
#2072 = CARTESIAN_POINT ( 'NONE',  ( 18.58822579892915172, 4.529898241270181813, 17.18502519194745659 ) ) ;
#2073 = VECTOR ( 'NONE', #7012, 1000.000000000000000 ) ;
#2074 = CARTESIAN_POINT ( 'NONE',  ( 10.44063215200256423, 7.632542950161932183, 5.938394882238870132 ) ) ;
#2075 = DIRECTION ( 'NONE',  ( 0.000000000000000000, 0.000000000000000000, -1.000000000000000000 ) ) ;
#2076 = LINE ( 'NONE', #2615, #5874 ) ;
#2077 = B_SPLINE_CURVE_WITH_KNOTS ( 'NONE', 3,
 ( #7710, #348, #3449, #2152 ),
 .UNSPECIFIED., .F., .F.,
 ( 4, 4 ),
 ( 0.000000000000000000, 1.000000000000000000 ),
 .UNSPECIFIED. ) ;
#2078 = ADVANCED_FACE ( 'NONE', ( #4095 ), #4167, .T. ) ;
#2079 = CARTESIAN_POINT ( 'NONE',  ( 16.76156687291460301, 7.626411649615534749, 29.77814348401671651 ) ) ;
#2080 = LINE ( 'NONE', #6274, #3012 ) ;
#2081 = EDGE_LOOP ( 'NONE', ( #799, #7770, #30, #140 ) ) ;
#2082 = CARTESIAN_POINT ( 'NONE',  ( 4.550000000000004263, 8.149999999999998579, 17.71999999999999886 ) ) ;
#2083 = CARTESIAN_POINT ( 'NONE',  ( 8.820000000000000284, 8.000000000000000000, 4.859999999999999432 ) ) ;
#2084 = FACE_OUTER_BOUND ( 'NONE', #5557, .T. ) ;
#2085 = DIRECTION ( 'NONE',  ( 0.000000000000000000, 0.000000000000000000, 1.000000000000000000 ) ) ;
#2086 = EDGE_LOOP ( 'NONE', ( #2439, #7106, #3280, #947 ) ) ;
#2087 = ORIENTED_EDGE ( 'NONE', *, *, #5858, .F. ) ;
#2088 = CARTESIAN_POINT ( 'NONE',  ( 4.549999999999999822, 7.000000000000000000, 23.83999999999999631 ) ) ;
#2089 = CARTESIAN_POINT ( 'NONE',  ( 18.10221458223800184, 0.6499999999999996891, 11.14034760698173798 ) ) ;
#2090 = ORIENTED_EDGE ( 'NONE', *, *, #3468, .T. ) ;
#2091 = DIRECTION ( 'NONE',  ( 0.000000000000000000, 1.000000000000000000, 0.000000000000000000 ) ) ;
#2092 = ORIENTED_EDGE ( 'NONE', *, *, #2716, .T. ) ;
#2093 = PLANE ( 'NONE',  #6320 ) ;
#2094 = EDGE_LOOP ( 'NONE', ( #3248, #7162, #5375, #7056, #853 ) ) ;
#2095 = EDGE_CURVE ( 'NONE', #3638, #6244, #6524, .T. ) ;
#2096 = PLANE ( 'NONE',  #7185 ) ;
#2097 = CARTESIAN_POINT ( 'NONE',  ( 17.18212227597109987, 8.149999999999998579, 24.31999999999745654 ) ) ;
#2098 = VECTOR ( 'NONE', #5495, 1000.000000000000000 ) ;
#2099 = VERTEX_POINT ( 'NONE', #5346 ) ;
#2100 = ORIENTED_EDGE ( 'NONE', *, *, #413, .F. ) ;
#2101 = ORIENTED_EDGE ( 'NONE', *, *, #7308, .F. ) ;
#2102 = AXIS2_PLACEMENT_3D ( 'NONE', #2274, #7719, #7078 ) ;
#2103 = ORIENTED_EDGE ( 'NONE', *, *, #1237, .T. ) ;
#2104 = CARTESIAN_POINT ( 'NONE',  ( 17.37894151473800264, 7.000622083981287602, 7.040000000000000036 ) ) ;
#2105 = EDGE_CURVE ( 'NONE', #6040, #2259, #6936, .T. ) ;
#2106 = CARTESIAN_POINT ( 'NONE',  ( 18.10881781221917208, 5.999999999999993783, 16.45704103734545143 ) ) ;
#2107 = EDGE_CURVE ( 'NONE', #1161, #6803, #2266, .T. ) ;
#2108 = DIRECTION ( 'NONE',  ( 0.000000000000000000, 0.000000000000000000, -1.000000000000000000 ) ) ;
#2109 = AXIS2_PLACEMENT_3D ( 'NONE', #6184, #3007, #3048 ) ;
#2110 = FACE_OUTER_BOUND ( 'NONE', #4918, .T. ) ;
#2111 = CARTESIAN_POINT ( 'NONE',  ( 8.820000000000000284, 8.000000000000101252, 19.93999999999999773 ) ) ;
#2112 = CARTESIAN_POINT ( 'NONE',  ( 16.60000000000000142, 4.070000000000059792, 1.949999999999940004 ) ) ;
#2113 = AXIS2_PLACEMENT_3D ( 'NONE', #8008, #5581, #6798 ) ;
#2114 = CIRCLE ( 'NONE', #7689, 0.6000000000000952349 ) ;
#2115 = COORDINATED_UNIVERSAL_TIME_OFFSET ( 5, 0, .BEHIND. ) ;
#2116 = EDGE_CURVE ( 'NONE', #6585, #4197, #6420, .T. ) ;
#2117 = PLANE ( 'NONE',  #2102 ) ;
#2118 = VECTOR ( 'NONE', #1104, 1000.000000000000000 ) ;
#2119 = ADVANCED_FACE ( 'NONE', ( #2151 ), #1039, .T. ) ;
#2120 = AXIS2_PLACEMENT_3D ( 'NONE', #6354, #4410, #617 ) ;
#2121 = DIRECTION ( 'NONE',  ( 1.905546427720270837E-13, 1.000000000000000000, -0.000000000000000000 ) ) ;
#2122 = VERTEX_POINT ( 'NONE', #6128 ) ;
#2123 = AXIS2_PLACEMENT_3D ( 'NONE', #6728, #1853, #6290 ) ;
#2124 = DIRECTION ( 'NONE',  ( -0.000000000000000000, -1.000000000000000000, -0.000000000000000000 ) ) ;
#2125 = CARTESIAN_POINT ( 'NONE',  ( 18.11988951088911293, 0.7134569061650846145, 18.40838015992836674 ) ) ;
#2126 = LINE ( 'NONE', #7681, #1928 ) ;
#2127 = DIRECTION ( 'NONE',  ( 1.000000000000000000, 0.000000000000000000, 0.000000000000000000 ) ) ;
#2128 = ORIENTED_EDGE ( 'NONE', *, *, #4520, .T. ) ;
#2129 = VECTOR ( 'NONE', #5181, 1000.000000000000000 ) ;
#2130 = ORIENTED_EDGE ( 'NONE', *, *, #7532, .F. ) ;
#2131 = DIRECTION ( 'NONE',  ( -1.000000000000000000, 0.000000000000000000, 0.000000000000000000 ) ) ;
#2132 = CIRCLE ( 'NONE', #175, 0.6999999999999766409 ) ;
#2133 = ADVANCED_FACE ( 'NONE', ( #507 ), #6220, .F. ) ;
#2134 = CARTESIAN_POINT ( 'NONE',  ( 18.18671896327439086, 0.9749621944824429232, 11.64829219818432904 ) ) ;
#2135 = ORIENTED_EDGE ( 'NONE', *, *, #5362, .F. ) ;
#2136 = PLANE ( 'NONE',  #6234 ) ;
#2137 = CARTESIAN_POINT ( 'NONE',  ( 17.18212227597109987, 8.149999999999998579, 1.919999999997469953 ) ) ;
#2138 = AXIS2_PLACEMENT_3D ( 'NONE', #1128, #5468, #7988 ) ;
#2139 = EDGE_CURVE ( 'NONE', #1295, #225, #7423, .T. ) ;
#2140 = ORIENTED_EDGE ( 'NONE', *, *, #996, .F. ) ;
#2141 = DIRECTION ( 'NONE',  ( 0.000000000000000000, 0.000000000000000000, -1.000000000000000000 ) ) ;
#2142 = DIRECTION ( 'NONE',  ( 1.000000000000000000, 0.000000000000000000, 0.000000000000000000 ) ) ;
#2143 = EDGE_LOOP ( 'NONE', ( #2217, #3178, #2361, #2518 ) ) ;
#2144 = ADVANCED_FACE ( 'NONE', ( #6771 ), #1818, .T. ) ;
#2145 = ORIENTED_EDGE ( 'NONE', *, *, #908, .T. ) ;
#2146 = VERTEX_POINT ( 'NONE', #2956 ) ;
#2147 = CIRCLE ( 'NONE', #3059, 1.570000000001444906 ) ;
#2148 = CIRCLE ( 'NONE', #2409, 1.570000000001445351 ) ;
#2149 = ORIENTED_EDGE ( 'NONE', *, *, #7749, .F. ) ;
#2150 = DIRECTION ( 'NONE',  ( 0.000000000000000000, -1.000000000000000000, 0.000000000000000000 ) ) ;
#2151 = FACE_OUTER_BOUND ( 'NONE', #6639, .T. ) ;
#2152 = CARTESIAN_POINT ( 'NONE',  ( 10.54999999999976268, 7.550000000000000711, 11.44457513110895519 ) ) ;
#2153 = CARTESIAN_POINT ( 'NONE',  ( 10.25000000000061995, 8.149999999999998579, 22.38000000000059941 ) ) ;
#2154 = VECTOR ( 'NONE', #121, 1000.000000000000000 ) ;
#2155 = DIRECTION ( 'NONE',  ( -0.000000000000000000, -0.000000000000000000, 1.000000000000000000 ) ) ;
#2156 = LINE ( 'NONE', #6469, #5216 ) ;
#2157 = EDGE_CURVE ( 'NONE', #3092, #4121, #4397, .T. ) ;
#2158 = AXIS2_PLACEMENT_3D ( 'NONE', #5690, #5042, #6176 ) ;
#2159 = CARTESIAN_POINT ( 'NONE',  ( 8.820000000000000284, 7.400000000000005684, 15.45999999999999908 ) ) ;
#2160 = PLANE ( 'NONE',  #7337 ) ;
#2161 = VECTOR ( 'NONE', #5482, 1000.000000000000000 ) ;
#2162 = CARTESIAN_POINT ( 'NONE',  ( 17.18212227597007669, 7.049999999999999822, 0.9200000000000008171 ) ) ;
#2163 = DIRECTION ( 'NONE',  ( 0.7317914199408838138, 0.6815286624206680077, 0.000000000000000000 ) ) ;
#2164 = EDGE_CURVE ( 'NONE', #1486, #3278, #2522, .T. ) ;
#2165 = DIRECTION ( 'NONE',  ( 1.000000000000000000, -0.000000000000000000, -0.000000000000000000 ) ) ;
#2166 = EDGE_LOOP ( 'NONE', ( #429, #6338, #738, #7211 ) ) ;
#2167 = CC_DESIGN_PERSON_AND_ORGANIZATION_ASSIGNMENT ( #2733, #5248, ( #4006 ) ) ;
#2168 = ORIENTED_EDGE ( 'NONE', *, *, #2411, .T. ) ;
#2169 = LINE ( 'NONE', #4037, #4976 ) ;
#2170 = B_SPLINE_CURVE_WITH_KNOTS ( 'NONE', 3,
 ( #6993, #4440, #811, #5611, #6915, #6955, #2072, #1428, #2651, #6309 ),
 .UNSPECIFIED., .F., .F.,
 ( 4, 2, 2, 2, 4 ),
 ( 0.000000000000000000, 0.1249999999999990008, 0.2499999999999980016, 0.4999999999999980016, 1.000000000000000000 ),
 .UNSPECIFIED. ) ;
#2171 = CARTESIAN_POINT ( 'NONE',  ( 4.550000000000000711, 8.149999999999998579, 28.37999999999999901 ) ) ;
#2172 = ORIENTED_EDGE ( 'NONE', *, *, #4868, .T. ) ;
#2173 = CARTESIAN_POINT ( 'NONE',  ( 17.37947366142815042, 7.000000000000000000, 22.75999999999999801 ) ) ;
#2174 = PLANE ( 'NONE',  #7478 ) ;
#2175 = ADVANCED_FACE ( 'NONE', ( #6826 ), #7292, .F. ) ;
#2176 = VERTEX_POINT ( 'NONE', #6048 ) ;
#2177 = DIRECTION ( 'NONE',  ( -0.000000000000000000, -0.000000000000000000, 1.000000000000000000 ) ) ;
#2178 = B_SPLINE_CURVE_WITH_KNOTS ( 'NONE', 3,
 ( #4378, #2622, #3803, #6279 ),
 .UNSPECIFIED., .F., .F.,
 ( 4, 4 ),
 ( 0.000000000000000000, 1.000000000000000000 ),
 .UNSPECIFIED. ) ;
#2179 = CARTESIAN_POINT ( 'NONE',  ( 17.18212227597054920, 8.149999999999998579, 28.87999999999999901 ) ) ;
#2180 = EDGE_CURVE ( 'NONE', #4911, #1044, #2344, .T. ) ;
#2181 = ORIENTED_EDGE ( 'NONE', *, *, #4130, .T. ) ;
#2182 = VERTEX_POINT ( 'NONE', #2996 ) ;
#2183 = VERTEX_POINT ( 'NONE', #4820 ) ;
#2184 = VERTEX_POINT ( 'NONE', #5469 ) ;
#2185 = DIRECTION ( 'NONE',  ( 0.000000000000000000, 0.000000000000000000, 1.000000000000000000 ) ) ;
#2186 = DIRECTION ( 'NONE',  ( 0.000000000000000000, 1.000000000000000000, 0.000000000000000000 ) ) ;
#2187 = LINE ( 'NONE', #5814, #3817 ) ;
#2188 = B_SPLINE_CURVE_WITH_KNOTS ( 'NONE', 3,
 ( #3299, #1995, #122, #7638, #2614, #6880, #4366, #5130, #2039, #5085, #85, #6231 ),
 .UNSPECIFIED., .F., .F.,
 ( 4, 2, 2, 2, 2, 4 ),
 ( 0.000000000000000000, 0.2499999999999996114, 0.4999999999999992228, 0.7499999999999988898, 0.8749999999999994449, 1.000000000000000000 ),
 .UNSPECIFIED. ) ;
#2189 = CARTESIAN_POINT ( 'NONE',  ( 16.60000000000000142, 4.070000000000030482, 12.44999999999999929 ) ) ;
#2190 = FACE_OUTER_BOUND ( 'NONE', #2012, .T. ) ;
#2191 = B_SPLINE_CURVE_WITH_KNOTS ( 'NONE', 3,
 ( #716, #6896, #3159, #7500, #5751, #6935 ),
 .UNSPECIFIED., .F., .F.,
 ( 4, 2, 4 ),
 ( 0.000000000000000000, 0.5000000000000000000, 1.000000000000000000 ),
 .UNSPECIFIED. ) ;
#2192 = VECTOR ( 'NONE', #6027, 1000.000000000000000 ) ;
#2193 = CALENDAR_DATE ( 2024, 6, 11 ) ;
#2194 = CARTESIAN_POINT ( 'NONE',  ( 10.37489995996842040, 7.682152859750585705, 17.16000000000000014 ) ) ;
#2195 = PLANE ( 'NONE',  #6564 ) ;
#2196 = B_SPLINE_CURVE_WITH_KNOTS ( 'NONE', 3,
 ( #6034, #1599, #1115, #2863 ),
 .UNSPECIFIED., .F., .F.,
 ( 4, 4 ),
 ( 0.000000000000000000, 1.000000000000000000 ),
 .UNSPECIFIED. ) ;
#2197 = DIRECTION ( 'NONE',  ( 1.000000000000000000, -0.000000000000000000, -0.000000000000000000 ) ) ;
#2198 = CARTESIAN_POINT ( 'NONE',  ( 4.550000000000000711, 7.049999999999999822, 6.519999999999999574 ) ) ;
#2199 = AXIS2_PLACEMENT_3D ( 'NONE', #5097, #1482, #1405 ) ;
#2200 = DIRECTION ( 'NONE',  ( -1.000000000000000000, 1.788837098225075884E-14, 0.000000000000000000 ) ) ;
#2201 = CARTESIAN_POINT ( 'NONE',  ( 2.500000000000000000, 6.100000000000000533, 16.69999999999999929 ) ) ;
#2202 = ORIENTED_EDGE ( 'NONE', *, *, #5148, .F. ) ;
#2203 = EDGE_LOOP ( 'NONE', ( #1122, #6912, #5770, #7591 ) ) ;
#2204 = FACE_OUTER_BOUND ( 'NONE', #1942, .T. ) ;
#2205 = EDGE_CURVE ( 'NONE', #5842, #3585, #4913, .T. ) ;
#2206 = ADVANCED_FACE ( 'NONE', ( #2391 ), #7341, .T. ) ;
#2207 = CARTESIAN_POINT ( 'NONE',  ( 4.550000000000000711, 8.149999999999998579, 7.039999999999999147 ) ) ;
#2208 = ORIENTED_EDGE ( 'NONE', *, *, #2971, .F. ) ;
#2209 = EDGE_CURVE ( 'NONE', #1854, #6837, #1209, .T. ) ;
#2210 = FACE_OUTER_BOUND ( 'NONE', #1135, .T. ) ;
#2211 = DIRECTION ( 'NONE',  ( -3.947459643111674185E-15, 9.868649107779185464E-16, -1.000000000000000000 ) ) ;
#2212 = EDGE_LOOP ( 'NONE', ( #2647, #2942, #2951, #1419 ) ) ;
#2213 = DIRECTION ( 'NONE',  ( -1.000000000000000000, -0.000000000000000000, -0.000000000000000000 ) ) ;
#2214 = CARTESIAN_POINT ( 'NONE',  ( 9.419999999999999929, 8.149999999999998579, 18.23999999999999844 ) ) ;
#2215 = PLANE ( 'NONE',  #7575 ) ;
#2216 = EDGE_CURVE ( 'NONE', #3816, #625, #6173, .T. ) ;
#2217 = ORIENTED_EDGE ( 'NONE', *, *, #4856, .T. ) ;
#2218 = EDGE_CURVE ( 'NONE', #2505, #955, #1129, .T. ) ;
#2219 = ORIENTED_EDGE ( 'NONE', *, *, #387, .F. ) ;
#2220 = VERTEX_POINT ( 'NONE', #646 ) ;
#2221 = AXIS2_PLACEMENT_3D ( 'NONE', #7348, #3659, #7301 ) ;
#2222 = EDGE_LOOP ( 'NONE', ( #5344, #3033, #2438, #729 ) ) ;
#2223 = PLANE ( 'NONE',  #5501 ) ;
#2224 = FACE_OUTER_BOUND ( 'NONE', #6071, .T. ) ;
#2225 = LINE ( 'NONE', #2839, #5624 ) ;
#2226 = ORIENTED_EDGE ( 'NONE', *, *, #5697, .F. ) ;
#2227 = EDGE_CURVE ( 'NONE', #3317, #7388, #5426, .T. ) ;
#2228 = AXIS2_PLACEMENT_3D ( 'NONE', #3013, #3760, #8007 ) ;
#2229 = CARTESIAN_POINT ( 'NONE',  ( 16.60000000000000142, 4.770000000000001350, 5.450000000000000178 ) ) ;
#2230 = CALENDAR_DATE ( 2024, 6, 11 ) ;
#2231 = AXIS2_PLACEMENT_3D ( 'NONE', #3010, #7913, #6190 ) ;
#2232 = DIRECTION ( 'NONE',  ( -1.000000000000000000, 2.417266631113316779E-15, -0.000000000000000000 ) ) ;
#2233 = DIRECTION ( 'NONE',  ( 0.7317914199408829257, 0.6815286624206687849, 0.000000000000000000 ) ) ;
#2234 = CARTESIAN_POINT ( 'NONE',  ( 18.58205168432626309, 4.769999999999997797, 22.25000000000000355 ) ) ;
#2235 = DIRECTION ( 'NONE',  ( 1.000000000000000000, -3.980830721252968592E-15, -0.000000000000000000 ) ) ;
#2236 = VERTEX_POINT ( 'NONE', #6734 ) ;
#2237 = AXIS2_PLACEMENT_3D ( 'NONE', #4598, #1004, #5314 ) ;
#2238 = DIRECTION ( 'NONE',  ( -5.516420653620194126E-13, 0.000000000000000000, 1.000000000000000000 ) ) ;
#2239 = EDGE_CURVE ( 'NONE', #1945, #1035, #3133, .T. ) ;
#2240 = DIRECTION ( 'NONE',  ( 0.000000000000000000, -1.000000000000000000, 0.000000000000000000 ) ) ;
#2241 = VECTOR ( 'NONE', #662, 1000.000000000000000 ) ;
#2242 = ORIENTED_EDGE ( 'NONE', *, *, #3696, .T. ) ;
#2243 = EDGE_LOOP ( 'NONE', ( #1171, #7819, #6494, #5211 ) ) ;
#2244 = CARTESIAN_POINT ( 'NONE',  ( 17.18212227597007313, 7.049999999999998934, 12.11999999999998856 ) ) ;
#2245 = AXIS2_PLACEMENT_3D ( 'NONE', #4232, #444, #7961 ) ;
#2246 = VECTOR ( 'NONE', #3378, 1000.000000000000000 ) ;
#2247 = CARTESIAN_POINT ( 'NONE',  ( 18.25055108836685847, 1.246465065007706485, 23.65569466770782725 ) ) ;
#2248 = ORIENTED_EDGE ( 'NONE', *, *, #1706, .T. ) ;
#2249 = CARTESIAN_POINT ( 'NONE',  ( 17.37947366142814687, 7.000000000000001776, 22.75999999999999801 ) ) ;
#2250 = DIRECTION ( 'NONE',  ( -1.000000000000000000, -0.000000000000000000, -0.000000000000000000 ) ) ;
#2251 = VECTOR ( 'NONE', #6961, 1000.000000000000000 ) ;
#2252 = EDGE_CURVE ( 'NONE', #7617, #7173, #6089, .T. ) ;
#2253 = AXIS2_PLACEMENT_3D ( 'NONE', #3822, #1946, #7626 ) ;
#2254 = ORIENTED_EDGE ( 'NONE', *, *, #4654, .T. ) ;
#2255 = CYLINDRICAL_SURFACE ( 'NONE', #7329, 0.6999999999999420019 ) ;
#2256 = CARTESIAN_POINT ( 'NONE',  ( 4.550000000000000711, 8.149999999999998579, 4.859999999999999432 ) ) ;
#2257 = CARTESIAN_POINT ( 'NONE',  ( 17.18212227597000208, 7.049999999999999822, 23.28000000000002245 ) ) ;
#2258 = VECTOR ( 'NONE', #1248, 1000.000000000000000 ) ;
#2259 = VERTEX_POINT ( 'NONE', #5564 ) ;
#2260 = CIRCLE ( 'NONE', #5368, 8.000000000018912871 ) ;
#2261 = ORIENTED_EDGE ( 'NONE', *, *, #198, .T. ) ;
#2262 = EDGE_LOOP ( 'NONE', ( #3166, #3395, #280, #3502, #3606, #2045, #2960 ) ) ;
#2263 = EDGE_CURVE ( 'NONE', #4535, #6689, #2132, .T. ) ;
#2264 = EDGE_LOOP ( 'NONE', ( #4691, #4815, #6967, #2437 ) ) ;
#2265 = CARTESIAN_POINT ( 'NONE',  ( 10.65000000000000036, 8.149999999999998579, 22.38000000000022638 ) ) ;
#2266 = LINE ( 'NONE', #7217, #2658 ) ;
#2267 = DIRECTION ( 'NONE',  ( -1.000000000000000000, -0.000000000000000000, 6.232831015439137731E-16 ) ) ;
#2268 = B_SPLINE_CURVE_WITH_KNOTS ( 'NONE', 3,
 ( #7306, #1139, #1226, #1744, #611, #7869 ),
 .UNSPECIFIED., .F., .F.,
 ( 4, 2, 4 ),
 ( 0.000000000000000000, 0.5000000000000000000, 1.000000000000000000 ),
 .UNSPECIFIED. ) ;
#2269 = DIRECTION ( 'NONE',  ( -0.000000000000000000, 1.000000000000000000, 0.000000000000000000 ) ) ;
#2270 = VECTOR ( 'NONE', #3626, 1000.000000000000000 ) ;
#2271 = ORIENTED_EDGE ( 'NONE', *, *, #7476, .F. ) ;
#2272 = DIRECTION ( 'NONE',  ( -1.000000000000000000, -0.000000000000000000, -0.000000000000000000 ) ) ;
#2273 = EDGE_CURVE ( 'NONE', #6986, #644, #146, .T. ) ;
#2274 = CARTESIAN_POINT ( 'NONE',  ( 17.18212227597027919, 7.049999999999998934, 0.9200000000000000400 ) ) ;
#2275 = VECTOR ( 'NONE', #7456, 1000.000000000000000 ) ;
#2276 = DIRECTION ( 'NONE',  ( 1.000000000000000000, 0.000000000000000000, 0.000000000000000000 ) ) ;
#2277 = DIRECTION ( 'NONE',  ( 0.000000000000000000, 1.000000000000000000, 0.000000000000000000 ) ) ;
#2278 = EDGE_CURVE ( 'NONE', #2236, #1034, #7587, .T. ) ;
#2279 = CARTESIAN_POINT ( 'NONE',  ( 4.549999999999999822, 7.049999999999998934, 12.08000000000000007 ) ) ;
#2280 = ORIENTED_EDGE ( 'NONE', *, *, #7154, .F. ) ;
#2281 = VECTOR ( 'NONE', #5927, 1000.000000000000000 ) ;
#2282 = DIRECTION ( 'NONE',  ( -0.000000000000000000, 1.000000000000000000, 0.000000000000000000 ) ) ;
#2283 = ORIENTED_EDGE ( 'NONE', *, *, #1447, .F. ) ;
#2284 = ORIENTED_EDGE ( 'NONE', *, *, #1114, .F. ) ;
#2285 = CARTESIAN_POINT ( 'NONE',  ( 4.550000000000000711, 7.049999999999999822, 23.82000000000000028 ) ) ;
#2286 = CIRCLE ( 'NONE', #5921, 0.6000000000000970113 ) ;
#2287 = DIRECTION ( 'NONE',  ( -0.000000000000000000, -1.000000000000000000, -0.000000000000000000 ) ) ;
#2288 = EDGE_LOOP ( 'NONE', ( #5652, #690, #7920, #1099, #1529, #5549 ) ) ;
#2289 = CARTESIAN_POINT ( 'NONE',  ( 10.54999999999999893, 7.550000000000000711, 12.63999924123657692 ) ) ;
#2290 = CARTESIAN_POINT ( 'NONE',  ( 11.29999999998313953, 1.799999999990480326, 1.440000000000000169 ) ) ;
#2291 = LINE ( 'NONE', #7884, #1750 ) ;
#2292 = ORIENTED_EDGE ( 'NONE', *, *, #7016, .T. ) ;
#2293 = DIRECTION ( 'NONE',  ( 2.357995804513606927E-15, -2.750995105265874945E-15, -1.000000000000000000 ) ) ;
#2294 = CARTESIAN_POINT ( 'NONE',  ( 16.96493515728932167, 7.450000000000641442, 29.80000000000000071 ) ) ;
#2295 = DIRECTION ( 'NONE',  ( 0.000000000000000000, -0.000000000000000000, 1.000000000000000000 ) ) ;
#2296 = DIRECTION ( 'NONE',  ( 0.000000000000000000, -1.000000000000000000, 0.000000000000000000 ) ) ;
#2297 = ADVANCED_FACE ( 'NONE', ( #3785 ), #2719, .T. ) ;
#2298 = ORIENTED_EDGE ( 'NONE', *, *, #6742, .F. ) ;
#2299 = DIRECTION ( 'NONE',  ( 0.7598676893420028833, 0.6500777604979618429, 0.000000000000000000 ) ) ;
#2300 = ORIENTED_EDGE ( 'NONE', *, *, #4737, .T. ) ;
#2301 = ORIENTED_EDGE ( 'NONE', *, *, #1544, .F. ) ;
#2302 = ORIENTED_EDGE ( 'NONE', *, *, #8041, .F. ) ;
#2303 = LINE ( 'NONE', #3037, #3838 ) ;
#2304 = AXIS2_PLACEMENT_3D ( 'NONE', #7010, #3929, #3323 ) ;
#2305 = CYLINDRICAL_SURFACE ( 'NONE', #693, 0.3999999999993835154 ) ;
#2306 = FACE_OUTER_BOUND ( 'NONE', #686, .T. ) ;
#2307 = ORIENTED_EDGE ( 'NONE', *, *, #7883, .F. ) ;
#2308 = EDGE_CURVE ( 'NONE', #4121, #7099, #5040, .T. ) ;
#2309 = EDGE_CURVE ( 'NONE', #1381, #2775, #1361, .T. ) ;
#2310 = FACE_OUTER_BOUND ( 'NONE', #3256, .T. ) ;
#2311 = EDGE_LOOP ( 'NONE', ( #2712, #6113, #4160, #7678 ) ) ;
#2312 = ORIENTED_EDGE ( 'NONE', *, *, #3322, .T. ) ;
#2313 = CARTESIAN_POINT ( 'NONE',  ( 8.820000000000000284, 8.000000000000067502, 13.73999999999990251 ) ) ;
#2314 = EDGE_CURVE ( 'NONE', #5842, #7120, #70, .T. ) ;
#2315 = CARTESIAN_POINT ( 'NONE',  ( 17.18212227597054920, 8.149999999999998579, 12.08000000000000007 ) ) ;
#2316 = CARTESIAN_POINT ( 'NONE',  ( 4.550000000000000711, 7.049999999999999822, 22.78000000000000114 ) ) ;
#2317 = CARTESIAN_POINT ( 'NONE',  ( 4.549999999999999822, 7.049999999999998934, 12.12000000000000099 ) ) ;
#2318 = DIRECTION ( 'NONE',  ( 0.000000000000000000, 1.000000000000000000, 0.000000000000000000 ) ) ;
#2319 = EDGE_CURVE ( 'NONE', #4111, #5707, #5764, .T. ) ;
#2320 = DIRECTION ( 'NONE',  ( 1.000000000000000000, 0.000000000000000000, 0.000000000000000000 ) ) ;
#2321 = DIRECTION ( 'NONE',  ( -1.000000000000000000, 0.000000000000000000, -8.320172549884076494E-16 ) ) ;
#2322 = VECTOR ( 'NONE', #640, 1000.000000000000000 ) ;
#2323 = VERTEX_POINT ( 'NONE', #6948 ) ;
#2324 = CARTESIAN_POINT ( 'NONE',  ( 18.10221458223799829, 0.6499999999999995781, 16.74034760698173585 ) ) ;
#2325 = CARTESIAN_POINT ( 'NONE',  ( 8.820000000000000284, 7.400000000000005684, 4.259999999999998899 ) ) ;
#2326 = DIRECTION ( 'NONE',  ( 1.873249030640264608E-13, 1.000000000000000000, 8.074349270001141165E-16 ) ) ;
#2327 = VERTEX_POINT ( 'NONE', #1457 ) ;
#2328 = CARTESIAN_POINT ( 'NONE',  ( 18.10881781221917208, 5.999999999999992006, 15.54080028089899379 ) ) ;
#2329 = PLANE ( 'NONE',  #774 ) ;
#2330 = DIRECTION ( 'NONE',  ( -0.000000000000000000, 1.964996503761339106E-16, -1.000000000000000000 ) ) ;
#2331 = VERTEX_POINT ( 'NONE', #1421 ) ;
#2332 = B_SPLINE_CURVE_WITH_KNOTS ( 'NONE', 3,
 ( #4801, #6801, #5448, #7919, #1755, #1280, #7963, #3723, #4892, #3764 ),
 .UNSPECIFIED., .F., .F.,
 ( 4, 2, 2, 2, 4 ),
 ( 0.000000000000000000, 0.1249999999999998335, 0.2499999999999996669, 0.5000000000000002220, 1.000000000000000000 ),
 .UNSPECIFIED. ) ;
#2333 = ORIENTED_EDGE ( 'NONE', *, *, #5826, .T. ) ;
#2334 = LINE ( 'NONE', #5985, #3331 ) ;
#2335 = CARTESIAN_POINT ( 'NONE',  ( 18.27335378321595272, 1.349999999999980105, 23.65000000000000568 ) ) ;
#2336 = CARTESIAN_POINT ( 'NONE',  ( 17.18212227597109987, 8.149999999999998579, 13.11999999999746258 ) ) ;
#2337 = CARTESIAN_POINT ( 'NONE',  ( 13.60000000000356302, 8.149999999999998579, 26.10000000000000142 ) ) ;
#2338 = ORIENTED_EDGE ( 'NONE', *, *, #1654, .F. ) ;
#2339 = DIRECTION ( 'NONE',  ( 0.000000000000000000, -0.5850502922580081977, 0.8109970132675083931 ) ) ;
#2340 = VERTEX_POINT ( 'NONE', #7511 ) ;
#2341 = ORIENTED_EDGE ( 'NONE', *, *, #4950, .T. ) ;
#2342 = EDGE_CURVE ( 'NONE', #342, #6091, #1340, .T. ) ;
#2343 = DIRECTION ( 'NONE',  ( 2.414925110577137176E-12, 1.000000000000000000, 0.000000000000000000 ) ) ;
#2344 = LINE ( 'NONE', #4213, #1489 ) ;
#2345 = DIRECTION ( 'NONE',  ( 0.000000000000000000, -1.000000000000000000, 4.047688110614189371E-13 ) ) ;
#2346 = ORIENTED_EDGE ( 'NONE', *, *, #1606, .F. ) ;
#2347 = CARTESIAN_POINT ( 'NONE',  ( 4.549999999999999822, 7.049999999999998934, 1.419999999999999929 ) ) ;
#2348 = ORIENTED_EDGE ( 'NONE', *, *, #7957, .F. ) ;
#2349 = ORIENTED_EDGE ( 'NONE', *, *, #5603, .T. ) ;
#2350 = CARTESIAN_POINT ( 'NONE',  ( 10.25000000000020961, 8.149999999999998579, 23.82000000000001805 ) ) ;
#2351 = ADVANCED_FACE ( 'NONE', ( #684 ), #3898, .T. ) ;
#2352 = DIRECTION ( 'NONE',  ( -1.000000000000000000, 0.000000000000000000, 0.000000000000000000 ) ) ;
#2353 = DIRECTION ( 'NONE',  ( 0.8955305689931827295, 0.000000000000000000, -0.4449999999985914667 ) ) ;
#2354 = VECTOR ( 'NONE', #2398, 1000.000000000000000 ) ;
#2355 = DIRECTION ( 'NONE',  ( 0.000000000000000000, 1.000000000000000000, 0.000000000000000000 ) ) ;
#2356 = CARTESIAN_POINT ( 'NONE',  ( 16.60000000000000142, 4.769999999999999574, 7.550000000000000711 ) ) ;
#2357 = CARTESIAN_POINT ( 'NONE',  ( 4.550000000000000711, 7.049999999999999822, 11.58000000000000007 ) ) ;
#2358 = CARTESIAN_POINT ( 'NONE',  ( 18.11572158209728656, 0.6999999999992976285, 29.80000000000000071 ) ) ;
#2359 = CIRCLE ( 'NONE', #6916, 4.999999999996432187 ) ;
#2360 = EDGE_CURVE ( 'NONE', #217, #4719, #1720, .T. ) ;
#2361 = ORIENTED_EDGE ( 'NONE', *, *, #2227, .F. ) ;
#2362 = DIRECTION ( 'NONE',  ( -0.000000000000000000, -0.000000000000000000, -1.000000000000000000 ) ) ;
#2363 = DIRECTION ( 'NONE',  ( -2.423726321364774749E-18, 0.000000000000000000, -1.000000000000000000 ) ) ;
#2364 = CC_DESIGN_PERSON_AND_ORGANIZATION_ASSIGNMENT ( #936, #1548, ( #5049 ) ) ;
#2365 = CIRCLE ( 'NONE', #5994, 0.9999999999974716891 ) ;
#2366 = LINE ( 'NONE', #6848, #2118 ) ;
#2367 = ORIENTED_EDGE ( 'NONE', *, *, #3474, .F. ) ;
#2368 = LINE ( 'NONE', #4934, #2098 ) ;
#2369 = DIRECTION ( 'NONE',  ( 0.000000000000000000, 1.000000000000000000, 0.000000000000000000 ) ) ;
#2370 = CARTESIAN_POINT ( 'NONE',  ( 16.60000000000000142, 4.769999999999999574, 5.450000000000000178 ) ) ;
#2371 = CARTESIAN_POINT ( 'NONE',  ( 4.549999999999999822, 8.149999999999998579, 23.27999999999999758 ) ) ;
#2372 = ORIENTED_EDGE ( 'NONE', *, *, #6570, .T. ) ;
#2373 = VECTOR ( 'NONE', #1446, 1000.000000000000000 ) ;
#2374 = ORIENTED_EDGE ( 'NONE', *, *, #1967, .F. ) ;
#2375 = FACE_OUTER_BOUND ( 'NONE', #7728, .T. ) ;
#2376 = FACE_OUTER_BOUND ( 'NONE', #2920, .T. ) ;
#2377 = EDGE_CURVE ( 'NONE', #2546, #6018, #2534, .T. ) ;
#2378 = VECTOR ( 'NONE', #6122, 1000.000000000000000 ) ;
#2379 = DIRECTION ( 'NONE',  ( -0.000000000000000000, -0.000000000000000000, -1.000000000000000000 ) ) ;
#2380 = CARTESIAN_POINT ( 'NONE',  ( 18.27335378321595627, 1.350000000000004530, 28.55000000000000071 ) ) ;
#2381 = DIRECTION ( 'NONE',  ( 0.000000000000000000, 1.000000000000000000, 0.000000000000000000 ) ) ;
#2382 = ORIENTED_EDGE ( 'NONE', *, *, #125, .F. ) ;
#2383 = VECTOR ( 'NONE', #2041, 1000.000000000000000 ) ;
#2384 = DIRECTION ( 'NONE',  ( 0.9989168903554628276, 0.04653005655027949578, 0.000000000000000000 ) ) ;
#2385 = ORIENTED_EDGE ( 'NONE', *, *, #1547, .T. ) ;
#2386 = ORIENTED_EDGE ( 'NONE', *, *, #371, .T. ) ;
#2387 = EDGE_CURVE ( 'NONE', #7651, #6585, #4546, .T. ) ;
#2388 = VERTEX_POINT ( 'NONE', #4470 ) ;
#2389 = CARTESIAN_POINT ( 'NONE',  ( 18.58205168432626309, 4.769999999999997797, 11.05000000000000071 ) ) ;
#2390 = VECTOR ( 'NONE', #5271, 1000.000000000000000 ) ;
#2391 = FACE_OUTER_BOUND ( 'NONE', #1458, .T. ) ;
#2392 = CARTESIAN_POINT ( 'NONE',  ( 4.550000000000000711, 8.149999999999998579, 22.78000000000000114 ) ) ;
#2393 = EDGE_LOOP ( 'NONE', ( #2023, #5305, #3946, #7497 ) ) ;
#2394 = VECTOR ( 'NONE', #601, 1000.000000000000000 ) ;
#2395 = FACE_OUTER_BOUND ( 'NONE', #832, .T. ) ;
#2396 = ORIENTED_EDGE ( 'NONE', *, *, #6575, .F. ) ;
#2397 = ORIENTED_EDGE ( 'NONE', *, *, #3316, .T. ) ;
#2398 = DIRECTION ( 'NONE',  ( -1.000000000000000000, 0.000000000000000000, 0.000000000000000000 ) ) ;
#2399 = VECTOR ( 'NONE', #5001, 1000.000000000000000 ) ;
#2400 = CARTESIAN_POINT ( 'NONE',  ( 4.550000000000000711, 8.149999999999998579, 21.66000000000000369 ) ) ;
#2401 = CARTESIAN_POINT ( 'NONE',  ( 2.500000000000000000, 5.900000000004309797, 14.89999999999169944 ) ) ;
#2402 = CARTESIAN_POINT ( 'NONE',  ( 18.07765284496199243, 7.049999999999999822, 23.87500000000000355 ) ) ;
#2403 = ADVANCED_FACE ( 'NONE', ( #6417 ), #1385, .T. ) ;
#2404 = LINE ( 'NONE', #8003, #3028 ) ;
#2405 = LINE ( 'NONE', #6063, #2879 ) ;
#2406 = FACE_OUTER_BOUND ( 'NONE', #7170, .T. ) ;
#2407 = EDGE_CURVE ( 'NONE', #453, #192, #803, .T. ) ;
#2408 = VECTOR ( 'NONE', #3729, 1000.000000000000000 ) ;
#2409 = AXIS2_PLACEMENT_3D ( 'NONE', #2944, #1722, #7809 ) ;
#2410 = DIRECTION ( 'NONE',  ( 0.000000000000000000, -0.000000000000000000, 1.000000000000000000 ) ) ;
#2411 = EDGE_CURVE ( 'NONE', #1161, #7704, #3332, .T. ) ;
#2412 = CARTESIAN_POINT ( 'NONE',  ( 17.18212227597054920, 8.149999999999998579, 6.479999999999999538 ) ) ;
#2413 = VECTOR ( 'NONE', #4108, 1000.000000000000000 ) ;
#2414 = VERTEX_POINT ( 'NONE', #7741 ) ;
#2415 = LINE ( 'NONE', #7319, #3270 ) ;
#2416 = CARTESIAN_POINT ( 'NONE',  ( 10.37489995996850212, 7.049999999999999822, 28.35999999999999943 ) ) ;
#2417 = CYLINDRICAL_SURFACE ( 'NONE', #7897, 1.025000000000529710 ) ;
#2418 = LINE ( 'NONE', #6155, #974 ) ;
#2419 = ORIENTED_EDGE ( 'NONE', *, *, #8000, .T. ) ;
#2420 = VECTOR ( 'NONE', #2211, 1000.000000000000000 ) ;
#2421 = ORIENTED_EDGE ( 'NONE', *, *, #7687, .F. ) ;
#2422 = DIRECTION ( 'NONE',  ( 0.000000000000000000, 1.000000000000000000, 8.074349270001141165E-16 ) ) ;
#2423 = CARTESIAN_POINT ( 'NONE',  ( 18.58205168432625953, 4.769999999999997797, 18.57230928253608937 ) ) ;
#2424 = LINE ( 'NONE', #1197, #7825 ) ;
#2425 = DIRECTION ( 'NONE',  ( 0.3122498999201646641, 0.000000000000000000, 0.9499999999999195754 ) ) ;
#2426 = CARTESIAN_POINT ( 'NONE',  ( 1.430035343665188696, 7.961872215513808193, 0.2022511900630560577 ) ) ;
#2427 = ORIENTED_EDGE ( 'NONE', *, *, #427, .F. ) ;
#2428 = CARTESIAN_POINT ( 'NONE',  ( 18.10221458223799829, 0.6500000000000026867, 22.25000000000000000 ) ) ;
#2429 = ORIENTED_EDGE ( 'NONE', *, *, #6393, .F. ) ;
#2430 = ORIENTED_EDGE ( 'NONE', *, *, #3771, .F. ) ;
#2431 = ADVANCED_FACE ( 'NONE', ( #957 ), #2908, .F. ) ;
#2432 = EDGE_LOOP ( 'NONE', ( #1962, #6984, #1823, #4686 ) ) ;
#2433 = DIRECTION ( 'NONE',  ( 0.000000000000000000, -1.000000000000000000, -2.891205793294215166E-15 ) ) ;
#2434 = DIRECTION ( 'NONE',  ( 0.000000000000000000, 3.845303705083369185E-13, 1.000000000000000000 ) ) ;
#2435 = CARTESIAN_POINT ( 'NONE',  ( 10.25000000000061995, 7.550000000000000711, 16.78000000000060510 ) ) ;
#2436 = ORIENTED_EDGE ( 'NONE', *, *, #7336, .T. ) ;
#2437 = ORIENTED_EDGE ( 'NONE', *, *, #3868, .F. ) ;
#2438 = ORIENTED_EDGE ( 'NONE', *, *, #2000, .T. ) ;
#2439 = ORIENTED_EDGE ( 'NONE', *, *, #2407, .F. ) ;
#2440 = LINE ( 'NONE', #7258, #7554 ) ;
#2441 = VECTOR ( 'NONE', #4424, 1000.000000000000000 ) ;
#2442 = CARTESIAN_POINT ( 'NONE',  ( 8.820000000000000284, 8.000000000000101252, 26.66000000000000014 ) ) ;
#2443 = CARTESIAN_POINT ( 'NONE',  ( 10.25000000000061995, 7.049999999999999822, 1.819999999999384999 ) ) ;
#2444 = CARTESIAN_POINT ( 'NONE',  ( 4.550000000000000711, 7.049999999999999822, 12.12000000000000099 ) ) ;
#2445 = DIRECTION ( 'NONE',  ( -3.174543961041026456E-13, 1.000000000000000000, 0.000000000000000000 ) ) ;
#2446 = DIRECTION ( 'NONE',  ( 1.000000000000000000, -0.000000000000000000, -0.000000000000000000 ) ) ;
#2447 = EDGE_CURVE ( 'NONE', #1945, #3217, #1566, .T. ) ;
#2448 = CARTESIAN_POINT ( 'NONE',  ( 18.10881781221917208, 5.999999999999993783, 16.37500000000000000 ) ) ;
#2449 = CARTESIAN_POINT ( 'NONE',  ( 2.544333048812022380, 8.114915839308743273, 29.36073126812190992 ) ) ;
#2450 = LINE ( 'NONE', #7317, #291 ) ;
#2451 = ORIENTED_EDGE ( 'NONE', *, *, #3415, .F. ) ;
#2452 = DIRECTION ( 'NONE',  ( 0.000000000000000000, 0.000000000000000000, -1.000000000000000000 ) ) ;
#2453 = CARTESIAN_POINT ( 'NONE',  ( 17.08923586769299519, 7.321299490900599061, 0.8999999999999985789 ) ) ;
#2454 = CYLINDRICAL_SURFACE ( 'NONE', #504, 0.9999999999989070965 ) ;
#2455 = CARTESIAN_POINT ( 'NONE',  ( 16.60000000000000142, 4.070000000000059792, 24.35000000000000497 ) ) ;
#2456 = ORIENTED_EDGE ( 'NONE', *, *, #7668, .F. ) ;
#2457 = EDGE_CURVE ( 'NONE', #5179, #3585, #7699, .T. ) ;
#2458 = EDGE_LOOP ( 'NONE', ( #7796, #1981, #1085, #639 ) ) ;
#2459 = EDGE_CURVE ( 'NONE', #1690, #4727, #3366, .T. ) ;
#2460 = CARTESIAN_POINT ( 'NONE',  ( 18.10221458223790592, 0.6500000000000463185, 29.79821200218855637 ) ) ;
#2461 = CARTESIAN_POINT ( 'NONE',  ( 18.59004176286027388, 4.323768553962169747, 1.295536761947781779 ) ) ;
#2462 = CIRCLE ( 'NONE', #5578, 0.9999999999974712450 ) ;
#2463 = CARTESIAN_POINT ( 'NONE',  ( 4.550000000000000711, 8.149999999999998579, 5.960000000000000853 ) ) ;
#2464 = CARTESIAN_POINT ( 'NONE',  ( 18.58938014848537534, 4.458358702864394729, 6.041153920846068281 ) ) ;
#2465 = EDGE_CURVE ( 'NONE', #1390, #4088, #3035, .T. ) ;
#2466 = CARTESIAN_POINT ( 'NONE',  ( 17.37947366142815042, 7.000000000000000000, 17.16000000000000014 ) ) ;
#2467 = ORIENTED_EDGE ( 'NONE', *, *, #5240, .F. ) ;
#2468 = LINE ( 'NONE', #1333, #1993 ) ;
#2469 = B_SPLINE_CURVE_WITH_KNOTS ( 'NONE', 3,
 ( #4594, #2805, #1543, #7070 ),
 .UNSPECIFIED., .F., .F.,
 ( 4, 4 ),
 ( 0.000000000000000000, 1.000000000000000000 ),
 .UNSPECIFIED. ) ;
#2470 = VERTEX_POINT ( 'NONE', #1646 ) ;
#2471 = ORIENTED_EDGE ( 'NONE', *, *, #4529, .F. ) ;
#2472 = ORIENTED_EDGE ( 'NONE', *, *, #100, .T. ) ;
#2473 = EDGE_CURVE ( 'NONE', #4727, #6421, #2788, .T. ) ;
#2474 = LINE ( 'NONE', #7422, #1369 ) ;
#2475 = CARTESIAN_POINT ( 'NONE',  ( 16.60000000000000142, 1.349999999999976108, 7.550000000000000711 ) ) ;
#2476 = LINE ( 'NONE', #1277, #7283 ) ;
#2477 = EDGE_CURVE ( 'NONE', #1763, #179, #1499, .T. ) ;
#2478 = ORIENTED_EDGE ( 'NONE', *, *, #3809, .T. ) ;
#2479 = EDGE_CURVE ( 'NONE', #6803, #4468, #4045, .T. ) ;
#2480 = CARTESIAN_POINT ( 'NONE',  ( 18.58839275991025630, 4.519789715092549898, 7.006296517304804183 ) ) ;
#2481 = ORIENTED_EDGE ( 'NONE', *, *, #1960, .F. ) ;
#2482 = CARTESIAN_POINT ( 'NONE',  ( 16.60000000000000142, 7.050000000000000711, 13.12500000000000000 ) ) ;
#2483 = ORIENTED_EDGE ( 'NONE', *, *, #6298, .F. ) ;
#2484 = VERTEX_POINT ( 'NONE', #7101 ) ;
#2485 = CARTESIAN_POINT ( 'NONE',  ( 2.500000000000000000, 6.599999999999997868, 15.68262379212500157 ) ) ;
#2486 = CARTESIAN_POINT ( 'NONE',  ( 0.2999999999999862776, 6.100000000000000533, 16.08427192823301866 ) ) ;
#2487 = ADVANCED_FACE ( 'NONE', ( #5273 ), #2215, .T. ) ;
#2488 = DIRECTION ( 'NONE',  ( 0.000000000000000000, 1.000000000000000000, 0.000000000000000000 ) ) ;
#2489 = CARTESIAN_POINT ( 'NONE',  ( 8.820000000000000284, 8.149999999999998579, 24.94000000000000128 ) ) ;
#2490 = CARTESIAN_POINT ( 'NONE',  ( 16.60000000000000142, 6.299999999999981171, 13.12500000000000000 ) ) ;
#2491 = B_SPLINE_CURVE_WITH_KNOTS ( 'NONE', 3,
 ( #4532, #3351, #7039, #2047, #5787, #282, #7608, #2125, #3424, #5938 ),
 .UNSPECIFIED., .F., .F.,
 ( 4, 2, 2, 2, 4 ),
 ( 0.000000000000000000, 0.1250000000000024147, 0.2500000000000048295, 0.5000000000000061062, 1.000000000000000000 ),
 .UNSPECIFIED. ) ;
#2492 = DIRECTION ( 'NONE',  ( 0.000000000000000000, 0.000000000000000000, -1.000000000000000000 ) ) ;
#2493 = ADVANCED_FACE ( 'NONE', ( #375 ), #340, .T. ) ;
#2494 = AXIS2_PLACEMENT_3D ( 'NONE', #5892, #5283, #560 ) ;
#2495 = DIRECTION ( 'NONE',  ( 0.000000000000000000, 1.000000000000000000, 0.000000000000000000 ) ) ;
#2496 = CARTESIAN_POINT ( 'NONE',  ( 9.420000000000319673, 7.150000000001090150, 5.959999999999999964 ) ) ;
#2497 = EDGE_CURVE ( 'NONE', #5366, #1106, #4661, .T. ) ;
#2498 = CARTESIAN_POINT ( 'NONE',  ( 10.65000000000000036, 8.149999999999998579, 27.98000000000022780 ) ) ;
#2499 = ORIENTED_EDGE ( 'NONE', *, *, #1488, .T. ) ;
#2500 = CARTESIAN_POINT ( 'NONE',  ( 8.820000000000000284, 7.400000000000000355, 16.06000000000009464 ) ) ;
#2501 = DIRECTION ( 'NONE',  ( 0.000000000000000000, -1.000000000000000000, 0.000000000000000000 ) ) ;
#2502 = FACE_OUTER_BOUND ( 'NONE', #3960, .T. ) ;
#2503 = VECTOR ( 'NONE', #7442, 1000.000000000000000 ) ;
#2504 = CARTESIAN_POINT ( 'NONE',  ( 3.620000000000000551, 7.000000000000000000, 28.89999999999999858 ) ) ;
#2505 = VERTEX_POINT ( 'NONE', #3477 ) ;
#2506 = EDGE_LOOP ( 'NONE', ( #2302, #5396, #7760, #6902 ) ) ;
#2507 = CARTESIAN_POINT ( 'NONE',  ( 17.33486177177820053, 7.049999999999999822, 17.16000000000000014 ) ) ;
#2508 = CARTESIAN_POINT ( 'NONE',  ( 8.820000000000000284, 8.000000000000000000, 16.06000000000000227 ) ) ;
#2509 = AXIS2_PLACEMENT_3D ( 'NONE', #152, #4522, #3792 ) ;
#2510 = DIRECTION ( 'NONE',  ( 1.000000000000000000, 0.000000000000000000, 0.000000000000000000 ) ) ;
#2511 = DIRECTION ( 'NONE',  ( 1.000000000000000000, -0.000000000000000000, -0.000000000000000000 ) ) ;
#2512 = ORIENTED_EDGE ( 'NONE', *, *, #6988, .T. ) ;
#2513 = CARTESIAN_POINT ( 'NONE',  ( 4.549999999999999822, 7.049999999999998934, 23.82000000000000028 ) ) ;
#2514 = EDGE_CURVE ( 'NONE', #7970, #7779, #6521, .T. ) ;
#2515 = ORIENTED_EDGE ( 'NONE', *, *, #4951, .F. ) ;
#2516 = ORIENTED_EDGE ( 'NONE', *, *, #2624, .T. ) ;
#2517 = CIRCLE ( 'NONE', #3531, 0.9999999999974705789 ) ;
#2518 = ORIENTED_EDGE ( 'NONE', *, *, #3061, .T. ) ;
#2519 = AXIS2_PLACEMENT_3D ( 'NONE', #7691, #4619, #1186 ) ;
#2520 = DIRECTION ( 'NONE',  ( 0.000000000000000000, 1.000000000000000000, 0.000000000000000000 ) ) ;
#2521 = VECTOR ( 'NONE', #4168, 1000.000000000000000 ) ;
#2522 = LINE ( 'NONE', #5003, #6015 ) ;
#2523 = ORIENTED_EDGE ( 'NONE', *, *, #5718, .T. ) ;
#2524 = AXIS2_PLACEMENT_3D ( 'NONE', #5023, #1322, #5744 ) ;
#2525 = VERTEX_POINT ( 'NONE', #6597 ) ;
#2526 = AXIS2_PLACEMENT_3D ( 'NONE', #6638, #2991, #6083 ) ;
#2527 = EDGE_CURVE ( 'NONE', #5785, #5009, #4124, .T. ) ;
#2528 = DIRECTION ( 'NONE',  ( -1.000000000000000000, 0.000000000000000000, 0.000000000000000000 ) ) ;
#2529 = EDGE_LOOP ( 'NONE', ( #609, #4808, #3499, #341, #5109, #1311, #5323, #5069, #5328, #2181 ) ) ;
#2530 = VERTEX_POINT ( 'NONE', #7169 ) ;
#2531 = CC_DESIGN_PERSON_AND_ORGANIZATION_ASSIGNMENT ( #5931, #2844, ( #4006 ) ) ;
#2532 = VECTOR ( 'NONE', #2177, 1000.000000000000000 ) ;
#2533 = EDGE_LOOP ( 'NONE', ( #6169, #7105, #6557, #7861, #6519, #5312, #4536 ) ) ;
#2534 = CIRCLE ( 'NONE', #4474, 0.9999999999974716891 ) ;
#2535 = CARTESIAN_POINT ( 'NONE',  ( 17.18212227597007313, 7.049999999999999822, 12.12000000000000099 ) ) ;
#2536 = CARTESIAN_POINT ( 'NONE',  ( 0.3643478260869588703, 7.699923329723704413, 29.75386415199194801 ) ) ;
#2537 = AXIS2_PLACEMENT_3D ( 'NONE', #5324, #2131, #1526 ) ;
#2538 = CARTESIAN_POINT ( 'NONE',  ( 18.59007420368737584, 4.278818881277448583, 12.47961765168644988 ) ) ;
#2539 = AXIS2_PLACEMENT_3D ( 'NONE', #5847, #3407, #2185 ) ;
#2540 = DIRECTION ( 'NONE',  ( 0.000000000000000000, -1.000000000000000000, 1.532339070445934149E-13 ) ) ;
#2541 = LINE ( 'NONE', #6882, #296 ) ;
#2542 = ADVANCED_FACE ( 'NONE', ( #1601 ), #6455, .T. ) ;
#2543 = CARTESIAN_POINT ( 'NONE',  ( 4.550000000000000711, 8.000000000000000000, 19.33999999999990393 ) ) ;
#2544 = EDGE_CURVE ( 'NONE', #1910, #2236, #301, .T. ) ;
#2545 = CARTESIAN_POINT ( 'NONE',  ( 10.50109116744294191, 7.586912853294234260, 18.29996747726506001 ) ) ;
#2546 = VERTEX_POINT ( 'NONE', #5954 ) ;
#2547 = DIRECTION ( 'NONE',  ( 0.000000000000000000, 0.000000000000000000, -1.000000000000000000 ) ) ;
#2548 = AXIS2_PLACEMENT_3D ( 'NONE', #2455, #5498, #7969 ) ;
#2549 = DIRECTION ( 'NONE',  ( 0.000000000000000000, 0.000000000000000000, -1.000000000000000000 ) ) ;
#2550 = CARTESIAN_POINT ( 'NONE',  ( 10.65000000000000746, 8.149999999999998579, 27.98000000000022780 ) ) ;
#2551 = ORIENTED_EDGE ( 'NONE', *, *, #701, .T. ) ;
#2552 = ORIENTED_EDGE ( 'NONE', *, *, #7971, .T. ) ;
#2553 = CARTESIAN_POINT ( 'NONE',  ( 18.11124640417882858, 0.6833104186760451393, 29.80000000000002203 ) ) ;
#2554 = DIRECTION ( 'NONE',  ( -4.794107593034862925E-10, 2.235529043431035473E-10, -1.000000000000000000 ) ) ;
#2555 = VECTOR ( 'NONE', #1247, 1000.000000000000000 ) ;
#2556 = DIRECTION ( 'NONE',  ( -1.000000000000000000, 0.000000000000000000, 0.000000000000000000 ) ) ;
#2557 = DIRECTION ( 'NONE',  ( 1.000000000000000000, 0.000000000000000000, 0.000000000000000000 ) ) ;
#2558 = VERTEX_POINT ( 'NONE', #2257 ) ;
#2559 = CARTESIAN_POINT ( 'NONE',  ( 2.500000000000000000, 4.642547341124299898, 16.69999999999999929 ) ) ;
#2560 = VERTEX_POINT ( 'NONE', #5336 ) ;
#2561 = FACE_OUTER_BOUND ( 'NONE', #692, .T. ) ;
#2562 = AXIS2_PLACEMENT_3D ( 'NONE', #6324, #1321, #166 ) ;
#2563 = ORIENTED_EDGE ( 'NONE', *, *, #3168, .T. ) ;
#2564 = CARTESIAN_POINT ( 'NONE',  ( 10.65000000000000036, 7.550000000000000711, 24.21999999999980702 ) ) ;
#2565 = DIRECTION ( 'NONE',  ( -1.000000000000000000, -0.000000000000000000, 8.074349270001088706E-15 ) ) ;
#2566 = ORIENTED_EDGE ( 'NONE', *, *, #2105, .F. ) ;
#2567 = VECTOR ( 'NONE', #3707, 1000.000000000000000 ) ;
#2568 = ORIENTED_EDGE ( 'NONE', *, *, #877, .T. ) ;
#2569 = CARTESIAN_POINT ( 'NONE',  ( 3.548039513124699397E-17, 7.218676524318544452, 29.80000000000000071 ) ) ;
#2570 = ORIENTED_EDGE ( 'NONE', *, *, #3567, .F. ) ;
#2571 = VERTEX_POINT ( 'NONE', #7811 ) ;
#2572 = ORIENTED_EDGE ( 'NONE', *, *, #5728, .F. ) ;
#2573 = EDGE_CURVE ( 'NONE', #4145, #2571, #2424, .T. ) ;
#2574 = EDGE_CURVE ( 'NONE', #4353, #5277, #3662, .T. ) ;
#2575 = DIRECTION ( 'NONE',  ( 1.000000000000000000, 0.000000000000000000, 0.000000000000000000 ) ) ;
#2576 = DIRECTION ( 'NONE',  ( -0.000000000000000000, 0.000000000000000000, 1.000000000000000000 ) ) ;
#2577 = ADVANCED_FACE ( 'NONE', ( #4943 ), #457, .T. ) ;
#2578 = DIRECTION ( 'NONE',  ( -0.000000000000000000, -0.000000000000000000, 1.000000000000000000 ) ) ;
#2579 = DIRECTION ( 'NONE',  ( 1.000000000000000000, 0.000000000000000000, 0.000000000000000000 ) ) ;
#2580 = CARTESIAN_POINT ( 'NONE',  ( 10.54999999999824567, 7.550000000000000711, 1.555424868891049250 ) ) ;
#2581 = CARTESIAN_POINT ( 'NONE',  ( 4.549999999999999822, 7.049999999999998934, 28.87999999999999901 ) ) ;
#2582 = VECTOR ( 'NONE', #7648, 1000.000000000000000 ) ;
#2583 = EDGE_CURVE ( 'NONE', #2755, #3130, #497, .T. ) ;
#2584 = EDGE_CURVE ( 'NONE', #2005, #6943, #4343, .T. ) ;
#2585 = CARTESIAN_POINT ( 'NONE',  ( 0.2999999999999998779, 6.100000000000000533, 13.71572807176702113 ) ) ;
#2586 = ORIENTED_EDGE ( 'NONE', *, *, #4316, .F. ) ;
#2587 = CARTESIAN_POINT ( 'NONE',  ( 10.02241238366299747, 7.948185016151895432, 7.040000000000000036 ) ) ;
#2588 = CARTESIAN_POINT ( 'NONE',  ( 18.10221458223799829, 0.6500000000000001332, 18.75000000000000000 ) ) ;
#2589 = DIRECTION ( 'NONE',  ( -1.000000000000000000, 0.000000000000000000, 0.000000000000000000 ) ) ;
#2590 = LINE ( 'NONE', #3884, #2800 ) ;
#2591 = EDGE_LOOP ( 'NONE', ( #792, #762, #4633, #1346, #6670, #2271 ) ) ;
#2592 = ORIENTED_EDGE ( 'NONE', *, *, #3934, .F. ) ;
#2593 = CARTESIAN_POINT ( 'NONE',  ( 13.60000000000356302, 7.049999999999999822, 9.299999999999998934 ) ) ;
#2594 = CYLINDRICAL_SURFACE ( 'NONE', #3213, 0.6000000000000961231 ) ;
#2595 = CARTESIAN_POINT ( 'NONE',  ( 17.96941245659171571, 6.219107360522598604, 13.12499999999997868 ) ) ;
#2596 = ORIENTED_EDGE ( 'NONE', *, *, #6681, .T. ) ;
#2597 = FACE_OUTER_BOUND ( 'NONE', #1320, .T. ) ;
#2598 = VERTEX_POINT ( 'NONE', #1767 ) ;
#2599 = DIRECTION ( 'NONE',  ( 0.000000000000000000, -0.3199999001753447980, -0.9474175763029570874 ) ) ;
#2600 = AXIS2_PLACEMENT_3D ( 'NONE', #915, #3279, #2091 ) ;
#2601 = ORIENTED_EDGE ( 'NONE', *, *, #4565, .F. ) ;
#2602 = DIRECTION ( 'NONE',  ( -1.548240702311686554E-12, 0.000000000000000000, 1.000000000000000000 ) ) ;
#2603 = CARTESIAN_POINT ( 'NONE',  ( -6.003344063862804875E-23, 6.399999999999928413, 13.97669073436859932 ) ) ;
#2604 = ORIENTED_EDGE ( 'NONE', *, *, #6129, .F. ) ;
#2605 = CARTESIAN_POINT ( 'NONE',  ( 18.58205168432626309, 4.769999999999997797, 7.550000000000000711 ) ) ;
#2606 = ORIENTED_EDGE ( 'NONE', *, *, #5969, .T. ) ;
#2607 = AXIS2_PLACEMENT_3D ( 'NONE', #7405, #6200, #666 ) ;
#2608 = LINE ( 'NONE', #5079, #1635 ) ;
#2609 = ADVANCED_FACE ( 'NONE', ( #3640 ), #3079, .T. ) ;
#2610 = ORIENTED_EDGE ( 'NONE', *, *, #3255, .T. ) ;
#2611 = EDGE_LOOP ( 'NONE', ( #2499, #3932, #6821, #6282 ) ) ;
#2612 = CARTESIAN_POINT ( 'NONE',  ( 4.549999999999999822, 8.000000000000101252, 19.93999999999999773 ) ) ;
#2613 = CARTESIAN_POINT ( 'NONE',  ( 4.550000000000000711, 7.049999999999998934, 28.37999999999999901 ) ) ;
#2614 = CARTESIAN_POINT ( 'NONE',  ( 18.13779192000146523, 0.7827846147251030784, 5.869484720874817540 ) ) ;
#2615 = CARTESIAN_POINT ( 'NONE',  ( 4.550000000000000711, 7.049999999999998934, 22.78000000000000114 ) ) ;
#2616 = EDGE_CURVE ( 'NONE', #114, #493, #5458, .T. ) ;
#2617 = CARTESIAN_POINT ( 'NONE',  ( 17.33486177177819343, 7.049999999999995381, 7.039999999999999147 ) ) ;
#2618 = CARTESIAN_POINT ( 'NONE',  ( 3.619999999999619966, 8.149999999999998579, 29.10000000000037090 ) ) ;
#2619 = CARTESIAN_POINT ( 'NONE',  ( 18.59999999999999787, 0.2000000000000008993, 29.58989794855704858 ) ) ;
#2620 = ORIENTED_EDGE ( 'NONE', *, *, #5796, .T. ) ;
#2621 = CARTESIAN_POINT ( 'NONE',  ( 8.820000000000000284, 8.000000000000101252, 14.33999999999999986 ) ) ;
#2622 = CARTESIAN_POINT ( 'NONE',  ( 0.1022258841630809684, 4.219753489067232799, 16.73024492907757832 ) ) ;
#2623 = CARTESIAN_POINT ( 'NONE',  ( 4.549999999999998934, 8.000000000000076383, 21.66000000000000369 ) ) ;
#2624 = EDGE_CURVE ( 'NONE', #1504, #5677, #13, .T. ) ;
#2625 = DIRECTION ( 'NONE',  ( 0.000000000000000000, 1.000000000000000000, 0.000000000000000000 ) ) ;
#2626 = AXIS2_PLACEMENT_3D ( 'NONE', #7948, #7998, #1090 ) ;
#2627 = ORIENTED_EDGE ( 'NONE', *, *, #4540, .F. ) ;
#2628 = ORIENTED_EDGE ( 'NONE', *, *, #5617, .T. ) ;
#2629 = CARTESIAN_POINT ( 'NONE',  ( 18.27335378321595272, 1.349999999999999867, 22.95000000000000284 ) ) ;
#2630 = CARTESIAN_POINT ( 'NONE',  ( 16.60000000000000142, 0.6499999999999990230, 11.75000000000000178 ) ) ;
#2631 = AXIS2_PLACEMENT_3D ( 'NONE', #3592, #4377, #4236 ) ;
#2632 = CARTESIAN_POINT ( 'NONE',  ( 18.10221458223799829, 0.6500000000000024647, 1.949999999999999512 ) ) ;
#2633 = EDGE_LOOP ( 'NONE', ( #2021, #1376, #1219, #3088, #7504, #4699, #4465, #6076 ) ) ;
#2634 = LINE ( 'NONE', #2057, #2073 ) ;
#2635 = ORIENTED_EDGE ( 'NONE', *, *, #659, .F. ) ;
#2636 = ORIENTED_EDGE ( 'NONE', *, *, #4601, .T. ) ;
#2637 = B_SPLINE_CURVE_WITH_KNOTS ( 'NONE', 3,
 ( #4149, #1558, #7093, #985 ),
 .UNSPECIFIED., .F., .F.,
 ( 4, 4 ),
 ( 0.000000000000000000, 1.000000000000000000 ),
 .UNSPECIFIED. ) ;
#2638 = EDGE_CURVE ( 'NONE', #2029, #5672, #7930, .T. ) ;
#2639 = VECTOR ( 'NONE', #2232, 1000.000000000000000 ) ;
#2640 = VERTEX_POINT ( 'NONE', #6209 ) ;
#2641 = PLANE ( 'NONE',  #7186 ) ;
#2642 = DIRECTION ( 'NONE',  ( 0.000000000000000000, -1.000000000000000000, 0.000000000000000000 ) ) ;
#2643 = EDGE_CURVE ( 'NONE', #880, #5275, #7411, .T. ) ;
#2644 = EDGE_LOOP ( 'NONE', ( #1947, #4355, #7011, #7991 ) ) ;
#2645 = VECTOR ( 'NONE', #3953, 1000.000000000000000 ) ;
#2646 = EDGE_LOOP ( 'NONE', ( #3694, #6170, #6216, #4877, #2820, #7630, #4208, #6584, #5232, #2219, #1913, #3356, #7196, #303 ) ) ;
#2647 = ORIENTED_EDGE ( 'NONE', *, *, #1391, .F. ) ;
#2648 = ORIENTED_EDGE ( 'NONE', *, *, #5326, .F. ) ;
#2649 = VECTOR ( 'NONE', #7859, 1000.000000000000000 ) ;
#2650 = DIRECTION ( 'NONE',  ( 0.000000000000000000, 1.000000000000000000, 0.000000000000000000 ) ) ;
#2651 = CARTESIAN_POINT ( 'NONE',  ( 18.58205168432627019, 4.769999999999999574, 16.82123529584834642 ) ) ;
#2652 = AXIS2_PLACEMENT_3D ( 'NONE', #1230, #5483, #7352 ) ;
#2653 = DIRECTION ( 'NONE',  ( 0.000000000000000000, 1.000000000000000000, 0.000000000000000000 ) ) ;
#2654 = DIRECTION ( 'NONE',  ( 1.000000000000000000, -0.000000000000000000, -0.000000000000000000 ) ) ;
#2655 = CARTESIAN_POINT ( 'NONE',  ( 18.39999999999972147, 0.000000000000000000, 29.10000000000018261 ) ) ;
#2656 = AXIS2_PLACEMENT_3D ( 'NONE', #3840, #6315, #3229 ) ;
#2657 = CARTESIAN_POINT ( 'NONE',  ( 16.60000000000000142, 1.349999999999988098, 1.249999999999997780 ) ) ;
#2658 = VECTOR ( 'NONE', #5239, 1000.000000000000000 ) ;
#2659 = DIRECTION ( 'NONE',  ( 1.000000000000000000, 0.000000000000000000, 0.000000000000000000 ) ) ;
#2660 = VECTOR ( 'NONE', #2200, 1000.000000000000000 ) ;
#2661 = EDGE_CURVE ( 'NONE', #6664, #3092, #8020, .T. ) ;
#2662 = CIRCLE ( 'NONE', #1231, 0.6000000000000970113 ) ;
#2663 = PLANE ( 'NONE',  #731 ) ;
#2664 = ORIENTED_EDGE ( 'NONE', *, *, #7046, .F. ) ;
#2665 = CARTESIAN_POINT ( 'NONE',  ( -6.003344063862804875E-23, 6.399999999999928413, 13.97669073436859932 ) ) ;
#2666 = DIRECTION ( 'NONE',  ( -3.191891195800813712E-13, 1.000000000000000000, 0.000000000000000000 ) ) ;
#2667 = DIRECTION ( 'NONE',  ( -0.000000000000000000, 1.000000000000000000, -0.000000000000000000 ) ) ;
#2668 = DIRECTION ( 'NONE',  ( -0.000000000000000000, -0.000000000000000000, 1.000000000000000000 ) ) ;
#2669 = ORIENTED_EDGE ( 'NONE', *, *, #170, .T. ) ;
#2670 = ORIENTED_EDGE ( 'NONE', *, *, #6205, .T. ) ;
#2671 = DIRECTION ( 'NONE',  ( 0.000000000000000000, 0.000000000000000000, -1.000000000000000000 ) ) ;
#2672 = EDGE_CURVE ( 'NONE', #4191, #6582, #5506, .T. ) ;
#2673 = EDGE_CURVE ( 'NONE', #5625, #2146, #1680, .T. ) ;
#2674 = DIRECTION ( 'NONE',  ( 0.000000000000000000, -1.000000000000000000, 0.000000000000000000 ) ) ;
#2675 = CARTESIAN_POINT ( 'NONE',  ( 4.549999999999999822, 8.149999999999998579, 19.33999999999999986 ) ) ;
#2676 = ORIENTED_EDGE ( 'NONE', *, *, #7625, .T. ) ;
#2677 = DIRECTION ( 'NONE',  ( -0.000000000000000000, 1.000000000000000000, 0.000000000000000000 ) ) ;
#2678 = ORIENTED_EDGE ( 'NONE', *, *, #4459, .F. ) ;
#2679 = PLANE ( 'NONE',  #6696 ) ;
#2680 = VECTOR ( 'NONE', #5706, 1000.000000000000000 ) ;
#2681 = VECTOR ( 'NONE', #5258, 1000.000000000000000 ) ;
#2682 = ORIENTED_EDGE ( 'NONE', *, *, #3492, .F. ) ;
#2683 = VECTOR ( 'NONE', #6762, 1000.000000000000000 ) ;
#2684 = DIRECTION ( 'NONE',  ( -0.000000000000000000, -0.000000000000000000, 1.000000000000000000 ) ) ;
#2685 = ADVANCED_FACE ( 'NONE', ( #5418 ), #4246, .T. ) ;
#2686 = VERTEX_POINT ( 'NONE', #7243 ) ;
#2687 = EDGE_LOOP ( 'NONE', ( #4910, #4081, #6177, #7176 ) ) ;
#2688 = VECTOR ( 'NONE', #7757, 1000.000000000000000 ) ;
#2689 = EDGE_LOOP ( 'NONE', ( #963, #5146, #7389, #5254 ) ) ;
#2690 = VERTEX_POINT ( 'NONE', #6162 ) ;
#2691 = CARTESIAN_POINT ( 'NONE',  ( 1.430035343667988235, 7.961872215514195439, 29.59774880993703761 ) ) ;
#2692 = LINE ( 'NONE', #5698, #1585 ) ;
#2693 = DIRECTION ( 'NONE',  ( 0.8955305689923256374, 0.000000000000000000, 0.4450000000003163092 ) ) ;
#2694 = CARTESIAN_POINT ( 'NONE',  ( 4.549999999999999822, 8.149999999999998579, 17.67999999999999972 ) ) ;
#2695 = DIRECTION ( 'NONE',  ( 0.000000000000000000, 0.000000000000000000, 1.000000000000000000 ) ) ;
#2696 = CARTESIAN_POINT ( 'NONE',  ( 17.37947366142815042, 7.000000000000000000, 0.9000000000000001332 ) ) ;
#2697 = B_SPLINE_CURVE_WITH_KNOTS ( 'NONE', 3,
 ( #4422, #3810, #5149, #5103 ),
 .UNSPECIFIED., .F., .F.,
 ( 4, 4 ),
 ( 0.000000000000000000, 1.000000000000000000 ),
 .UNSPECIFIED. ) ;
#2698 = LINE ( 'NONE', #1474, #2555 ) ;
#2699 = LINE ( 'NONE', #159, #4311 ) ;
#2700 = B_SPLINE_CURVE_WITH_KNOTS ( 'NONE', 3,
 ( #6383, #3722, #2691, #2449, #619, #6196 ),
 .UNSPECIFIED., .F., .F.,
 ( 4, 2, 4 ),
 ( 0.000000000000000000, 0.5000000000000000000, 1.000000000000000000 ),
 .UNSPECIFIED. ) ;
#2701 = ORIENTED_EDGE ( 'NONE', *, *, #6998, .T. ) ;
#2702 = FACE_OUTER_BOUND ( 'NONE', #847, .T. ) ;
#2703 = DIRECTION ( 'NONE',  ( -1.000000000000000000, 2.552250841931502610E-16, -0.000000000000000000 ) ) ;
#2704 = CARTESIAN_POINT ( 'NONE',  ( 8.820000000000000284, 7.400000000000000355, 21.66000000000009607 ) ) ;
#2705 = EDGE_CURVE ( 'NONE', #1610, #334, #4206, .T. ) ;
#2706 = CARTESIAN_POINT ( 'NONE',  ( 10.02241238366299747, 7.948185016151895432, 1.440000000000000169 ) ) ;
#2707 = ORIENTED_EDGE ( 'NONE', *, *, #2457, .T. ) ;
#2708 = CIRCLE ( 'NONE', #6212, 13.89999999994158131 ) ;
#2709 = VERTEX_POINT ( 'NONE', #1158 ) ;
#2710 = CARTESIAN_POINT ( 'NONE',  ( 4.549999999999999822, 7.000000000000000000, 7.040000000000000036 ) ) ;
#2711 = CARTESIAN_POINT ( 'NONE',  ( 18.10221458223799829, 0.6500000000000026867, 11.05000000000000071 ) ) ;
#2712 = ORIENTED_EDGE ( 'NONE', *, *, #5868, .F. ) ;
#2713 = DIRECTION ( 'NONE',  ( 1.000000000000000000, 0.000000000000000000, 0.000000000000000000 ) ) ;
#2714 = ORIENTED_EDGE ( 'NONE', *, *, #1881, .T. ) ;
#2715 = EDGE_LOOP ( 'NONE', ( #5342, #2168, #1940, #7347 ) ) ;
#2716 = EDGE_CURVE ( 'NONE', #2259, #5275, #7282, .T. ) ;
#2717 = ORIENTED_EDGE ( 'NONE', *, *, #352, .F. ) ;
#2718 = DIRECTION ( 'NONE',  ( 1.000000000000000000, -0.000000000000000000, -0.000000000000000000 ) ) ;
#2719 = CYLINDRICAL_SURFACE ( 'NONE', #3955, 0.9999999999974712450 ) ;
#2720 = ORIENTED_EDGE ( 'NONE', *, *, #1898, .T. ) ;
#2721 = VERTEX_POINT ( 'NONE', #1724 ) ;
#2722 = ORIENTED_EDGE ( 'NONE', *, *, #3337, .F. ) ;
#2723 = AXIS2_PLACEMENT_3D ( 'NONE', #7736, #5980, #4657 ) ;
#2724 = EDGE_CURVE ( 'NONE', #5197, #372, #5553, .T. ) ;
#2725 = EDGE_CURVE ( 'NONE', #7120, #5179, #5636, .T. ) ;
#2726 = DIRECTION ( 'NONE',  ( 0.000000000000000000, 0.000000000000000000, 1.000000000000000000 ) ) ;
#2727 = CARTESIAN_POINT ( 'NONE',  ( 18.27335378321595272, 1.349999999999980105, 12.44999999999999929 ) ) ;
#2728 = AXIS2_PLACEMENT_3D ( 'NONE', #3891, #6371, #3325 ) ;
#2729 = LINE ( 'NONE', #897, #5916 ) ;
#2730 = CYLINDRICAL_SURFACE ( 'NONE', #419, 2.499999999999904077 ) ;
#2731 = CARTESIAN_POINT ( 'NONE',  ( 0.2999999999999862776, 6.100000000000000533, 16.08427192823300089 ) ) ;
#2732 = EDGE_CURVE ( 'NONE', #964, #5785, #6536, .T. ) ;
#2733 = PERSON_AND_ORGANIZATION ( #6653, #1510 ) ;
#2734 = PLANE ( 'NONE',  #5613 ) ;
#2735 = CARTESIAN_POINT ( 'NONE',  ( 18.10881781221917208, 5.999999999999993783, 13.42500000000000071 ) ) ;
#2736 = EDGE_CURVE ( 'NONE', #3637, #3201, #6248, .T. ) ;
#2737 = ORIENTED_EDGE ( 'NONE', *, *, #1016, .T. ) ;
#2738 = DIRECTION ( 'NONE',  ( -0.000000000000000000, -0.000000000000000000, -1.000000000000000000 ) ) ;
#2739 = DIRECTION ( 'NONE',  ( -1.000000000000000000, 0.000000000000000000, -0.000000000000000000 ) ) ;
#2740 = DIRECTION ( 'NONE',  ( 0.000000000000000000, 0.000000000000000000, -1.000000000000000000 ) ) ;
#2741 = EDGE_LOOP ( 'NONE', ( #4475, #1298, #7214, #1976 ) ) ;
#2742 = EDGE_CURVE ( 'NONE', #5910, #5366, #5005, .T. ) ;
#2743 = EDGE_LOOP ( 'NONE', ( #4765, #7534, #54, #7528 ) ) ;
#2744 = CYLINDRICAL_SURFACE ( 'NONE', #6019, 0.6999999999999766409 ) ;
#2745 = EDGE_CURVE ( 'NONE', #4721, #1390, #7820, .T. ) ;
#2746 = CARTESIAN_POINT ( 'NONE',  ( 18.27335378321595272, 1.349999999999979217, 1.250000000000000000 ) ) ;
#2747 = VERTEX_POINT ( 'NONE', #5924 ) ;
#2748 = CARTESIAN_POINT ( 'NONE',  ( 17.37947366142814687, 7.000000000000001776, 17.16000000000000014 ) ) ;
#2749 = LINE ( 'NONE', #5836, #5919 ) ;
#2750 = ORIENTED_EDGE ( 'NONE', *, *, #7804, .T. ) ;
#2751 = CARTESIAN_POINT ( 'NONE',  ( 0.2582017094443002092, 6.100000000000035172, 13.74985606244539227 ) ) ;
#2752 = DIRECTION ( 'NONE',  ( 0.8955305689931882807, 0.000000000000000000, 0.4449999999985803645 ) ) ;
#2753 = CIRCLE ( 'NONE', #2870, 0.6999999999999784173 ) ;
#2754 = EDGE_CURVE ( 'NONE', #3224, #4530, #6461, .T. ) ;
#2755 = VERTEX_POINT ( 'NONE', #1038 ) ;
#2756 = ORIENTED_EDGE ( 'NONE', *, *, #2725, .T. ) ;
#2757 = ORIENTED_EDGE ( 'NONE', *, *, #7610, .F. ) ;
#2758 = AXIS2_PLACEMENT_3D ( 'NONE', #1862, #7424, #6827 ) ;
#2759 = ORIENTED_EDGE ( 'NONE', *, *, #1285, .F. ) ;
#2760 = PLANE ( 'NONE',  #2539 ) ;
#2761 = LINE ( 'NONE', #7781, #7433 ) ;
#2762 = CARTESIAN_POINT ( 'NONE',  ( 17.18212227597054920, 7.049999999999999822, 12.07999999999999119 ) ) ;
#2763 = VECTOR ( 'NONE', #3834, 1000.000000000000000 ) ;
#2764 = ADVANCED_FACE ( 'NONE', ( #2872 ), #4635, .T. ) ;
#2765 = DIRECTION ( 'NONE',  ( 0.000000000000000000, -0.000000000000000000, 1.000000000000000000 ) ) ;
#2766 = DIRECTION ( 'NONE',  ( 0.000000000000000000, -1.000000000000000000, 3.989863994748272409E-13 ) ) ;
#2767 = CC_DESIGN_DATE_AND_TIME_ASSIGNMENT ( #4061, #7717, ( #7768 ) ) ;
#2768 = FACE_OUTER_BOUND ( 'NONE', #3647, .T. ) ;
#2769 = AXIS2_PLACEMENT_3D ( 'NONE', #2496, #3373, #6847 ) ;
#2770 = CIRCLE ( 'NONE', #3417, 0.6000000000000961231 ) ;
#2771 = CARTESIAN_POINT ( 'NONE',  ( 16.60000000000000142, 0.6499999999999991340, 27.85000000000000497 ) ) ;
#2772 = VECTOR ( 'NONE', #3068, 1000.000000000000000 ) ;
#2773 = DIRECTION ( 'NONE',  ( 0.000000000000000000, 1.000000000000000000, 0.000000000000000000 ) ) ;
#2774 = EDGE_CURVE ( 'NONE', #2690, #2775, #5773, .T. ) ;
#2775 = VERTEX_POINT ( 'NONE', #2104 ) ;
#2776 = AXIS2_PLACEMENT_3D ( 'NONE', #6687, #7852, #3992 ) ;
#2777 = CARTESIAN_POINT ( 'NONE',  ( 18.58809699203467858, 4.070000000000028706, 1.250000000000000000 ) ) ;
#2778 = CARTESIAN_POINT ( 'NONE',  ( 16.60000000000000142, 4.770000000000001350, 22.25000000000000000 ) ) ;
#2779 = FACE_OUTER_BOUND ( 'NONE', #4473, .T. ) ;
#2780 = CARTESIAN_POINT ( 'NONE',  ( 17.18212227597109987, 7.049999999999999822, 11.08000000000252072 ) ) ;
#2781 = DIRECTION ( 'NONE',  ( 1.000000000000000000, 4.730182355847162706E-15, -0.000000000000000000 ) ) ;
#2782 = ORIENTED_EDGE ( 'NONE', *, *, #1349, .T. ) ;
#2783 = AXIS2_PLACEMENT_3D ( 'NONE', #7976, #4859, #1116 ) ;
#2784 = ORIENTED_EDGE ( 'NONE', *, *, #263, .T. ) ;
#2785 = B_SPLINE_CURVE_WITH_KNOTS ( 'NONE', 3,
 ( #6812, #1290, #5175, #4987, #3732, #3912, #6759, #2079, #6207, #1195, #5780, #3684, #4384, #634 ),
 .UNSPECIFIED., .F., .F.,
 ( 4, 2, 2, 2, 2, 2, 4 ),
 ( 0.000000000000000000, 0.5000000000000018874, 0.7500000000000015543, 0.8750000000000007772, 0.9375000000000004441, 0.9687500000000002220, 1.000000000000000000 ),
 .UNSPECIFIED. ) ;
#2786 = CARTESIAN_POINT ( 'NONE',  ( 18.07765284496199243, 8.149999999999998579, 12.67500000000000426 ) ) ;
#2787 = EDGE_CURVE ( 'NONE', #6091, #1306, #2260, .T. ) ;
#2788 = CIRCLE ( 'NONE', #5120, 0.9999999999974696907 ) ;
#2789 = EDGE_LOOP ( 'NONE', ( #2756, #2707, #6225, #3480 ) ) ;
#2790 = DIRECTION ( 'NONE',  ( -3.174543961041026456E-13, 1.000000000000000000, 0.000000000000000000 ) ) ;
#2791 = LINE ( 'NONE', #4012, #2420 ) ;
#2792 = AXIS2_PLACEMENT_3D ( 'NONE', #5309, #5996, #7067 ) ;
#2793 = ORIENTED_EDGE ( 'NONE', *, *, #2105, .T. ) ;
#2794 = LINE ( 'NONE', #4044, #2532 ) ;
#2795 = AXIS2_PLACEMENT_3D ( 'NONE', #7164, #5982, #257 ) ;
#2796 = DIRECTION ( 'NONE',  ( 0.000000000000000000, 1.000000000000000000, 0.000000000000000000 ) ) ;
#2797 = ORIENTED_EDGE ( 'NONE', *, *, #3262, .F. ) ;
#2798 = ORIENTED_EDGE ( 'NONE', *, *, #511, .F. ) ;
#2799 = ORIENTED_EDGE ( 'NONE', *, *, #6389, .F. ) ;
#2800 = VECTOR ( 'NONE', #3269, 1000.000000000000000 ) ;
#2801 = VECTOR ( 'NONE', #2422, 1000.000000000000000 ) ;
#2802 = ORIENTED_EDGE ( 'NONE', *, *, #4951, .T. ) ;
#2803 = CARTESIAN_POINT ( 'NONE',  ( 16.60000000000000142, 1.349999999999976108, 22.25000000000000000 ) ) ;
#2804 = DIRECTION ( 'NONE',  ( 1.000000000000000000, -0.000000000000000000, -0.000000000000000000 ) ) ;
#2805 = CARTESIAN_POINT ( 'NONE',  ( 10.50109116744296678, 7.586912853294214720, 12.69996747726508346 ) ) ;
#2806 = CARTESIAN_POINT ( 'NONE',  ( 16.60000000000000142, 4.070000000000059792, 13.15000000000000036 ) ) ;
#2807 = AXIS2_PLACEMENT_3D ( 'NONE', #7557, #1994, #1878 ) ;
#2808 = CARTESIAN_POINT ( 'NONE',  ( 4.549999999999999822, 7.049999999999998934, 12.61999999999999922 ) ) ;
#2809 = EDGE_CURVE ( 'NONE', #5395, #797, #3446, .T. ) ;
#2810 = EDGE_CURVE ( 'NONE', #28, #4145, #2662, .T. ) ;
#2811 = AXIS2_PLACEMENT_3D ( 'NONE', #3485, #4401, #7995 ) ;
#2812 = DIRECTION ( 'NONE',  ( -1.000000000000000000, 0.000000000000000000, 0.000000000000000000 ) ) ;
#2813 = ADVANCED_FACE ( 'NONE', ( #7780 ), #268, .T. ) ;
#2814 = CARTESIAN_POINT ( 'NONE',  ( 3.620000000000001439, 8.149999999999998579, 0.8999999999999985789 ) ) ;
#2815 = LINE ( 'NONE', #2234, #5233 ) ;
#2816 = AXIS2_PLACEMENT_3D ( 'NONE', #4883, #3622, #565 ) ;
#2817 = CARTESIAN_POINT ( 'NONE',  ( 2.499999999999999556, 4.642547341124299898, 16.69999999999999929 ) ) ;
#2818 = CARTESIAN_POINT ( 'NONE',  ( 18.48452365234800254, 0.4717263528255698501, 29.76173343727360532 ) ) ;
#2819 = PLANE ( 'NONE',  #1242 ) ;
#2820 = ORIENTED_EDGE ( 'NONE', *, *, #3375, .T. ) ;
#2821 = ORIENTED_EDGE ( 'NONE', *, *, #959, .T. ) ;
#2822 = CARTESIAN_POINT ( 'NONE',  ( 4.549999999999999822, 8.149999999999998579, 12.08000000000000007 ) ) ;
#2823 = ADVANCED_FACE ( 'NONE', ( #4132 ), #2760, .T. ) ;
#2824 = ADVANCED_FACE ( 'NONE', ( #2915 ), #998, .T. ) ;
#2825 = LINE ( 'NONE', #6553, #6004 ) ;
#2826 = ORIENTED_EDGE ( 'NONE', *, *, #7875, .F. ) ;
#2827 = DIRECTION ( 'NONE',  ( 0.000000000000000000, -0.000000000000000000, 1.000000000000000000 ) ) ;
#2828 = CARTESIAN_POINT ( 'NONE',  ( 16.60000000000000142, 0.6500000000000001332, 22.25000000000000000 ) ) ;
#2829 = AXIS2_PLACEMENT_3D ( 'NONE', #283, #5032, #5555 ) ;
#2830 = ORIENTED_EDGE ( 'NONE', *, *, #1005, .T. ) ;
#2831 = CYLINDRICAL_SURFACE ( 'NONE', #6289, 0.9999999999974702458 ) ;
#2832 = ADVANCED_FACE ( 'NONE', ( #7107 ), #4591, .T. ) ;
#2833 = CARTESIAN_POINT ( 'NONE',  ( 18.10221458223799829, 0.6499999999999991340, 11.05000000000000249 ) ) ;
#2834 = ORIENTED_EDGE ( 'NONE', *, *, #695, .T. ) ;
#2835 = ORIENTED_EDGE ( 'NONE', *, *, #1644, .F. ) ;
#2836 = VERTEX_POINT ( 'NONE', #7177 ) ;
#2837 = DIRECTION ( 'NONE',  ( 1.000000000000000000, 0.000000000000000000, 0.000000000000000000 ) ) ;
#2838 = CARTESIAN_POINT ( 'NONE',  ( 17.18212227597109987, 7.049999999999999822, 11.08000000000252072 ) ) ;
#2839 = CARTESIAN_POINT ( 'NONE',  ( 0.000000000000000000, 6.599999999999999645, 14.11737620787499914 ) ) ;
#2840 = EDGE_CURVE ( 'NONE', #4350, #5188, #1742, .T. ) ;
#2841 = DIRECTION ( 'NONE',  ( 0.000000000000000000, 1.000000000000000000, 0.000000000000000000 ) ) ;
#2842 = DIRECTION ( 'NONE',  ( 0.000000000000000000, 0.000000000000000000, -1.000000000000000000 ) ) ;
#2843 = AXIS2_PLACEMENT_3D ( 'NONE', #5586, #4896, #7362 ) ;
#2844 = PERSON_AND_ORGANIZATION_ROLE ( 'creator' ) ;
#2845 = DIRECTION ( 'NONE',  ( 0.000000000000000000, 1.000000000000000000, 3.020277480495426641E-14 ) ) ;
#2846 = DIRECTION ( 'NONE',  ( -0.000000000000000000, -0.000000000000000000, 1.000000000000000000 ) ) ;
#2847 = ADVANCED_FACE ( 'NONE', ( #1505 ), #2223, .T. ) ;
#2848 = EDGE_CURVE ( 'NONE', #5000, #6005, #7141, .T. ) ;
#2849 = CARTESIAN_POINT ( 'NONE',  ( 2.500000000000000000, 6.100000000000000533, 13.71572807176701403 ) ) ;
#2850 = LINE ( 'NONE', #359, #2413 ) ;
#2851 = EDGE_LOOP ( 'NONE', ( #5467, #5597, #5570, #484, #3801, #1407, #1740, #1370, #6382, #2596 ) ) ;
#2852 = CARTESIAN_POINT ( 'NONE',  ( 4.550000000000000711, 8.149999999999998579, 5.960000000000000853 ) ) ;
#2853 = EDGE_LOOP ( 'NONE', ( #2572, #1895, #4437, #5260, #4847 ) ) ;
#2854 = EDGE_LOOP ( 'NONE', ( #1721, #148, #546, #4242, #4400, #5631, #4418, #306, #7138, #7856 ) ) ;
#2855 = CARTESIAN_POINT ( 'NONE',  ( 9.419999999999999929, 8.149999999999998579, 12.64000000000000412 ) ) ;
#2856 = EDGE_CURVE ( 'NONE', #2525, #6395, #845, .T. ) ;
#2857 = CARTESIAN_POINT ( 'NONE',  ( 17.33486177177819343, 7.049999999999994493, 11.56000000000000050 ) ) ;
#2858 = AXIS2_PLACEMENT_3D ( 'NONE', #5998, #1083, #7342 ) ;
#2859 = VERTEX_POINT ( 'NONE', #1571 ) ;
#2860 = CARTESIAN_POINT ( 'NONE',  ( 4.549999999999999822, 7.000000000000000000, 1.440000000000001501 ) ) ;
#2861 = DIRECTION ( 'NONE',  ( 0.000000000000000000, 1.000000000000000000, 0.000000000000000000 ) ) ;
#2862 = ORIENTED_EDGE ( 'NONE', *, *, #4692, .F. ) ;
#2863 = CARTESIAN_POINT ( 'NONE',  ( 18.11572158209749617, 0.7000000000000019540, 0.000000000000000000 ) ) ;
#2864 = DIRECTION ( 'NONE',  ( 0.8955305689931775115, 0.000000000000000000, -0.4449999999986020693 ) ) ;
#2865 = CARTESIAN_POINT ( 'NONE',  ( 16.60000000000000142, 1.349999999999976108, 27.85000000000000497 ) ) ;
#2866 = ORIENTED_EDGE ( 'NONE', *, *, #4098, .T. ) ;
#2867 = ORIENTED_EDGE ( 'NONE', *, *, #5718, .F. ) ;
#2868 = ORIENTED_EDGE ( 'NONE', *, *, #3095, .T. ) ;
#2869 = EDGE_CURVE ( 'NONE', #1165, #6288, #7454, .T. ) ;
#2870 = AXIS2_PLACEMENT_3D ( 'NONE', #4308, #6782, #1220 ) ;
#2871 = VERTEX_POINT ( 'NONE', #2389 ) ;
#2872 = FACE_OUTER_BOUND ( 'NONE', #2611, .T. ) ;
#2873 = CARTESIAN_POINT ( 'NONE',  ( 10.25000000000061995, 7.049999999999999822, 27.98000000000060083 ) ) ;
#2874 = CARTESIAN_POINT ( 'NONE',  ( 18.11988951088910582, 0.7134569061650632982, 12.80838015992840617 ) ) ;
#2875 = ADVANCED_FACE ( 'NONE', ( #4781 ), #7858, .T. ) ;
#2876 = VECTOR ( 'NONE', #1475, 1000.000000000000000 ) ;
#2877 = CYLINDRICAL_SURFACE ( 'NONE', #7806, 0.6999999999999420019 ) ;
#2878 = PERSON_AND_ORGANIZATION ( #6653, #1510 ) ;
#2879 = VECTOR ( 'NONE', #2969, 1000.000000000000000 ) ;
#2880 = LINE ( 'NONE', #4644, #7160 ) ;
#2881 = CARTESIAN_POINT ( 'NONE',  ( 17.33486177177820053, 7.049999999999999822, 16.67499999999999716 ) ) ;
#2882 = CARTESIAN_POINT ( 'NONE',  ( 16.53789423262926306, 7.782125228500601288, 0.08201555965917896318 ) ) ;
#2883 = DIRECTION ( 'NONE',  ( 1.000000000000000000, -0.000000000000000000, -0.000000000000000000 ) ) ;
#2884 = LINE ( 'NONE', #5212, #6054 ) ;
#2885 = VERTEX_POINT ( 'NONE', #3132 ) ;
#2886 = AXIS2_PLACEMENT_3D ( 'NONE', #1465, #2650, #5127 ) ;
#2887 = VECTOR ( 'NONE', #2842, 1000.000000000000000 ) ;
#2888 = DIRECTION ( 'NONE',  ( 0.000000000000000000, -1.000000000000000000, 0.000000000000000000 ) ) ;
#2889 = ORIENTED_EDGE ( 'NONE', *, *, #1989, .T. ) ;
#2890 = AXIS2_PLACEMENT_3D ( 'NONE', #4134, #3091, #7942 ) ;
#2891 = ORIENTED_EDGE ( 'NONE', *, *, #7336, .F. ) ;
#2892 = EDGE_CURVE ( 'NONE', #6005, #851, #7585, .T. ) ;
#2893 = CARTESIAN_POINT ( 'NONE',  ( 16.60000000000000142, 0.6500000000000001332, 1.950000000000002176 ) ) ;
#2894 = VECTOR ( 'NONE', #7488, 1000.000000000000000 ) ;
#2895 = VECTOR ( 'NONE', #7601, 1000.000000000000000 ) ;
#2896 = CARTESIAN_POINT ( 'NONE',  ( 10.02241238366300102, 7.948185016151895432, 11.56000000000000050 ) ) ;
#2897 = ORIENTED_EDGE ( 'NONE', *, *, #6657, .F. ) ;
#2898 = DIRECTION ( 'NONE',  ( 0.000000000000000000, 0.000000000000000000, 1.000000000000000000 ) ) ;
#2899 = DIRECTION ( 'NONE',  ( -1.000000000000000000, 0.000000000000000000, 0.000000000000000000 ) ) ;
#2900 = CARTESIAN_POINT ( 'NONE',  ( 8.820000000000000284, 7.400000000000000355, 4.860000000000001208 ) ) ;
#2901 = VECTOR ( 'NONE', #5634, 1000.000000000000000 ) ;
#2902 = AXIS2_PLACEMENT_3D ( 'NONE', #4871, #3649, #7989 ) ;
#2903 = ADVANCED_FACE ( 'NONE', ( #6733 ), #3610, .T. ) ;
#2904 = ORIENTED_EDGE ( 'NONE', *, *, #1392, .T. ) ;
#2905 = ADVANCED_FACE ( 'NONE', ( #2954 ), #6692, .T. ) ;
#2906 = CARTESIAN_POINT ( 'NONE',  ( 8.820000000000000284, 8.000000000000065725, 8.139999999999998792 ) ) ;
#2907 = FACE_OUTER_BOUND ( 'NONE', #1491, .T. ) ;
#2908 = CYLINDRICAL_SURFACE ( 'NONE', #1223, 0.6999999999999784173 ) ;
#2909 = VERTEX_POINT ( 'NONE', #1080 ) ;
#2910 = AXIS2_PLACEMENT_3D ( 'NONE', #2803, #5278, #7746 ) ;
#2911 = CARTESIAN_POINT ( 'NONE',  ( 16.60000000000000142, 6.299999999999879918, 13.42499999999987992 ) ) ;
#2912 = VERTEX_POINT ( 'NONE', #4870 ) ;
#2913 = EDGE_LOOP ( 'NONE', ( #5370, #2994, #4760, #4403 ) ) ;
#2914 = ORIENTED_EDGE ( 'NONE', *, *, #2643, .F. ) ;
#2915 = FACE_OUTER_BOUND ( 'NONE', #2143, .T. ) ;
#2916 = LINE ( 'NONE', #269, #3287 ) ;
#2917 = CARTESIAN_POINT ( 'NONE',  ( 8.820000000000000284, 7.400000000000005684, 9.860000000000001208 ) ) ;
#2918 = ADVANCED_FACE ( 'NONE', ( #6770 ), #3698, .T. ) ;
#2919 = VERTEX_POINT ( 'NONE', #7899 ) ;
#2920 = EDGE_LOOP ( 'NONE', ( #3788, #1667, #5071, #1264 ) ) ;
#2921 = VECTOR ( 'NONE', #2009, 1000.000000000000000 ) ;
#2922 = ORIENTED_EDGE ( 'NONE', *, *, #3555, .F. ) ;
#2923 = LINE ( 'NONE', #3099, #3146 ) ;
#2924 = CARTESIAN_POINT ( 'NONE',  ( 10.65000000000000391, 7.550000000000000711, 24.21999999999999886 ) ) ;
#2925 = DIRECTION ( 'NONE',  ( -0.000000000000000000, 1.000000000000000000, -0.000000000000000000 ) ) ;
#2926 = VECTOR ( 'NONE', #2213, 1000.000000000000000 ) ;
#2927 = DIRECTION ( 'NONE',  ( 1.000000000000000000, -0.000000000000000000, -0.000000000000000000 ) ) ;
#2928 = CARTESIAN_POINT ( 'NONE',  ( 4.550000000000000711, 8.149999999999998579, 11.55999999999999872 ) ) ;
#2929 = CYLINDRICAL_SURFACE ( 'NONE', #4317, 0.6999999999999402256 ) ;
#2930 = CIRCLE ( 'NONE', #3581, 0.4999999999999469869 ) ;
#2931 = AXIS2_PLACEMENT_3D ( 'NONE', #3530, #5255, #6016 ) ;
#2932 = LINE ( 'NONE', #5406, #6413 ) ;
#2933 = ORIENTED_EDGE ( 'NONE', *, *, #6237, .F. ) ;
#2934 = DIRECTION ( 'NONE',  ( -0.000000000000000000, 1.057355261547767459E-16, -1.000000000000000000 ) ) ;
#2935 = VECTOR ( 'NONE', #5439, 1000.000000000000000 ) ;
#2936 = EDGE_CURVE ( 'NONE', #1796, #2775, #6047, .T. ) ;
#2937 = DIRECTION ( 'NONE',  ( 0.000000000000000000, 0.000000000000000000, -1.000000000000000000 ) ) ;
#2938 = VERTEX_POINT ( 'NONE', #1733 ) ;
#2939 = CARTESIAN_POINT ( 'NONE',  ( 4.550000000000004263, 7.049999999999998934, 12.12000000000000099 ) ) ;
#2940 = CARTESIAN_POINT ( 'NONE',  ( 10.02241238366300102, 7.948185016151897209, 7.040000000000000036 ) ) ;
#2941 = DIRECTION ( 'NONE',  ( -0.000000000000000000, -0.000000000000000000, 1.000000000000000000 ) ) ;
#2942 = ORIENTED_EDGE ( 'NONE', *, *, #4050, .F. ) ;
#2943 = ORIENTED_EDGE ( 'NONE', *, *, #6858, .F. ) ;
#2944 = CARTESIAN_POINT ( 'NONE',  ( 16.18594924246994893, 5.979999999998560689, 1.440000000000000169 ) ) ;
#2945 = DIRECTION ( 'NONE',  ( -0.000000000000000000, -1.000000000000000000, -0.000000000000000000 ) ) ;
#2946 = CARTESIAN_POINT ( 'NONE',  ( 4.550000000000000711, 7.049999999999999822, 0.9200000000000008171 ) ) ;
#2947 = CARTESIAN_POINT ( 'NONE',  ( 17.91437827766101520, 6.299999999999941203, 13.12500000000000000 ) ) ;
#2948 = ORIENTED_EDGE ( 'NONE', *, *, #7720, .F. ) ;
#2949 = DIRECTION ( 'NONE',  ( 0.000000000000000000, 1.000000000000000000, -3.360275021198819078E-13 ) ) ;
#2950 = EDGE_CURVE ( 'NONE', #1812, #6328, #2303, .T. ) ;
#2951 = ORIENTED_EDGE ( 'NONE', *, *, #7662, .T. ) ;
#2952 = ORIENTED_EDGE ( 'NONE', *, *, #6699, .F. ) ;
#2953 = EDGE_LOOP ( 'NONE', ( #3246, #5695, #6305, #7865, #7273, #2568, #6126 ) ) ;
#2954 = FACE_OUTER_BOUND ( 'NONE', #3693, .T. ) ;
#2955 = VECTOR ( 'NONE', #1973, 1000.000000000000000 ) ;
#2956 = CARTESIAN_POINT ( 'NONE',  ( 4.550000000000000711, 7.049999999999999822, 5.980000000000001315 ) ) ;
#2957 = DIRECTION ( 'NONE',  ( 0.000000000000000000, 1.000000000000000000, 0.000000000000000000 ) ) ;
#2958 = VERTEX_POINT ( 'NONE', #7251 ) ;
#2959 = CARTESIAN_POINT ( 'NONE',  ( 4.550000000000000711, 8.149999999999998579, 28.35999999999999943 ) ) ;
#2960 = ORIENTED_EDGE ( 'NONE', *, *, #5374, .F. ) ;
#2961 = ADVANCED_FACE ( 'NONE', ( #1167 ), #6088, .T. ) ;
#2962 = ORIENTED_EDGE ( 'NONE', *, *, #3415, .T. ) ;
#2963 = CARTESIAN_POINT ( 'NONE',  ( 4.549999999999999822, 7.000000000000000888, 23.83999999999999986 ) ) ;
#2964 = EDGE_CURVE ( 'NONE', #1974, #342, #506, .T. ) ;
#2965 = DIRECTION ( 'NONE',  ( 1.000000000000000000, -0.000000000000000000, -0.000000000000000000 ) ) ;
#2966 = CARTESIAN_POINT ( 'NONE',  ( 10.25000000000000000, 7.049999999999999822, 22.78000000000000114 ) ) ;
#2967 = CARTESIAN_POINT ( 'NONE',  ( 18.10221458223799829, 0.6500000000000024647, 13.15000000000000213 ) ) ;
#2968 = CARTESIAN_POINT ( 'NONE',  ( 4.550000000000000711, 7.049999999999999822, 18.21999999999999886 ) ) ;
#2969 = DIRECTION ( 'NONE',  ( 1.000000000000000000, 0.000000000000000000, 0.000000000000000000 ) ) ;
#2970 = CYLINDRICAL_SURFACE ( 'NONE', #6432, 0.3999999999993852362 ) ;
#2971 = EDGE_CURVE ( 'NONE', #1810, #3521, #1208, .T. ) ;
#2972 = AXIS2_PLACEMENT_3D ( 'NONE', #798, #2713, #5223 ) ;
#2973 = ORIENTED_EDGE ( 'NONE', *, *, #3819, .F. ) ;
#2974 = CARTESIAN_POINT ( 'NONE',  ( 17.18212227597109987, 8.149999999999998579, 16.68000000000255056 ) ) ;
#2975 = CARTESIAN_POINT ( 'NONE',  ( 0.2999999999955427210, 4.254627983564946092, 16.69999999999999929 ) ) ;
#2976 = EDGE_CURVE ( 'NONE', #2331, #919, #5650, .T. ) ;
#2977 = DIRECTION ( 'NONE',  ( -1.037615044444071118E-12, 4.843875152556351784E-13, -1.000000000000000000 ) ) ;
#2978 = ORIENTED_EDGE ( 'NONE', *, *, #480, .T. ) ;
#2979 = DIRECTION ( 'NONE',  ( -0.000000000000000000, 1.000000000000000000, 0.000000000000000000 ) ) ;
#2980 = CARTESIAN_POINT ( 'NONE',  ( 10.25000000000061995, 8.149999999999998579, 18.61999999999940059 ) ) ;
#2981 = DIRECTION ( 'NONE',  ( -0.000000000000000000, -0.000000000000000000, 1.000000000000000000 ) ) ;
#2982 = DIRECTION ( 'NONE',  ( 0.000000000000000000, 1.000000000000000000, 0.000000000000000000 ) ) ;
#2983 = ORIENTED_EDGE ( 'NONE', *, *, #6903, .T. ) ;
#2984 = ORIENTED_EDGE ( 'NONE', *, *, #6611, .F. ) ;
#2985 = ADVANCED_FACE ( 'NONE', ( #1260 ), #4912, .T. ) ;
#2986 = FACE_OUTER_BOUND ( 'NONE', #6292, .T. ) ;
#2987 = DIRECTION ( 'NONE',  ( 0.000000000000000000, 0.000000000000000000, -1.000000000000000000 ) ) ;
#2988 = CARTESIAN_POINT ( 'NONE',  ( 4.550000000000000711, 7.049999999999999822, 12.61999999999999922 ) ) ;
#2989 = CARTESIAN_POINT ( 'NONE',  ( 4.549999999999999822, 7.049999999999998934, 17.67999999999999972 ) ) ;
#2990 = VERTEX_POINT ( 'NONE', #600 ) ;
#2991 = DIRECTION ( 'NONE',  ( 0.000000000000000000, -0.000000000000000000, 1.000000000000000000 ) ) ;
#2992 = VERTEX_POINT ( 'NONE', #8029 ) ;
#2993 = ORIENTED_EDGE ( 'NONE', *, *, #3184, .F. ) ;
#2994 = ORIENTED_EDGE ( 'NONE', *, *, #7986, .F. ) ;
#2995 = DIRECTION ( 'NONE',  ( 0.7981850161516506059, -0.6024123836633749063, -0.000000000000000000 ) ) ;
#2996 = CARTESIAN_POINT ( 'NONE',  ( 10.54999999999880700, 7.550000000000000711, 18.35542486889182001 ) ) ;
#2997 = EDGE_CURVE ( 'NONE', #7573, #2184, #2474, .T. ) ;
#2998 = LINE ( 'NONE', #5470, #1443 ) ;
#2999 = ORIENTED_EDGE ( 'NONE', *, *, #516, .F. ) ;
#3000 = DIRECTION ( 'NONE',  ( 1.000000000000000000, 0.000000000000000000, 0.000000000000000000 ) ) ;
#3001 = ORIENTED_EDGE ( 'NONE', *, *, #3426, .T. ) ;
#3002 = EDGE_CURVE ( 'NONE', #543, #251, #5898, .T. ) ;
#3003 = ORIENTED_EDGE ( 'NONE', *, *, #3675, .T. ) ;
#3004 = DIRECTION ( 'NONE',  ( 0.8955305689931792879, 0.000000000000000000, 0.4449999999985984056 ) ) ;
#3005 = CARTESIAN_POINT ( 'NONE',  ( 13.60000000000356302, 7.049999999999999822, 3.700000000000000178 ) ) ;
#3006 = ADVANCED_FACE ( 'NONE', ( #3249 ), #2641, .T. ) ;
#3007 = DIRECTION ( 'NONE',  ( 0.000000000000000000, 0.000000000000000000, 1.000000000000000000 ) ) ;
#3008 = VECTOR ( 'NONE', #274, 1000.000000000000000 ) ;
#3009 = LINE ( 'NONE', #4268, #1774 ) ;
#3010 = CARTESIAN_POINT ( 'NONE',  ( 13.60000000000356302, 7.049999999999999822, 14.90000000000000036 ) ) ;
#3011 = DIRECTION ( 'NONE',  ( -0.000000000000000000, -0.000000000000000000, 1.000000000000000000 ) ) ;
#3012 = VECTOR ( 'NONE', #5740, 1000.000000000000000 ) ;
#3013 = CARTESIAN_POINT ( 'NONE',  ( 13.60000000000356302, 8.149999999999998579, 14.90000000000000036 ) ) ;
#3014 = LINE ( 'NONE', #2285, #5621 ) ;
#3015 = EDGE_CURVE ( 'NONE', #5812, #4572, #6947, .T. ) ;
#3016 = VECTOR ( 'NONE', #7873, 1000.000000000000000 ) ;
#3017 = CARTESIAN_POINT ( 'NONE',  ( 16.60000000000000142, 4.770000000000001350, 16.65000000000000213 ) ) ;
#3018 = ORIENTED_EDGE ( 'NONE', *, *, #2387, .T. ) ;
#3019 = CARTESIAN_POINT ( 'NONE',  ( 10.37489995996849856, 7.050000000000000711, 1.440000000000000169 ) ) ;
#3020 = CARTESIAN_POINT ( 'NONE',  ( 8.820000000000000284, 8.149999999999998579, 24.94000000000000128 ) ) ;
#3021 = CARTESIAN_POINT ( 'NONE',  ( 15.23000000000025267, 5.650000000000099831, 29.80000000000000071 ) ) ;
#3022 = FACE_OUTER_BOUND ( 'NONE', #4826, .T. ) ;
#3023 = EDGE_LOOP ( 'NONE', ( #2948, #6020, #143, #3548 ) ) ;
#3024 = VECTOR ( 'NONE', #7730, 1000.000000000000000 ) ;
#3025 = ORIENTED_EDGE ( 'NONE', *, *, #440, .T. ) ;
#3026 = CARTESIAN_POINT ( 'NONE',  ( 16.60000000000000142, 4.070000000000059792, 22.25000000000000000 ) ) ;
#3027 = CARTESIAN_POINT ( 'NONE',  ( 18.58205168432627019, 4.770000000000021778, 1.772309282536132624 ) ) ;
#3028 = VECTOR ( 'NONE', #6708, 1000.000000000000000 ) ;
#3029 = CARTESIAN_POINT ( 'NONE',  ( 16.60000000000000142, 0.6500000000000001332, 13.15000000000000036 ) ) ;
#3030 = CARTESIAN_POINT ( 'NONE',  ( 4.550000000000000711, 7.049999999999999822, 6.519999999999999574 ) ) ;
#3031 = ORIENTED_EDGE ( 'NONE', *, *, #745, .F. ) ;
#3032 = CARTESIAN_POINT ( 'NONE',  ( 4.690000000058420326, 4.299999999992524913, 29.80000000000000071 ) ) ;
#3033 = ORIENTED_EDGE ( 'NONE', *, *, #6685, .T. ) ;
#3034 = VERTEX_POINT ( 'NONE', #764 ) ;
#3035 = CIRCLE ( 'NONE', #3695, 0.7000000000000111688 ) ;
#3036 = ORIENTED_EDGE ( 'NONE', *, *, #6222, .T. ) ;
#3037 = CARTESIAN_POINT ( 'NONE',  ( 0.2999999999955429431, 4.254627983564945204, 16.69999999999999929 ) ) ;
#3038 = VECTOR ( 'NONE', #4988, 1000.000000000000000 ) ;
#3039 = DIRECTION ( 'NONE',  ( 0.000000000000000000, 0.000000000000000000, 1.000000000000000000 ) ) ;
#3040 = CARTESIAN_POINT ( 'NONE',  ( 4.690000000058420326, 4.299999999992524913, 29.80000000000000071 ) ) ;
#3041 = ORIENTED_EDGE ( 'NONE', *, *, #4737, .F. ) ;
#3042 = AXIS2_PLACEMENT_3D ( 'NONE', #7216, #6567, #5885 ) ;
#3043 = ORIENTED_EDGE ( 'NONE', *, *, #3073, .F. ) ;
#3044 = ORIENTED_EDGE ( 'NONE', *, *, #2754, .T. ) ;
#3045 = ORIENTED_EDGE ( 'NONE', *, *, #6867, .T. ) ;
#3046 = DIRECTION ( 'NONE',  ( 1.292605314554002958E-13, -1.000000000000000000, -0.000000000000000000 ) ) ;
#3047 = AXIS2_PLACEMENT_3D ( 'NONE', #5116, #3215, #848 ) ;
#3048 = DIRECTION ( 'NONE',  ( 1.000000000000000000, 0.000000000000000000, 0.000000000000000000 ) ) ;
#3049 = AXIS2_PLACEMENT_3D ( 'NONE', #4079, #3472, #370 ) ;
#3050 = CYLINDRICAL_SURFACE ( 'NONE', #590, 0.3999999999993835154 ) ;
#3051 = FACE_OUTER_BOUND ( 'NONE', #402, .T. ) ;
#3052 = DIRECTION ( 'NONE',  ( 1.937843824800275300E-13, 1.000000000000000000, -0.000000000000000000 ) ) ;
#3053 = ADVANCED_FACE ( 'NONE', ( #3864 ), #4469, .T. ) ;
#3054 = CARTESIAN_POINT ( 'NONE',  ( 18.58809699203467858, 4.069999999999994067, 17.34999999999994458 ) ) ;
#3055 = ADVANCED_FACE ( 'NONE', ( #5039 ), #2025, .T. ) ;
#3056 = EDGE_CURVE ( 'NONE', #3369, #1306, #7588, .T. ) ;
#3057 = CARTESIAN_POINT ( 'NONE',  ( 18.58809699203467858, 1.349999999999981437, 6.850000000000001421 ) ) ;
#3058 = VECTOR ( 'NONE', #7721, 1000.000000000000000 ) ;
#3059 = AXIS2_PLACEMENT_3D ( 'NONE', #3353, #2740, #4680 ) ;
#3060 = AXIS2_PLACEMENT_3D ( 'NONE', #1695, #435, #4790 ) ;
#3061 = EDGE_CURVE ( 'NONE', #3317, #7015, #1339, .T. ) ;
#3062 = CARTESIAN_POINT ( 'NONE',  ( 10.25000000000030909, 8.149999999999998579, 22.77999999999998337 ) ) ;
#3063 = DIRECTION ( 'NONE',  ( 1.000000000000000000, 0.000000000000000000, 0.000000000000000000 ) ) ;
#3064 = FACE_OUTER_BOUND ( 'NONE', #6899, .T. ) ;
#3065 = VECTOR ( 'NONE', #5574, 1000.000000000000000 ) ;
#3066 = EDGE_LOOP ( 'NONE', ( #1187, #2300, #5165, #1500, #3843, #5201 ) ) ;
#3067 = LINE ( 'NONE', #7966, #1182 ) ;
#3068 = DIRECTION ( 'NONE',  ( 0.000000000000000000, 1.000000000000000000, 2.320139545335009205E-13 ) ) ;
#3069 = DIRECTION ( 'NONE',  ( 1.000000000000000000, -0.000000000000000000, 7.281797661615007856E-15 ) ) ;
#3070 = ADVANCED_FACE ( 'NONE', ( #2063 ), #7467, .F. ) ;
#3071 = CARTESIAN_POINT ( 'NONE',  ( 16.60000000000000142, 4.769999999999999574, 16.65000000000000213 ) ) ;
#3072 = ORIENTED_EDGE ( 'NONE', *, *, #6593, .F. ) ;
#3073 = EDGE_CURVE ( 'NONE', #5521, #6458, #7546, .T. ) ;
#3074 = ADVANCED_FACE ( 'NONE', ( #5601 ), #5725, .T. ) ;
#3075 = VERTEX_POINT ( 'NONE', #3821 ) ;
#3076 = CARTESIAN_POINT ( 'NONE',  ( 10.25000000000021316, 8.149999999999998579, 1.420000000000001927 ) ) ;
#3077 = FACE_OUTER_BOUND ( 'NONE', #1445, .T. ) ;
#3078 = VECTOR ( 'NONE', #3578, 1000.000000000000000 ) ;
#3079 = PLANE ( 'NONE',  #2003 ) ;
#3080 = CARTESIAN_POINT ( 'NONE',  ( 18.58897279926770807, 4.122921973353961711, 6.150000000000007461 ) ) ;
#3081 = CARTESIAN_POINT ( 'NONE',  ( 18.59006940929767282, 4.275293028433075015, 22.92123728017359241 ) ) ;
#3082 = ORIENTED_EDGE ( 'NONE', *, *, #706, .F. ) ;
#3083 = DIRECTION ( 'NONE',  ( 0.7236544834620229905, 0.6901624363621312597, 0.000000000000000000 ) ) ;
#3084 = VERTEX_POINT ( 'NONE', #5075 ) ;
#3085 = EDGE_LOOP ( 'NONE', ( #911, #5082, #6003, #3003 ) ) ;
#3086 = B_SPLINE_CURVE_WITH_KNOTS ( 'NONE', 3,
 ( #3685, #2423, #4201, #1068, #3639, #6678, #3508, #5552, #1723, #6078 ),
 .UNSPECIFIED., .F., .F.,
 ( 4, 2, 2, 2, 4 ),
 ( 0.000000000000000000, 0.4999999999999961142, 0.7499999999999948930, 0.8749999999999974465, 1.000000000000000000 ),
 .UNSPECIFIED. ) ;
#3087 = ADVANCED_FACE ( 'NONE', ( #7510 ), #6375, .T. ) ;
#3088 = ORIENTED_EDGE ( 'NONE', *, *, #4837, .F. ) ;
#3089 = DIRECTION ( 'NONE',  ( -1.000000000000000000, 0.000000000000000000, 0.000000000000000000 ) ) ;
#3090 = CARTESIAN_POINT ( 'NONE',  ( 10.37489995997995429, 7.682152859742345186, 7.040000000000000036 ) ) ;
#3091 = DIRECTION ( 'NONE',  ( 0.000000000000000000, 0.000000000000000000, -1.000000000000000000 ) ) ;
#3092 = VERTEX_POINT ( 'NONE', #1911 ) ;
#3093 = AXIS2_PLACEMENT_3D ( 'NONE', #1655, #4956, #4349 ) ;
#3094 = DIRECTION ( 'NONE',  ( 0.000000000000000000, -1.000000000000000000, -5.782411586588430333E-15 ) ) ;
#3095 = EDGE_CURVE ( 'NONE', #3850, #3657, #4482, .T. ) ;
#3096 = ORIENTED_EDGE ( 'NONE', *, *, #2964, .T. ) ;
#3097 = DIRECTION ( 'NONE',  ( 0.000000000000000000, 0.000000000000000000, 1.000000000000000000 ) ) ;
#3098 = ORIENTED_EDGE ( 'NONE', *, *, #4510, .F. ) ;
#3099 = CARTESIAN_POINT ( 'NONE',  ( 4.550000000000000711, 7.000000000000000000, 5.959999999999999964 ) ) ;
#3100 = CIRCLE ( 'NONE', #6342, 0.6999999999999768630 ) ;
#3101 = CARTESIAN_POINT ( 'NONE',  ( 2.500000000000000000, 6.100000000000000533, 16.69999999999999929 ) ) ;
#3102 = EDGE_CURVE ( 'NONE', #2327, #2686, #1612, .T. ) ;
#3103 = CARTESIAN_POINT ( 'NONE',  ( 10.37489995996849856, 7.050000000000000711, 7.040000000000000036 ) ) ;
#3104 = DIRECTION ( 'NONE',  ( -0.1736481776669065169, 0.9848077530122122392, -0.000000000000000000 ) ) ;
#3105 = CARTESIAN_POINT ( 'NONE',  ( 10.25000000000030909, 7.049999999999999822, 28.37999999999998479 ) ) ;
#3106 = DIRECTION ( 'NONE',  ( 0.000000000000000000, -1.000000000000000000, -9.516197353939456419E-13 ) ) ;
#3107 = CARTESIAN_POINT ( 'NONE',  ( 4.550000000000000711, 8.149999999999998579, 23.31999999999999318 ) ) ;
#3108 = PLANE ( 'NONE',  #6768 ) ;
#3109 = CARTESIAN_POINT ( 'NONE',  ( 16.60000000000000142, 0.6500000000000001332, 24.35000000000000497 ) ) ;
#3110 = ADVANCED_FACE ( 'NONE', ( #5647 ), #68, .F. ) ;
#3111 = FACE_OUTER_BOUND ( 'NONE', #4730, .T. ) ;
#3112 = ORIENTED_EDGE ( 'NONE', *, *, #2497, .T. ) ;
#3113 = CARTESIAN_POINT ( 'NONE',  ( 10.25000000000020961, 8.149999999999998579, 18.22000000000001663 ) ) ;
#3114 = CARTESIAN_POINT ( 'NONE',  ( 10.25000000000061995, 7.049999999999999822, 27.98000000000060083 ) ) ;
#3115 = FACE_OUTER_BOUND ( 'NONE', #1212, .T. ) ;
#3116 = CARTESIAN_POINT ( 'NONE',  ( 4.549999999999999822, 7.000000000000000888, 12.64000000000000057 ) ) ;
#3117 = VERTEX_POINT ( 'NONE', #520 ) ;
#3118 = ORIENTED_EDGE ( 'NONE', *, *, #6459, .F. ) ;
#3119 = LINE ( 'NONE', #1845, #2275 ) ;
#3120 = DIRECTION ( 'NONE',  ( 0.000000000000000000, 0.000000000000000000, -1.000000000000000000 ) ) ;
#3121 = AXIS2_PLACEMENT_3D ( 'NONE', #2290, #4767, #3728 ) ;
#3122 = EDGE_CURVE ( 'NONE', #106, #5566, #4884, .T. ) ;
#3123 = DIRECTION ( 'NONE',  ( 1.000000000000000000, 0.000000000000000000, 0.000000000000000000 ) ) ;
#3124 = EDGE_CURVE ( 'NONE', #6512, #5101, #7946, .T. ) ;
#3125 = CARTESIAN_POINT ( 'NONE',  ( 18.10881781221917564, 6.000000000000000000, 15.54080028089899557 ) ) ;
#3126 = CARTESIAN_POINT ( 'NONE',  ( 18.58938014848537890, 4.458358702864406276, 22.84115392084601126 ) ) ;
#3127 = ORIENTED_EDGE ( 'NONE', *, *, #8034, .F. ) ;
#3128 = LINE ( 'NONE', #4947, #2378 ) ;
#3129 = VERTEX_POINT ( 'NONE', #3105 ) ;
#3130 = VERTEX_POINT ( 'NONE', #6660 ) ;
#3131 = ORIENTED_EDGE ( 'NONE', *, *, #399, .F. ) ;
#3132 = CARTESIAN_POINT ( 'NONE',  ( 17.37947366142814687, 7.000000000000001776, 22.75999999999999801 ) ) ;
#3133 = LINE ( 'NONE', #3612, #2394 ) ;
#3134 = ORIENTED_EDGE ( 'NONE', *, *, #6525, .F. ) ;
#3135 = ADVANCED_FACE ( 'NONE', ( #1178 ), #1095, .F. ) ;
#3136 = ORIENTED_EDGE ( 'NONE', *, *, #5199, .F. ) ;
#3137 = ORIENTED_EDGE ( 'NONE', *, *, #7027, .F. ) ;
#3138 = ORIENTED_EDGE ( 'NONE', *, *, #2964, .F. ) ;
#3139 = VERTEX_POINT ( 'NONE', #3579 ) ;
#3140 = ADVANCED_FACE ( 'NONE', ( #1880 ), #7309, .T. ) ;
#3141 = DIRECTION ( 'NONE',  ( 0.000000000000000000, 1.000000000000000000, 0.000000000000000000 ) ) ;
#3142 = DIRECTION ( 'NONE',  ( 0.000000000000000000, 0.000000000000000000, 1.000000000000000000 ) ) ;
#3143 = CARTESIAN_POINT ( 'NONE',  ( 18.58205168432626309, 4.769999999999997797, 12.97230928253608973 ) ) ;
#3144 = CARTESIAN_POINT ( 'NONE',  ( 13.60000000000356302, 7.049999999999999822, 20.50000000000000000 ) ) ;
#3145 = DIRECTION ( 'NONE',  ( 0.000000000000000000, 1.000000000000000000, 0.000000000000000000 ) ) ;
#3146 = VECTOR ( 'NONE', #6702, 1000.000000000000000 ) ;
#3147 = FACE_OUTER_BOUND ( 'NONE', #5077, .T. ) ;
#3148 = DIRECTION ( 'NONE',  ( -3.174543961041026456E-13, 1.000000000000000000, 0.000000000000000000 ) ) ;
#3149 = FACE_OUTER_BOUND ( 'NONE', #6132, .T. ) ;
#3150 = VERTEX_POINT ( 'NONE', #2490 ) ;
#3151 = DIRECTION ( 'NONE',  ( -0.000000000000000000, -0.000000000000000000, 1.000000000000000000 ) ) ;
#3152 = DIRECTION ( 'NONE',  ( 0.000000000000000000, 0.000000000000000000, -1.000000000000000000 ) ) ;
#3153 = FACE_OUTER_BOUND ( 'NONE', #2212, .T. ) ;
#3154 = AXIS2_PLACEMENT_3D ( 'NONE', #6576, #5401, #2353 ) ;
#3155 = CARTESIAN_POINT ( 'NONE',  ( 4.550000000000000711, 8.149999999999998579, 11.56000000000000227 ) ) ;
#3156 = EDGE_LOOP ( 'NONE', ( #2087, #7994, #2722, #3202 ) ) ;
#3157 = ORIENTED_EDGE ( 'NONE', *, *, #7229, .T. ) ;
#3158 = DIRECTION ( 'NONE',  ( 0.000000000000000000, 1.000000000000000000, 0.000000000000000000 ) ) ;
#3159 = CARTESIAN_POINT ( 'NONE',  ( 18.56820588056100618, 0.08043539469271529518, 29.43821948272787381 ) ) ;
#3160 = DIRECTION ( 'NONE',  ( 0.000000000000000000, -1.000000000000000000, 2.478176394252662985E-15 ) ) ;
#3161 = VECTOR ( 'NONE', #2575, 1000.000000000000000 ) ;
#3162 = DIRECTION ( 'NONE',  ( 5.006096547400707783E-13, 1.000000000000000000, 0.000000000000000000 ) ) ;
#3163 = DIRECTION ( 'NONE',  ( 1.000000000000000000, -0.000000000000000000, -0.000000000000000000 ) ) ;
#3164 = ORIENTED_EDGE ( 'NONE', *, *, #2308, .T. ) ;
#3165 = FACE_OUTER_BOUND ( 'NONE', #3311, .T. ) ;
#3166 = ORIENTED_EDGE ( 'NONE', *, *, #6980, .F. ) ;
#3167 = LINE ( 'NONE', #4545, #2033 ) ;
#3168 = EDGE_CURVE ( 'NONE', #2747, #6863, #7264, .T. ) ;
#3169 = CIRCLE ( 'NONE', #2113, 0.6999999999999769740 ) ;
#3170 = EDGE_CURVE ( 'NONE', #1763, #5046, #6062, .T. ) ;
#3171 = VERTEX_POINT ( 'NONE', #6188 ) ;
#3172 = CARTESIAN_POINT ( 'NONE',  ( 16.60000000000000142, 4.070000000000059792, 7.550000000000000711 ) ) ;
#3173 = ADVANCED_FACE ( 'NONE', ( #5533 ), #4269, .T. ) ;
#3174 = DIRECTION ( 'NONE',  ( 1.000000000000000000, -0.000000000000000000, -0.000000000000000000 ) ) ;
#3175 = VERTEX_POINT ( 'NONE', #6014 ) ;
#3176 = CIRCLE ( 'NONE', #7815, 0.3999999999993835154 ) ;
#3177 = DIRECTION ( 'NONE',  ( 1.000000000000000000, -0.000000000000000000, 1.177316986195688425E-15 ) ) ;
#3178 = ORIENTED_EDGE ( 'NONE', *, *, #4705, .T. ) ;
#3179 = VECTOR ( 'NONE', #777, 1000.000000000000000 ) ;
#3180 = ORIENTED_EDGE ( 'NONE', *, *, #6546, .F. ) ;
#3181 = ORIENTED_EDGE ( 'NONE', *, *, #1631, .T. ) ;
#3182 = VECTOR ( 'NONE', #4679, 1000.000000000000000 ) ;
#3183 = VERTEX_POINT ( 'NONE', #3529 ) ;
#3184 = EDGE_CURVE ( 'NONE', #179, #1295, #3665, .T. ) ;
#3185 = VECTOR ( 'NONE', #6693, 1000.000000000000000 ) ;
#3186 = EDGE_CURVE ( 'NONE', #6456, #2029, #1868, .T. ) ;
#3187 = LINE ( 'NONE', #3225, #5618 ) ;
#3188 = LINE ( 'NONE', #6352, #5354 ) ;
#3189 = VECTOR ( 'NONE', #4387, 1000.000000000000000 ) ;
#3190 = FACE_OUTER_BOUND ( 'NONE', #4425, .T. ) ;
#3191 = CARTESIAN_POINT ( 'NONE',  ( 9.419999999999999929, 8.149999999999998579, 5.960000000000000853 ) ) ;
#3192 = DIRECTION ( 'NONE',  ( -1.000000000000000000, 0.000000000000000000, 0.000000000000000000 ) ) ;
#3193 = DIRECTION ( 'NONE',  ( 1.000000000000000000, -2.653887147501979193E-16, -0.000000000000000000 ) ) ;
#3194 = ORIENTED_EDGE ( 'NONE', *, *, #941, .T. ) ;
#3195 = FACE_OUTER_BOUND ( 'NONE', #6180, .T. ) ;
#3196 = CARTESIAN_POINT ( 'NONE',  ( 9.420000000000319673, 7.150000000001090150, 28.80000000000000426 ) ) ;
#3197 = AXIS2_PLACEMENT_3D ( 'NONE', #4283, #2982, #6202 ) ;
#3198 = CYLINDRICAL_SURFACE ( 'NONE', #5716, 0.9999999999974708009 ) ;
#3199 = AXIS2_PLACEMENT_3D ( 'NONE', #1769, #2296, #7979 ) ;
#3200 = FACE_OUTER_BOUND ( 'NONE', #3930, .T. ) ;
#3201 = VERTEX_POINT ( 'NONE', #479 ) ;
#3202 = ORIENTED_EDGE ( 'NONE', *, *, #586, .T. ) ;
#3203 = DIRECTION ( 'NONE',  ( -0.000000000000000000, -1.000000000000000000, -0.000000000000000000 ) ) ;
#3204 = EDGE_CURVE ( 'NONE', #1974, #3034, #4970, .T. ) ;
#3205 = VECTOR ( 'NONE', #7833, 1000.000000000000000 ) ;
#3206 = CARTESIAN_POINT ( 'NONE',  ( 4.549999999999999822, 8.000000000000000000, 2.540000000000000036 ) ) ;
#3207 = CARTESIAN_POINT ( 'NONE',  ( 18.21595806906791992, 1.096793534737503073, 1.295587648125623659 ) ) ;
#3208 = ORIENTED_EDGE ( 'NONE', *, *, #1172, .T. ) ;
#3209 = CARTESIAN_POINT ( 'NONE',  ( 10.25000000000020783, 8.149999999999998579, 23.82000000000000028 ) ) ;
#3210 = ORIENTED_EDGE ( 'NONE', *, *, #5174, .F. ) ;
#3211 = CARTESIAN_POINT ( 'NONE',  ( 2.500000000000000000, 6.300000000000541611, 16.08427192823310392 ) ) ;
#3212 = VECTOR ( 'NONE', #2250, 1000.000000000000000 ) ;
#3213 = AXIS2_PLACEMENT_3D ( 'NONE', #5637, #2556, #4388 ) ;
#3214 = ORIENTED_EDGE ( 'NONE', *, *, #7532, .T. ) ;
#3215 = DIRECTION ( 'NONE',  ( 0.000000000000000000, 0.000000000000000000, -1.000000000000000000 ) ) ;
#3216 = CARTESIAN_POINT ( 'NONE',  ( 17.37947366142815042, 7.000000000000000888, 12.64000000000000057 ) ) ;
#3217 = VERTEX_POINT ( 'NONE', #2968 ) ;
#3218 = ADVANCED_FACE ( 'NONE', ( #1699 ), #7394, .F. ) ;
#3219 = LINE ( 'NONE', #74, #6192 ) ;
#3220 = ORIENTED_EDGE ( 'NONE', *, *, #6546, .T. ) ;
#3221 = DIRECTION ( 'NONE',  ( 1.000000000000000000, -1.326943573750989596E-16, -0.000000000000000000 ) ) ;
#3222 = ORIENTED_EDGE ( 'NONE', *, *, #4472, .F. ) ;
#3223 = VERTEX_POINT ( 'NONE', #615 ) ;
#3224 = VERTEX_POINT ( 'NONE', #6142 ) ;
#3225 = CARTESIAN_POINT ( 'NONE',  ( 4.549999999999999822, 7.049999999999998934, 18.21999999999999886 ) ) ;
#3226 = EDGE_CURVE ( 'NONE', #4003, #8039, #2404, .T. ) ;
#3227 = CARTESIAN_POINT ( 'NONE',  ( 9.419999999999999929, 8.149999999999998579, 1.440000000000001501 ) ) ;
#3228 = LINE ( 'NONE', #7639, #7561 ) ;
#3229 = DIRECTION ( 'NONE',  ( 1.000000000000000000, 0.000000000000000000, 0.000000000000000000 ) ) ;
#3230 = LINE ( 'NONE', #1359, #5474 ) ;
#3231 = CARTESIAN_POINT ( 'NONE',  ( 18.58809699203467858, 4.070000000000031370, 23.65000000000000568 ) ) ;
#3232 = EDGE_CURVE ( 'NONE', #6676, #4191, #567, .T. ) ;
#3233 = LINE ( 'NONE', #7493, #4165 ) ;
#3234 = DIRECTION ( 'NONE',  ( 1.000000000000000000, 0.000000000000000000, 0.000000000000000000 ) ) ;
#3235 = CARTESIAN_POINT ( 'NONE',  ( 4.550000000000000711, 7.049999999999999822, 1.420000000000000373 ) ) ;
#3236 = CARTESIAN_POINT ( 'NONE',  ( 9.419999999999999929, 8.149999999999998579, 23.83999999999999986 ) ) ;
#3237 = ORIENTED_EDGE ( 'NONE', *, *, #4736, .F. ) ;
#3238 = ORIENTED_EDGE ( 'NONE', *, *, #3498, .F. ) ;
#3239 = CARTESIAN_POINT ( 'NONE',  ( 8.820000000000000284, 7.400000000000000355, 21.05999999999999872 ) ) ;
#3240 = EDGE_CURVE ( 'NONE', #5043, #2183, #6101, .T. ) ;
#3241 = DIRECTION ( 'NONE',  ( 1.000000000000000000, 0.000000000000000000, 0.000000000000000000 ) ) ;
#3242 = CARTESIAN_POINT ( 'NONE',  ( 18.11988951088910582, 0.7134569061650610777, 1.608380159928380460 ) ) ;
#3243 = ORIENTED_EDGE ( 'NONE', *, *, #4261, .T. ) ;
#3244 = DIRECTION ( 'NONE',  ( 1.000000000000000000, 0.000000000000000000, 0.000000000000000000 ) ) ;
#3245 = ORIENTED_EDGE ( 'NONE', *, *, #2157, .F. ) ;
#3246 = ORIENTED_EDGE ( 'NONE', *, *, #8000, .F. ) ;
#3247 = CIRCLE ( 'NONE', #6230, 0.9999999999989070965 ) ;
#3248 = ORIENTED_EDGE ( 'NONE', *, *, #1508, .F. ) ;
#3249 = FACE_OUTER_BOUND ( 'NONE', #6650, .T. ) ;
#3250 = DIRECTION ( 'NONE',  ( -0.7981850161519256082, 0.6024123836630105311, 0.000000000000000000 ) ) ;
#3251 = EDGE_LOOP ( 'NONE', ( #3001, #5057, #4866, #5730, #6855, #134, #5274, #922, #4613, #7419, #5724, #4608 ) ) ;
#3252 = LINE ( 'NONE', #5568, #7487 ) ;
#3253 = VERTEX_POINT ( 'NONE', #5170 ) ;
#3254 = EDGE_LOOP ( 'NONE', ( #4136, #7847, #6609, #2307 ) ) ;
#3255 = EDGE_CURVE ( 'NONE', #4630, #1335, #155, .T. ) ;
#3256 = EDGE_LOOP ( 'NONE', ( #4797, #3519, #4706, #3131, #6051, #5333, #2983, #112 ) ) ;
#3257 = CARTESIAN_POINT ( 'NONE',  ( 8.820000000000000284, 8.149999999999998579, 16.06000000000000583 ) ) ;
#3258 = CARTESIAN_POINT ( 'NONE',  ( 10.54999999999853522, 7.550000000001108269, 5.844575131109902344 ) ) ;
#3259 = LINE ( 'NONE', #3837, #5114 ) ;
#3260 = DIRECTION ( 'NONE',  ( 0.000000000000000000, 0.000000000000000000, 1.000000000000000000 ) ) ;
#3261 = DIRECTION ( 'NONE',  ( 0.000000000000000000, 0.000000000000000000, -1.000000000000000000 ) ) ;
#3262 = EDGE_CURVE ( 'NONE', #7388, #7573, #5614, .T. ) ;
#3263 = EDGE_CURVE ( 'NONE', #3765, #5677, #2188, .T. ) ;
#3264 = DIRECTION ( 'NONE',  ( -1.000000000000000000, 0.000000000000000000, 0.000000000000000000 ) ) ;
#3265 = VERTEX_POINT ( 'NONE', #7558 ) ;
#3266 = PLANE ( 'NONE',  #5331 ) ;
#3267 = CARTESIAN_POINT ( 'NONE',  ( 16.60000000000000142, 1.349999999999976108, 24.35000000000000497 ) ) ;
#3268 = DIRECTION ( 'NONE',  ( -1.020017403876942260E-12, 0.000000000000000000, -1.000000000000000000 ) ) ;
#3269 = DIRECTION ( 'NONE',  ( 1.000000000000000000, -0.000000000000000000, -0.000000000000000000 ) ) ;
#3270 = VECTOR ( 'NONE', #7921, 1000.000000000000000 ) ;
#3271 = ORIENTED_EDGE ( 'NONE', *, *, #1006, .F. ) ;
#3272 = ORIENTED_EDGE ( 'NONE', *, *, #7677, .F. ) ;
#3273 = CARTESIAN_POINT ( 'NONE',  ( 17.18212227597109987, 7.049999999999999822, 24.31999999999745654 ) ) ;
#3274 = EDGE_CURVE ( 'NONE', #809, #5644, #6959, .T. ) ;
#3275 = DIRECTION ( 'NONE',  ( 0.000000000000000000, 0.000000000000000000, 1.000000000000000000 ) ) ;
#3276 = CIRCLE ( 'NONE', #7674, 0.9999999999974712450 ) ;
#3277 = FACE_OUTER_BOUND ( 'NONE', #5382, .T. ) ;
#3278 = VERTEX_POINT ( 'NONE', #202 ) ;
#3279 = DIRECTION ( 'NONE',  ( 0.000000000000000000, 0.000000000000000000, -1.000000000000000000 ) ) ;
#3280 = ORIENTED_EDGE ( 'NONE', *, *, #4506, .T. ) ;
#3281 = ORIENTED_EDGE ( 'NONE', *, *, #7589, .F. ) ;
#3282 = VECTOR ( 'NONE', #3906, 1000.000000000000000 ) ;
#3283 = ORIENTED_EDGE ( 'NONE', *, *, #7098, .F. ) ;
#3284 = DIRECTION ( 'NONE',  ( 0.000000000000000000, 1.000000000000000000, 0.000000000000000000 ) ) ;
#3285 = CARTESIAN_POINT ( 'NONE',  ( 18.59007420368737229, 4.278818881277473452, 23.67961765168645982 ) ) ;
#3286 = ORIENTED_EDGE ( 'NONE', *, *, #2473, .T. ) ;
#3287 = VECTOR ( 'NONE', #4669, 1000.000000000000000 ) ;
#3288 = VECTOR ( 'NONE', #5965, 1000.000000000000000 ) ;
#3289 = ORIENTED_EDGE ( 'NONE', *, *, #816, .F. ) ;
#3290 = ORIENTED_EDGE ( 'NONE', *, *, #7577, .F. ) ;
#3291 = B_SPLINE_CURVE_WITH_KNOTS ( 'NONE', 3,
 ( #6251, #1770, #5638, #8023, #4249, #3689 ),
 .UNSPECIFIED., .F., .F.,
 ( 4, 2, 4 ),
 ( 0.000000000000000000, 0.5000000000000000000, 1.000000000000000000 ),
 .UNSPECIFIED. ) ;
#3292 = EDGE_LOOP ( 'NONE', ( #6410, #4209, #1072, #4172, #6481 ) ) ;
#3293 = VECTOR ( 'NONE', #7839, 1000.000000000000000 ) ;
#3294 = CARTESIAN_POINT ( 'NONE',  ( 17.91437827766100810, 6.300000000000006928, 16.67499999999999716 ) ) ;
#3295 = DIRECTION ( 'NONE',  ( 0.000000000000000000, -1.676899360110642493E-13, -1.000000000000000000 ) ) ;
#3296 = VECTOR ( 'NONE', #2654, 1000.000000000000000 ) ;
#3297 = EDGE_CURVE ( 'NONE', #6108, #114, #4524, .T. ) ;
#3298 = LINE ( 'NONE', #4640, #7338 ) ;
#3299 = CARTESIAN_POINT ( 'NONE',  ( 18.10221458223799829, 0.6500000000000026867, 5.450000000000000178 ) ) ;
#3300 = CYLINDRICAL_SURFACE ( 'NONE', #4581, 0.6000000000000961231 ) ;
#3301 = CIRCLE ( 'NONE', #172, 0.9999999999658709671 ) ;
#3302 = CARTESIAN_POINT ( 'NONE',  ( 18.27335378321595272, 1.349999999999980105, 18.05000000000000071 ) ) ;
#3303 = AXIS2_PLACEMENT_3D ( 'NONE', #4015, #3397, #4085 ) ;
#3304 = CARTESIAN_POINT ( 'NONE',  ( 17.18212227596999853, 7.049999999999998934, 6.479999999999999538 ) ) ;
#3305 = LINE ( 'NONE', #7034, #2876 ) ;
#3306 = UNCERTAINTY_MEASURE_WITH_UNIT (LENGTH_MEASURE( 1.000000000000000082E-05 ), #207, 'distance_accuracy_value', 'NONE');
#3307 = VECTOR ( 'NONE', #627, 1000.000000000000000 ) ;
#3308 = AXIS2_PLACEMENT_3D ( 'NONE', #3776, #1900, #3160 ) ;
#3309 = EDGE_CURVE ( 'NONE', #4588, #1024, #1432, .T. ) ;
#3310 = EDGE_CURVE ( 'NONE', #7104, #2958, #1314, .T. ) ;
#3311 = EDGE_LOOP ( 'NONE', ( #3942, #4776, #1032, #4504, #2419, #1502, #3445, #4761, #5147, #6548, #1519, #3210, #5693, #6346 ) ) ;
#3312 = LINE ( 'NONE', #7607, #6265 ) ;
#3313 = LINE ( 'NONE', #1481, #834 ) ;
#3314 = CARTESIAN_POINT ( 'NONE',  ( 16.60000000000000142, 4.769999999999999574, 18.75000000000000000 ) ) ;
#3315 = DIRECTION ( 'NONE',  ( 0.000000000000000000, 1.000000000000000000, 0.000000000000000000 ) ) ;
#3316 = EDGE_CURVE ( 'NONE', #2062, #4146, #656, .T. ) ;
#3317 = VERTEX_POINT ( 'NONE', #5700 ) ;
#3318 = VERTEX_POINT ( 'NONE', #3909 ) ;
#3319 = LINE ( 'NONE', #3390, #4711 ) ;
#3320 = DIRECTION ( 'NONE',  ( -1.000000000000000000, 0.000000000000000000, 0.000000000000000000 ) ) ;
#3321 = AXIS2_PLACEMENT_3D ( 'NONE', #5099, #2668, #5145 ) ;
#3322 = EDGE_CURVE ( 'NONE', #8032, #1603, #3456, .T. ) ;
#3323 = DIRECTION ( 'NONE',  ( 0.4226181904852059357, 0.9063078202636287717, 0.000000000000000000 ) ) ;
#3324 = ORIENTED_EDGE ( 'NONE', *, *, #6568, .F. ) ;
#3325 = DIRECTION ( 'NONE',  ( 0.000000000000000000, -6.443258625057262735E-14, 1.000000000000000000 ) ) ;
#3326 = VERTEX_POINT ( 'NONE', #5052 ) ;
#3327 = ORIENTED_EDGE ( 'NONE', *, *, #7783, .T. ) ;
#3328 = EDGE_CURVE ( 'NONE', #7545, #964, #697, .T. ) ;
#3329 = ORIENTED_EDGE ( 'NONE', *, *, #6885, .F. ) ;
#3330 = LINE ( 'NONE', #5806, #2390 ) ;
#3331 = VECTOR ( 'NONE', #5416, 1000.000000000000000 ) ;
#3332 = LINE ( 'NONE', #5807, #1999 ) ;
#3333 = ORIENTED_EDGE ( 'NONE', *, *, #2319, .T. ) ;
#3334 = EDGE_LOOP ( 'NONE', ( #3403, #509, #992, #80 ) ) ;
#3335 = AXIS2_PLACEMENT_3D ( 'NONE', #1691, #350, #426 ) ;
#3336 = ORIENTED_EDGE ( 'NONE', *, *, #451, .T. ) ;
#3337 = EDGE_CURVE ( 'NONE', #1136, #2182, #3188, .T. ) ;
#3338 = LINE ( 'NONE', #3109, #6144 ) ;
#3339 = LINE ( 'NONE', #931, #7296 ) ;
#3340 = EDGE_CURVE ( 'NONE', #3765, #6224, #1955, .T. ) ;
#3341 = CARTESIAN_POINT ( 'NONE',  ( 18.26194645353651680, 1.297474645844957752, 22.94999999999999929 ) ) ;
#3342 = DIRECTION ( 'NONE',  ( -1.000000000000000000, -0.000000000000000000, -0.000000000000000000 ) ) ;
#3343 = DIRECTION ( 'NONE',  ( 1.000000000000000000, 0.000000000000000000, 0.000000000000000000 ) ) ;
#3344 = EDGE_CURVE ( 'NONE', #5956, #4555, #3259, .T. ) ;
#3345 = EDGE_CURVE ( 'NONE', #1281, #7037, #6386, .T. ) ;
#3346 = APPROVAL_STATUS ( 'not_yet_approved' ) ;
#3347 = CARTESIAN_POINT ( 'NONE',  ( 18.27335378321595272, 1.349999999999980105, 6.850000000000001421 ) ) ;
#3348 = CARTESIAN_POINT ( 'NONE',  ( 18.10221458223799829, 0.6500000000000024647, 13.15000000000000213 ) ) ;
#3349 = ORIENTED_EDGE ( 'NONE', *, *, #1447, .T. ) ;
#3350 = CARTESIAN_POINT ( 'NONE',  ( 4.550000000000004263, 7.049999999999998934, 6.519999999999999574 ) ) ;
#3351 = CARTESIAN_POINT ( 'NONE',  ( 18.26196469902258102, 1.297558657672837956, 18.05000000000000782 ) ) ;
#3352 = DIRECTION ( 'NONE',  ( -1.000000000000000000, 0.000000000000000000, 0.000000000000000000 ) ) ;
#3353 = CARTESIAN_POINT ( 'NONE',  ( 16.18594924246994893, 5.979999999998560689, 16.67499999999999716 ) ) ;
#3354 = ORIENTED_EDGE ( 'NONE', *, *, #5561, .F. ) ;
#3355 = VECTOR ( 'NONE', #5068, 1000.000000000000000 ) ;
#3356 = ORIENTED_EDGE ( 'NONE', *, *, #2278, .F. ) ;
#3357 = EDGE_CURVE ( 'NONE', #1426, #797, #7894, .T. ) ;
#3358 = DIRECTION ( 'NONE',  ( 0.000000000000000000, 0.000000000000000000, -1.000000000000000000 ) ) ;
#3359 = CARTESIAN_POINT ( 'NONE',  ( 17.18212227597027919, 8.149999999999998579, 17.71999999999998110 ) ) ;
#3360 = ORIENTED_EDGE ( 'NONE', *, *, #7271, .T. ) ;
#3361 = DIRECTION ( 'NONE',  ( 0.000000000000000000, 1.000000000000000000, 0.000000000000000000 ) ) ;
#3362 = CARTESIAN_POINT ( 'NONE',  ( 10.25000000000000000, 7.049999999999999822, 7.019999999999996909 ) ) ;
#3363 = VERTEX_POINT ( 'NONE', #1469 ) ;
#3364 = ADVANCED_FACE ( 'NONE', ( #501 ), #2730, .T. ) ;
#3365 = CARTESIAN_POINT ( 'NONE',  ( 10.54999999999881410, 7.550000000000000711, 12.75542486889180793 ) ) ;
#3366 = LINE ( 'NONE', #2179, #6293 ) ;
#3367 = ORIENTED_EDGE ( 'NONE', *, *, #5012, .F. ) ;
#3368 = ORIENTED_EDGE ( 'NONE', *, *, #1636, .F. ) ;
#3369 = VERTEX_POINT ( 'NONE', #4641 ) ;
#3370 = AXIS2_PLACEMENT_3D ( 'NONE', #4040, #1560, #987 ) ;
#3371 = ORIENTED_EDGE ( 'NONE', *, *, #5112, .F. ) ;
#3372 = DIRECTION ( 'NONE',  ( 1.000000000000000000, -1.786992130180001379E-15, -0.000000000000000000 ) ) ;
#3373 = DIRECTION ( 'NONE',  ( -0.000000000000000000, -0.000000000000000000, 1.000000000000000000 ) ) ;
#3374 = DIRECTION ( 'NONE',  ( -1.000000000000000000, 0.000000000000000000, 0.000000000000000000 ) ) ;
#3375 = EDGE_CURVE ( 'NONE', #6686, #67, #5761, .T. ) ;
#3376 = AXIS2_PLACEMENT_3D ( 'NONE', #5024, #6111, #1893 ) ;
#3377 = CARTESIAN_POINT ( 'NONE',  ( 17.37947366142815042, 7.000000000000000000, 11.56000000000000050 ) ) ;
#3378 = DIRECTION ( 'NONE',  ( 0.000000000000000000, 0.000000000000000000, 1.000000000000000000 ) ) ;
#3379 = DIRECTION ( 'NONE',  ( -0.000000000000000000, 1.000000000000000000, 0.000000000000000000 ) ) ;
#3380 = ADVANCED_FACE ( 'NONE', ( #3511 ), #861, .T. ) ;
#3381 = CARTESIAN_POINT ( 'NONE',  ( 18.59999999999999787, 7.450000000000000178, 0.6999999999999789724 ) ) ;
#3382 = CARTESIAN_POINT ( 'NONE',  ( 10.25000000000061995, 7.049999999999999822, 16.78000000000060510 ) ) ;
#3383 = ORIENTED_EDGE ( 'NONE', *, *, #1288, .F. ) ;
#3384 = DIRECTION ( 'NONE',  ( 0.000000000000000000, 0.000000000000000000, -1.000000000000000000 ) ) ;
#3385 = DIRECTION ( 'NONE',  ( -1.000000000000000000, 2.552250841931516415E-16, -0.000000000000000000 ) ) ;
#3386 = DIRECTION ( 'NONE',  ( 0.000000000000000000, -1.000000000000000000, -5.030698080319091892E-13 ) ) ;
#3387 = CARTESIAN_POINT ( 'NONE',  ( 18.27335378321595272, 1.349999999999981437, 12.45000000000002593 ) ) ;
#3388 = ORIENTED_EDGE ( 'NONE', *, *, #9, .F. ) ;
#3389 = ORIENTED_EDGE ( 'NONE', *, *, #5800, .F. ) ;
#3390 = CARTESIAN_POINT ( 'NONE',  ( 4.550000000000000711, 7.000000000000000000, 28.35999999999999943 ) ) ;
#3391 = CARTESIAN_POINT ( 'NONE',  ( 18.22722386638361058, 1.144652205999038719, 11.72126654563606429 ) ) ;
#3392 = ORIENTED_EDGE ( 'NONE', *, *, #2809, .T. ) ;
#3393 = DIRECTION ( 'NONE',  ( -0.000000000000000000, 1.000000000000000000, 0.000000000000000000 ) ) ;
#3394 = CARTESIAN_POINT ( 'NONE',  ( 18.59999999999999787, 0.7000000000000110578, 0.7000000000000110578 ) ) ;
#3395 = ORIENTED_EDGE ( 'NONE', *, *, #918, .T. ) ;
#3396 = CARTESIAN_POINT ( 'NONE',  ( 18.10221458223799829, 0.6500000000000024647, 7.550000000000000711 ) ) ;
#3397 = DIRECTION ( 'NONE',  ( 0.000000000000000000, 1.000000000000000000, 0.000000000000000000 ) ) ;
#3398 = VECTOR ( 'NONE', #6850, 1000.000000000000000 ) ;
#3399 = ORIENTED_EDGE ( 'NONE', *, *, #7491, .F. ) ;
#3400 = EDGE_CURVE ( 'NONE', #6866, #5750, #1123, .T. ) ;
#3401 = EDGE_CURVE ( 'NONE', #3175, #3183, #1731, .T. ) ;
#3402 = ORIENTED_EDGE ( 'NONE', *, *, #5963, .T. ) ;
#3403 = ORIENTED_EDGE ( 'NONE', *, *, #2497, .F. ) ;
#3404 = VECTOR ( 'NONE', #4225, 1000.000000000000000 ) ;
#3405 = EDGE_CURVE ( 'NONE', #7236, #5767, #5635, .T. ) ;
#3406 = ORIENTED_EDGE ( 'NONE', *, *, #3823, .F. ) ;
#3407 = DIRECTION ( 'NONE',  ( -1.000000000000000000, 0.000000000000000000, 0.000000000000000000 ) ) ;
#3408 = EDGE_CURVE ( 'NONE', #3139, #7288, #273, .T. ) ;
#3409 = CARTESIAN_POINT ( 'NONE',  ( 4.549999999999998934, 8.000000000000076383, 27.25999999999999801 ) ) ;
#3410 = CARTESIAN_POINT ( 'NONE',  ( 18.58809699203467858, 4.069999999999994067, 28.54999999999994387 ) ) ;
#3411 = AXIS2_PLACEMENT_3D ( 'NONE', #2612, #3872, #3295 ) ;
#3412 = DIRECTION ( 'NONE',  ( 0.000000000000000000, 3.438469747025563122E-14, 1.000000000000000000 ) ) ;
#3413 = LINE ( 'NONE', #1577, #3288 ) ;
#3414 = ADVANCED_FACE ( 'NONE', ( #4777 ), #6429, .T. ) ;
#3415 = EDGE_CURVE ( 'NONE', #647, #3150, #5487, .T. ) ;
#3416 = AXIS2_PLACEMENT_3D ( 'NONE', #1542, #310, #422 ) ;
#3417 = AXIS2_PLACEMENT_3D ( 'NONE', #312, #4096, #6499 ) ;
#3418 = CALENDAR_DATE ( 2024, 6, 11 ) ;
#3419 = CARTESIAN_POINT ( 'NONE',  ( 10.25000000000021316, 8.149999999999998579, 7.019999999999996909 ) ) ;
#3420 = VECTOR ( 'NONE', #1931, 1000.000000000000114 ) ;
#3421 = CARTESIAN_POINT ( 'NONE',  ( 17.08923586769300584, 7.321299490900605278, 0.000000000000000000 ) ) ;
#3422 = VECTOR ( 'NONE', #2642, 1000.000000000000000 ) ;
#3423 = CARTESIAN_POINT ( 'NONE',  ( 16.60000000000000142, 1.349999999999988098, 6.850000000000023626 ) ) ;
#3424 = CARTESIAN_POINT ( 'NONE',  ( 18.10221458223800184, 0.6499999999999996891, 18.57638814223192014 ) ) ;
#3425 = CARTESIAN_POINT ( 'NONE',  ( 16.60000000000000142, 1.350000000000000311, 28.55000000000000071 ) ) ;
#3426 = EDGE_CURVE ( 'NONE', #962, #6370, #7246, .T. ) ;
#3427 = EDGE_LOOP ( 'NONE', ( #1987, #4621, #2382, #6982, #2060, #6764, #7885, #7339, #2830, #7880, #3830, #6046, #1203, #6620, #2059, #6720, #3535, #855, #2248, #6773, #7583, #6175, #2867, #3895, #6625, #4964, #4463, #6818, #8024, #924, #7685, #7792, #6239, #7761, #4342, #7254 ) ) ;
#3428 = VECTOR ( 'NONE', #2554, 1000.000000000000000 ) ;
#3429 = ORIENTED_EDGE ( 'NONE', *, *, #1172, .F. ) ;
#3430 = LINE ( 'NONE', #330, #949 ) ;
#3431 = VECTOR ( 'NONE', #1807, 1000.000000000000000 ) ;
#3432 = CARTESIAN_POINT ( 'NONE',  ( 16.60000000000000142, 4.070000000000059792, 27.85000000000000497 ) ) ;
#3433 = ORIENTED_EDGE ( 'NONE', *, *, #7281, .T. ) ;
#3434 = DIRECTION ( 'NONE',  ( 0.000000000000000000, 0.000000000000000000, -1.000000000000000000 ) ) ;
#3435 = CARTESIAN_POINT ( 'NONE',  ( 8.820000000000000284, 8.149999999999998579, 4.859999999999999432 ) ) ;
#3436 = AXIS2_PLACEMENT_3D ( 'NONE', #108, #1982, #7624 ) ;
#3437 = VERTEX_POINT ( 'NONE', #5421 ) ;
#3438 = EDGE_CURVE ( 'NONE', #1045, #4721, #6009, .T. ) ;
#3439 = LINE ( 'NONE', #3396, #7700 ) ;
#3440 = DIRECTION ( 'NONE',  ( 1.000000000000000000, -0.000000000000000000, -0.000000000000000000 ) ) ;
#3441 = ORIENTED_EDGE ( 'NONE', *, *, #5653, .F. ) ;
#3442 = ORIENTED_EDGE ( 'NONE', *, *, #4683, .F. ) ;
#3443 = ORIENTED_EDGE ( 'NONE', *, *, #5100, .T. ) ;
#3444 = CIRCLE ( 'NONE', #860, 0.3999999999993830713 ) ;
#3445 = ORIENTED_EDGE ( 'NONE', *, *, #170, .F. ) ;
#3446 = LINE ( 'NONE', #2265, #6158 ) ;
#3447 = LINE ( 'NONE', #7179, #7171 ) ;
#3448 = ADVANCED_FACE ( 'NONE', ( #1683 ), #5205, .T. ) ;
#3449 = CARTESIAN_POINT ( 'NONE',  ( 10.50109117052996588, 7.586912850964373511, 11.50003251923284431 ) ) ;
#3450 = CARTESIAN_POINT ( 'NONE',  ( 4.550000000000004263, 8.149999999999998579, 12.12000000000000099 ) ) ;
#3451 = AXIS2_PLACEMENT_3D ( 'NONE', #2347, #4823, #1615 ) ;
#3452 = PLANE ( 'NONE',  #1205 ) ;
#3453 = B_SPLINE_CURVE_WITH_KNOTS ( 'NONE', 3,
 ( #7723, #7117, #6412, #1495, #3974, #917, #5913, #630, #2882, #7482, #38, #1396, #3836, #6351 ),
 .UNSPECIFIED., .F., .F.,
 ( 4, 2, 2, 2, 2, 2, 4 ),
 ( 0.000000000000000000, 0.03125000000000047878, 0.06250000000000095757, 0.1250000000000019151, 0.2499999999999996669, 0.4999999999999982236, 1.000000000000000000 ),
 .UNSPECIFIED. ) ;
#3454 = CLOSED_SHELL ( 'NONE', ( #2824, #7631, #7367, #3055, #7062, #311, #474, #4527, #7516, #4018, #3763, #4273, #4005, #7024, #1677, #7128, #3053, #2351, #6050, #2119, #878, #7372, #5269, #7295, #548, #1051, #5760, #2493, #4107, #2813, #7812, #4690, #5349, #7777, #1659, #6558, #3006, #2764, #4086, #1430, #1619, #7549, #7524, #881, #2403, #5999, #91, #4991, #7365, #2078, #2206, #1224, #772, #3140, #993, #1422, #2542, #5020, #4749, #795, #26, #7033, #3364, #7640, #1827, #1978, #828, #3652, #2577, #218, #597, #3608, #4419, #3573, #1877, #7137, #4016, #6434, #59, #5537, #5929, #6523, #6106, #3666, #3135, #1979, #1865, #1437, #1745, #571, #6535, #1411, #4783, #2431, #2905, #1010, #3448, #226, #2609, #6962, #7888, #5048, #783, #116, #5037, #2487, #5848, #4042, #3087, #4164, #5488, #6987, #5944, #3975, #1864, #623, #2144, #1574, #1849, #1400, #1605, #7124, #3218, #621, #6179, #3173, #7385, #2133, #7824, #3963, #3756, #5091, #6139, #850, #925, #2832, #5737, #4320, #1007, #3941, #1620, #7633, #3110, #3495, #1556, #4538, #5699, #4033, #7302, #1379, #5505, #2823, #7123, #7075, #7643, #4241, #2175, #631, #2903, #6194, #6719, #7289, #1562, #5953, #4157, #3719, #2961, #3414, #6483, #6836, #244, #3070, #7192, #7392, #6069, #5090, #5845, #5590, #5291, #7563, #6266, #5930, #404, #317, #4010, #4639, #3877, #5284, #2847, #732, #6956, #2297, #6149, #3380, #2875, #7260, #5300, #5747, #160, #2070, #4725, #2985, #5339, #3487, #1042, #1516, #1318, #1030, #7878, #3074, #784, #83, #2918, #4138, #6479, #3762, #22, #4807, #299, #1617, #3858, #6892, #1233, #6189, #4561, #7220, #7544, #6229, #7219, #7187, #21, #3624, #184, #1873, #2685 ) ) ;
#3455 = AXIS2_PLACEMENT_3D ( 'NONE', #4305, #6779, #1217 ) ;
#3456 = B_SPLINE_CURVE_WITH_KNOTS ( 'NONE', 3,
 ( #1922, #3143, #1397, #40, #5735, #4407, #2538, #3794, #5777, #6270 ),
 .UNSPECIFIED., .F., .F.,
 ( 4, 2, 2, 2, 4 ),
 ( 0.000000000000000000, 0.5000000000000021094, 0.7500000000000021094, 0.8750000000000011102, 1.000000000000000000 ),
 .UNSPECIFIED. ) ;
#3457 = APPROVAL_DATE_TIME ( #7752, #6097 ) ;
#3458 = EDGE_CURVE ( 'NONE', #6972, #725, #5889, .T. ) ;
#3459 = CARTESIAN_POINT ( 'NONE',  ( 9.419999999999999929, 8.149999999999998579, 23.83999999999999986 ) ) ;
#3460 = LINE ( 'NONE', #5934, #5804 ) ;
#3461 = DIRECTION ( 'NONE',  ( -0.000000000000000000, 1.000000000000000000, -0.000000000000000000 ) ) ;
#3462 = CARTESIAN_POINT ( 'NONE',  ( 16.60000000000000142, 1.350000000000000311, 22.95000000000000284 ) ) ;
#3463 = CARTESIAN_POINT ( 'NONE',  ( 4.549999999999999822, 7.000000000000000888, 7.040000000000000036 ) ) ;
#3464 = DIRECTION ( 'NONE',  ( 1.000000000000000000, -0.000000000000000000, -2.812444022615779899E-16 ) ) ;
#3465 = ORIENTED_EDGE ( 'NONE', *, *, #7154, .T. ) ;
#3466 = ORIENTED_EDGE ( 'NONE', *, *, #3240, .T. ) ;
#3467 = CARTESIAN_POINT ( 'NONE',  ( 8.820000000000000284, 7.400000000000005684, 26.66000000000000014 ) ) ;
#3468 = EDGE_CURVE ( 'NONE', #3175, #420, #4560, .T. ) ;
#3469 = LINE ( 'NONE', #1671, #821 ) ;
#3470 = ORIENTED_EDGE ( 'NONE', *, *, #7022, .F. ) ;
#3471 = CARTESIAN_POINT ( 'NONE',  ( 17.37894151473799198, 7.000622083981300037, 5.960000000000000853 ) ) ;
#3472 = DIRECTION ( 'NONE',  ( 0.000000000000000000, 1.000000000000000000, 0.000000000000000000 ) ) ;
#3473 = VECTOR ( 'NONE', #2667, 1000.000000000000000 ) ;
#3474 = EDGE_CURVE ( 'NONE', #3614, #6585, #5244, .T. ) ;
#3475 = ORIENTED_EDGE ( 'NONE', *, *, #6393, .T. ) ;
#3476 = CARTESIAN_POINT ( 'NONE',  ( 4.549999999999999822, 7.400000000000000355, 8.740000000000001990 ) ) ;
#3477 = CARTESIAN_POINT ( 'NONE',  ( 10.25000000000000000, 7.049999999999999822, 17.17999999999998550 ) ) ;
#3478 = ORIENTED_EDGE ( 'NONE', *, *, #7731, .T. ) ;
#3479 = VERTEX_POINT ( 'NONE', #4814 ) ;
#3480 = ORIENTED_EDGE ( 'NONE', *, *, #2314, .T. ) ;
#3481 = CARTESIAN_POINT ( 'NONE',  ( 18.58809699203467858, 4.070000000000026930, 18.05000000000000071 ) ) ;
#3482 = DIRECTION ( 'NONE',  ( -0.000000000000000000, -1.000000000000000000, -0.000000000000000000 ) ) ;
#3483 = DIRECTION ( 'NONE',  ( -0.7981850161519256082, 0.6024123836630105311, 0.000000000000000000 ) ) ;
#3484 = FACE_OUTER_BOUND ( 'NONE', #1336, .T. ) ;
#3485 = CARTESIAN_POINT ( 'NONE',  ( 10.25000000000030909, 7.049999999999998934, 17.17999999999999972 ) ) ;
#3486 = FACE_OUTER_BOUND ( 'NONE', #2644, .T. ) ;
#3487 = ADVANCED_FACE ( 'NONE', ( #1728 ), #4207, .T. ) ;
#3488 = AXIS2_PLACEMENT_3D ( 'NONE', #63, #1202, #4996 ) ;
#3489 = LINE ( 'NONE', #7830, #3928 ) ;
#3490 = FACE_OUTER_BOUND ( 'NONE', #1632, .T. ) ;
#3491 = CARTESIAN_POINT ( 'NONE',  ( 18.27335378321595627, 1.350000000000004530, 11.75000000000000000 ) ) ;
#3492 = EDGE_CURVE ( 'NONE', #6372, #6421, #720, .T. ) ;
#3493 = LINE ( 'NONE', #5360, #7726 ) ;
#3494 = ORIENTED_EDGE ( 'NONE', *, *, #5826, .F. ) ;
#3495 = ADVANCED_FACE ( 'NONE', ( #3165 ), #7416, .T. ) ;
#3496 = DIRECTION ( 'NONE',  ( 1.000000000000000000, 0.000000000000000000, 0.000000000000000000 ) ) ;
#3497 = ORIENTED_EDGE ( 'NONE', *, *, #1702, .F. ) ;
#3498 = EDGE_CURVE ( 'NONE', #7335, #4875, #6654, .T. ) ;
#3499 = ORIENTED_EDGE ( 'NONE', *, *, #5579, .T. ) ;
#3500 = FACE_OUTER_BOUND ( 'NONE', #2081, .T. ) ;
#3501 = CARTESIAN_POINT ( 'NONE',  ( 18.10221458223799829, 0.6500000000000024647, 24.35000000000000497 ) ) ;
#3502 = ORIENTED_EDGE ( 'NONE', *, *, #5133, .T. ) ;
#3503 = DIRECTION ( 'NONE',  ( 0.7598676893425642120, 0.6500777604973057011, 0.000000000000000000 ) ) ;
#3504 = CARTESIAN_POINT ( 'NONE',  ( 4.550000000000000711, 8.149999999999998579, 23.83999999999999986 ) ) ;
#3505 = DIRECTION ( 'NONE',  ( -8.153200337111612275E-13, 0.000000000000000000, -1.000000000000000000 ) ) ;
#3506 = EDGE_CURVE ( 'NONE', #514, #2871, #4563, .T. ) ;
#3507 = VERTEX_POINT ( 'NONE', #3644 ) ;
#3508 = CARTESIAN_POINT ( 'NONE',  ( 18.59007420368737584, 4.278818881277511643, 18.07961765168646195 ) ) ;
#3509 = DIRECTION ( 'NONE',  ( -0.000000000000000000, -0.000000000000000000, 1.000000000000000000 ) ) ;
#3510 = ORIENTED_EDGE ( 'NONE', *, *, #6791, .F. ) ;
#3511 = FACE_OUTER_BOUND ( 'NONE', #6335, .T. ) ;
#3512 = VERTEX_POINT ( 'NONE', #4340 ) ;
#3513 = VERTEX_POINT ( 'NONE', #4908 ) ;
#3514 = CIRCLE ( 'NONE', #5088, 0.9999999999974708009 ) ;
#3515 = ORIENTED_EDGE ( 'NONE', *, *, #1392, .F. ) ;
#3516 = CARTESIAN_POINT ( 'NONE',  ( 3.620000000000000107, 6.999999999999999112, 28.89999999999999858 ) ) ;
#3517 = CARTESIAN_POINT ( 'NONE',  ( 10.37489995996853587, 7.682152859750695839, 23.83999999999999986 ) ) ;
#3518 = LINE ( 'NONE', #7902, #2521 ) ;
#3519 = ORIENTED_EDGE ( 'NONE', *, *, #5240, .T. ) ;
#3520 = CARTESIAN_POINT ( 'NONE',  ( 10.02241238366300102, 7.948185016151898985, 12.64000000000000057 ) ) ;
#3521 = VERTEX_POINT ( 'NONE', #6765 ) ;
#3522 = VECTOR ( 'NONE', #1623, 1000.000000000000000 ) ;
#3523 = ORIENTED_EDGE ( 'NONE', *, *, #3823, .T. ) ;
#3524 = DIRECTION ( 'NONE',  ( -0.000000000000000000, -1.000000000000000000, -0.000000000000000000 ) ) ;
#3525 = LINE ( 'NONE', #5437, #1901 ) ;
#3526 = LINE ( 'NONE', #436, #277 ) ;
#3527 = EDGE_CURVE ( 'NONE', #4344, #7104, #2468, .T. ) ;
#3528 = LINE ( 'NONE', #7789, #2935 ) ;
#3529 = CARTESIAN_POINT ( 'NONE',  ( 17.33486177177819343, 7.049999999999993605, 22.75999999999999801 ) ) ;
#3530 = CARTESIAN_POINT ( 'NONE',  ( 15.23000000000025267, 5.650000000000099831, 29.80000000000000071 ) ) ;
#3531 = AXIS2_PLACEMENT_3D ( 'NONE', #2838, #5997, #7108 ) ;
#3532 = CARTESIAN_POINT ( 'NONE',  ( 16.60000000000000142, 6.000000000000000888, 13.42499999999999893 ) ) ;
#3533 = AXIS2_PLACEMENT_3D ( 'NONE', #7358, #4977, #1795 ) ;
#3534 = ORIENTED_EDGE ( 'NONE', *, *, #6621, .T. ) ;
#3535 = ORIENTED_EDGE ( 'NONE', *, *, #4316, .T. ) ;
#3536 = CARTESIAN_POINT ( 'NONE',  ( 16.60000000000000142, 4.070000000000059792, 11.05000000000000071 ) ) ;
#3537 = B_SPLINE_CURVE_WITH_KNOTS ( 'NONE', 3,
 ( #360, #827, #213, #2818 ),
 .UNSPECIFIED., .F., .F.,
 ( 4, 4 ),
 ( 0.000000000000000000, 1.000000000000000000 ),
 .UNSPECIFIED. ) ;
#3538 = AXIS2_PLACEMENT_3D ( 'NONE', #7530, #6969, #1283 ) ;
#3539 = EDGE_CURVE ( 'NONE', #107, #67, #5596, .T. ) ;
#3540 = CARTESIAN_POINT ( 'NONE',  ( 18.16605281595992594, 0.8926834002229132592, 23.81277379832985375 ) ) ;
#3541 = ORIENTED_EDGE ( 'NONE', *, *, #7955, .T. ) ;
#3542 = CARTESIAN_POINT ( 'NONE',  ( 11.29999999998313953, 1.799999999990480326, 16.67499999999999716 ) ) ;
#3543 = CARTESIAN_POINT ( 'NONE',  ( 0.2825356229279111786, 4.251548542686657051, 16.70000000064721490 ) ) ;
#3544 = CARTESIAN_POINT ( 'NONE',  ( 10.25000000000030909, 8.149999999999998579, 17.17999999999998550 ) ) ;
#3545 = VECTOR ( 'NONE', #3385, 1000.000000000000000 ) ;
#3546 = ORIENTED_EDGE ( 'NONE', *, *, #7875, .T. ) ;
#3547 = VECTOR ( 'NONE', #728, 1000.000000000000000 ) ;
#3548 = ORIENTED_EDGE ( 'NONE', *, *, #3711, .T. ) ;
#3549 = DIRECTION ( 'NONE',  ( -0.000000000000000000, -0.000000000000000000, 1.000000000000000000 ) ) ;
#3550 = CARTESIAN_POINT ( 'NONE',  ( 16.60000000000000142, 1.350000000000000311, 17.35000000000000142 ) ) ;
#3551 = DIRECTION ( 'NONE',  ( 0.000000000000000000, 0.000000000000000000, -1.000000000000000000 ) ) ;
#3552 = EDGE_CURVE ( 'NONE', #4911, #1126, #3128, .T. ) ;
#3553 = CARTESIAN_POINT ( 'NONE',  ( 10.37489995996849856, 7.050000000000000711, 23.83999999999999986 ) ) ;
#3554 = VECTOR ( 'NONE', #4574, 1000.000000000000000 ) ;
#3555 = EDGE_CURVE ( 'NONE', #5423, #6244, #7982, .T. ) ;
#3556 = ORIENTED_EDGE ( 'NONE', *, *, #7840, .F. ) ;
#3557 = VECTOR ( 'NONE', #6634, 1000.000000000000000 ) ;
#3558 = CARTESIAN_POINT ( 'NONE',  ( -6.003344063862804875E-23, 6.399999999999928413, 13.97669073436859932 ) ) ;
#3559 = ORIENTED_EDGE ( 'NONE', *, *, #4772, .F. ) ;
#3560 = CIRCLE ( 'NONE', #58, 0.6000000000000970113 ) ;
#3561 = ORIENTED_EDGE ( 'NONE', *, *, #4210, .T. ) ;
#3562 = CARTESIAN_POINT ( 'NONE',  ( 17.37894151473799198, 7.000622083981300037, 11.55999999999999872 ) ) ;
#3563 = DIRECTION ( 'NONE',  ( -1.000000000000000000, -0.000000000000000000, -0.000000000000000000 ) ) ;
#3564 = CARTESIAN_POINT ( 'NONE',  ( 4.549999999999999822, 8.149999999999998579, 12.61999999999999922 ) ) ;
#3565 = VERTEX_POINT ( 'NONE', #3740 ) ;
#3566 = DIRECTION ( 'NONE',  ( 1.000000000000000000, 0.000000000000000000, 0.000000000000000000 ) ) ;
#3567 = EDGE_CURVE ( 'NONE', #3850, #4039, #3814, .T. ) ;
#3568 = ORIENTED_EDGE ( 'NONE', *, *, #4891, .T. ) ;
#3569 = AXIS2_PLACEMENT_3D ( 'NONE', #6075, #1675, #4195 ) ;
#3570 = VERTEX_POINT ( 'NONE', #2428 ) ;
#3571 = VECTOR ( 'NONE', #7207, 1000.000000000000000 ) ;
#3572 = CARTESIAN_POINT ( 'NONE',  ( 18.12467766249666212, 0.7334047677208879179, 28.19297778840701696 ) ) ;
#3573 = ADVANCED_FACE ( 'NONE', ( #7935 ), #1296, .T. ) ;
#3574 = CARTESIAN_POINT ( 'NONE',  ( 8.820000000000000284, 8.000000000000101252, 19.93999999999999773 ) ) ;
#3575 = AXIS2_PLACEMENT_3D ( 'NONE', #7151, #357, #6474 ) ;
#3576 = DIRECTION ( 'NONE',  ( 0.000000000000000000, 0.6666666666682837805, -0.7453559924984833884 ) ) ;
#3577 = VECTOR ( 'NONE', #7892, 1000.000000000000000 ) ;
#3578 = DIRECTION ( 'NONE',  ( 6.579099405186123117E-15, -4.934324553889592337E-15, 1.000000000000000000 ) ) ;
#3579 = CARTESIAN_POINT ( 'NONE',  ( 4.550000000000000711, 7.400000000000000355, 19.93999999999999773 ) ) ;
#3580 = DIRECTION ( 'NONE',  ( 0.9772196966341454294, -0.2122302158276919981, 0.000000000000000000 ) ) ;
#3581 = AXIS2_PLACEMENT_3D ( 'NONE', #1561, #4729, #6488 ) ;
#3582 = EDGE_CURVE ( 'NONE', #107, #5423, #6864, .T. ) ;
#3583 = VECTOR ( 'NONE', #6002, 1000.000000000000000 ) ;
#3584 = CARTESIAN_POINT ( 'NONE',  ( 10.25000000000061995, 7.550000000000000711, 22.38000000000059941 ) ) ;
#3585 = VERTEX_POINT ( 'NONE', #4865 ) ;
#3586 = CARTESIAN_POINT ( 'NONE',  ( 18.27335378321595627, 1.350000000000004530, 17.35000000000000142 ) ) ;
#3587 = CARTESIAN_POINT ( 'NONE',  ( 10.02241238366300102, 7.948185016151895432, 22.75999999999999801 ) ) ;
#3588 = B_SPLINE_CURVE_WITH_KNOTS ( 'NONE', 3,
 ( #676, #3642, #7933, #2426, #6120, #7331 ),
 .UNSPECIFIED., .F., .F.,
 ( 4, 2, 4 ),
 ( 0.000000000000000000, 0.5000000000000000000, 1.000000000000000000 ),
 .UNSPECIFIED. ) ;
#3589 = AXIS2_PLACEMENT_3D ( 'NONE', #5692, #4436, #2528 ) ;
#3590 = CARTESIAN_POINT ( 'NONE',  ( 4.550000000000000711, 8.149999999999998579, 17.17999999999999972 ) ) ;
#3591 = ORIENTED_EDGE ( 'NONE', *, *, #5969, .F. ) ;
#3592 = CARTESIAN_POINT ( 'NONE',  ( 4.550000000000000711, 8.149999999999998579, 6.519999999999999574 ) ) ;
#3593 = CARTESIAN_POINT ( 'NONE',  ( 0.000000000000000000, 6.400000000002104450, 17.00000000000190070 ) ) ;
#3594 = CARTESIAN_POINT ( 'NONE',  ( 9.420000000000319673, 7.150000000001090150, 28.80000000000000426 ) ) ;
#3595 = DIRECTION ( 'NONE',  ( 0.000000000000000000, 1.000000000000000000, 0.000000000000000000 ) ) ;
#3596 = EDGE_CURVE ( 'NONE', #1567, #7015, #4666, .T. ) ;
#3597 = ORIENTED_EDGE ( 'NONE', *, *, #1120, .F. ) ;
#3598 = VERTEX_POINT ( 'NONE', #6253 ) ;
#3599 = CARTESIAN_POINT ( 'NONE',  ( 16.18594924246994893, 5.979999999998560689, 17.16000000000000014 ) ) ;
#3600 = CARTESIAN_POINT ( 'NONE',  ( 18.10881781221917919, 5.999999999999993783, 14.25919971910100514 ) ) ;
#3601 = DIRECTION ( 'NONE',  ( 0.000000000000000000, 1.000000000000000000, 0.000000000000000000 ) ) ;
#3602 = DIRECTION ( 'NONE',  ( 1.809928441554428892E-11, 1.000000000000000000, -0.000000000000000000 ) ) ;
#3603 = DIRECTION ( 'NONE',  ( 0.000000000000000000, -1.000000000000000000, 1.532339070445934149E-13 ) ) ;
#3604 = VERTEX_POINT ( 'NONE', #2559 ) ;
#3605 = CARTESIAN_POINT ( 'NONE',  ( 10.65000000000000391, 7.550000000000000711, 7.420000000000001705 ) ) ;
#3606 = ORIENTED_EDGE ( 'NONE', *, *, #1544, .T. ) ;
#3607 = ORIENTED_EDGE ( 'NONE', *, *, #3916, .F. ) ;
#3608 = ADVANCED_FACE ( 'NONE', ( #678 ), #5034, .T. ) ;
#3609 = ORIENTED_EDGE ( 'NONE', *, *, #1527, .T. ) ;
#3610 = PLANE ( 'NONE',  #7315 ) ;
#3611 = VECTOR ( 'NONE', #2381, 1000.000000000000000 ) ;
#3612 = CARTESIAN_POINT ( 'NONE',  ( 4.550000000000004263, 7.049999999999998934, 17.71999999999999886 ) ) ;
#3613 = CARTESIAN_POINT ( 'NONE',  ( 16.60000000000000142, 1.349999999999976108, 18.75000000000000000 ) ) ;
#3614 = VERTEX_POINT ( 'NONE', #3931 ) ;
#3615 = PLANE ( 'NONE',  #6839 ) ;
#3616 = VERTEX_POINT ( 'NONE', #5801 ) ;
#3617 = ORIENTED_EDGE ( 'NONE', *, *, #4434, .F. ) ;
#3618 = LINE ( 'NONE', #2313, #4571 ) ;
#3619 = EDGE_CURVE ( 'NONE', #3034, #3739, #6409, .T. ) ;
#3620 = DIRECTION ( 'NONE',  ( 0.000000000000000000, 1.000000000000000000, 4.956352788505573673E-15 ) ) ;
#3621 = PLANE ( 'NONE',  #2109 ) ;
#3622 = DIRECTION ( 'NONE',  ( 0.000000000000000000, 1.000000000000000000, 0.000000000000000000 ) ) ;
#3623 = DIRECTION ( 'NONE',  ( -0.000000000000000000, -0.000000000000000000, 1.000000000000000000 ) ) ;
#3624 = ADVANCED_FACE ( 'NONE', ( #1975 ), #5153, .F. ) ;
#3625 = CARTESIAN_POINT ( 'NONE',  ( 4.690000000058420326, 4.299999999992524913, 17.35000000000000142 ) ) ;
#3626 = DIRECTION ( 'NONE',  ( 1.000000000000000000, -0.000000000000000000, -0.000000000000000000 ) ) ;
#3627 = AXIS2_PLACEMENT_3D ( 'NONE', #759, #2677, #3244 ) ;
#3628 = LINE ( 'NONE', #618, #2503 ) ;
#3629 = CARTESIAN_POINT ( 'NONE',  ( 18.58809699203467858, 1.349999999999981437, 12.44999999999999929 ) ) ;
#3630 = B_SPLINE_CURVE_WITH_KNOTS ( 'NONE', 3,
 ( #2194, #6539, #4675, #4604 ),
 .UNSPECIFIED., .F., .F.,
 ( 4, 4 ),
 ( 0.000000000000000000, 1.000000000000000000 ),
 .UNSPECIFIED. ) ;
#3631 = DIRECTION ( 'NONE',  ( 0.7317914199408835918, 0.6815286624206684518, 0.000000000000000000 ) ) ;
#3632 = EDGE_LOOP ( 'NONE', ( #2570, #6732, #4235, #6868 ) ) ;
#3633 = LINE ( 'NONE', #6109, #3398 ) ;
#3634 = DIRECTION ( 'NONE',  ( -0.000000000000000000, -0.000000000000000000, 1.000000000000000000 ) ) ;
#3635 = CARTESIAN_POINT ( 'NONE',  ( 8.820000000000000284, 8.000000000000000000, 10.46000000000000085 ) ) ;
#3636 = CYLINDRICAL_SURFACE ( 'NONE', #3569, 0.4999999999999469869 ) ;
#3637 = VERTEX_POINT ( 'NONE', #7656 ) ;
#3638 = VERTEX_POINT ( 'NONE', #842 ) ;
#3639 = CARTESIAN_POINT ( 'NONE',  ( 18.58945613926489671, 4.448400964684761760, 18.15401751602952274 ) ) ;
#3640 = FACE_OUTER_BOUND ( 'NONE', #6042, .T. ) ;
#3641 = LINE ( 'NONE', #1071, #319 ) ;
#3642 = CARTESIAN_POINT ( 'NONE',  ( 3.103331481312940454, 8.150000000000012790, 0.5752134904644324864 ) ) ;
#3643 = VERTEX_POINT ( 'NONE', #222 ) ;
#3644 = CARTESIAN_POINT ( 'NONE',  ( 18.48452365234800254, 0.4717263528255698501, 29.76173343727360532 ) ) ;
#3645 = VERTEX_POINT ( 'NONE', #7618 ) ;
#3646 = ORIENTED_EDGE ( 'NONE', *, *, #4144, .T. ) ;
#3647 = EDGE_LOOP ( 'NONE', ( #3283, #884, #6086, #3559, #3870 ) ) ;
#3648 = CARTESIAN_POINT ( 'NONE',  ( 4.549999999999999822, 7.049999999999998934, 7.020000000000000462 ) ) ;
#3649 = DIRECTION ( 'NONE',  ( 0.000000000000000000, 1.000000000000000000, 0.000000000000000000 ) ) ;
#3650 = CARTESIAN_POINT ( 'NONE',  ( 16.60000000000000142, 4.770000000000001350, 22.25000000000000000 ) ) ;
#3651 = ORIENTED_EDGE ( 'NONE', *, *, #6822, .T. ) ;
#3652 = ADVANCED_FACE ( 'NONE', ( #1492 ), #2136, .T. ) ;
#3653 = EDGE_CURVE ( 'NONE', #2236, #1690, #2634, .T. ) ;
#3654 = DIRECTION ( 'NONE',  ( 0.000000000000000000, -0.000000000000000000, 1.000000000000000000 ) ) ;
#3655 = ORIENTED_EDGE ( 'NONE', *, *, #1328, .T. ) ;
#3656 = DIRECTION ( 'NONE',  ( 0.000000000000000000, 1.000000000000000000, 0.000000000000000000 ) ) ;
#3657 = VERTEX_POINT ( 'NONE', #1452 ) ;
#3658 = ORIENTED_EDGE ( 'NONE', *, *, #2583, .F. ) ;
#3659 = DIRECTION ( 'NONE',  ( 0.000000000000000000, 0.000000000000000000, 1.000000000000000000 ) ) ;
#3660 = EDGE_CURVE ( 'NONE', #4582, #651, #7646, .T. ) ;
#3661 = AXIS2_PLACEMENT_3D ( 'NONE', #4357, #6835, #1872 ) ;
#3662 = B_SPLINE_CURVE_WITH_KNOTS ( 'NONE', 3,
 ( #4202, #6036, #6724, #1847 ),
 .UNSPECIFIED., .F., .F.,
 ( 4, 4 ),
 ( 0.000000000000000000, 1.000000000000000000 ),
 .UNSPECIFIED. ) ;
#3663 = DIRECTION ( 'NONE',  ( -1.000000000000000000, 0.000000000000000000, 0.000000000000000000 ) ) ;
#3664 = FACE_OUTER_BOUND ( 'NONE', #1289, .T. ) ;
#3665 = LINE ( 'NONE', #2928, #4712 ) ;
#3666 = ADVANCED_FACE ( 'NONE', ( #2597 ), #5108, .T. ) ;
#3667 = LINE ( 'NONE', #6792, #5225 ) ;
#3668 = EDGE_CURVE ( 'NONE', #5138, #4240, #7125, .T. ) ;
#3669 = LINE ( 'NONE', #7266, #7572 ) ;
#3670 = VECTOR ( 'NONE', #7605, 1000.000000000000000 ) ;
#3671 = CARTESIAN_POINT ( 'NONE',  ( 4.549999999999999822, 7.049999999999998934, 22.78000000000000114 ) ) ;
#3672 = FACE_OUTER_BOUND ( 'NONE', #7984, .T. ) ;
#3673 = AXIS2_PLACEMENT_3D ( 'NONE', #2442, #5572, #4310 ) ;
#3674 = LINE ( 'NONE', #6107, #6023 ) ;
#3675 = EDGE_CURVE ( 'NONE', #6458, #5609, #7520, .T. ) ;
#3676 = ORIENTED_EDGE ( 'NONE', *, *, #6525, .T. ) ;
#3677 = CARTESIAN_POINT ( 'NONE',  ( 4.549999999999999822, 7.000000000000000000, 22.75999999999999801 ) ) ;
#3678 = DIRECTION ( 'NONE',  ( 0.9772196966341454294, -0.2122302158276919981, 0.000000000000000000 ) ) ;
#3679 = PLANE ( 'NONE',  #2607 ) ;
#3680 = DIRECTION ( 'NONE',  ( 0.000000000000000000, -1.000000000000000000, 0.000000000000000000 ) ) ;
#3681 = ORIENTED_EDGE ( 'NONE', *, *, #6983, .F. ) ;
#3682 = AXIS2_PLACEMENT_3D ( 'NONE', #4975, #4931, #7443 ) ;
#3683 = ORIENTED_EDGE ( 'NONE', *, *, #2308, .F. ) ;
#3684 = CARTESIAN_POINT ( 'NONE',  ( 16.91516715926230674, 7.496903198393775725, 29.79875698986503707 ) ) ;
#3685 = CARTESIAN_POINT ( 'NONE',  ( 18.58205168432626309, 4.769999999999997797, 18.75000000000000355 ) ) ;
#3686 = AXIS2_PLACEMENT_3D ( 'NONE', #2911, #7286, #2766 ) ;
#3687 = DIRECTION ( 'NONE',  ( 1.000000000000000000, -2.653887147501979193E-16, -0.000000000000000000 ) ) ;
#3688 = LINE ( 'NONE', #2988, #69 ) ;
#3689 = CARTESIAN_POINT ( 'NONE',  ( 18.59999999999999787, 0.1999999999999998446, 0.2101020514433713515 ) ) ;
#3690 = ORIENTED_EDGE ( 'NONE', *, *, #7883, .T. ) ;
#3691 = AXIS2_PLACEMENT_3D ( 'NONE', #1151, #7237, #2898 ) ;
#3692 = CARTESIAN_POINT ( 'NONE',  ( 11.29999999998313953, 1.799999999990480326, 0.000000000000000000 ) ) ;
#3693 = EDGE_LOOP ( 'NONE', ( #923, #2481, #7937, #7981 ) ) ;
#3694 = ORIENTED_EDGE ( 'NONE', *, *, #1084, .T. ) ;
#3695 = AXIS2_PLACEMENT_3D ( 'NONE', #260, #3440, #5378 ) ;
#3696 = EDGE_CURVE ( 'NONE', #4739, #4552, #7051, .T. ) ;
#3697 = ORIENTED_EDGE ( 'NONE', *, *, #6470, .F. ) ;
#3698 = PLANE ( 'NONE',  #433 ) ;
#3699 = VECTOR ( 'NONE', #2718, 1000.000000000000000 ) ;
#3700 = CARTESIAN_POINT ( 'NONE',  ( 8.820000000000000284, 7.400000000000005684, 4.259999999999998899 ) ) ;
#3701 = CARTESIAN_POINT ( 'NONE',  ( 4.549999999999999822, 7.000000000000000888, 7.040000000000000036 ) ) ;
#3702 = EDGE_LOOP ( 'NONE', ( #5509, #3354, #6411, #7453 ) ) ;
#3703 = VECTOR ( 'NONE', #6815, 1000.000000000000000 ) ;
#3704 = B_SPLINE_CURVE_WITH_KNOTS ( 'NONE', 3,
 ( #7201, #5264, #5870, #6485 ),
 .UNSPECIFIED., .F., .F.,
 ( 4, 4 ),
 ( 0.000000000000000000, 1.000000000000000000 ),
 .UNSPECIFIED. ) ;
#3705 = CARTESIAN_POINT ( 'NONE',  ( 18.59004176286028098, 4.323768553962183958, 6.895536761947827387 ) ) ;
#3706 = EDGE_LOOP ( 'NONE', ( #1726, #6401, #2031, #3515 ) ) ;
#3707 = DIRECTION ( 'NONE',  ( 1.000000000000000000, 0.000000000000000000, 0.000000000000000000 ) ) ;
#3708 = VERTEX_POINT ( 'NONE', #4578 ) ;
#3709 = ORIENTED_EDGE ( 'NONE', *, *, #7901, .F. ) ;
#3710 = LINE ( 'NONE', #6183, #1049 ) ;
#3711 = EDGE_CURVE ( 'NONE', #2146, #3318, #5683, .T. ) ;
#3712 = CARTESIAN_POINT ( 'NONE',  ( 18.27335378321595272, 1.349999999999979217, 1.250000000000000000 ) ) ;
#3713 = FACE_OUTER_BOUND ( 'NONE', #2953, .T. ) ;
#3714 = PLANE ( 'NONE',  #4882 ) ;
#3715 = DIRECTION ( 'NONE',  ( 0.000000000000000000, 0.000000000000000000, -1.000000000000000000 ) ) ;
#3716 = FACE_OUTER_BOUND ( 'NONE', #8026, .T. ) ;
#3717 = DIRECTION ( 'NONE',  ( 0.7317914199408829257, 0.6815286624206687849, 0.000000000000000000 ) ) ;
#3718 = AXIS2_PLACEMENT_3D ( 'NONE', #7832, #2197, #4607 ) ;
#3719 = ADVANCED_FACE ( 'NONE', ( #5834 ), #4623, .T. ) ;
#3720 = AXIS2_PLACEMENT_3D ( 'NONE', #3005, #5479, #1138 ) ;
#3721 = LINE ( 'NONE', #6665, #540 ) ;
#3722 = CARTESIAN_POINT ( 'NONE',  ( 0.8752296437706977850, 7.843928917715317084, 29.69882159316682291 ) ) ;
#3723 = CARTESIAN_POINT ( 'NONE',  ( 18.11988951088911293, 0.7134569061650868349, 7.208380159928371000 ) ) ;
#3724 = AXIS2_PLACEMENT_3D ( 'NONE', #5169, #5776, #2693 ) ;
#3725 = ORIENTED_EDGE ( 'NONE', *, *, #7483, .T. ) ;
#3726 = LINE ( 'NONE', #7360, #5864 ) ;
#3727 = CARTESIAN_POINT ( 'NONE',  ( 4.550000000000000711, 8.149999999999998579, 10.46000000000000085 ) ) ;
#3728 = DIRECTION ( 'NONE',  ( 0.7598676893429463508, 0.6500777604968589474, 0.000000000000000000 ) ) ;
#3729 = DIRECTION ( 'NONE',  ( -0.000000000000000000, -0.000000000000000000, -1.000000000000000000 ) ) ;
#3730 = ORIENTED_EDGE ( 'NONE', *, *, #6742, .T. ) ;
#3731 = ORIENTED_EDGE ( 'NONE', *, *, #4359, .F. ) ;
#3732 = CARTESIAN_POINT ( 'NONE',  ( 16.38524264431481825, 7.872803983167196762, 29.66603244861185829 ) ) ;
#3733 = CARTESIAN_POINT ( 'NONE',  ( 8.820000000000000284, 8.000000000000000000, 10.46000000000000085 ) ) ;
#3734 = VECTOR ( 'NONE', #6286, 1000.000000000000000 ) ;
#3735 = EDGE_CURVE ( 'NONE', #5655, #2558, #7095, .T. ) ;
#3736 = DIRECTION ( 'NONE',  ( 0.000000000000000000, 1.000000000000000000, 0.000000000000000000 ) ) ;
#3737 = CARTESIAN_POINT ( 'NONE',  ( 4.550000000000000711, 8.149999999999998579, 0.9199999999999994849 ) ) ;
#3738 = FACE_OUTER_BOUND ( 'NONE', #1949, .T. ) ;
#3739 = VERTEX_POINT ( 'NONE', #4011 ) ;
#3740 = CARTESIAN_POINT ( 'NONE',  ( 8.820000000000000284, 8.000000000000000000, 4.859999999999999432 ) ) ;
#3741 = ORIENTED_EDGE ( 'NONE', *, *, #5429, .F. ) ;
#3742 = ORIENTED_EDGE ( 'NONE', *, *, #1700, .T. ) ;
#3743 = EDGE_CURVE ( 'NONE', #6415, #723, #5709, .T. ) ;
#3744 = ORIENTED_EDGE ( 'NONE', *, *, #5249, .T. ) ;
#3745 = DIRECTION ( 'NONE',  ( 0.9998630929521341582, -0.01654676258945753792, 0.000000000000000000 ) ) ;
#3746 = CARTESIAN_POINT ( 'NONE',  ( 16.60000000000000142, 5.774999999999999467, 16.67499999999999716 ) ) ;
#3747 = ORIENTED_EDGE ( 'NONE', *, *, #4505, .F. ) ;
#3748 = ORIENTED_EDGE ( 'NONE', *, *, #7621, .T. ) ;
#3749 = ORIENTED_EDGE ( 'NONE', *, *, #7477, .F. ) ;
#3750 = ORIENTED_EDGE ( 'NONE', *, *, #7445, .F. ) ;
#3751 = CARTESIAN_POINT ( 'NONE',  ( 18.07765284496199243, 7.049999999999999822, 28.32499999999999574 ) ) ;
#3752 = AXIS2_PLACEMENT_3D ( 'NONE', #2466, #7980, #4905 ) ;
#3753 = EDGE_LOOP ( 'NONE', ( #1149, #4664, #4109, #5391, #3856, #231, #6954 ) ) ;
#3754 = CARTESIAN_POINT ( 'NONE',  ( 0.000000000000000000, 0.7000000000000060618, 0.000000000000000000 ) ) ;
#3755 = CARTESIAN_POINT ( 'NONE',  ( 10.65000000000000391, 7.550000000000000711, 7.420000000000001705 ) ) ;
#3756 = ADVANCED_FACE ( 'NONE', ( #3857 ), #181, .T. ) ;
#3757 = CARTESIAN_POINT ( 'NONE',  ( 18.07765284496202085, 7.049999999999999822, 17.12500000000001066 ) ) ;
#3758 = FACE_OUTER_BOUND ( 'NONE', #3706, .T. ) ;
#3759 = CYLINDRICAL_SURFACE ( 'NONE', #953, 0.9999999999974716891 ) ;
#3760 = DIRECTION ( 'NONE',  ( 0.000000000000000000, 1.000000000000000000, 0.000000000000000000 ) ) ;
#3761 = CARTESIAN_POINT ( 'NONE',  ( 13.60000000000356302, 8.149999999999998579, 9.299999999999998934 ) ) ;
#3762 = ADVANCED_FACE ( 'NONE', ( #5721 ), #141, .T. ) ;
#3763 = ADVANCED_FACE ( 'NONE', ( #2210 ), #4687, .T. ) ;
#3764 = CARTESIAN_POINT ( 'NONE',  ( 18.10221458223799829, 0.6500000000000024647, 7.550000000000000711 ) ) ;
#3765 = VERTEX_POINT ( 'NONE', #5911 ) ;
#3766 = DIRECTION ( 'NONE',  ( -0.000000000000000000, 1.964996503761339106E-16, -1.000000000000000000 ) ) ;
#3767 = CIRCLE ( 'NONE', #3370, 13.89999999994158308 ) ;
#3768 = CARTESIAN_POINT ( 'NONE',  ( 4.690000000058420326, 4.299999999992524913, 12.44999999999999929 ) ) ;
#3769 = DIRECTION ( 'NONE',  ( 1.000000000000000000, 0.000000000000000000, 0.000000000000000000 ) ) ;
#3770 = CARTESIAN_POINT ( 'NONE',  ( 0.000000000000000000, 6.599999999999999645, 14.11737620787499914 ) ) ;
#3771 = EDGE_CURVE ( 'NONE', #5655, #192, #5948, .T. ) ;
#3772 = ORIENTED_EDGE ( 'NONE', *, *, #2457, .F. ) ;
#3773 = ORIENTED_EDGE ( 'NONE', *, *, #412, .T. ) ;
#3774 = CARTESIAN_POINT ( 'NONE',  ( 18.07765284496199243, 8.149999999999998579, 7.075000000000006395 ) ) ;
#3775 = DIRECTION ( 'NONE',  ( 0.000000000000000000, 1.000000000000000000, 0.000000000000000000 ) ) ;
#3776 = CARTESIAN_POINT ( 'NONE',  ( 16.60000000000000142, 1.349999999999976108, 11.05000000000000071 ) ) ;
#3777 = CARTESIAN_POINT ( 'NONE',  ( 13.60000000000356302, 7.049999999999999822, 3.700000000000000178 ) ) ;
#3778 = DIRECTION ( 'NONE',  ( 1.000000000000000000, -0.000000000000000000, 1.792442501320617385E-15 ) ) ;
#3779 = VERTEX_POINT ( 'NONE', #4194 ) ;
#3780 = DIRECTION ( 'NONE',  ( 0.000000000000000000, 1.000000000000000000, 0.000000000000000000 ) ) ;
#3781 = ORIENTED_EDGE ( 'NONE', *, *, #6616, .F. ) ;
#3782 = ORIENTED_EDGE ( 'NONE', *, *, #7804, .F. ) ;
#3783 = EDGE_CURVE ( 'NONE', #2885, #4530, #7129, .T. ) ;
#3784 = DIRECTION ( 'NONE',  ( 0.000000000000000000, 1.000000000000000000, 0.000000000000000000 ) ) ;
#3785 = FACE_OUTER_BOUND ( 'NONE', #7463, .T. ) ;
#3786 = ORIENTED_EDGE ( 'NONE', *, *, #2067, .T. ) ;
#3787 = DIRECTION ( 'NONE',  ( -1.000000000000000000, 0.000000000000000000, 0.000000000000000000 ) ) ;
#3788 = ORIENTED_EDGE ( 'NONE', *, *, #5251, .F. ) ;
#3789 = CARTESIAN_POINT ( 'NONE',  ( 4.550000000000000711, 8.149999999999998579, 18.23999999999999844 ) ) ;
#3790 = VERTEX_POINT ( 'NONE', #1594 ) ;
#3791 = ORIENTED_EDGE ( 'NONE', *, *, #4752, .T. ) ;
#3792 = DIRECTION ( 'NONE',  ( 1.000000000000000000, 0.000000000000000000, 0.000000000000000000 ) ) ;
#3793 = PLANE ( 'NONE',  #82 ) ;
#3794 = CARTESIAN_POINT ( 'NONE',  ( 18.58956010794821623, 4.178590307877400711, 12.45666164526035224 ) ) ;
#3795 = CARTESIAN_POINT ( 'NONE',  ( 4.550000000000000711, 8.149999999999998579, 7.039999999999999147 ) ) ;
#3796 = DIRECTION ( 'NONE',  ( -0.000000000000000000, 1.057355261547771033E-16, -1.000000000000000000 ) ) ;
#3797 = EDGE_CURVE ( 'NONE', #3977, #1812, #6978, .T. ) ;
#3798 = AXIS2_PLACEMENT_3D ( 'NONE', #1930, #3844, #212 ) ;
#3799 = DIRECTION ( 'NONE',  ( 1.000000000000000000, -3.040831514473159752E-14, 0.000000000000000000 ) ) ;
#3800 = DIRECTION ( 'NONE',  ( -0.000000000000000000, -1.000000000000000000, -0.000000000000000000 ) ) ;
#3801 = ORIENTED_EDGE ( 'NONE', *, *, #1700, .F. ) ;
#3802 = DIRECTION ( 'NONE',  ( -1.000000000000000000, 0.000000000000000000, 0.000000000000000000 ) ) ;
#3803 = CARTESIAN_POINT ( 'NONE',  ( -5.399591993459243971E-18, 4.090805661361959444, 16.85919342806055354 ) ) ;
#3804 = CARTESIAN_POINT ( 'NONE',  ( 4.549999999999999822, 7.000000000000000000, 18.23999999999999844 ) ) ;
#3805 = AXIS2_PLACEMENT_3D ( 'NONE', #7489, #44, #3264 ) ;
#3806 = LINE ( 'NONE', #4494, #199 ) ;
#3807 = ORIENTED_EDGE ( 'NONE', *, *, #5540, .T. ) ;
#3808 = VERTEX_POINT ( 'NONE', #4118 ) ;
#3809 = EDGE_CURVE ( 'NONE', #1218, #4001, #7802, .T. ) ;
#3810 = CARTESIAN_POINT ( 'NONE',  ( 0.2825351455357044683, 4.251548458509531336, 13.09999991565891442 ) ) ;
#3811 = DIRECTION ( 'NONE',  ( 1.000000000000000000, 0.000000000000000000, 0.000000000000000000 ) ) ;
#3812 = CARTESIAN_POINT ( 'NONE',  ( 17.33486177177819698, 7.049999999999998934, 23.83999999999999986 ) ) ;
#3813 = VERTEX_POINT ( 'NONE', #369 ) ;
#3814 = LINE ( 'NONE', #544, #650 ) ;
#3815 = ORIENTED_EDGE ( 'NONE', *, *, #337, .T. ) ;
#3816 = VERTEX_POINT ( 'NONE', #449 ) ;
#3817 = VECTOR ( 'NONE', #857, 1000.000000000000000 ) ;
#3818 = ORIENTED_EDGE ( 'NONE', *, *, #3232, .F. ) ;
#3819 = EDGE_CURVE ( 'NONE', #2558, #7232, #2462, .T. ) ;
#3820 = CIRCLE ( 'NONE', #5629, 1.570000000001445351 ) ;
#3821 = CARTESIAN_POINT ( 'NONE',  ( 15.23000000000010701, 8.149999999999998579, 0.6999999999999912959 ) ) ;
#3822 = CARTESIAN_POINT ( 'NONE',  ( 8.820000000000000284, 8.000000000000000000, 4.859999999999999432 ) ) ;
#3823 = EDGE_CURVE ( 'NONE', #7173, #6549, #1026, .T. ) ;
#3824 = VERTEX_POINT ( 'NONE', #3504 ) ;
#3825 = AXIS2_PLACEMENT_3D ( 'NONE', #3107, #658, #6844 ) ;
#3826 = VERTEX_POINT ( 'NONE', #4152 ) ;
#3827 = VECTOR ( 'NONE', #7954, 1000.000000000000000 ) ;
#3828 = PLANE ( 'NONE',  #7213 ) ;
#3829 = ORIENTED_EDGE ( 'NONE', *, *, #521, .T. ) ;
#3830 = ORIENTED_EDGE ( 'NONE', *, *, #2936, .F. ) ;
#3831 = VECTOR ( 'NONE', #4773, 1000.000000000000000 ) ;
#3832 = ORIENTED_EDGE ( 'NONE', *, *, #830, .F. ) ;
#3833 = VECTOR ( 'NONE', #3509, 1000.000000000000000 ) ;
#3834 = DIRECTION ( 'NONE',  ( 0.000000000000000000, -5.493887132165689369E-15, -1.000000000000000000 ) ) ;
#3835 = EDGE_CURVE ( 'NONE', #4998, #7432, #5872, .T. ) ;
#3836 = CARTESIAN_POINT ( 'NONE',  ( 15.50618543278413064, 8.150000000000018119, 0.5538569930062974267 ) ) ;
#3837 = CARTESIAN_POINT ( 'NONE',  ( 17.18212227597054920, 8.149999999999998579, 6.479999999999999538 ) ) ;
#3838 = VECTOR ( 'NONE', #2343, 1000.000000000000000 ) ;
#3839 = DIRECTION ( 'NONE',  ( 0.7317914199408829257, 0.6815286624206687849, 0.000000000000000000 ) ) ;
#3840 = CARTESIAN_POINT ( 'NONE',  ( 3.619999999999617302, 8.149999999999998579, 0.8999999999999998002 ) ) ;
#3841 = EDGE_CURVE ( 'NONE', #1647, #3860, #3247, .T. ) ;
#3842 = DIRECTION ( 'NONE',  ( -1.000000000000000000, 0.000000000000000000, 0.000000000000000000 ) ) ;
#3843 = ORIENTED_EDGE ( 'NONE', *, *, #6793, .T. ) ;
#3844 = DIRECTION ( 'NONE',  ( 1.000000000000000000, -0.000000000000000000, -0.000000000000000000 ) ) ;
#3845 = FACE_OUTER_BOUND ( 'NONE', #7298, .T. ) ;
#3846 = VECTOR ( 'NONE', #7087, 1000.000000000000000 ) ;
#3847 = FACE_OUTER_BOUND ( 'NONE', #1844, .T. ) ;
#3848 = CIRCLE ( 'NONE', #4370, 0.9999999999974716891 ) ;
#3849 = LINE ( 'NONE', #3921, #2921 ) ;
#3850 = VERTEX_POINT ( 'NONE', #5412 ) ;
#3851 = ORIENTED_EDGE ( 'NONE', *, *, #1084, .F. ) ;
#3852 = PLANE ( 'NONE',  #431 ) ;
#3853 = CIRCLE ( 'NONE', #7092, 0.3999999999993835154 ) ;
#3854 = PLANE ( 'NONE',  #331 ) ;
#3855 = LINE ( 'NONE', #2675, #7627 ) ;
#3856 = ORIENTED_EDGE ( 'NONE', *, *, #7027, .T. ) ;
#3857 = FACE_OUTER_BOUND ( 'NONE', #79, .T. ) ;
#3858 = ADVANCED_FACE ( 'NONE', ( #5267 ), #2329, .T. ) ;
#3859 = ORIENTED_EDGE ( 'NONE', *, *, #5055, .T. ) ;
#3860 = VERTEX_POINT ( 'NONE', #5298 ) ;
#3861 = VECTOR ( 'NONE', #4041, 1000.000000000000000 ) ;
#3862 = VECTOR ( 'NONE', #3162, 1000.000000000000000 ) ;
#3863 = ORIENTED_EDGE ( 'NONE', *, *, #427, .T. ) ;
#3864 = FACE_OUTER_BOUND ( 'NONE', #753, .T. ) ;
#3865 = CARTESIAN_POINT ( 'NONE',  ( 18.59004176286027743, 4.323768553962215044, 23.69553676194784586 ) ) ;
#3866 = VERTEX_POINT ( 'NONE', #4804 ) ;
#3867 = EDGE_CURVE ( 'NONE', #874, #6303, #900, .T. ) ;
#3868 = EDGE_CURVE ( 'NONE', #1919, #2032, #3767, .T. ) ;
#3869 = ORIENTED_EDGE ( 'NONE', *, *, #6500, .T. ) ;
#3870 = ORIENTED_EDGE ( 'NONE', *, *, #4510, .T. ) ;
#3871 = ORIENTED_EDGE ( 'NONE', *, *, #2742, .T. ) ;
#3872 = DIRECTION ( 'NONE',  ( -1.000000000000000000, 0.000000000000000000, 0.000000000000000000 ) ) ;
#3873 = CARTESIAN_POINT ( 'NONE',  ( -1.376676550535193854E-16, 0.000000000000000000, 0.6999999999999992895 ) ) ;
#3874 = AXIS2_PLACEMENT_3D ( 'NONE', #3030, #1851, #2557 ) ;
#3875 = CARTESIAN_POINT ( 'NONE',  ( 10.54999999999975913, 7.550000000000000711, 22.64457513110894737 ) ) ;
#3876 = LINE ( 'NONE', #5577, #2894 ) ;
#3877 = ADVANCED_FACE ( 'NONE', ( #951 ), #405, .T. ) ;
#3878 = CARTESIAN_POINT ( 'NONE',  ( 16.60000000000000142, 0.6499999999999991340, 11.05000000000000249 ) ) ;
#3879 = DIRECTION ( 'NONE',  ( -2.203284522077885193E-13, -0.000000000000000000, -1.000000000000000000 ) ) ;
#3880 = ORIENTED_EDGE ( 'NONE', *, *, #1313, .T. ) ;
#3881 = DIRECTION ( 'NONE',  ( 0.000000000000000000, 0.000000000000000000, -1.000000000000000000 ) ) ;
#3882 = CARTESIAN_POINT ( 'NONE',  ( 13.60000000000356302, 7.049999999999999822, 9.299999999999998934 ) ) ;
#3883 = CARTESIAN_POINT ( 'NONE',  ( 4.550000000000000711, 8.149999999999998579, 18.23999999999999844 ) ) ;
#3884 = CARTESIAN_POINT ( 'NONE',  ( 17.37947366142815042, 7.000000000000000888, 1.440000000000000169 ) ) ;
#3885 = ORIENTED_EDGE ( 'NONE', *, *, #1888, .F. ) ;
#3886 = EDGE_LOOP ( 'NONE', ( #4262, #5649, #2516, #6348 ) ) ;
#3887 = LINE ( 'NONE', #3733, #2901 ) ;
#3888 = DIRECTION ( 'NONE',  ( -0.000000000000000000, 1.000000000000000000, 0.000000000000000000 ) ) ;
#3889 = DIRECTION ( 'NONE',  ( 0.000000000000000000, -1.000000000000000000, 0.000000000000000000 ) ) ;
#3890 = ORIENTED_EDGE ( 'NONE', *, *, #3426, .F. ) ;
#3891 = CARTESIAN_POINT ( 'NONE',  ( 16.60000000000000142, 4.070000000000059792, 16.65000000000000213 ) ) ;
#3892 = ORIENTED_EDGE ( 'NONE', *, *, #4294, .T. ) ;
#3893 = DIRECTION ( 'NONE',  ( 1.000000000000000000, -0.000000000000000000, -0.000000000000000000 ) ) ;
#3894 = AXIS2_PLACEMENT_3D ( 'NONE', #4327, #580, #1109 ) ;
#3895 = ORIENTED_EDGE ( 'NONE', *, *, #721, .T. ) ;
#3896 = EDGE_CURVE ( 'NONE', #1424, #3363, #335, .T. ) ;
#3897 = CARTESIAN_POINT ( 'NONE',  ( 2.500000000000000000, 6.100000000000000533, 13.10000000000000142 ) ) ;
#3898 = PLANE ( 'NONE',  #2253 ) ;
#3899 = ORIENTED_EDGE ( 'NONE', *, *, #4617, .F. ) ;
#3900 = ORIENTED_EDGE ( 'NONE', *, *, #3309, .F. ) ;
#3901 = ORIENTED_EDGE ( 'NONE', *, *, #2407, .T. ) ;
#3902 = ORIENTED_EDGE ( 'NONE', *, *, #5430, .F. ) ;
#3903 = EDGE_CURVE ( 'NONE', #1257, #3363, #6602, .T. ) ;
#3904 = CARTESIAN_POINT ( 'NONE',  ( 4.549999999999999822, 8.149999999999998579, 13.74000000000000021 ) ) ;
#3905 = EDGE_CURVE ( 'NONE', #1451, #6108, #6852, .T. ) ;
#3906 = DIRECTION ( 'NONE',  ( 1.873249030640264608E-13, 1.000000000000000000, -1.009293658750142646E-16 ) ) ;
#3907 = CARTESIAN_POINT ( 'NONE',  ( 18.22722386638362480, 1.144652205999038941, 22.92126654563607246 ) ) ;
#3908 = VECTOR ( 'NONE', #6772, 1000.000000000000000 ) ;
#3909 = CARTESIAN_POINT ( 'NONE',  ( 4.550000000000000711, 8.149999999999998579, 5.980000000000001315 ) ) ;
#3910 = LINE ( 'NONE', #7827, #944 ) ;
#3911 = DIRECTION ( 'NONE',  ( 0.000000000000000000, -0.000000000000000000, 1.000000000000000000 ) ) ;
#3912 = CARTESIAN_POINT ( 'NONE',  ( 16.59008874175438564, 7.749171120528371759, 29.73455865506383589 ) ) ;
#3913 = EDGE_CURVE ( 'NONE', #2709, #5989, #6360, .T. ) ;
#3914 = DIRECTION ( 'NONE',  ( 1.000000000000000000, 0.000000000000000000, 0.000000000000000000 ) ) ;
#3915 = EDGE_CURVE ( 'NONE', #6259, #5432, #7387, .T. ) ;
#3916 = EDGE_CURVE ( 'NONE', #7099, #8039, #6074, .T. ) ;
#3917 = EDGE_LOOP ( 'NONE', ( #5007, #6589, #6157, #910 ) ) ;
#3918 = LINE ( 'NONE', #7038, #1576 ) ;
#3919 = DIRECTION ( 'NONE',  ( 1.000000000000000000, -0.000000000000000000, -0.000000000000000000 ) ) ;
#3920 = CARTESIAN_POINT ( 'NONE',  ( 2.500000000000000000, 6.099999999999997868, 16.08427192823300089 ) ) ;
#3921 = CARTESIAN_POINT ( 'NONE',  ( 10.65000000000000036, 8.149999999999998579, 11.18000000000023419 ) ) ;
#3922 = CIRCLE ( 'NONE', #7788, 0.6999999999999420019 ) ;
#3923 = ORIENTED_EDGE ( 'NONE', *, *, #3255, .F. ) ;
#3924 = ORIENTED_EDGE ( 'NONE', *, *, #3981, .F. ) ;
#3925 = DIRECTION ( 'NONE',  ( 1.000000000000000000, 1.384590581249543522E-16, 0.000000000000000000 ) ) ;
#3926 = PLANE ( 'NONE',  #4103 ) ;
#3927 = EDGE_CURVE ( 'NONE', #1451, #493, #1932, .T. ) ;
#3928 = VECTOR ( 'NONE', #5967, 1000.000000000000000 ) ;
#3929 = DIRECTION ( 'NONE',  ( 0.000000000000000000, 0.000000000000000000, -1.000000000000000000 ) ) ;
#3930 = EDGE_LOOP ( 'NONE', ( #7006, #6563, #679, #2130, #5516, #3383, #6121, #6952 ) ) ;
#3931 = CARTESIAN_POINT ( 'NONE',  ( -2.951086382896572551E-23, 6.400000000002104450, 12.79999999999810534 ) ) ;
#3932 = ORIENTED_EDGE ( 'NONE', *, *, #510, .T. ) ;
#3933 = EDGE_LOOP ( 'NONE', ( #133, #3324, #6767, #3646 ) ) ;
#3934 = EDGE_CURVE ( 'NONE', #4530, #5188, #1429, .T. ) ;
#3935 = VECTOR ( 'NONE', #1954, 1000.000000000000000 ) ;
#3936 = ORIENTED_EDGE ( 'NONE', *, *, #3619, .F. ) ;
#3937 = DIRECTION ( 'NONE',  ( 0.000000000000000000, 1.000000000000000000, 2.478176394252786836E-15 ) ) ;
#3938 = CARTESIAN_POINT ( 'NONE',  ( 1.349373423489407027E-14, 6.343731132896127001, 13.94621943444866652 ) ) ;
#3939 = ORIENTED_EDGE ( 'NONE', *, *, #695, .F. ) ;
#3940 = VECTOR ( 'NONE', #4521, 1000.000000000000000 ) ;
#3941 = ADVANCED_FACE ( 'NONE', ( #5452 ), #2454, .T. ) ;
#3942 = ORIENTED_EDGE ( 'NONE', *, *, #7714, .T. ) ;
#3943 = ORIENTED_EDGE ( 'NONE', *, *, #4215, .F. ) ;
#3944 = B_SPLINE_CURVE_WITH_KNOTS ( 'NONE', 3,
 ( #4720, #5183, #5903, #7793, #7195, #1523 ),
 .UNSPECIFIED., .F., .F.,
 ( 4, 2, 4 ),
 ( 0.000000000000000000, 0.5000000000000000000, 1.000000000000000000 ),
 .UNSPECIFIED. ) ;
#3945 = CIRCLE ( 'NONE', #39, 0.9999999999989065413 ) ;
#3946 = ORIENTED_EDGE ( 'NONE', *, *, #6503, .F. ) ;
#3947 = VECTOR ( 'NONE', #3796, 1000.000000000000000 ) ;
#3948 = LINE ( 'NONE', #3904, #6647 ) ;
#3949 = DIRECTION ( 'NONE',  ( -0.7981850161519256082, 0.6024123836630105311, 0.000000000000000000 ) ) ;
#3950 = VECTOR ( 'NONE', #7484, 1000.000000000000000 ) ;
#3951 = CARTESIAN_POINT ( 'NONE',  ( 18.21660862778837853, 1.099580679648741066, 22.90568678242994594 ) ) ;
#3952 = CARTESIAN_POINT ( 'NONE',  ( 16.18594924246994893, 5.979999999998560689, 22.75999999999999801 ) ) ;
#3953 = DIRECTION ( 'NONE',  ( 1.000000000000000000, -0.000000000000000000, -0.000000000000000000 ) ) ;
#3954 = EDGE_CURVE ( 'NONE', #2938, #502, #6717, .T. ) ;
#3955 = AXIS2_PLACEMENT_3D ( 'NONE', #5726, #5196, #6907 ) ;
#3956 = CARTESIAN_POINT ( 'NONE',  ( 4.549999999999999822, 8.149999999999998579, 23.82000000000000028 ) ) ;
#3957 = CIRCLE ( 'NONE', #6001, 0.6999999999999784173 ) ;
#3958 = AXIS2_PLACEMENT_3D ( 'NONE', #6604, #2150, #2837 ) ;
#3959 = LINE ( 'NONE', #747, #4625 ) ;
#3960 = EDGE_LOOP ( 'NONE', ( #4264, #5731, #1904, #3773, #3651 ) ) ;
#3961 = DIRECTION ( 'NONE',  ( 0.000000000000000000, -1.251479079098870177E-13, 1.000000000000000000 ) ) ;
#3962 = CARTESIAN_POINT ( 'NONE',  ( 4.550000000000000711, 8.149999999999998579, 5.959999999999999964 ) ) ;
#3963 = ADVANCED_FACE ( 'NONE', ( #3153 ), #2417, .F. ) ;
#3964 = DIRECTION ( 'NONE',  ( -2.215709058856527664E-13, -0.000000000000000000, -1.000000000000000000 ) ) ;
#3965 = EDGE_LOOP ( 'NONE', ( #3367, #503, #5184, #505, #7876, #5947, #5026 ) ) ;
#3966 = APPROVAL ( #1514, 'UNSPECIFIED' ) ;
#3967 = ORIENTED_EDGE ( 'NONE', *, *, #361, .F. ) ;
#3968 = PLANE ( 'NONE',  #6423 ) ;
#3969 = VECTOR ( 'NONE', #2781, 1000.000000000000000 ) ;
#3970 = CARTESIAN_POINT ( 'NONE',  ( 18.16889802884326599, 0.9039405897248871113, 11.59672270054082155 ) ) ;
#3971 = VERTEX_POINT ( 'NONE', #6755 ) ;
#3972 = DIRECTION ( 'NONE',  ( -1.000000000000000000, 0.000000000000000000, 0.000000000000000000 ) ) ;
#3973 = CARTESIAN_POINT ( 'NONE',  ( 4.550000000000000711, 8.000000000000000000, 13.73999999999990251 ) ) ;
#3974 = CARTESIAN_POINT ( 'NONE',  ( 16.83052448262735012, 7.570709498955007000, 0.01001462975073086001 ) ) ;
#3975 = ADVANCED_FACE ( 'NONE', ( #4850 ), #7321, .F. ) ;
#3976 = VECTOR ( 'NONE', #7116, 1000.000000000000000 ) ;
#3977 = VERTEX_POINT ( 'NONE', #1760 ) ;
#3978 = CARTESIAN_POINT ( 'NONE',  ( 0.07762109674828855665, 6.191845820129747935, 13.89029804919472966 ) ) ;
#3979 = CIRCLE ( 'NONE', #6682, 13.89999999994157953 ) ;
#3980 = CARTESIAN_POINT ( 'NONE',  ( 18.11572158209749617, 0.7000000000000019540, 0.000000000000000000 ) ) ;
#3981 = EDGE_CURVE ( 'NONE', #4449, #6549, #8014, .T. ) ;
#3982 = ORIENTED_EDGE ( 'NONE', *, *, #1305, .T. ) ;
#3983 = ORIENTED_EDGE ( 'NONE', *, *, #3095, .F. ) ;
#3984 = VECTOR ( 'NONE', #5129, 1000.000000000000000 ) ;
#3985 = ORIENTED_EDGE ( 'NONE', *, *, #908, .F. ) ;
#3986 = ORIENTED_EDGE ( 'NONE', *, *, #451, .F. ) ;
#3987 = DIRECTION ( 'NONE',  ( -1.000000000000000000, 0.000000000000000000, 0.000000000000000000 ) ) ;
#3988 = CARTESIAN_POINT ( 'NONE',  ( 17.96799141206031081, 6.221196099651508327, 16.67499999999997229 ) ) ;
#3989 = CARTESIAN_POINT ( 'NONE',  ( 18.59999999999999787, 0.2904647954192454695, 0.1323020907127422652 ) ) ;
#3990 = AXIS2_PLACEMENT_3D ( 'NONE', #3206, #6975, #2510 ) ;
#3991 = CARTESIAN_POINT ( 'NONE',  ( 18.10221458223800539, 0.6499999999999996891, 22.34034760698173727 ) ) ;
#3992 = DIRECTION ( 'NONE',  ( 0.000000000000000000, 0.000000000000000000, 1.000000000000000000 ) ) ;
#3993 = DIRECTION ( 'NONE',  ( 1.000000000000000000, 0.000000000000000000, 0.000000000000000000 ) ) ;
#3994 = DIRECTION ( 'NONE',  ( -0.000000000000000000, 1.000000000000000000, -0.000000000000000000 ) ) ;
#3995 = PLANE ( 'NONE',  #5788 ) ;
#3996 = VERTEX_POINT ( 'NONE', #4936 ) ;
#3997 = DIRECTION ( 'NONE',  ( -0.000000000000000000, -0.000000000000000000, 1.000000000000000000 ) ) ;
#3998 = LINE ( 'NONE', #7647, #3182 ) ;
#3999 = PLANE ( 'NONE',  #887 ) ;
#4000 = LINE ( 'NONE', #4110, #7718 ) ;
#4001 = VERTEX_POINT ( 'NONE', #1243 ) ;
#4002 = VECTOR ( 'NONE', #1294, 1000.000000000000000 ) ;
#4003 = VERTEX_POINT ( 'NONE', #4981 ) ;
#4004 = DIRECTION ( 'NONE',  ( 0.000000000000000000, 0.000000000000000000, -1.000000000000000000 ) ) ;
#4005 = ADVANCED_FACE ( 'NONE', ( #1152 ), #3679, .T. ) ;
#4006 = PRODUCT_DEFINITION_FORMATION_WITH_SPECIFIED_SOURCE ( 'ANY', '', #622, .NOT_KNOWN. ) ;
#4007 = EDGE_CURVE ( 'NONE', #6727, #7974, #4379, .T. ) ;
#4008 = DIRECTION ( 'NONE',  ( 0.000000000000000000, 1.000000000000000000, 0.000000000000000000 ) ) ;
#4009 = VERTEX_POINT ( 'NONE', #3635 ) ;
#4010 = ADVANCED_FACE ( 'NONE', ( #3115 ), #7, .F. ) ;
#4011 = CARTESIAN_POINT ( 'NONE',  ( 17.37947366142815042, 6.999999999999999112, 18.23999999999999844 ) ) ;
#4012 = CARTESIAN_POINT ( 'NONE',  ( 17.08923586769299163, 7.321299490900599949, 0.000000000000000000 ) ) ;
#4013 = ORIENTED_EDGE ( 'NONE', *, *, #7479, .F. ) ;
#4014 = LINE ( 'NONE', #6454, #6013 ) ;
#4015 = CARTESIAN_POINT ( 'NONE',  ( 10.54999999999881766, 7.550000000000000711, 7.155424868891813617 ) ) ;
#4016 = ADVANCED_FACE ( 'NONE', ( #2502 ), #52, .T. ) ;
#4017 = ORIENTED_EDGE ( 'NONE', *, *, #2869, .T. ) ;
#4018 = ADVANCED_FACE ( 'NONE', ( #3847 ), #5711, .T. ) ;
#4019 = ORIENTED_EDGE ( 'NONE', *, *, #6295, .T. ) ;
#4020 = VERTEX_POINT ( 'NONE', #2623 ) ;
#4021 = AXIS2_PLACEMENT_3D ( 'NONE', #3032, #1772, #2384 ) ;
#4022 = CARTESIAN_POINT ( 'NONE',  ( 8.820000000000000284, 8.000000000000000000, 10.46000000000000085 ) ) ;
#4023 = DIRECTION ( 'NONE',  ( 0.000000000000000000, 0.000000000000000000, 1.000000000000000000 ) ) ;
#4024 = LINE ( 'NONE', #5311, #290 ) ;
#4025 = VECTOR ( 'NONE', #628, 1000.000000000000000 ) ;
#4026 = CARTESIAN_POINT ( 'NONE',  ( 10.37489995997825787, 7.682152859743366591, 5.959999999999999964 ) ) ;
#4027 = CYLINDRICAL_SURFACE ( 'NONE', #2494, 0.2999999999999999889 ) ;
#4028 = COORDINATED_UNIVERSAL_TIME_OFFSET ( 5, 0, .BEHIND. ) ;
#4029 = DIRECTION ( 'NONE',  ( -1.000000000000000000, 0.000000000000000000, 2.486287565913251610E-16 ) ) ;
#4030 = CARTESIAN_POINT ( 'NONE',  ( 10.37489995997990277, 7.682152859742380713, 18.23999999999999844 ) ) ;
#4031 = DIRECTION ( 'NONE',  ( 9.448706592554519636E-16, -0.000000000000000000, 1.000000000000000000 ) ) ;
#4032 = DIRECTION ( 'NONE',  ( 0.000000000000000000, 1.000000000000000000, 0.000000000000000000 ) ) ;
#4033 = ADVANCED_FACE ( 'NONE', ( #711 ), #3198, .T. ) ;
#4034 = CARTESIAN_POINT ( 'NONE',  ( 4.550000000000004263, 8.149999999999998579, 12.12000000000000099 ) ) ;
#4035 = ORIENTED_EDGE ( 'NONE', *, *, #4180, .F. ) ;
#4036 = ORIENTED_EDGE ( 'NONE', *, *, #701, .F. ) ;
#4037 = CARTESIAN_POINT ( 'NONE',  ( 18.27335378321595272, 1.349999999999981437, 23.65000000000002345 ) ) ;
#4038 = CARTESIAN_POINT ( 'NONE',  ( 18.21595806906793413, 1.096793534737531273, 23.69558764812563467 ) ) ;
#4039 = VERTEX_POINT ( 'NONE', #5789 ) ;
#4040 = CARTESIAN_POINT ( 'NONE',  ( 4.690000000058420326, 4.299999999992524913, 22.95000000000000284 ) ) ;
#4041 = DIRECTION ( 'NONE',  ( -0.000000000000000000, 1.057355261547767459E-16, -1.000000000000000000 ) ) ;
#4042 = ADVANCED_FACE ( 'NONE', ( #2084 ), #4492, .T. ) ;
#4043 = ORIENTED_EDGE ( 'NONE', *, *, #6298, .T. ) ;
#4044 = CARTESIAN_POINT ( 'NONE',  ( 4.550000000000000711, 7.049999999999999822, 17.67999999999999972 ) ) ;
#4045 = LINE ( 'NONE', #411, #3833 ) ;
#4046 = AXIS2_PLACEMENT_3D ( 'NONE', #2500, #4979, #2979 ) ;
#4047 = ORIENTED_EDGE ( 'NONE', *, *, #562, .T. ) ;
#4048 = ORIENTED_EDGE ( 'NONE', *, *, #399, .T. ) ;
#4049 = ORIENTED_EDGE ( 'NONE', *, *, #7959, .T. ) ;
#4050 = EDGE_CURVE ( 'NONE', #1649, #3479, #4276, .T. ) ;
#4051 = ORIENTED_EDGE ( 'NONE', *, *, #2856, .F. ) ;
#4052 = DIRECTION ( 'NONE',  ( 1.000000000000000000, -0.000000000000000000, -0.000000000000000000 ) ) ;
#4053 = CARTESIAN_POINT ( 'NONE',  ( 8.820000000000000284, 8.000000000000067502, 24.94000000000000128 ) ) ;
#4054 = DIRECTION ( 'NONE',  ( 0.000000000000000000, -1.705811418043589615E-13, 1.000000000000000000 ) ) ;
#4055 = VECTOR ( 'NONE', #7350, 1000.000000000000000 ) ;
#4056 = CYLINDRICAL_SURFACE ( 'NONE', #3724, 4.999999999996433075 ) ;
#4057 = CARTESIAN_POINT ( 'NONE',  ( 4.549999999999999822, 7.049999999999998934, 11.58000000000000007 ) ) ;
#4058 = AXIS2_PLACEMENT_3D ( 'NONE', #6444, #7044, #7090 ) ;
#4059 = EDGE_CURVE ( 'NONE', #1218, #6664, #6743, .T. ) ;
#4060 = AXIS2_PLACEMENT_3D ( 'NONE', #6615, #2318, #7436 ) ;
#4061 = DATE_AND_TIME ( #6612, #1418 ) ;
#4062 = LINE ( 'NONE', #7115, #4967 ) ;
#4063 = DIRECTION ( 'NONE',  ( 1.000000000000000000, 0.000000000000000000, 1.500535806722250850E-12 ) ) ;
#4064 = VECTOR ( 'NONE', #7560, 1000.000000000000000 ) ;
#4065 = DIRECTION ( 'NONE',  ( 0.000000000000000000, -3.194121501229790813E-15, 1.000000000000000000 ) ) ;
#4066 = EDGE_CURVE ( 'NONE', #688, #5197, #168, .T. ) ;
#4067 = VECTOR ( 'NONE', #921, 1000.000000000000000 ) ;
#4068 = CARTESIAN_POINT ( 'NONE',  ( 16.60000000000000142, 0.6500000000000001332, 18.75000000000000000 ) ) ;
#4069 = LINE ( 'NONE', #3463, #7828 ) ;
#4070 = LINE ( 'NONE', #7155, #6823 ) ;
#4071 = EDGE_LOOP ( 'NONE', ( #3368, #5544, #3433, #1389 ) ) ;
#4072 = EDGE_LOOP ( 'NONE', ( #465, #3591, #3222, #2429, #1642, #785 ) ) ;
#4073 = DIRECTION ( 'NONE',  ( 1.000000000000000000, -3.980830721252968592E-15, -0.000000000000000000 ) ) ;
#4074 = AXIS2_PLACEMENT_3D ( 'NONE', #6825, #2520, #6257 ) ;
#4075 = B_SPLINE_CURVE_WITH_KNOTS ( 'NONE', 3,
 ( #48, #2545, #5936, #4030 ),
 .UNSPECIFIED., .F., .F.,
 ( 4, 4 ),
 ( 0.000000000000000000, 1.000000000000000000 ),
 .UNSPECIFIED. ) ;
#4076 = CARTESIAN_POINT ( 'NONE',  ( 10.37489995996850212, 7.049999999999999822, 17.16000000000000014 ) ) ;
#4077 = ORIENTED_EDGE ( 'NONE', *, *, #2116, .T. ) ;
#4078 = DIRECTION ( 'NONE',  ( 0.000000000000000000, 0.000000000000000000, 1.000000000000000000 ) ) ;
#4079 = CARTESIAN_POINT ( 'NONE',  ( 10.25000000000061995, 7.049999999999999822, 24.21999999999940201 ) ) ;
#4080 = VECTOR ( 'NONE', #5159, 1000.000000000000000 ) ;
#4081 = ORIENTED_EDGE ( 'NONE', *, *, #5073, .F. ) ;
#4082 = LINE ( 'NONE', #2906, #3571 ) ;
#4083 = DIRECTION ( 'NONE',  ( -0.000000000000000000, -0.000000000000000000, -1.000000000000000000 ) ) ;
#4084 = VECTOR ( 'NONE', #7658, 1000.000000000000000 ) ;
#4085 = DIRECTION ( 'NONE',  ( 0.000000000000000000, 0.000000000000000000, 1.000000000000000000 ) ) ;
#4086 = ADVANCED_FACE ( 'NONE', ( #6326 ), #6440, .F. ) ;
#4087 = EDGE_LOOP ( 'NONE', ( #4857, #2056, #7139, #3238, #6482, #2149, #1858, #595 ) ) ;
#4088 = VERTEX_POINT ( 'NONE', #6890 ) ;
#4089 = ORIENTED_EDGE ( 'NONE', *, *, #3809, .F. ) ;
#4090 = EDGE_CURVE ( 'NONE', #1044, #7779, #95, .T. ) ;
#4091 = AXIS2_PLACEMENT_3D ( 'NONE', #6583, #1749, #1832 ) ;
#4092 =( GEOMETRIC_REPRESENTATION_CONTEXT ( 3 ) GLOBAL_UNCERTAINTY_ASSIGNED_CONTEXT ( ( #3306 ) ) GLOBAL_UNIT_ASSIGNED_CONTEXT ( ( #207, #7031, #7499 ) ) REPRESENTATION_CONTEXT ( 'NONE', 'WORKASPACE' ) );
#4093 = VERTEX_POINT ( 'NONE', #1441 ) ;
#4094 = DIRECTION ( 'NONE',  ( 1.000000000000000000, 0.000000000000000000, 0.000000000000000000 ) ) ;
#4095 = FACE_OUTER_BOUND ( 'NONE', #2094, .T. ) ;
#4096 = DIRECTION ( 'NONE',  ( -1.000000000000000000, 0.000000000000000000, 0.000000000000000000 ) ) ;
#4097 = EDGE_CURVE ( 'NONE', #3708, #763, #3100, .T. ) ;
#4098 = EDGE_CURVE ( 'NONE', #7232, #3971, #2126, .T. ) ;
#4099 = CARTESIAN_POINT ( 'NONE',  ( 0.000000000000000000, 3.949999999999999734, 17.00000000000000000 ) ) ;
#4100 = VECTOR ( 'NONE', #6507, 999.9999999999998863 ) ;
#4101 = CARTESIAN_POINT ( 'NONE',  ( 0.2999999999999999889, 7.218676524318500043, 17.00000000000000000 ) ) ;
#4102 = PLANE ( 'NONE',  #2237 ) ;
#4103 = AXIS2_PLACEMENT_3D ( 'NONE', #6405, #3888, #3811 ) ;
#4104 = DIRECTION ( 'NONE',  ( -0.000000000000000000, -0.000000000000000000, -1.000000000000000000 ) ) ;
#4105 = LINE ( 'NONE', #1581, #3078 ) ;
#4106 = FACE_OUTER_BOUND ( 'NONE', #7469, .T. ) ;
#4107 = ADVANCED_FACE ( 'NONE', ( #5142 ), #2048, .F. ) ;
#4108 = DIRECTION ( 'NONE',  ( -1.000000000000000000, 0.000000000000000000, 0.000000000000000000 ) ) ;
#4109 = ORIENTED_EDGE ( 'NONE', *, *, #6630, .F. ) ;
#4110 = CARTESIAN_POINT ( 'NONE',  ( 3.620000000000000551, 8.149999999999998579, 28.89999999999999858 ) ) ;
#4111 = VERTEX_POINT ( 'NONE', #3920 ) ;
#4112 = VERTEX_POINT ( 'NONE', #7569 ) ;
#4113 = LINE ( 'NONE', #1753, #161 ) ;
#4114 = VECTOR ( 'NONE', #5519, 1000.000000000000000 ) ;
#4115 = CARTESIAN_POINT ( 'NONE',  ( 18.11988951088911293, 0.7134569061650654076, 24.00838015992837171 ) ) ;
#4116 = ORIENTED_EDGE ( 'NONE', *, *, #2180, .T. ) ;
#4117 = DIRECTION ( 'NONE',  ( 0.000000000000000000, 0.000000000000000000, -1.000000000000000000 ) ) ;
#4118 = CARTESIAN_POINT ( 'NONE',  ( 18.58809699203467858, 4.069999999999994955, 28.55000000000000071 ) ) ;
#4119 = CARTESIAN_POINT ( 'NONE',  ( 17.33486177177819343, 7.049999999999993605, 17.16000000000000014 ) ) ;
#4120 = AXIS2_PLACEMENT_3D ( 'NONE', #6478, #5257, #3386 ) ;
#4121 = VERTEX_POINT ( 'NONE', #6970 ) ;
#4122 = DIRECTION ( 'NONE',  ( 1.000000000000000000, 0.000000000000000000, 0.000000000000000000 ) ) ;
#4123 = DIRECTION ( 'NONE',  ( -1.000000000000000000, 0.000000000000000000, 0.000000000000000000 ) ) ;
#4124 = LINE ( 'NONE', #3980, #5894 ) ;
#4125 = B_SPLINE_CURVE_WITH_KNOTS ( 'NONE', 3,
 ( #1364, #7567, #6437, #5139 ),
 .UNSPECIFIED., .F., .F.,
 ( 4, 4 ),
 ( 0.000000000000000000, 1.000000000000000000 ),
 .UNSPECIFIED. ) ;
#4126 = EDGE_LOOP ( 'NONE', ( #3885, #305, #5236, #3899, #6607, #1917, #7343 ) ) ;
#4127 = CARTESIAN_POINT ( 'NONE',  ( 16.18594924246994893, 5.979999999998560689, 13.12500000000000000 ) ) ;
#4128 = ORIENTED_EDGE ( 'NONE', *, *, #6787, .F. ) ;
#4129 = ORIENTED_EDGE ( 'NONE', *, *, #4759, .T. ) ;
#4130 = EDGE_CURVE ( 'NONE', #1126, #7212, #6362, .T. ) ;
#4131 = VERTEX_POINT ( 'NONE', #3235 ) ;
#4132 = FACE_OUTER_BOUND ( 'NONE', #1193, .T. ) ;
#4133 = CARTESIAN_POINT ( 'NONE',  ( 0.000000000000000000, 5.900000000004309797, 14.89999999999169944 ) ) ;
#4134 = CARTESIAN_POINT ( 'NONE',  ( 16.60000000000000142, 1.349999999999999645, 22.95000000000000284 ) ) ;
#4135 = CARTESIAN_POINT ( 'NONE',  ( 0.2999999999999862776, 6.100000000000000533, 16.08427192823301866 ) ) ;
#4136 = ORIENTED_EDGE ( 'NONE', *, *, #2216, .F. ) ;
#4137 = PLANE ( 'NONE',  #2221 ) ;
#4138 = ADVANCED_FACE ( 'NONE', ( #1323 ), #829, .T. ) ;
#4139 = DIRECTION ( 'NONE',  ( 1.873249030640264608E-13, 1.000000000000000000, 0.000000000000000000 ) ) ;
#4140 = DIRECTION ( 'NONE',  ( 0.7598676893420028833, 0.6500777604979618429, 0.000000000000000000 ) ) ;
#4141 = CARTESIAN_POINT ( 'NONE',  ( 3.620000000000001439, 8.150000000000002132, 0.9000000000000001332 ) ) ;
#4142 = CARTESIAN_POINT ( 'NONE',  ( 10.37489995997823478, 7.682152859743383466, 22.75999999999999801 ) ) ;
#4143 = DIRECTION ( 'NONE',  ( 0.000000000000000000, -4.708535149080295344E-14, -1.000000000000000000 ) ) ;
#4144 = EDGE_CURVE ( 'NONE', #2709, #8017, #1965, .T. ) ;
#4145 = VERTEX_POINT ( 'NONE', #1366 ) ;
#4146 = VERTEX_POINT ( 'NONE', #4611 ) ;
#4147 = CARTESIAN_POINT ( 'NONE',  ( 18.20062978823172273, 5.851159281512042121, 15.35498173752471907 ) ) ;
#4148 = EDGE_CURVE ( 'NONE', #4111, #5905, #346, .T. ) ;
#4149 = CARTESIAN_POINT ( 'NONE',  ( 0.000000000000000000, 6.400000000000004796, 15.82330926563095552 ) ) ;
#4150 = ORIENTED_EDGE ( 'NONE', *, *, #263, .F. ) ;
#4151 = DIRECTION ( 'NONE',  ( 1.000000000000000000, 0.000000000000000000, 0.000000000000000000 ) ) ;
#4152 = CARTESIAN_POINT ( 'NONE',  ( 17.33486177177819343, 7.049999999999993605, 28.35999999999999943 ) ) ;
#4153 = DIRECTION ( 'NONE',  ( 0.000000000000000000, 0.000000000000000000, -1.000000000000000000 ) ) ;
#4154 = EDGE_LOOP ( 'NONE', ( #3815, #5361, #3871, #7801, #195, #4019, #2868, #2551 ) ) ;
#4155 = CARTESIAN_POINT ( 'NONE',  ( 18.27335378321595627, 1.350000000000004530, 17.35000000000000142 ) ) ;
#4156 = CARTESIAN_POINT ( 'NONE',  ( 18.58956010794821978, 4.178590307877402488, 1.256661645260302329 ) ) ;
#4157 = ADVANCED_FACE ( 'NONE', ( #2779 ), #3999, .T. ) ;
#4158 = CARTESIAN_POINT ( 'NONE',  ( 9.420000000000319673, 7.150000000001090150, 18.23999999999999844 ) ) ;
#4159 = FACE_OUTER_BOUND ( 'NONE', #1705, .T. ) ;
#4160 = ORIENTED_EDGE ( 'NONE', *, *, #7249, .T. ) ;
#4161 = DIRECTION ( 'NONE',  ( -0.000000000000000000, 1.000000000000000000, 3.789561257387214286E-13 ) ) ;
#4162 = ORIENTED_EDGE ( 'NONE', *, *, #5148, .T. ) ;
#4163 = ORIENTED_EDGE ( 'NONE', *, *, #4447, .F. ) ;
#4164 = ADVANCED_FACE ( 'NONE', ( #907 ), #5862, .F. ) ;
#4165 = VECTOR ( 'NONE', #129, 1000.000000000000000 ) ;
#4166 = DIRECTION ( 'NONE',  ( 0.000000000000000000, 0.000000000000000000, 1.000000000000000000 ) ) ;
#4167 = PLANE ( 'NONE',  #3416 ) ;
#4168 = DIRECTION ( 'NONE',  ( 1.905142710253222006E-12, -0.000000000000000000, -1.000000000000000000 ) ) ;
#4169 = VERTEX_POINT ( 'NONE', #16 ) ;
#4170 = EDGE_CURVE ( 'NONE', #6837, #3253, #478, .T. ) ;
#4171 = CARTESIAN_POINT ( 'NONE',  ( 18.07765284496201019, 7.049999999999999822, 5.925000000000006040 ) ) ;
#4172 = ORIENTED_EDGE ( 'NONE', *, *, #996, .T. ) ;
#4173 = VECTOR ( 'NONE', #3799, 1000.000000000000000 ) ;
#4174 = EDGE_LOOP ( 'NONE', ( #4949, #6339, #1214, #7376 ) ) ;
#4175 = CARTESIAN_POINT ( 'NONE',  ( 16.60000000000000142, 1.350000000000000311, 28.55000000000000071 ) ) ;
#4176 = CARTESIAN_POINT ( 'NONE',  ( 16.60000000000000142, 4.070000000000059792, 18.75000000000000000 ) ) ;
#4177 = AXIS2_PLACEMENT_3D ( 'NONE', #5050, #37, #694 ) ;
#4178 = DIRECTION ( 'NONE',  ( 0.8955305689923257484, 0.000000000000000000, -0.4450000000003160316 ) ) ;
#4179 = DIRECTION ( 'NONE',  ( 0.000000000000000000, -1.676899360110642493E-13, 1.000000000000000000 ) ) ;
#4180 = EDGE_CURVE ( 'NONE', #4112, #3183, #6684, .T. ) ;
#4181 = FACE_OUTER_BOUND ( 'NONE', #4514, .T. ) ;
#4182 = AXIS2_PLACEMENT_3D ( 'NONE', #6569, #7252, #1000 ) ;
#4183 = CARTESIAN_POINT ( 'NONE',  ( 18.56237143410056945, 0.4354253360246727600, 29.74921092437871906 ) ) ;
#4184 = ORIENTED_EDGE ( 'NONE', *, *, #5326, .T. ) ;
#4185 = CARTESIAN_POINT ( 'NONE',  ( 18.22722386638361414, 1.144652205999014960, 17.32126654563606394 ) ) ;
#4186 = CARTESIAN_POINT ( 'NONE',  ( 16.60000000000000142, 4.070000000000059792, 1.949999999999940004 ) ) ;
#4187 = CIRCLE ( 'NONE', #699, 0.3999999999993835154 ) ;
#4188 = AXIS2_PLACEMENT_3D ( 'NONE', #6041, #238, #2339 ) ;
#4189 = EDGE_CURVE ( 'NONE', #5276, #3826, #7227, .T. ) ;
#4190 = PLANE ( 'NONE',  #1859 ) ;
#4191 = VERTEX_POINT ( 'NONE', #6081 ) ;
#4192 = FACE_OUTER_BOUND ( 'NONE', #3251, .T. ) ;
#4193 = LINE ( 'NONE', #1639, #2772 ) ;
#4194 = CARTESIAN_POINT ( 'NONE',  ( 16.96493515728995405, 7.449999999999999289, 0.000000000000000000 ) ) ;
#4195 = DIRECTION ( 'NONE',  ( -1.000000000000000000, -1.786765180256300634E-13, 0.000000000000000000 ) ) ;
#4196 = VECTOR ( 'NONE', #6438, 1000.000000000000000 ) ;
#4197 = VERTEX_POINT ( 'NONE', #7414 ) ;
#4198 = VECTOR ( 'NONE', #5602, 1000.000000000000000 ) ;
#4199 = ORIENTED_EDGE ( 'NONE', *, *, #2447, .T. ) ;
#4200 = CARTESIAN_POINT ( 'NONE',  ( 18.23251183562395283, 0.5892413929095633440, 0.006139012031559396704 ) ) ;
#4201 = CARTESIAN_POINT ( 'NONE',  ( 18.58475214792420616, 4.700472293807991697, 18.39885094489101292 ) ) ;
#4202 = CARTESIAN_POINT ( 'NONE',  ( 10.37489995996842040, 7.682152859750585705, 28.35999999999999943 ) ) ;
#4203 = DIRECTION ( 'NONE',  ( -1.000000000000000000, -1.449374309186003556E-15, -1.449374309186003556E-15 ) ) ;
#4204 = CARTESIAN_POINT ( 'NONE',  ( 4.549999999999999822, 8.000000000000101252, 4.259999999999905640 ) ) ;
#4205 = ORIENTED_EDGE ( 'NONE', *, *, #4791, .T. ) ;
#4206 = CIRCLE ( 'NONE', #714, 0.9999999999974716891 ) ;
#4207 = CYLINDRICAL_SURFACE ( 'NONE', #2123, 0.9999999999974716891 ) ;
#4208 = ORIENTED_EDGE ( 'NONE', *, *, #1754, .F. ) ;
#4209 = ORIENTED_EDGE ( 'NONE', *, *, #2950, .F. ) ;
#4210 = EDGE_CURVE ( 'NONE', #5046, #2690, #5460, .T. ) ;
#4211 = VERTEX_POINT ( 'NONE', #1253 ) ;
#4212 = DIRECTION ( 'NONE',  ( 0.000000000000000000, 0.000000000000000000, 1.000000000000000000 ) ) ;
#4213 = CARTESIAN_POINT ( 'NONE',  ( 8.820000000000000284, 8.149999999999998579, 19.33999999999999986 ) ) ;
#4214 = LINE ( 'NONE', #2392, #7050 ) ;
#4215 = EDGE_CURVE ( 'NONE', #4735, #1024, #4862, .T. ) ;
#4216 = ORIENTED_EDGE ( 'NONE', *, *, #353, .T. ) ;
#4217 = PLANE ( 'NONE',  #456 ) ;
#4218 = ORIENTED_EDGE ( 'NONE', *, *, #3056, .T. ) ;
#4219 = CIRCLE ( 'NONE', #6552, 0.9999999999974712450 ) ;
#4220 = ORIENTED_EDGE ( 'NONE', *, *, #5890, .T. ) ;
#4221 = CIRCLE ( 'NONE', #3720, 4.999999999996429523 ) ;
#4222 = CARTESIAN_POINT ( 'NONE',  ( 18.25022240231553639, 1.245001127752399794, 28.54393450571125612 ) ) ;
#4223 = DIRECTION ( 'NONE',  ( 1.000000000000000000, 0.000000000000000000, 0.000000000000000000 ) ) ;
#4224 = VECTOR ( 'NONE', #3193, 1000.000000000000000 ) ;
#4225 = DIRECTION ( 'NONE',  ( -1.000000000000000000, -0.000000000000000000, -0.000000000000000000 ) ) ;
#4226 = AXIS2_PLACEMENT_3D ( 'NONE', #7230, #1627, #4718 ) ;
#4227 = DIRECTION ( 'NONE',  ( 0.000000000000000000, 1.000000000000000000, 0.000000000000000000 ) ) ;
#4228 = DIRECTION ( 'NONE',  ( 0.000000000000000000, -1.000000000000000000, 0.000000000000000000 ) ) ;
#4229 = AXIS2_PLACEMENT_3D ( 'NONE', #3394, #1493, #916 ) ;
#4230 = VECTOR ( 'NONE', #1265, 1000.000000000000000 ) ;
#4231 = DIRECTION ( 'NONE',  ( 0.7599342076850883476, 0.6499999999923363747, 0.000000000000000000 ) ) ;
#4232 = CARTESIAN_POINT ( 'NONE',  ( 18.59999999999999787, 0.1999999999999993727, 0.1323020907126668533 ) ) ;
#4233 = AXIS2_PLACEMENT_3D ( 'NONE', #6745, #5530, #5573 ) ;
#4234 = CARTESIAN_POINT ( 'NONE',  ( 10.65000000000000746, 7.550000000000000711, 27.97999999999999687 ) ) ;
#4235 = ORIENTED_EDGE ( 'NONE', *, *, #1378, .T. ) ;
#4236 = DIRECTION ( 'NONE',  ( 0.000000000000000000, 0.000000000000000000, 1.000000000000000000 ) ) ;
#4237 = FACE_OUTER_BOUND ( 'NONE', #4770, .T. ) ;
#4238 = DIRECTION ( 'NONE',  ( -0.000000000000000000, 1.964996503761339106E-16, -1.000000000000000000 ) ) ;
#4239 = DIRECTION ( 'NONE',  ( 1.598721155458441961E-13, 0.000000000000000000, -1.000000000000000000 ) ) ;
#4240 = VERTEX_POINT ( 'NONE', #1903 ) ;
#4241 = ADVANCED_FACE ( 'NONE', ( #3738 ), #499, .T. ) ;
#4242 = ORIENTED_EDGE ( 'NONE', *, *, #2869, .F. ) ;
#4243 = EDGE_CURVE ( 'NONE', #6358, #5905, #5556, .T. ) ;
#4244 = CARTESIAN_POINT ( 'NONE',  ( 17.33486177177819343, 7.049999999999995381, 23.83999999999999986 ) ) ;
#4245 = CYLINDRICAL_SURFACE ( 'NONE', #5893, 1.570000000001446683 ) ;
#4246 = CYLINDRICAL_SURFACE ( 'NONE', #4478, 0.1999999999999554356 ) ;
#4247 = CARTESIAN_POINT ( 'NONE',  ( 0.04879491358186616168, 6.235999986104698856, 13.90521157559099663 ) ) ;
#4248 = EDGE_CURVE ( 'NONE', #6055, #8032, #6763, .T. ) ;
#4249 = CARTESIAN_POINT ( 'NONE',  ( 18.59999999999980957, 0.1350052950848960875, 0.2764369943703803845 ) ) ;
#4250 = EDGE_LOOP ( 'NONE', ( #5471, #2430, #6721, #2436 ) ) ;
#4251 = CARTESIAN_POINT ( 'NONE',  ( 18.59004717814658392, 4.325493980074800682, 11.70356872518711633 ) ) ;
#4252 = ORIENTED_EDGE ( 'NONE', *, *, #5855, .F. ) ;
#4253 = ORIENTED_EDGE ( 'NONE', *, *, #978, .F. ) ;
#4254 = ORIENTED_EDGE ( 'NONE', *, *, #2465, .F. ) ;
#4255 = CARTESIAN_POINT ( 'NONE',  ( 4.690000000058420326, 4.299999999992524913, 18.05000000000000071 ) ) ;
#4256 = CARTESIAN_POINT ( 'NONE',  ( 0.2999999999999998224, 6.100000000000000533, 13.10000000000000142 ) ) ;
#4257 = CARTESIAN_POINT ( 'NONE',  ( 10.65000000000000746, 7.550000000000000711, 16.78000000000000114 ) ) ;
#4258 = EDGE_CURVE ( 'NONE', #7020, #4824, #3588, .T. ) ;
#4259 = ORIENTED_EDGE ( 'NONE', *, *, #2971, .T. ) ;
#4260 = LOCAL_TIME ( 16, 8, 54.00000000000000000, #2115 ) ;
#4261 = EDGE_CURVE ( 'NONE', #7545, #1390, #3291, .T. ) ;
#4262 = ORIENTED_EDGE ( 'NONE', *, *, #120, .F. ) ;
#4263 = ORIENTED_EDGE ( 'NONE', *, *, #6307, .T. ) ;
#4264 = ORIENTED_EDGE ( 'NONE', *, *, #7175, .F. ) ;
#4265 = CARTESIAN_POINT ( 'NONE',  ( 18.21660862778836076, 1.099580679648704207, 28.50568678242992959 ) ) ;
#4266 = CARTESIAN_POINT ( 'NONE',  ( 10.25000000000030909, 7.049999999999999822, 5.980000000000004867 ) ) ;
#4267 = EDGE_CURVE ( 'NONE', #4719, #1416, #2708, .T. ) ;
#4268 = CARTESIAN_POINT ( 'NONE',  ( 4.549999999999999822, 8.149999999999998579, 6.479999999999999538 ) ) ;
#4269 = PLANE ( 'NONE',  #165 ) ;
#4270 = CARTESIAN_POINT ( 'NONE',  ( 9.420000000000319673, 7.150000000001090150, 23.83999999999999986 ) ) ;
#4271 = FACE_OUTER_BOUND ( 'NONE', #3632, .T. ) ;
#4272 = VECTOR ( 'NONE', #1530, 1000.000000000000000 ) ;
#4273 = ADVANCED_FACE ( 'NONE', ( #61 ), #7502, .T. ) ;
#4274 = CARTESIAN_POINT ( 'NONE',  ( 17.37894151473797066, 7.000622083981281385, 28.35999999999999943 ) ) ;
#4275 = LINE ( 'NONE', #1668, #4321 ) ;
#4276 = CIRCLE ( 'NONE', #2199, 1.025000000000529710 ) ;
#4277 = EDGE_CURVE ( 'NONE', #3708, #6224, #7373, .T. ) ;
#4278 = CARTESIAN_POINT ( 'NONE',  ( 4.550000000000000711, 8.000000000000000000, 2.539999999999998259 ) ) ;
#4279 = EDGE_LOOP ( 'NONE', ( #713, #3208, #3534, #1855, #1453, #8028, #5762, #6495, #2973, #1363, #1174, #6824, #6873, #6911 ) ) ;
#4280 = DIRECTION ( 'NONE',  ( 1.000000000000000000, -0.000000000000000000, -0.000000000000000000 ) ) ;
#4281 = DIRECTION ( 'NONE',  ( 1.000000000000000000, 0.000000000000000000, 1.014813233447996241E-12 ) ) ;
#4282 = DIRECTION ( 'NONE',  ( -0.000000000000000000, -0.000000000000000000, 1.000000000000000000 ) ) ;
#4283 = CARTESIAN_POINT ( 'NONE',  ( 10.25000000000061995, 7.049999999999999822, 13.01999999999937963 ) ) ;
#4284 = VERTEX_POINT ( 'NONE', #4337 ) ;
#4285 = EDGE_LOOP ( 'NONE', ( #2456, #2682, #4395, #5950 ) ) ;
#4286 = DIRECTION ( 'NONE',  ( -1.574261554451380464E-12, 0.000000000000000000, -1.000000000000000000 ) ) ;
#4287 = DIRECTION ( 'NONE',  ( 0.000000000000000000, -0.000000000000000000, 1.000000000000000000 ) ) ;
#4288 = CARTESIAN_POINT ( 'NONE',  ( 18.10881781221917919, 6.000000000000002665, 16.37500000000000000 ) ) ;
#4289 = CARTESIAN_POINT ( 'NONE',  ( 18.58952477949125281, 4.174497322550280387, 6.144191922117711258 ) ) ;
#4290 = AXIS2_PLACEMENT_3D ( 'NONE', #2435, #2957, #1819 ) ;
#4291 = CARTESIAN_POINT ( 'NONE',  ( 18.58809699203467858, 4.069999999999994955, 22.95000000000000284 ) ) ;
#4292 = ORIENTED_EDGE ( 'NONE', *, *, #2616, .T. ) ;
#4293 = CARTESIAN_POINT ( 'NONE',  ( 18.58205168432626309, 4.769999999999997797, 11.05000000000000071 ) ) ;
#4294 = EDGE_CURVE ( 'NONE', #2032, #663, #6203, .T. ) ;
#4295 = ORIENTED_EDGE ( 'NONE', *, *, #4373, .T. ) ;
#4296 = ORIENTED_EDGE ( 'NONE', *, *, #6470, .T. ) ;
#4297 = ORIENTED_EDGE ( 'NONE', *, *, #3322, .F. ) ;
#4298 = DIRECTION ( 'NONE',  ( 2.357995804513606927E-15, -2.750995105265874945E-15, -1.000000000000000000 ) ) ;
#4299 = DIRECTION ( 'NONE',  ( 1.000000000000000000, 0.000000000000000000, 0.000000000000000000 ) ) ;
#4300 = CARTESIAN_POINT ( 'NONE',  ( 2.500000000000000000, 6.100000000000000533, 16.69999999999999929 ) ) ;
#4301 = ORIENTED_EDGE ( 'NONE', *, *, #4922, .F. ) ;
#4302 = CARTESIAN_POINT ( 'NONE',  ( 18.59007420368737584, 4.278818881277443253, 6.879617651686445789 ) ) ;
#4303 = ORIENTED_EDGE ( 'NONE', *, *, #706, .T. ) ;
#4304 = EDGE_CURVE ( 'NONE', #1126, #5364, #3855, .T. ) ;
#4305 = CARTESIAN_POINT ( 'NONE',  ( 0.2999999999999999889, 3.950000000000000178, 13.10000000000000142 ) ) ;
#4306 = ORIENTED_EDGE ( 'NONE', *, *, #6946, .T. ) ;
#4307 = ORIENTED_EDGE ( 'NONE', *, *, #6934, .T. ) ;
#4308 = CARTESIAN_POINT ( 'NONE',  ( 16.60000000000000142, 1.349999999999976108, 18.75000000000000000 ) ) ;
#4309 = VECTOR ( 'NONE', #3766, 1000.000000000000000 ) ;
#4310 = DIRECTION ( 'NONE',  ( 0.000000000000000000, -1.676899360110642493E-13, 1.000000000000000000 ) ) ;
#4311 = VECTOR ( 'NONE', #6319, 1000.000000000000000 ) ;
#4312 = LINE ( 'NONE', #519, #5281 ) ;
#4313 = DIRECTION ( 'NONE',  ( 0.000000000000000000, 3.438469747025571958E-14, 1.000000000000000000 ) ) ;
#4314 = DIRECTION ( 'NONE',  ( 0.000000000000000000, -4.708535149080307335E-14, -1.000000000000000000 ) ) ;
#4315 = CARTESIAN_POINT ( 'NONE',  ( 10.25000000000000000, 7.049999999999999822, 18.22000000000001307 ) ) ;
#4316 = EDGE_CURVE ( 'NONE', #7665, #3616, #4364, .T. ) ;
#4317 = AXIS2_PLACEMENT_3D ( 'NONE', #1179, #2320, #4314 ) ;
#4318 = CARTESIAN_POINT ( 'NONE',  ( 17.18212227597027919, 7.049999999999998934, 12.12000000000000099 ) ) ;
#4319 = FACE_OUTER_BOUND ( 'NONE', #6933, .T. ) ;
#4320 = ADVANCED_FACE ( 'NONE', ( #4500 ), #5221, .T. ) ;
#4321 = VECTOR ( 'NONE', #2363, 1000.000000000000000 ) ;
#4322 = CIRCLE ( 'NONE', #1330, 8.000000000018912871 ) ;
#4323 = CARTESIAN_POINT ( 'NONE',  ( 4.549999999999999822, 7.049999999999998934, 5.980000000000001315 ) ) ;
#4324 = EDGE_LOOP ( 'NONE', ( #1297, #5449, #4585, #7743 ) ) ;
#4325 = DIRECTION ( 'NONE',  ( 1.000000000000000000, -0.000000000000000000, -0.000000000000000000 ) ) ;
#4326 = CARTESIAN_POINT ( 'NONE',  ( 8.820000000000000284, 8.149999999999998579, 21.66000000000000369 ) ) ;
#4327 = CARTESIAN_POINT ( 'NONE',  ( 16.60000000000000142, 1.349999999999976108, 27.85000000000000497 ) ) ;
#4328 = CIRCLE ( 'NONE', #7299, 4.999999999996431299 ) ;
#4329 = DIRECTION ( 'NONE',  ( -1.000000000000000000, -0.000000000000000000, -0.000000000000000000 ) ) ;
#4330 = ORIENTED_EDGE ( 'NONE', *, *, #7732, .T. ) ;
#4331 = CIRCLE ( 'NONE', #1727, 13.89999999994158308 ) ;
#4332 = ORIENTED_EDGE ( 'NONE', *, *, #1114, .T. ) ;
#4333 = CARTESIAN_POINT ( 'NONE',  ( 18.59007420368737584, 4.278818881277441477, 1.279617651686403512 ) ) ;
#4334 = VECTOR ( 'NONE', #7912, 1000.000000000000000 ) ;
#4335 = DIRECTION ( 'NONE',  ( 0.000000000000000000, 0.000000000000000000, 1.000000000000000000 ) ) ;
#4336 = CARTESIAN_POINT ( 'NONE',  ( 18.58451382613609226, 4.708190853347717031, 5.788686064966579892 ) ) ;
#4337 = CARTESIAN_POINT ( 'NONE',  ( 8.820000000000000284, 8.149999999999998579, 13.74000000000000199 ) ) ;
#4338 = ORIENTED_EDGE ( 'NONE', *, *, #4248, .F. ) ;
#4339 = VECTOR ( 'NONE', #1025, 1000.000000000000000 ) ;
#4340 = CARTESIAN_POINT ( 'NONE',  ( 9.419999999999999929, 8.149999999999998579, 22.75999999999999801 ) ) ;
#4341 = ORIENTED_EDGE ( 'NONE', *, *, #4917, .T. ) ;
#4342 = ORIENTED_EDGE ( 'NONE', *, *, #1989, .F. ) ;
#4343 = CIRCLE ( 'NONE', #563, 0.9999999999989070965 ) ;
#4344 = VERTEX_POINT ( 'NONE', #5719 ) ;
#4345 = DIRECTION ( 'NONE',  ( -1.000000000000000000, 0.000000000000000000, 0.000000000000000000 ) ) ;
#4346 = VECTOR ( 'NONE', #4032, 1000.000000000000000 ) ;
#4347 = DIRECTION ( 'NONE',  ( 1.000000000000000000, -0.000000000000000000, -0.000000000000000000 ) ) ;
#4348 = EDGE_CURVE ( 'NONE', #6905, #2062, #5136, .T. ) ;
#4349 = DIRECTION ( 'NONE',  ( 0.9772196966341454294, -0.2122302158276919981, 0.000000000000000000 ) ) ;
#4350 = VERTEX_POINT ( 'NONE', #3812 ) ;
#4351 = VECTOR ( 'NONE', #3372, 1000.000000000000000 ) ;
#4352 = LINE ( 'NONE', #6829, #6322 ) ;
#4353 = VERTEX_POINT ( 'NONE', #796 ) ;
#4354 = LINE ( 'NONE', #7515, #2567 ) ;
#4355 = ORIENTED_EDGE ( 'NONE', *, *, #2319, .F. ) ;
#4356 = ORIENTED_EDGE ( 'NONE', *, *, #7148, .F. ) ;
#4357 = CARTESIAN_POINT ( 'NONE',  ( 17.57602788561925422, 4.900237729497750827, 0.000000000000000000 ) ) ;
#4358 = ORIENTED_EDGE ( 'NONE', *, *, #5227, .T. ) ;
#4359 = EDGE_CURVE ( 'NONE', #3117, #514, #2055, .T. ) ;
#4360 = EDGE_CURVE ( 'NONE', #3369, #3637, #254, .T. ) ;
#4361 = CARTESIAN_POINT ( 'NONE',  ( 10.37489995996842040, 7.682152859750583040, 11.56000000000000050 ) ) ;
#4362 = VECTOR ( 'NONE', #3964, 1000.000000000000000 ) ;
#4363 = CARTESIAN_POINT ( 'NONE',  ( 10.02241238366300102, 7.948185016151895432, 17.16000000000000014 ) ) ;
#4364 = B_SPLINE_CURVE_WITH_KNOTS ( 'NONE', 3,
 ( #6898, #2595, #7616, #1939, #6976, #220 ),
 .UNSPECIFIED., .F., .F.,
 ( 4, 2, 4 ),
 ( 0.000000000000000000, 0.5000000000000000000, 1.000000000000000000 ),
 .UNSPECIFIED. ) ;
#4365 = EDGE_CURVE ( 'NONE', #1570, #2340, #1413, .T. ) ;
#4366 = CARTESIAN_POINT ( 'NONE',  ( 18.18671896327440862, 0.9749621944825066500, 6.048292198184362256 ) ) ;
#4367 = LINE ( 'NONE', #1398, #1344 ) ;
#4368 = FACE_OUTER_BOUND ( 'NONE', #7215, .T. ) ;
#4369 = VECTOR ( 'NONE', #2121, 1000.000000000000000 ) ;
#4370 = AXIS2_PLACEMENT_3D ( 'NONE', #5633, #3158, #7368 ) ;
#4371 = DIRECTION ( 'NONE',  ( 0.000000000000000000, 0.000000000000000000, 1.000000000000000000 ) ) ;
#4372 = FACE_OUTER_BOUND ( 'NONE', #4587, .T. ) ;
#4373 = EDGE_CURVE ( 'NONE', #376, #1916, #5187, .T. ) ;
#4374 = CARTESIAN_POINT ( 'NONE',  ( 18.59999999999999787, 0.2904647954192998149, 0.1323020907128176216 ) ) ;
#4375 = AXIS2_PLACEMENT_3D ( 'NONE', #1664, #3384, #7193 ) ;
#4376 = ORIENTED_EDGE ( 'NONE', *, *, #3401, .T. ) ;
#4377 = DIRECTION ( 'NONE',  ( 0.000000000000000000, 1.000000000000000000, 0.000000000000000000 ) ) ;
#4378 = CARTESIAN_POINT ( 'NONE',  ( 0.2479055468261065209, 4.245442325925922411, 16.70455767406998859 ) ) ;
#4379 = LINE ( 'NONE', #6242, #4025 ) ;
#4380 = LINE ( 'NONE', #3770, #7328 ) ;
#4381 = ORIENTED_EDGE ( 'NONE', *, *, #2218, .T. ) ;
#4382 = B_SPLINE_CURVE_WITH_KNOTS ( 'NONE', 3,
 ( #5899, #322, #5318, #7790 ),
 .UNSPECIFIED., .F., .F.,
 ( 4, 4 ),
 ( 0.000000000000000000, 1.000000000000000000 ),
 .UNSPECIFIED. ) ;
#4383 = ORIENTED_EDGE ( 'NONE', *, *, #5532, .F. ) ;
#4384 = CARTESIAN_POINT ( 'NONE',  ( 16.94068132881363553, 7.473377122068018963, 29.80000000000001492 ) ) ;
#4385 = DIRECTION ( 'NONE',  ( 0.7599342076850883476, 0.6499999999923363747, 0.000000000000000000 ) ) ;
#4386 = CIRCLE ( 'NONE', #1125, 1.570000000001444018 ) ;
#4387 = DIRECTION ( 'NONE',  ( -1.000000000000000000, 1.788837098225075884E-14, 0.000000000000000000 ) ) ;
#4388 = DIRECTION ( 'NONE',  ( 0.000000000000000000, -1.000000000000000000, -5.782411586588430333E-15 ) ) ;
#4389 = CARTESIAN_POINT ( 'NONE',  ( 2.500000000000000000, 5.899999999999059774, 14.89999999999819913 ) ) ;
#4390 = ORIENTED_EDGE ( 'NONE', *, *, #1450, .F. ) ;
#4391 = DIRECTION ( 'NONE',  ( -3.229739708000459227E-15, 1.000000000000000000, 0.000000000000000000 ) ) ;
#4392 = VERTEX_POINT ( 'NONE', #3359 ) ;
#4393 = ORIENTED_EDGE ( 'NONE', *, *, #6731, .F. ) ;
#4394 = FACE_OUTER_BOUND ( 'NONE', #4174, .T. ) ;
#4395 = ORIENTED_EDGE ( 'NONE', *, *, #387, .T. ) ;
#4396 = DIRECTION ( 'NONE',  ( 0.000000000000000000, 0.000000000000000000, 1.000000000000000000 ) ) ;
#4397 = LINE ( 'NONE', #1168, #1086 ) ;
#4398 = ORIENTED_EDGE ( 'NONE', *, *, #4360, .T. ) ;
#4399 = CARTESIAN_POINT ( 'NONE',  ( 17.37947366142815042, 7.000000000000000000, 5.959999999999999964 ) ) ;
#4400 = ORIENTED_EDGE ( 'NONE', *, *, #1342, .F. ) ;
#4401 = DIRECTION ( 'NONE',  ( 0.000000000000000000, 0.000000000000000000, -1.000000000000000000 ) ) ;
#4402 = EDGE_CURVE ( 'NONE', #4039, #5320, #5817, .T. ) ;
#4403 = ORIENTED_EDGE ( 'NONE', *, *, #7085, .T. ) ;
#4404 = ORIENTED_EDGE ( 'NONE', *, *, #877, .F. ) ;
#4405 = ORIENTED_EDGE ( 'NONE', *, *, #2583, .T. ) ;
#4406 = FACE_OUTER_BOUND ( 'NONE', #2687, .T. ) ;
#4407 = CARTESIAN_POINT ( 'NONE',  ( 18.59004176286027743, 4.323768553962176853, 12.49553676194782525 ) ) ;
#4408 = CARTESIAN_POINT ( 'NONE',  ( 18.58809699203467858, 4.070000000000031370, 1.250000000000000000 ) ) ;
#4409 = EDGE_CURVE ( 'NONE', #5639, #6224, #7182, .T. ) ;
#4410 = DIRECTION ( 'NONE',  ( 1.000000000000000000, 0.000000000000000000, 0.000000000000000000 ) ) ;
#4411 = CARTESIAN_POINT ( 'NONE',  ( 2.500000000000000000, 6.100000000000000533, 13.10000000000000142 ) ) ;
#4412 = EDGE_LOOP ( 'NONE', ( #7318, #329, #5984, #3923, #11, #6598, #2606, #1539 ) ) ;
#4413 = CARTESIAN_POINT ( 'NONE',  ( 13.60000000000356302, 8.149999999999998579, 3.700000000000000178 ) ) ;
#4414 = FACE_OUTER_BOUND ( 'NONE', #1245, .T. ) ;
#4415 = CARTESIAN_POINT ( 'NONE',  ( 18.58205168432625953, 4.770000000000001350, 1.949999999999999512 ) ) ;
#4416 = EDGE_CURVE ( 'NONE', #3171, #4548, #5106, .T. ) ;
#4417 = DIRECTION ( 'NONE',  ( 0.000000000000000000, 0.000000000000000000, 1.000000000000000000 ) ) ;
#4418 = ORIENTED_EDGE ( 'NONE', *, *, #6357, .F. ) ;
#4419 = ADVANCED_FACE ( 'NONE', ( #3277 ), #5754, .T. ) ;
#4420 = EDGE_LOOP ( 'NONE', ( #4631, #110, #1889, #2978, #216, #3658 ) ) ;
#4421 = DIRECTION ( 'NONE',  ( 5.006096547400707783E-13, 1.000000000000000000, 0.000000000000000000 ) ) ;
#4422 = CARTESIAN_POINT ( 'NONE',  ( 0.3000000000006601830, 4.254627983565849370, 13.10000000000000142 ) ) ;
#4423 = CARTESIAN_POINT ( 'NONE',  ( 0.000000000000000000, 6.400000000000004796, 15.82330926563095552 ) ) ;
#4424 = DIRECTION ( 'NONE',  ( 1.000000000000000000, 0.000000000000000000, 0.000000000000000000 ) ) ;
#4425 = EDGE_LOOP ( 'NONE', ( #3180, #3943, #5822, #5154 ) ) ;
#4426 = CARTESIAN_POINT ( 'NONE',  ( 18.58938014848537890, 4.458358702864400058, 11.64115392084601375 ) ) ;
#4427 = ORIENTED_EDGE ( 'NONE', *, *, #4551, .F. ) ;
#4428 = ORIENTED_EDGE ( 'NONE', *, *, #6704, .T. ) ;
#4429 = EDGE_CURVE ( 'NONE', #1106, #4802, #1464, .T. ) ;
#4430 = EDGE_LOOP ( 'NONE', ( #6849, #2797, #7854, #3985, #2984 ) ) ;
#4431 = CARTESIAN_POINT ( 'NONE',  ( 10.25000000000061995, 7.049999999999999822, 16.78000000000060510 ) ) ;
#4432 = DIRECTION ( 'NONE',  ( 0.7317914199408835918, 0.6815286624206684518, 0.000000000000000000 ) ) ;
#4433 = ORIENTED_EDGE ( 'NONE', *, *, #1036, .T. ) ;
#4434 = EDGE_CURVE ( 'NONE', #193, #5914, #2051, .T. ) ;
#4435 = ORIENTED_EDGE ( 'NONE', *, *, #7986, .T. ) ;
#4436 = DIRECTION ( 'NONE',  ( 0.000000000000000000, 0.000000000000000000, -1.000000000000000000 ) ) ;
#4437 = ORIENTED_EDGE ( 'NONE', *, *, #4258, .F. ) ;
#4438 = VERTEX_POINT ( 'NONE', #5369 ) ;
#4439 = ORIENTED_EDGE ( 'NONE', *, *, #6491, .F. ) ;
#4440 = CARTESIAN_POINT ( 'NONE',  ( 18.58897279926770807, 4.122921973353963487, 17.34999999999996945 ) ) ;
#4441 = EDGE_CURVE ( 'NONE', #150, #5387, #6578, .T. ) ;
#4442 = CARTESIAN_POINT ( 'NONE',  ( 18.10221458223799829, 0.6500000000000024647, 1.949999999999999734 ) ) ;
#4443 = CARTESIAN_POINT ( 'NONE',  ( 16.18594924246994893, 5.979999999998560689, 28.80000000000000426 ) ) ;
#4444 = PLANE ( 'NONE',  #3825 ) ;
#4445 = AXIS2_PLACEMENT_3D ( 'NONE', #709, #3802, #3961 ) ;
#4446 = PLANE ( 'NONE',  #937 ) ;
#4447 = EDGE_CURVE ( 'NONE', #2388, #395, #333, .T. ) ;
#4448 = DIRECTION ( 'NONE',  ( 0.000000000000000000, -1.000000000000000000, 0.000000000000000000 ) ) ;
#4449 = VERTEX_POINT ( 'NONE', #2896 ) ;
#4450 = DIRECTION ( 'NONE',  ( 0.000000000000000000, 1.000000000000000000, 0.000000000000000000 ) ) ;
#4451 = PLANE ( 'NONE',  #2524 ) ;
#4452 = CARTESIAN_POINT ( 'NONE',  ( 17.18212227597109987, 7.049999999999999822, 1.919999999997469953 ) ) ;
#4453 = CIRCLE ( 'NONE', #7290, 0.6000000000000970113 ) ;
#4454 = CARTESIAN_POINT ( 'NONE',  ( 16.60000000000000142, 1.350000000000000311, 6.150000000000000355 ) ) ;
#4455 = ORIENTED_EDGE ( 'NONE', *, *, #3660, .T. ) ;
#4456 = ORIENTED_EDGE ( 'NONE', *, *, #3405, .F. ) ;
#4457 = DIRECTION ( 'NONE',  ( 0.000000000000000000, 1.000000000000000000, 0.000000000000000000 ) ) ;
#4458 = CIRCLE ( 'NONE', #7166, 4.999999999996431299 ) ;
#4459 = EDGE_CURVE ( 'NONE', #2836, #3224, #4685, .T. ) ;
#4460 = CARTESIAN_POINT ( 'NONE',  ( 18.58822579892915527, 4.529898241270218229, 28.38502519194741680 ) ) ;
#4461 = CARTESIAN_POINT ( 'NONE',  ( 10.50109116743978532, 7.586912853296617243, 23.89996747726490156 ) ) ;
#4462 = PRODUCT_RELATED_PRODUCT_CATEGORY ( 'detail', '', ( #622 ) ) ;
#4463 = ORIENTED_EDGE ( 'NONE', *, *, #3468, .F. ) ;
#4464 = DIRECTION ( 'NONE',  ( 0.000000000000000000, 0.3200000190148494794, 0.9474175361637000581 ) ) ;
#4465 = ORIENTED_EDGE ( 'NONE', *, *, #6858, .T. ) ;
#4466 = ORIENTED_EDGE ( 'NONE', *, *, #6191, .T. ) ;
#4467 = AXIS2_PLACEMENT_3D ( 'NONE', #4926, #6746, #7872 ) ;
#4468 = VERTEX_POINT ( 'NONE', #4655 ) ;
#4469 = PLANE ( 'NONE',  #6949 ) ;
#4470 = CARTESIAN_POINT ( 'NONE',  ( 10.37489995996842040, 7.682152859750585705, 17.16000000000000014 ) ) ;
#4471 = AXIS2_PLACEMENT_3D ( 'NONE', #3196, #1891, #2666 ) ;
#4472 = EDGE_CURVE ( 'NONE', #3171, #7287, #2825, .T. ) ;
#4473 = EDGE_LOOP ( 'NONE', ( #6729, #2601, #6649, #3676 ) ) ;
#4474 = AXIS2_PLACEMENT_3D ( 'NONE', #2097, #2064, #4584 ) ;
#4475 = ORIENTED_EDGE ( 'NONE', *, *, #6685, .F. ) ;
#4476 = ORIENTED_EDGE ( 'NONE', *, *, #7716, .F. ) ;
#4477 = VECTOR ( 'NONE', #4083, 1000.000000000000000 ) ;
#4478 = AXIS2_PLACEMENT_3D ( 'NONE', #7891, #636, #1250 ) ;
#4479 = CARTESIAN_POINT ( 'NONE',  ( 0.05672869526817699709, 7.449999999999999289, 0.000000000000000000 ) ) ;
#4480 = CARTESIAN_POINT ( 'NONE',  ( 8.820000000000000284, 8.000000000000067502, 19.33999999999999986 ) ) ;
#4481 = CARTESIAN_POINT ( 'NONE',  ( 10.02241238366300102, 7.948185016151897209, 23.83999999999999986 ) ) ;
#4482 = CIRCLE ( 'NONE', #2011, 0.6999999999999420019 ) ;
#4483 = CARTESIAN_POINT ( 'NONE',  ( 4.549999999999999822, 8.149999999999998579, 12.08000000000000007 ) ) ;
#4484 = CARTESIAN_POINT ( 'NONE',  ( 11.29999999998313953, 1.799999999990480326, 17.16000000000000014 ) ) ;
#4485 = AXIS2_PLACEMENT_3D ( 'NONE', #1110, #3680, #4153 ) ;
#4486 = CARTESIAN_POINT ( 'NONE',  ( 17.18212227597109987, 7.049999999999999822, 27.88000000000255341 ) ) ;
#4487 = LINE ( 'NONE', #1362, #2680 ) ;
#4488 = VERTEX_POINT ( 'NONE', #2207 ) ;
#4489 = DIRECTION ( 'NONE',  ( 0.000000000000000000, -1.000000000000000000, 0.000000000000000000 ) ) ;
#4490 = CARTESIAN_POINT ( 'NONE',  ( 10.37489995996842040, 7.682152859750585705, 17.16000000000000014 ) ) ;
#4491 = CIRCLE ( 'NONE', #3321, 2.499999999999904965 ) ;
#4492 = PLANE ( 'NONE',  #7131 ) ;
#4493 = VECTOR ( 'NONE', #56, 1000.000000000000000 ) ;
#4494 = CARTESIAN_POINT ( 'NONE',  ( 8.820000000000000284, 8.000000000000065725, 8.140000000000002345 ) ) ;
#4495 = ORIENTED_EDGE ( 'NONE', *, *, #3328, .T. ) ;
#4496 = VERTEX_POINT ( 'NONE', #7126 ) ;
#4497 = DIRECTION ( 'NONE',  ( 0.000000000000000000, 0.000000000000000000, -1.000000000000000000 ) ) ;
#4498 = AXIS2_PLACEMENT_3D ( 'NONE', #4399, #3654, #648 ) ;
#4499 = DIRECTION ( 'NONE',  ( 0.6024123836633384910, 0.7981850161516781395, 0.000000000000000000 ) ) ;
#4500 = FACE_OUTER_BOUND ( 'NONE', #461, .T. ) ;
#4501 = ORIENTED_EDGE ( 'NONE', *, *, #7148, .T. ) ;
#4502 = CARTESIAN_POINT ( 'NONE',  ( -1.472204813739617507E-14, 0.6999999999992967403, 29.80000000000000071 ) ) ;
#4503 = ORIENTED_EDGE ( 'NONE', *, *, #7755, .F. ) ;
#4504 = ORIENTED_EDGE ( 'NONE', *, *, #1173, .T. ) ;
#4505 = EDGE_CURVE ( 'NONE', #4630, #1268, #1062, .T. ) ;
#4506 = EDGE_CURVE ( 'NONE', #5656, #5655, #4764, .T. ) ;
#4507 = CIRCLE ( 'NONE', #1263, 1.570000000001444018 ) ;
#4508 = ORIENTED_EDGE ( 'NONE', *, *, #5600, .F. ) ;
#4509 = DIRECTION ( 'NONE',  ( 0.000000000000000000, 0.000000000000000000, -1.000000000000000000 ) ) ;
#4510 = EDGE_CURVE ( 'NONE', #7345, #4496, #2637, .T. ) ;
#4511 = CARTESIAN_POINT ( 'NONE',  ( 4.549999999999999822, 8.149999999999998579, 1.419999999999999929 ) ) ;
#4512 = ORIENTED_EDGE ( 'NONE', *, *, #2732, .T. ) ;
#4513 = VERTEX_POINT ( 'NONE', #2857 ) ;
#4514 = EDGE_LOOP ( 'NONE', ( #1057, #3939, #5757, #3127, #652, #6245, #5230, #378 ) ) ;
#4515 = EDGE_CURVE ( 'NONE', #3971, #6642, #4328, .T. ) ;
#4516 = EDGE_CURVE ( 'NONE', #7970, #3512, #3469, .T. ) ;
#4517 = VERTEX_POINT ( 'NONE', #2171 ) ;
#4518 = EDGE_CURVE ( 'NONE', #644, #2938, #3704, .T. ) ;
#4519 = CIRCLE ( 'NONE', #3093, 13.89999999994158308 ) ;
#4520 = EDGE_CURVE ( 'NONE', #1416, #3265, #7259, .T. ) ;
#4521 = DIRECTION ( 'NONE',  ( 1.000000000000000000, -0.000000000000000000, -0.000000000000000000 ) ) ;
#4522 = DIRECTION ( 'NONE',  ( 0.000000000000000000, 0.000000000000000000, 1.000000000000000000 ) ) ;
#4523 = CARTESIAN_POINT ( 'NONE',  ( 18.10221458223799829, 0.6500000000000026867, 22.25000000000000000 ) ) ;
#4524 = LINE ( 'NONE', #1273, #7441 ) ;
#4525 = CARTESIAN_POINT ( 'NONE',  ( 17.18212227597054920, 8.149999999999998579, 23.27999999999999758 ) ) ;
#4526 = CARTESIAN_POINT ( 'NONE',  ( 4.550000000000000711, 8.000000000000000000, 24.93999999999990180 ) ) ;
#4527 = ADVANCED_FACE ( 'NONE', ( #401 ), #6024, .T. ) ;
#4528 = LINE ( 'NONE', #6999, #5337 ) ;
#4529 = EDGE_CURVE ( 'NONE', #6291, #420, #3820, .T. ) ;
#4530 = VERTEX_POINT ( 'NONE', #1887 ) ;
#4531 = CARTESIAN_POINT ( 'NONE',  ( 10.25000000000061995, 7.049999999999999822, 22.38000000000059941 ) ) ;
#4532 = CARTESIAN_POINT ( 'NONE',  ( 18.27335378321595272, 1.349999999999980105, 18.05000000000000071 ) ) ;
#4533 = DIRECTION ( 'NONE',  ( 0.000000000000000000, 1.000000000000000000, 0.000000000000000000 ) ) ;
#4534 = DIRECTION ( 'NONE',  ( 0.000000000000000000, -1.000000000000000000, 0.000000000000000000 ) ) ;
#4535 = VERTEX_POINT ( 'NONE', #575 ) ;
#4536 = ORIENTED_EDGE ( 'NONE', *, *, #5092, .F. ) ;
#4537 = DIRECTION ( 'NONE',  ( 0.000000000000000000, 0.000000000000000000, 1.000000000000000000 ) ) ;
#4538 = ADVANCED_FACE ( 'NONE', ( #3111 ), #4190, .T. ) ;
#4539 = CARTESIAN_POINT ( 'NONE',  ( 4.550000000000000711, 8.149999999999998579, 13.74000000000000199 ) ) ;
#4540 = EDGE_CURVE ( 'NONE', #4088, #5829, #1059, .T. ) ;
#4541 = CARTESIAN_POINT ( 'NONE',  ( 10.37489995996849856, 7.050000000000000711, 12.64000000000000057 ) ) ;
#4542 = ORIENTED_EDGE ( 'NONE', *, *, #2840, .F. ) ;
#4543 = DIRECTION ( 'NONE',  ( 1.000000000000000000, 0.000000000000000000, 0.000000000000000000 ) ) ;
#4544 = ORIENTED_EDGE ( 'NONE', *, *, #2037, .F. ) ;
#4545 = CARTESIAN_POINT ( 'NONE',  ( 18.10221458223799829, 0.6499999999999991340, 27.85000000000000497 ) ) ;
#4546 = B_SPLINE_CURVE_WITH_KNOTS ( 'NONE', 3,
 ( #6258, #765, #3938, #2603 ),
 .UNSPECIFIED., .F., .F.,
 ( 4, 4 ),
 ( 0.000000000000000000, 1.000000000000000000 ),
 .UNSPECIFIED. ) ;
#4547 = VECTOR ( 'NONE', #3361, 1000.000000000000000 ) ;
#4548 = VERTEX_POINT ( 'NONE', #4278 ) ;
#4549 = DIRECTION ( 'NONE',  ( 1.000000000000000000, 0.000000000000000000, 0.000000000000000000 ) ) ;
#4550 = CARTESIAN_POINT ( 'NONE',  ( 4.549999999999999822, 8.149999999999998579, 23.27999999999999758 ) ) ;
#4551 = EDGE_CURVE ( 'NONE', #5989, #6676, #3674, .T. ) ;
#4552 = VERTEX_POINT ( 'NONE', #4234 ) ;
#4553 = ORIENTED_EDGE ( 'NONE', *, *, #5168, .T. ) ;
#4554 = ORIENTED_EDGE ( 'NONE', *, *, #4854, .T. ) ;
#4555 = VERTEX_POINT ( 'NONE', #2412 ) ;
#4556 = PLANE ( 'NONE',  #6784 ) ;
#4557 = CYLINDRICAL_SURFACE ( 'NONE', #2231, 4.999999999996431299 ) ;
#4558 = EDGE_CURVE ( 'NONE', #725, #5364, #7272, .T. ) ;
#4559 = DIRECTION ( 'NONE',  ( 1.000000000000000000, 0.000000000000000000, 0.000000000000000000 ) ) ;
#4560 = LINE ( 'NONE', #4597, #1358 ) ;
#4561 = ADVANCED_FACE ( 'NONE', ( #3064 ), #5582, .T. ) ;
#4562 = DIRECTION ( 'NONE',  ( 0.000000000000000000, 1.000000000000000000, 0.000000000000000000 ) ) ;
#4563 = B_SPLINE_CURVE_WITH_KNOTS ( 'NONE', 3,
 ( #6214, #7462, #5511, #1162, #4251, #4426, #1811, #7333, #5558, #4293 ),
 .UNSPECIFIED., .F., .F.,
 ( 4, 2, 2, 2, 4 ),
 ( 0.000000000000000000, 0.1249999999999999722, 0.2499999999999999445, 0.4999999999999998890, 1.000000000000000000 ),
 .UNSPECIFIED. ) ;
#4564 = CARTESIAN_POINT ( 'NONE',  ( 16.60000000000000142, 4.070000000000059792, 5.450000000000059686 ) ) ;
#4565 = EDGE_CURVE ( 'NONE', #5989, #5974, #6669, .T. ) ;
#4566 = ORIENTED_EDGE ( 'NONE', *, *, #6489, .T. ) ;
#4567 = DIRECTION ( 'NONE',  ( -1.000000000000000000, 0.000000000000000000, 0.000000000000000000 ) ) ;
#4568 = CARTESIAN_POINT ( 'NONE',  ( 10.37489995996850212, 7.049999999999999822, 28.35999999999999943 ) ) ;
#4569 = DIRECTION ( 'NONE',  ( 0.000000000000000000, 0.000000000000000000, -1.000000000000000000 ) ) ;
#4570 = DIRECTION ( 'NONE',  ( -0.000000000000000000, 4.327454571713403230E-15, 1.000000000000000000 ) ) ;
#4571 = VECTOR ( 'NONE', #4921, 1000.000000000000000 ) ;
#4572 = VERTEX_POINT ( 'NONE', #3 ) ;
#4573 = ORIENTED_EDGE ( 'NONE', *, *, #1814, .T. ) ;
#4574 = DIRECTION ( 'NONE',  ( 0.000000000000000000, 1.000000000000000000, 0.000000000000000000 ) ) ;
#4575 = EDGE_CURVE ( 'NONE', #7089, #3739, #2366, .T. ) ;
#4576 = VECTOR ( 'NONE', #3192, 1000.000000000000000 ) ;
#4577 = CARTESIAN_POINT ( 'NONE',  ( 18.10699645857483020, 0.6674566104873506101, 11.22878174986623101 ) ) ;
#4578 = CARTESIAN_POINT ( 'NONE',  ( 16.60000000000000142, 0.6500000000000001332, 1.950000000000002176 ) ) ;
#4579 = ORIENTED_EDGE ( 'NONE', *, *, #3073, .T. ) ;
#4580 = CARTESIAN_POINT ( 'NONE',  ( 17.18212227597109987, 7.049999999999999822, 13.11999999999746258 ) ) ;
#4581 = AXIS2_PLACEMENT_3D ( 'NONE', #5086, #5778, #2540 ) ;
#4582 = VERTEX_POINT ( 'NONE', #3017 ) ;
#4583 = DIRECTION ( 'NONE',  ( -1.000000000000000000, 0.000000000000000000, -0.000000000000000000 ) ) ;
#4584 = DIRECTION ( 'NONE',  ( -8.222589276150855205E-13, 0.000000000000000000, -1.000000000000000000 ) ) ;
#4585 = ORIENTED_EDGE ( 'NONE', *, *, #1210, .F. ) ;
#4586 = VECTOR ( 'NONE', #347, 1000.000000000000000 ) ;
#4587 = EDGE_LOOP ( 'NONE', ( #4476, #6566, #5308, #914, #1684 ) ) ;
#4588 = VERTEX_POINT ( 'NONE', #3590 ) ;
#4589 = VECTOR ( 'NONE', #7565, 1000.000000000000000 ) ;
#4590 = EDGE_LOOP ( 'NONE', ( #3031, #5217, #2090, #2471 ) ) ;
#4591 = PLANE ( 'NONE',  #6022 ) ;
#4592 = VECTOR ( 'NONE', #1792, 1000.000000000000000 ) ;
#4593 = CYLINDRICAL_SURFACE ( 'NONE', #6794, 1.049999999990996358 ) ;
#4594 = CARTESIAN_POINT ( 'NONE',  ( 10.54999999999881588, 7.550000000000000711, 12.75542486889180793 ) ) ;
#4595 = VECTOR ( 'NONE', #5013, 1000.000000000000000 ) ;
#4596 = PLANE ( 'NONE',  #78 ) ;
#4597 = CARTESIAN_POINT ( 'NONE',  ( 17.37894151473799198, 7.000622083981300037, 22.75999999999999801 ) ) ;
#4598 = CARTESIAN_POINT ( 'NONE',  ( 17.18212227597027919, 7.049999999999998934, 17.71999999999999886 ) ) ;
#4599 = VECTOR ( 'NONE', #300, 1000.000000000000000 ) ;
#4600 = VECTOR ( 'NONE', #991, 1000.000000000000000 ) ;
#4601 = EDGE_CURVE ( 'NONE', #6224, #1525, #5493, .T. ) ;
#4602 = EDGE_CURVE ( 'NONE', #396, #1610, #2450, .T. ) ;
#4603 = COORDINATED_UNIVERSAL_TIME_OFFSET ( 5, 0, .BEHIND. ) ;
#4604 = CARTESIAN_POINT ( 'NONE',  ( 10.54999999999975913, 7.550000000000000711, 17.04457513110894951 ) ) ;
#4605 = EDGE_CURVE ( 'NONE', #5320, #6082, #2332, .T. ) ;
#4606 = AXIS2_PLACEMENT_3D ( 'NONE', #4022, #5960, #3987 ) ;
#4607 = DIRECTION ( 'NONE',  ( 0.000000000000000000, 0.6666666666662749430, 0.7453559925002800624 ) ) ;
#4608 = ORIENTED_EDGE ( 'NONE', *, *, #1944, .F. ) ;
#4609 = FACE_OUTER_BOUND ( 'NONE', #6511, .T. ) ;
#4610 = CARTESIAN_POINT ( 'NONE',  ( 10.37489995997994541, 7.682152859742349627, 1.440000000000000169 ) ) ;
#4611 = CARTESIAN_POINT ( 'NONE',  ( 10.02241238366299747, 7.948185016151895432, 23.83999999999999986 ) ) ;
#4612 = CARTESIAN_POINT ( 'NONE',  ( 17.37894151473799198, 7.000622083981298260, 18.23999999999999844 ) ) ;
#4613 = ORIENTED_EDGE ( 'NONE', *, *, #776, .T. ) ;
#4614 = ORIENTED_EDGE ( 'NONE', *, *, #3797, .T. ) ;
#4615 = DIRECTION ( 'NONE',  ( -3.191891195800813712E-13, 1.000000000000000000, 0.000000000000000000 ) ) ;
#4616 = EDGE_CURVE ( 'NONE', #3638, #364, #6197, .T. ) ;
#4617 = EDGE_CURVE ( 'NONE', #6866, #2099, #1353, .T. ) ;
#4618 = AXIS2_PLACEMENT_3D ( 'NONE', #5062, #1442, #7005 ) ;
#4619 = DIRECTION ( 'NONE',  ( 0.000000000000000000, -0.000000000000000000, 1.000000000000000000 ) ) ;
#4620 = AXIS2_PLACEMENT_3D ( 'NONE', #7167, #7771, #6722 ) ;
#4621 = ORIENTED_EDGE ( 'NONE', *, *, #3498, .T. ) ;
#4622 = B_SPLINE_CURVE_WITH_KNOTS ( 'NONE', 3,
 ( #3593, #8013, #1798, #6590, #448, #6073 ),
 .UNSPECIFIED., .F., .F.,
 ( 4, 2, 4 ),
 ( 0.000000000000000000, 0.5000000000000001110, 1.000000000000000000 ),
 .UNSPECIFIED. ) ;
#4623 = PLANE ( 'NONE',  #496 ) ;
#4624 = LINE ( 'NONE', #406, #4084 ) ;
#4625 = VECTOR ( 'NONE', #3800, 1000.000000000000000 ) ;
#4626 = ORIENTED_EDGE ( 'NONE', *, *, #1384, .T. ) ;
#4627 = LINE ( 'NONE', #7100, #6940 ) ;
#4628 = AXIS2_PLACEMENT_3D ( 'NONE', #470, #1738, #5431 ) ;
#4629 = CARTESIAN_POINT ( 'NONE',  ( 4.550000000000000711, 8.149999999999998579, 11.56000000000000050 ) ) ;
#4630 = VERTEX_POINT ( 'NONE', #4932 ) ;
#4631 = ORIENTED_EDGE ( 'NONE', *, *, #332, .F. ) ;
#4632 = VECTOR ( 'NONE', #7791, 1000.000000000000000 ) ;
#4633 = ORIENTED_EDGE ( 'NONE', *, *, #6934, .F. ) ;
#4634 = ORIENTED_EDGE ( 'NONE', *, *, #4938, .F. ) ;
#4635 = PLANE ( 'NONE',  #4606 ) ;
#4636 = CARTESIAN_POINT ( 'NONE',  ( 4.549999999999999822, 7.400000000000000355, 3.140000000000000124 ) ) ;
#4637 = CARTESIAN_POINT ( 'NONE',  ( 8.820000000000000284, 8.149999999999998579, 19.33999999999999986 ) ) ;
#4638 = VECTOR ( 'NONE', #3221, 1000.000000000000000 ) ;
#4639 = ADVANCED_FACE ( 'NONE', ( #6751 ), #7401, .F. ) ;
#4640 = CARTESIAN_POINT ( 'NONE',  ( 8.820000000000000284, 8.000000000000000000, 27.25999999999999801 ) ) ;
#4641 = CARTESIAN_POINT ( 'NONE',  ( 17.33486177177819698, 7.049999999999998934, 12.64000000000000057 ) ) ;
#4642 = DIRECTION ( 'NONE',  ( 0.000000000000000000, -4.708535149080295344E-14, -1.000000000000000000 ) ) ;
#4643 = PERSON_AND_ORGANIZATION ( #6653, #1510 ) ;
#4644 = CARTESIAN_POINT ( 'NONE',  ( 15.23000000000010701, 8.149999999999998579, 0.6999999999999912959 ) ) ;
#4645 = EDGE_CURVE ( 'NONE', #5306, #8032, #2004, .T. ) ;
#4646 = LINE ( 'NONE', #5857, #1899 ) ;
#4647 = CARTESIAN_POINT ( 'NONE',  ( 17.18212227597054920, 7.049999999999999822, 17.68000000000001037 ) ) ;
#4648 = LINE ( 'NONE', #7118, #4346 ) ;
#4649 = CARTESIAN_POINT ( 'NONE',  ( 10.25000000000061995, 8.149999999999998579, 27.98000000000060083 ) ) ;
#4650 = ORIENTED_EDGE ( 'NONE', *, *, #2950, .T. ) ;
#4651 = ORIENTED_EDGE ( 'NONE', *, *, #1061, .F. ) ;
#4652 = PLANE ( 'NONE',  #4058 ) ;
#4653 = CC_DESIGN_APPROVAL ( #3966, ( #5049 ) ) ;
#4654 = EDGE_CURVE ( 'NONE', #6512, #2099, #823, .T. ) ;
#4655 = CARTESIAN_POINT ( 'NONE',  ( 10.65000000000000746, 8.149999999999998579, 5.580000000000233662 ) ) ;
#4656 = EDGE_LOOP ( 'NONE', ( #6516, #5414, #6603, #3730 ) ) ;
#4657 = DIRECTION ( 'NONE',  ( 0.000000000000000000, -1.676899360110642493E-13, -1.000000000000000000 ) ) ;
#4658 = DIRECTION ( 'NONE',  ( -1.000000000000000000, 0.000000000000000000, -0.000000000000000000 ) ) ;
#4659 = EDGE_LOOP ( 'NONE', ( #6989, #3541, #7776, #691, #7359, #1127, #6675, #7552, #3082, #2298, #488, #4779, #4806, #7571 ) ) ;
#4660 = LINE ( 'NONE', #4694, #3699 ) ;
#4661 = LINE ( 'NONE', #2833, #1597 ) ;
#4662 = ORIENTED_EDGE ( 'NONE', *, *, #7576, .T. ) ;
#4663 = VERTEX_POINT ( 'NONE', #6435 ) ;
#4664 = ORIENTED_EDGE ( 'NONE', *, *, #6129, .T. ) ;
#4665 = EDGE_CURVE ( 'NONE', #6486, #6114, #3560, .T. ) ;
#4666 = CIRCLE ( 'NONE', #3488, 0.1999999999999557965 ) ;
#4667 = ORIENTED_EDGE ( 'NONE', *, *, #562, .F. ) ;
#4668 = DIRECTION ( 'NONE',  ( 0.000000000000000000, -3.589922397988869210E-17, -1.000000000000000000 ) ) ;
#4669 = DIRECTION ( 'NONE',  ( 3.947459643111658408E-15, -3.947459643111658408E-15, -1.000000000000000000 ) ) ;
#4670 = CARTESIAN_POINT ( 'NONE',  ( 18.25055108836685136, 1.246465065007688278, 12.45569466770782263 ) ) ;
#4671 = EDGE_CURVE ( 'NONE', #3117, #5910, #3959, .T. ) ;
#4672 = DIRECTION ( 'NONE',  ( 1.000000000000000000, 0.000000000000000000, 0.000000000000000000 ) ) ;
#4673 = DIRECTION ( 'NONE',  ( -0.000000000000000000, -0.000000000000000000, -1.000000000000000000 ) ) ;
#4674 = MECHANICAL_CONTEXT ( 'NONE', #187, 'mechanical' ) ;
#4675 = CARTESIAN_POINT ( 'NONE',  ( 10.50109117052996055, 7.586912850964377064, 17.10003251923285106 ) ) ;
#4676 = CARTESIAN_POINT ( 'NONE',  ( 17.33486177177820053, 7.049999999999999822, 5.959999999999999964 ) ) ;
#4677 = LINE ( 'NONE', #4141, #5666 ) ;
#4678 = DIRECTION ( 'NONE',  ( 1.000000000000000000, 0.000000000000000000, 0.000000000000000000 ) ) ;
#4679 = DIRECTION ( 'NONE',  ( -1.000000000000000000, 0.000000000000000000, 0.000000000000000000 ) ) ;
#4680 = DIRECTION ( 'NONE',  ( 0.7317914199408838138, 0.6815286624206680077, 0.000000000000000000 ) ) ;
#4681 = ORIENTED_EDGE ( 'NONE', *, *, #4189, .F. ) ;
#4682 = ORIENTED_EDGE ( 'NONE', *, *, #8034, .T. ) ;
#4683 = EDGE_CURVE ( 'NONE', #3253, #7974, #4487, .T. ) ;
#4684 = DIRECTION ( 'NONE',  ( -1.000000000000000000, 0.000000000000000000, 0.000000000000000000 ) ) ;
#4685 = LINE ( 'NONE', #4726, #4982 ) ;
#4686 = ORIENTED_EDGE ( 'NONE', *, *, #2809, .F. ) ;
#4687 = PLANE ( 'NONE',  #6738 ) ;
#4688 = AXIS2_PLACEMENT_3D ( 'NONE', #1838, #4325, #626 ) ;
#4689 = CARTESIAN_POINT ( 'NONE',  ( 8.820000000000000284, 7.400000000000000355, 25.53999999999999915 ) ) ;
#4690 = ADVANCED_FACE ( 'NONE', ( #3149 ), #707, .T. ) ;
#4691 = ORIENTED_EDGE ( 'NONE', *, *, #1547, .F. ) ;
#4692 = EDGE_CURVE ( 'NONE', #6456, #7851, #6965, .T. ) ;
#4693 = DIRECTION ( 'NONE',  ( 0.7598676893420028833, 0.6500777604979618429, 0.000000000000000000 ) ) ;
#4694 = CARTESIAN_POINT ( 'NONE',  ( 18.58205168432625953, 4.770000000000001350, 24.35000000000000497 ) ) ;
#4695 = CARTESIAN_POINT ( 'NONE',  ( 4.550000000000000711, 8.149999999999998579, 21.66000000000000369 ) ) ;
#4696 = AXIS2_PLACEMENT_3D ( 'NONE', #208, #782, #746 ) ;
#4697 = ORIENTED_EDGE ( 'NONE', *, *, #1967, .T. ) ;
#4698 = EDGE_LOOP ( 'NONE', ( #7364, #1563, #3220, #3744, #4358, #6874, #6752, #4984, #3466, #7332, #1736, #5792 ) ) ;
#4699 = ORIENTED_EDGE ( 'NONE', *, *, #7316, .F. ) ;
#4700 = AXIS2_PLACEMENT_3D ( 'NONE', #3625, #522, #3580 ) ;
#4701 = VERTEX_POINT ( 'NONE', #163 ) ;
#4702 = DIRECTION ( 'NONE',  ( -0.000000000000000000, -0.000000000000000000, 1.000000000000000000 ) ) ;
#4703 = LINE ( 'NONE', #930, #2649 ) ;
#4704 = PLANE ( 'NONE',  #7813 ) ;
#4705 = EDGE_CURVE ( 'NONE', #2414, #7388, #5671, .T. ) ;
#4706 = ORIENTED_EDGE ( 'NONE', *, *, #5696, .T. ) ;
#4707 = CIRCLE ( 'NONE', #3673, 0.6000000000000970113 ) ;
#4708 = CARTESIAN_POINT ( 'NONE',  ( 0.1195232028006784630, 6.155148210345469550, 15.94009198119683290 ) ) ;
#4709 = LINE ( 'NONE', #6572, #5752 ) ;
#4710 = VECTOR ( 'NONE', #5926, 1000.000000000000000 ) ;
#4711 = VECTOR ( 'NONE', #3925, 1000.000000000000000 ) ;
#4712 = VECTOR ( 'NONE', #5403, 1000.000000000000000 ) ;
#4713 = FACE_OUTER_BOUND ( 'NONE', #5643, .T. ) ;
#4714 = CARTESIAN_POINT ( 'NONE',  ( 10.25000000000061995, 7.550000000000000711, 18.61999999999940059 ) ) ;
#4715 = VECTOR ( 'NONE', #1276, 1000.000000000000000 ) ;
#4716 = PLANE ( 'NONE',  #6044 ) ;
#4717 = VECTOR ( 'NONE', #7773, 1000.000000000000000 ) ;
#4718 = DIRECTION ( 'NONE',  ( 0.7599342076850883476, 0.6499999999923363747, 0.000000000000000000 ) ) ;
#4719 = VERTEX_POINT ( 'NONE', #3231 ) ;
#4720 = CARTESIAN_POINT ( 'NONE',  ( 0.3643478260869555951, 7.699923329723703525, 0.04613584800829429594 ) ) ;
#4721 = VERTEX_POINT ( 'NONE', #2619 ) ;
#4722 = ORIENTED_EDGE ( 'NONE', *, *, #6621, .F. ) ;
#4723 = LINE ( 'NONE', #5976, #1719 ) ;
#4724 = VECTOR ( 'NONE', #4052, 1000.000000000000000 ) ;
#4725 = ADVANCED_FACE ( 'NONE', ( #5741 ), #2663, .T. ) ;
#4726 = CARTESIAN_POINT ( 'NONE',  ( 4.549999999999999822, 7.000000000000000000, 28.35999999999999943 ) ) ;
#4727 = VERTEX_POINT ( 'NONE', #2044 ) ;
#4728 = DIRECTION ( 'NONE',  ( 0.8955305689931833957, 0.000000000000000000, 0.4449999999985900789 ) ) ;
#4729 = DIRECTION ( 'NONE',  ( -0.000000000000000000, -0.000000000000000000, 1.000000000000000000 ) ) ;
#4730 = EDGE_LOOP ( 'NONE', ( #2757, #7739, #7964, #4049 ) ) ;
#4731 = CARTESIAN_POINT ( 'NONE',  ( 9.419999999999999929, 8.149999999999998579, 17.16000000000000369 ) ) ;
#4732 = DIRECTION ( 'NONE',  ( -1.000000000000000000, -0.000000000000000000, -0.000000000000000000 ) ) ;
#4733 = DIRECTION ( 'NONE',  ( 1.000000000000000000, -0.000000000000000000, -0.000000000000000000 ) ) ;
#4734 = AXIS2_PLACEMENT_3D ( 'NONE', #8, #4534, #2049 ) ;
#4735 = VERTEX_POINT ( 'NONE', #1436 ) ;
#4736 = EDGE_CURVE ( 'NONE', #4517, #1690, #209, .T. ) ;
#4737 = EDGE_CURVE ( 'NONE', #2182, #6087, #4075, .T. ) ;
#4738 = ORIENTED_EDGE ( 'NONE', *, *, #1527, .F. ) ;
#4739 = VERTEX_POINT ( 'NONE', #7036 ) ;
#4740 = CIRCLE ( 'NONE', #3575, 0.6000000000000961231 ) ;
#4741 = CIRCLE ( 'NONE', #7202, 4.999999999996431299 ) ;
#4742 = EDGE_CURVE ( 'NONE', #6686, #2062, #7676, .T. ) ;
#4743 = ORIENTED_EDGE ( 'NONE', *, *, #4402, .T. ) ;
#4744 = DIRECTION ( 'NONE',  ( 0.000000000000000000, -1.676899360110642493E-13, -1.000000000000000000 ) ) ;
#4745 = LINE ( 'NONE', #3409, #4586 ) ;
#4746 = DIRECTION ( 'NONE',  ( -0.000000000000000000, -0.000000000000000000, 1.000000000000000000 ) ) ;
#4747 = DIRECTION ( 'NONE',  ( 1.000000000000000000, 0.000000000000000000, 0.000000000000000000 ) ) ;
#4748 = CIRCLE ( 'NONE', #2030, 0.6999999999999420019 ) ;
#4749 = ADVANCED_FACE ( 'NONE', ( #4106 ), #4716, .T. ) ;
#4750 = ORIENTED_EDGE ( 'NONE', *, *, #969, .T. ) ;
#4751 = DIRECTION ( 'NONE',  ( 0.8965754122264871784, 0.4428911042128804154, 0.000000000000000000 ) ) ;
#4752 = EDGE_CURVE ( 'NONE', #6950, #7345, #7199, .T. ) ;
#4753 = CYLINDRICAL_SURFACE ( 'NONE', #394, 0.6999999999999784173 ) ;
#4754 = FACE_OUTER_BOUND ( 'NONE', #5646, .T. ) ;
#4755 = CARTESIAN_POINT ( 'NONE',  ( 0.3643478260869555951, 7.699923329723703525, 0.04613584800829429594 ) ) ;
#4756 = CARTESIAN_POINT ( 'NONE',  ( 8.820000000000000284, 8.149999999999998579, 4.859999999999999432 ) ) ;
#4757 = VERTEX_POINT ( 'NONE', #7080 ) ;
#4758 = PLANE ( 'NONE',  #1622 ) ;
#4759 = EDGE_CURVE ( 'NONE', #4958, #7466, #5970, .T. ) ;
#4760 = ORIENTED_EDGE ( 'NONE', *, *, #3002, .T. ) ;
#4761 = ORIENTED_EDGE ( 'NONE', *, *, #2661, .F. ) ;
#4762 = CARTESIAN_POINT ( 'NONE',  ( 18.24267958386306177, 5.774820779052208586, 15.12712413428868885 ) ) ;
#4763 = EDGE_CURVE ( 'NONE', #3326, #5684, #4740, .T. ) ;
#4764 = LINE ( 'NONE', #7235, #1207 ) ;
#4765 = ORIENTED_EDGE ( 'NONE', *, *, #5066, .F. ) ;
#4766 = DIRECTION ( 'NONE',  ( 0.6024123836630105311, 0.7981850161519256082, 0.000000000000000000 ) ) ;
#4767 = DIRECTION ( 'NONE',  ( -0.000000000000000000, -0.000000000000000000, 1.000000000000000000 ) ) ;
#4768 = DIRECTION ( 'NONE',  ( 0.000000000000000000, 1.000000000000000000, 0.000000000000000000 ) ) ;
#4769 = AXIS2_PLACEMENT_3D ( 'NONE', #4204, #1200, #3603 ) ;
#4770 = EDGE_LOOP ( 'NONE', ( #2782, #6529, #7300, #255, #1256, #1776 ) ) ;
#4771 = PLANE ( 'NONE',  #6312 ) ;
#4772 = EDGE_CURVE ( 'NONE', #7345, #4344, #5288, .T. ) ;
#4773 = DIRECTION ( 'NONE',  ( 1.000000000000000000, -5.830766545710329519E-15, -0.000000000000000000 ) ) ;
#4774 = CARTESIAN_POINT ( 'NONE',  ( 4.549999999999999822, 7.049999999999998934, 7.020000000000000462 ) ) ;
#4775 = LINE ( 'NONE', #7244, #5144 ) ;
#4776 = ORIENTED_EDGE ( 'NONE', *, *, #7477, .T. ) ;
#4777 = FACE_OUTER_BOUND ( 'NONE', #2222, .T. ) ;
#4778 = ORIENTED_EDGE ( 'NONE', *, *, #3186, .F. ) ;
#4779 = ORIENTED_EDGE ( 'NONE', *, *, #6427, .F. ) ;
#4780 = EDGE_LOOP ( 'NONE', ( #4495, #4512, #5957, #549, #6490, #2627, #4254, #766 ) ) ;
#4781 = FACE_OUTER_BOUND ( 'NONE', #7268, .T. ) ;
#4782 = DIRECTION ( 'NONE',  ( -7.762887555008176180E-13, 0.000000000000000000, 1.000000000000000000 ) ) ;
#4783 = ADVANCED_FACE ( 'NONE', ( #6506 ), #3995, .T. ) ;
#4784 = CARTESIAN_POINT ( 'NONE',  ( 17.18212227597007313, 7.049999999999999822, 17.71999999999999886 ) ) ;
#4785 = ORIENTED_EDGE ( 'NONE', *, *, #4903, .T. ) ;
#4786 = DIRECTION ( 'NONE',  ( -0.000000000000000000, 1.000000000000000000, 0.000000000000000000 ) ) ;
#4787 = ORIENTED_EDGE ( 'NONE', *, *, #4515, .T. ) ;
#4788 = ORIENTED_EDGE ( 'NONE', *, *, #6201, .T. ) ;
#4789 = LINE ( 'NONE', #6651, #533 ) ;
#4790 = DIRECTION ( 'NONE',  ( 0.000000000000000000, -1.000000000000000000, 0.000000000000000000 ) ) ;
#4791 = EDGE_CURVE ( 'NONE', #2505, #395, #1103, .T. ) ;
#4792 = CARTESIAN_POINT ( 'NONE',  ( 13.60000000000356302, 7.049999999999999822, 14.90000000000000036 ) ) ;
#4793 = DIRECTION ( 'NONE',  ( -1.000000000000000000, 0.000000000000000000, 0.000000000000000000 ) ) ;
#4794 = CARTESIAN_POINT ( 'NONE',  ( 4.550000000000000711, 7.000000000000000000, 17.16000000000000014 ) ) ;
#4795 = CARTESIAN_POINT ( 'NONE',  ( 4.550000000000004263, 8.149999999999998579, 0.9200000000000000400 ) ) ;
#4796 = CARTESIAN_POINT ( 'NONE',  ( 4.550000000000000711, 7.000000000000000000, 5.959999999999999964 ) ) ;
#4797 = ORIENTED_EDGE ( 'NONE', *, *, #5443, .F. ) ;
#4798 = CARTESIAN_POINT ( 'NONE',  ( 18.25022240231553639, 1.245001127752397574, 17.34393450571124617 ) ) ;
#4799 = DIRECTION ( 'NONE',  ( -0.000000000000000000, -0.000000000000000000, -1.000000000000000000 ) ) ;
#4800 = EDGE_CURVE ( 'NONE', #3616, #7664, #5821, .T. ) ;
#4801 = CARTESIAN_POINT ( 'NONE',  ( 18.27335378321595272, 1.349999999999980105, 6.850000000000001421 ) ) ;
#4802 = VERTEX_POINT ( 'NONE', #3491 ) ;
#4803 = PLANE ( 'NONE',  #3691 ) ;
#4804 = CARTESIAN_POINT ( 'NONE',  ( 4.550000000000000711, 8.149999999999998579, 27.25999999999999801 ) ) ;
#4805 = DIRECTION ( 'NONE',  ( -1.548240702311679890E-12, 0.000000000000000000, 1.000000000000000000 ) ) ;
#4806 = ORIENTED_EDGE ( 'NONE', *, *, #2066, .F. ) ;
#4807 = ADVANCED_FACE ( 'NONE', ( #903 ), #2160, .T. ) ;
#4808 = ORIENTED_EDGE ( 'NONE', *, *, #6381, .F. ) ;
#4809 = CARTESIAN_POINT ( 'NONE',  ( 18.36103383103296949, 0.5293106022089696383, 0.01840211964726524291 ) ) ;
#4810 = CARTESIAN_POINT ( 'NONE',  ( 18.59999999999999787, 0.1999999999999998446, 0.2101020514433713515 ) ) ;
#4811 = DIRECTION ( 'NONE',  ( -8.257283745670479194E-13, 0.000000000000000000, -1.000000000000000000 ) ) ;
#4812 = CARTESIAN_POINT ( 'NONE',  ( 4.550000000000000711, 8.149999999999998579, 10.46000000000000085 ) ) ;
#4813 = ORIENTED_EDGE ( 'NONE', *, *, #3240, .F. ) ;
#4814 = CARTESIAN_POINT ( 'NONE',  ( 16.60000000000000142, 5.999999999999999112, 14.25919971910099981 ) ) ;
#4815 = ORIENTED_EDGE ( 'NONE', *, *, #6704, .F. ) ;
#4816 = ORIENTED_EDGE ( 'NONE', *, *, #1285, .T. ) ;
#4817 = VECTOR ( 'NONE', #93, 1000.000000000000000 ) ;
#4818 = EDGE_LOOP ( 'NONE', ( #4390, #1501, #3157, #7427, #6364, #19, #4788, #5955 ) ) ;
#4819 = DIRECTION ( 'NONE',  ( 1.000000000000000000, 0.000000000000000000, 0.000000000000000000 ) ) ;
#4820 = CARTESIAN_POINT ( 'NONE',  ( 10.25000000000020961, 8.149999999999998579, 12.61999999999999744 ) ) ;
#4821 = DIRECTION ( 'NONE',  ( -1.000000000000000000, 0.000000000000000000, -4.160086274942037261E-16 ) ) ;
#4822 = ORIENTED_EDGE ( 'NONE', *, *, #7634, .F. ) ;
#4823 = DIRECTION ( 'NONE',  ( 0.000000000000000000, 0.000000000000000000, 1.000000000000000000 ) ) ;
#4824 = VERTEX_POINT ( 'NONE', #4755 ) ;
#4825 = VECTOR ( 'NONE', #4139, 1000.000000000000000 ) ;
#4826 = EDGE_LOOP ( 'NONE', ( #2759, #377, #1559, #1820 ) ) ;
#4827 = CARTESIAN_POINT ( 'NONE',  ( 18.10221458223799829, 0.6499999999999998002, 27.94034760698172093 ) ) ;
#4828 = DIRECTION ( 'NONE',  ( 0.000000000000000000, 0.000000000000000000, -1.000000000000000000 ) ) ;
#4829 = VECTOR ( 'NONE', #7999, 1000.000000000000000 ) ;
#4830 = CARTESIAN_POINT ( 'NONE',  ( 17.18212227597054920, 8.149999999999998579, 23.27999999999999758 ) ) ;
#4831 = DESIGN_CONTEXT ( 'detailed design', #5851, 'design' ) ;
#4832 = CARTESIAN_POINT ( 'NONE',  ( 4.549999999999999822, 7.400000000000000355, 25.53999999999999915 ) ) ;
#4833 = CARTESIAN_POINT ( 'NONE',  ( 16.60000000000000142, 1.349999999999976108, 7.550000000000000711 ) ) ;
#4834 = EDGE_CURVE ( 'NONE', #5713, #2183, #390, .T. ) ;
#4835 = CARTESIAN_POINT ( 'NONE',  ( 18.10221458223799829, 0.6500000000000026867, 27.85000000000000497 ) ) ;
#4836 = CIRCLE ( 'NONE', #7944, 4.999999999996429523 ) ;
#4837 = EDGE_CURVE ( 'NONE', #2068, #1647, #4646, .T. ) ;
#4838 = AXIS2_PLACEMENT_3D ( 'NONE', #1573, #7180, #3949 ) ;
#4839 = CARTESIAN_POINT ( 'NONE',  ( 17.37947366142814687, 7.000000000000001776, 0.9000000000000001332 ) ) ;
#4840 = VECTOR ( 'NONE', #2326, 1000.000000000000000 ) ;
#4841 = EDGE_CURVE ( 'NONE', #981, #193, #5210, .T. ) ;
#4842 = CARTESIAN_POINT ( 'NONE',  ( 18.16889802884328375, 0.9039405897249517263, 17.19672270054087448 ) ) ;
#4843 = CARTESIAN_POINT ( 'NONE',  ( 17.37894151473797066, 7.000622083981281385, 11.56000000000000050 ) ) ;
#4844 = CIRCLE ( 'NONE', #7695, 0.3999999999993835154 ) ;
#4845 = VECTOR ( 'NONE', #3623, 1000.000000000000000 ) ;
#4846 = CARTESIAN_POINT ( 'NONE',  ( 18.56260925505842252, 0.4353144457642081355, 0.05082733079206022686 ) ) ;
#4847 = ORIENTED_EDGE ( 'NONE', *, *, #6822, .F. ) ;
#4848 = DIRECTION ( 'NONE',  ( 1.000000000000000000, -1.786992130180001379E-15, -0.000000000000000000 ) ) ;
#4849 = CARTESIAN_POINT ( 'NONE',  ( 10.25000000000030909, 8.149999999999998579, 11.58000000000000540 ) ) ;
#4850 = FACE_OUTER_BOUND ( 'NONE', #6894, .T. ) ;
#4851 = CARTESIAN_POINT ( 'NONE',  ( 16.60000000000000142, 4.770000000000001350, 27.85000000000000497 ) ) ;
#4852 = VECTOR ( 'NONE', #3919, 1000.000000000000000 ) ;
#4853 = VERTEX_POINT ( 'NONE', #279 ) ;
#4854 = EDGE_CURVE ( 'NONE', #4093, #2598, #4677, .T. ) ;
#4855 = AXIS2_PLACEMENT_3D ( 'NONE', #1261, #8030, #551 ) ;
#4856 = EDGE_CURVE ( 'NONE', #7015, #2414, #1550, .T. ) ;
#4857 = ORIENTED_EDGE ( 'NONE', *, *, #34, .F. ) ;
#4858 = DIRECTION ( 'NONE',  ( 0.000000000000000000, 1.000000000000000000, 0.000000000000000000 ) ) ;
#4859 = DIRECTION ( 'NONE',  ( 0.000000000000000000, 0.000000000000000000, -1.000000000000000000 ) ) ;
#4860 = DIRECTION ( 'NONE',  ( 0.000000000000000000, 2.129414334153193744E-15, 1.000000000000000000 ) ) ;
#4861 = DIRECTION ( 'NONE',  ( 0.9989168903554627166, 0.04653005655028350646, 0.000000000000000000 ) ) ;
#4862 = LINE ( 'NONE', #2989, #3611 ) ;
#4863 = EDGE_LOOP ( 'NONE', ( #807, #4778, #5742, #3136 ) ) ;
#4864 = AXIS2_PLACEMENT_3D ( 'NONE', #4953, #7380, #1817 ) ;
#4865 = CARTESIAN_POINT ( 'NONE',  ( 4.550000000000000711, 8.149999999999998579, 16.06000000000000583 ) ) ;
#4866 = ORIENTED_EDGE ( 'NONE', *, *, #7797, .T. ) ;
#4867 = ORIENTED_EDGE ( 'NONE', *, *, #7490, .F. ) ;
#4868 = EDGE_CURVE ( 'NONE', #2099, #7173, #4382, .T. ) ;
#4869 = ORIENTED_EDGE ( 'NONE', *, *, #1275, .T. ) ;
#4870 = CARTESIAN_POINT ( 'NONE',  ( 10.25000000000030909, 8.149999999999998579, 5.980000000000004867 ) ) ;
#4871 = CARTESIAN_POINT ( 'NONE',  ( 10.25000000000061995, 7.049999999999999822, 7.419999999999379980 ) ) ;
#4872 = FACE_OUTER_BOUND ( 'NONE', #6264, .T. ) ;
#4873 = ORIENTED_EDGE ( 'NONE', *, *, #685, .T. ) ;
#4874 = PLANE ( 'NONE',  #4498 ) ;
#4875 = VERTEX_POINT ( 'NONE', #3421 ) ;
#4876 = VECTOR ( 'NONE', #3464, 1000.000000000000000 ) ;
#4877 = ORIENTED_EDGE ( 'NONE', *, *, #7634, .T. ) ;
#4878 = AXIS2_PLACEMENT_3D ( 'NONE', #3737, #6725, #637 ) ;
#4879 = CARTESIAN_POINT ( 'NONE',  ( 4.550000000000000711, 7.049999999999999822, 12.07999999999999829 ) ) ;
#4880 = CARTESIAN_POINT ( 'NONE',  ( 9.419999999999999929, 8.149999999999998579, 28.35999999999999943 ) ) ;
#4881 = EDGE_CURVE ( 'NONE', #663, #3278, #2815, .T. ) ;
#4882 = AXIS2_PLACEMENT_3D ( 'NONE', #5084, #3104, #2576 ) ;
#4883 = CARTESIAN_POINT ( 'NONE',  ( 17.18212227597109987, 8.149999999999998579, 22.28000000000255199 ) ) ;
#4884 = LINE ( 'NONE', #8045, #7566 ) ;
#4885 = DIRECTION ( 'NONE',  ( 1.000000000000000000, 0.000000000000000000, 0.000000000000000000 ) ) ;
#4886 = VECTOR ( 'NONE', #988, 1000.000000000000000 ) ;
#4887 = VECTOR ( 'NONE', #2674, 1000.000000000000000 ) ;
#4888 = DIRECTION ( 'NONE',  ( 0.000000000000000000, 1.000000000000000000, 0.000000000000000000 ) ) ;
#4889 = DIRECTION ( 'NONE',  ( 0.000000000000000000, 0.000000000000000000, -1.000000000000000000 ) ) ;
#4890 = DIRECTION ( 'NONE',  ( 0.000000000000000000, 1.000000000000000000, 0.000000000000000000 ) ) ;
#4891 = EDGE_CURVE ( 'NONE', #4191, #106, #3339, .T. ) ;
#4892 = CARTESIAN_POINT ( 'NONE',  ( 18.10221458223799829, 0.6499999999999993561, 7.376388142231895095 ) ) ;
#4893 = ORIENTED_EDGE ( 'NONE', *, *, #2705, .F. ) ;
#4894 = CARTESIAN_POINT ( 'NONE',  ( 8.820000000000000284, 7.400000000000000355, 8.740000000000001990 ) ) ;
#4895 = LINE ( 'NONE', #7922, #7821 ) ;
#4896 = DIRECTION ( 'NONE',  ( 0.000000000000000000, 1.000000000000000000, 0.000000000000000000 ) ) ;
#4897 = LINE ( 'NONE', #492, #2408 ) ;
#4898 = EDGE_LOOP ( 'NONE', ( #7194, #7103, #2092, #2914 ) ) ;
#4899 = ORIENTED_EDGE ( 'NONE', *, *, #5399, .F. ) ;
#4900 = CARTESIAN_POINT ( 'NONE',  ( 4.550000000000000711, 8.149999999999998579, 22.75999999999999801 ) ) ;
#4901 = DIRECTION ( 'NONE',  ( 0.000000000000000000, 0.000000000000000000, 1.000000000000000000 ) ) ;
#4902 = CARTESIAN_POINT ( 'NONE',  ( 18.10881781221917208, 5.999999999999992006, 15.54080028089899379 ) ) ;
#4903 = EDGE_CURVE ( 'NONE', #7613, #4630, #2187, .T. ) ;
#4904 = LINE ( 'NONE', #1119, #7079 ) ;
#4905 = DIRECTION ( 'NONE',  ( 0.000000000000000000, 1.000000000000000000, 0.000000000000000000 ) ) ;
#4906 = AXIS2_PLACEMENT_3D ( 'NONE', #7579, #6406, #6369 ) ;
#4907 = EDGE_LOOP ( 'NONE', ( #3290, #3134, #6124, #7535 ) ) ;
#4908 = CARTESIAN_POINT ( 'NONE',  ( 18.27335378321595272, 1.349999999999980105, 12.44999999999999929 ) ) ;
#4909 = ORIENTED_EDGE ( 'NONE', *, *, #5012, .T. ) ;
#4910 = ORIENTED_EDGE ( 'NONE', *, *, #6137, .F. ) ;
#4911 = VERTEX_POINT ( 'NONE', #4637 ) ;
#4912 = PLANE ( 'NONE',  #4864 ) ;
#4913 = LINE ( 'NONE', #7468, #954 ) ;
#4914 = CARTESIAN_POINT ( 'NONE',  ( 9.420000000000319673, 7.150000000001090150, 22.75999999999999801 ) ) ;
#4915 = ORIENTED_EDGE ( 'NONE', *, *, #7400, .F. ) ;
#4916 = CARTESIAN_POINT ( 'NONE',  ( 18.58475214792420616, 4.700472293808066304, 7.198850944891118431 ) ) ;
#4917 = EDGE_CURVE ( 'NONE', #5914, #3808, #7667, .T. ) ;
#4918 = EDGE_LOOP ( 'NONE', ( #103, #6460, #1132, #5322, #960, #5879, #4508, #6135, #2993 ) ) ;
#4919 = ORIENTED_EDGE ( 'NONE', *, *, #5670, .T. ) ;
#4920 = ORIENTED_EDGE ( 'NONE', *, *, #7867, .T. ) ;
#4921 = DIRECTION ( 'NONE',  ( -1.000000000000000000, -1.580832784477974830E-14, 0.000000000000000000 ) ) ;
#4922 = EDGE_CURVE ( 'NONE', #2571, #5179, #2770, .T. ) ;
#4923 = DIRECTION ( 'NONE',  ( 0.7981850161514238984, -0.6024123836636752216, -0.000000000000000000 ) ) ;
#4924 = CARTESIAN_POINT ( 'NONE',  ( 18.58809699203467858, 4.069999999999994955, 6.150000000000000355 ) ) ;
#4925 = CARTESIAN_POINT ( 'NONE',  ( 4.550000000000000711, 7.049999999999999822, 17.71999999999999886 ) ) ;
#4926 = CARTESIAN_POINT ( 'NONE',  ( 16.60000000000000142, 1.349999999999976108, 16.65000000000000213 ) ) ;
#4927 = DIRECTION ( 'NONE',  ( -1.000000000000000000, -0.000000000000000000, -0.000000000000000000 ) ) ;
#4928 = CARTESIAN_POINT ( 'NONE',  ( 8.820000000000000284, 8.000000000000101252, 25.53999999999999915 ) ) ;
#4929 = VECTOR ( 'NONE', #3069, 1000.000000000000000 ) ;
#4930 = CARTESIAN_POINT ( 'NONE',  ( 4.550000000000000711, 8.149999999999998579, 5.960000000000000853 ) ) ;
#4931 = DIRECTION ( 'NONE',  ( 0.000000000000000000, 0.000000000000000000, -1.000000000000000000 ) ) ;
#4932 = CARTESIAN_POINT ( 'NONE',  ( 4.550000000000000711, 8.149999999999998579, 1.440000000000001501 ) ) ;
#4933 = ORIENTED_EDGE ( 'NONE', *, *, #2584, .T. ) ;
#4934 = CARTESIAN_POINT ( 'NONE',  ( 4.549999999999999822, 7.000000000000000000, 5.959999999999993747 ) ) ;
#4935 = PLANE ( 'NONE',  #5238 ) ;
#4936 = CARTESIAN_POINT ( 'NONE',  ( 4.550000000000004263, 8.149999999999998579, 23.32000000000000028 ) ) ;
#4937 = LINE ( 'NONE', #7406, #724 ) ;
#4938 = EDGE_CURVE ( 'NONE', #2992, #4197, #2225, .T. ) ;
#4939 = ORIENTED_EDGE ( 'NONE', *, *, #6350, .T. ) ;
#4940 = ORIENTED_EDGE ( 'NONE', *, *, #5112, .T. ) ;
#4941 = DIRECTION ( 'NONE',  ( 0.7598676893429452406, 0.6500777604968605017, 0.000000000000000000 ) ) ;
#4942 = CARTESIAN_POINT ( 'NONE',  ( 16.60000000000000142, 4.070000000000059792, 27.85000000000000497 ) ) ;
#4943 = FACE_OUTER_BOUND ( 'NONE', #4087, .T. ) ;
#4944 = CARTESIAN_POINT ( 'NONE',  ( 18.58822579892915527, 4.529898241270189807, 5.985025191947506151 ) ) ;
#4945 = CARTESIAN_POINT ( 'NONE',  ( 16.18594924246994893, 5.979999999998560689, 28.35999999999999943 ) ) ;
#4946 = ORIENTED_EDGE ( 'NONE', *, *, #4742, .F. ) ;
#4947 = CARTESIAN_POINT ( 'NONE',  ( 4.550000000000000711, 8.149999999999998579, 19.33999999999999986 ) ) ;
#4948 = EDGE_LOOP ( 'NONE', ( #4573, #1254, #2421, #4466 ) ) ;
#4949 = ORIENTED_EDGE ( 'NONE', *, *, #1654, .T. ) ;
#4950 = EDGE_CURVE ( 'NONE', #1045, #4088, #235, .T. ) ;
#4951 = EDGE_CURVE ( 'NONE', #3513, #7466, #1676, .T. ) ;
#4952 = ORIENTED_EDGE ( 'NONE', *, *, #1210, .T. ) ;
#4953 = CARTESIAN_POINT ( 'NONE',  ( 4.549999999999999822, 7.049999999999998934, 28.37999999999999901 ) ) ;
#4954 = EDGE_CURVE ( 'NONE', #723, #3201, #2469, .T. ) ;
#4955 = DIRECTION ( 'NONE',  ( 1.000000000000000000, 0.000000000000000000, 0.000000000000000000 ) ) ;
#4956 = DIRECTION ( 'NONE',  ( -0.000000000000000000, -0.000000000000000000, 1.000000000000000000 ) ) ;
#4957 = EDGE_LOOP ( 'NONE', ( #4252, #5383, #4381, #1343 ) ) ;
#4958 = VERTEX_POINT ( 'NONE', #5280 ) ;
#4959 = CARTESIAN_POINT ( 'NONE',  ( 16.60000000000000142, 7.050000000000001599, 16.67499999999999716 ) ) ;
#4960 = EDGE_LOOP ( 'NONE', ( #4184, #1386, #2338, #1338 ) ) ;
#4961 = ORIENTED_EDGE ( 'NONE', *, *, #2573, .F. ) ;
#4962 = CARTESIAN_POINT ( 'NONE',  ( 18.10221458223799829, 0.6500000000000026867, 27.85000000000000497 ) ) ;
#4963 = CIRCLE ( 'NONE', #2626, 0.6999999999999420019 ) ;
#4964 = ORIENTED_EDGE ( 'NONE', *, *, #7957, .T. ) ;
#4965 = EDGE_CURVE ( 'NONE', #4009, #5521, #2114, .T. ) ;
#4966 = DIRECTION ( 'NONE',  ( 1.000000000000000000, -0.000000000000000000, -0.000000000000000000 ) ) ;
#4967 = VECTOR ( 'NONE', #1009, 1000.000000000000000 ) ;
#4968 = CARTESIAN_POINT ( 'NONE',  ( 3.619999999999617302, 8.149999999999998579, 0.6999999999999942935 ) ) ;
#4969 = CARTESIAN_POINT ( 'NONE',  ( 4.550000000000000711, 8.149999999999998579, 24.94000000000000128 ) ) ;
#4970 = LINE ( 'NONE', #4794, #3827 ) ;
#4971 = CYLINDRICAL_SURFACE ( 'NONE', #400, 0.9999999999974724663 ) ;
#4972 = LINE ( 'NONE', #744, #4064 ) ;
#4973 = AXIS2_PLACEMENT_3D ( 'NONE', #4443, #1355, #3839 ) ;
#4974 = DIRECTION ( 'NONE',  ( 1.000000000000000000, -2.653887147501979193E-16, -0.000000000000000000 ) ) ;
#4975 = CARTESIAN_POINT ( 'NONE',  ( 17.57602788561925422, 4.900237729497750827, 29.80000000000000071 ) ) ;
#4976 = VECTOR ( 'NONE', #4073, 1000.000000000000000 ) ;
#4977 = DIRECTION ( 'NONE',  ( 0.000000000000000000, 1.000000000000000000, 0.000000000000000000 ) ) ;
#4978 = ORIENTED_EDGE ( 'NONE', *, *, #1299, .F. ) ;
#4979 = DIRECTION ( 'NONE',  ( -1.000000000000000000, 0.000000000000000000, -0.000000000000000000 ) ) ;
#4980 = DIRECTION ( 'NONE',  ( -7.762887555008176180E-13, 0.000000000000000000, 1.000000000000000000 ) ) ;
#4981 = CARTESIAN_POINT ( 'NONE',  ( 10.25000000000000000, 7.049999999999999822, 1.420000000000001927 ) ) ;
#4982 = VECTOR ( 'NONE', #2937, 1000.000000000000000 ) ;
#4983 = CARTESIAN_POINT ( 'NONE',  ( 13.60000000000356302, 7.049999999999999822, 26.10000000000000142 ) ) ;
#4984 = ORIENTED_EDGE ( 'NONE', *, *, #186, .T. ) ;
#4985 = VECTOR ( 'NONE', #710, 1000.000000000000000 ) ;
#4986 = ORIENTED_EDGE ( 'NONE', *, *, #2774, .F. ) ;
#4987 = CARTESIAN_POINT ( 'NONE',  ( 16.24500220582188703, 7.939741135949314632, 29.60754056958932168 ) ) ;
#4988 = DIRECTION ( 'NONE',  ( 1.000000000000000000, -2.653887147501979193E-16, -0.000000000000000000 ) ) ;
#4989 = AXIS2_PLACEMENT_3D ( 'NONE', #1648, #1511, #7671 ) ;
#4990 = CARTESIAN_POINT ( 'NONE',  ( 0.000000000000000000, 0.7000000000000110578, 0.7000000000000110578 ) ) ;
#4991 = ADVANCED_FACE ( 'NONE', ( #1507 ), #896, .T. ) ;
#4992 = CARTESIAN_POINT ( 'NONE',  ( 4.549999999999999822, 8.149999999999998579, 24.94000000000000128 ) ) ;
#4993 = CARTESIAN_POINT ( 'NONE',  ( 18.58205168432625953, 4.770000000000001350, 13.15000000000000213 ) ) ;
#4994 = ORIENTED_EDGE ( 'NONE', *, *, #2810, .F. ) ;
#4995 = AXIS2_PLACEMENT_3D ( 'NONE', #6325, #750, #2547 ) ;
#4996 = DIRECTION ( 'NONE',  ( 0.000000000000000000, -0.3200000694765386400, 0.9474175191197439228 ) ) ;
#4997 = ORIENTED_EDGE ( 'NONE', *, *, #2377, .T. ) ;
#4998 = VERTEX_POINT ( 'NONE', #2762 ) ;
#4999 = VECTOR ( 'NONE', #7941, 1000.000000000000000 ) ;
#5000 = VERTEX_POINT ( 'NONE', #6533 ) ;
#5001 = DIRECTION ( 'NONE',  ( -1.000000000000000000, -0.000000000000000000, -0.000000000000000000 ) ) ;
#5002 = AXIS2_PLACEMENT_3D ( 'NONE', #1897, #4497, #4385 ) ;
#5003 = CARTESIAN_POINT ( 'NONE',  ( 18.58205168432625953, 4.770000000000001350, 18.75000000000000000 ) ) ;
#5004 = ORIENTED_EDGE ( 'NONE', *, *, #5329, .T. ) ;
#5005 = CIRCLE ( 'NONE', #3308, 0.6999999999999769740 ) ;
#5006 = EDGE_CURVE ( 'NONE', #6458, #2721, #4024, .T. ) ;
#5007 = ORIENTED_EDGE ( 'NONE', *, *, #7621, .F. ) ;
#5008 = EDGE_LOOP ( 'NONE', ( #7233, #3243, #1341, #6811 ) ) ;
#5009 = VERTEX_POINT ( 'NONE', #968 ) ;
#5010 = EDGE_LOOP ( 'NONE', ( #24, #761, #3045, #7703 ) ) ;
#5011 = LINE ( 'NONE', #118, #3282 ) ;
#5012 = EDGE_CURVE ( 'NONE', #3813, #6512, #2077, .T. ) ;
#5013 = DIRECTION ( 'NONE',  ( 3.573655993232488315E-13, -1.000000000000000000, 0.000000000000000000 ) ) ;
#5014 = EDGE_CURVE ( 'NONE', #4757, #128, #5850, .T. ) ;
#5015 = CARTESIAN_POINT ( 'NONE',  ( 10.25000000000061995, 8.149999999999998579, 16.78000000000060510 ) ) ;
#5016 = DIRECTION ( 'NONE',  ( 1.000000000000000000, -0.000000000000000000, -0.000000000000000000 ) ) ;
#5017 = AXIS2_PLACEMENT_3D ( 'NONE', #1047, #1743, #4223 ) ;
#5018 = CARTESIAN_POINT ( 'NONE',  ( 9.419999999999999929, 8.149999999999998579, 28.35999999999999943 ) ) ;
#5019 = VECTOR ( 'NONE', #2124, 1000.000000000000000 ) ;
#5020 = ADVANCED_FACE ( 'NONE', ( #7782 ), #4704, .T. ) ;
#5021 = ORIENTED_EDGE ( 'NONE', *, *, #737, .T. ) ;
#5022 = DIRECTION ( 'NONE',  ( 0.000000000000000000, 0.000000000000000000, -1.000000000000000000 ) ) ;
#5023 = CARTESIAN_POINT ( 'NONE',  ( 4.549999999999999822, 7.049999999999998934, 23.32000000000000028 ) ) ;
#5024 = CARTESIAN_POINT ( 'NONE',  ( 10.25000000000061995, 7.049999999999999822, 18.61999999999940059 ) ) ;
#5025 = DIRECTION ( 'NONE',  ( 0.8955305689923251933, 0.000000000000000000, -0.4450000000003171974 ) ) ;
#5026 = ORIENTED_EDGE ( 'NONE', *, *, #3124, .F. ) ;
#5027 = ORIENTED_EDGE ( 'NONE', *, *, #6802, .F. ) ;
#5028 = LINE ( 'NONE', #2629, #3038 ) ;
#5029 = VECTOR ( 'NONE', #6260, 1000.000000000000000 ) ;
#5030 = EDGE_CURVE ( 'NONE', #3129, #1910, #5962, .T. ) ;
#5031 = DIRECTION ( 'NONE',  ( 0.8955305689923251933, 0.000000000000000000, 0.4450000000003168088 ) ) ;
#5032 = DIRECTION ( 'NONE',  ( 1.000000000000000000, 0.000000000000000000, 0.000000000000000000 ) ) ;
#5033 = ORIENTED_EDGE ( 'NONE', *, *, #361, .T. ) ;
#5034 = CYLINDRICAL_SURFACE ( 'NONE', #5059, 0.2000000000005296152 ) ;
#5035 = VERTEX_POINT ( 'NONE', #4257 ) ;
#5036 = DIRECTION ( 'NONE',  ( 0.000000000000000000, 0.000000000000000000, 1.000000000000000000 ) ) ;
#5037 = ADVANCED_FACE ( 'NONE', ( #2306 ), #6694, .F. ) ;
#5038 = ORIENTED_EDGE ( 'NONE', *, *, #262, .T. ) ;
#5039 = FACE_OUTER_BOUND ( 'NONE', #2633, .T. ) ;
#5040 = LINE ( 'NONE', #4511, #3547 ) ;
#5041 = ORIENTED_EDGE ( 'NONE', *, *, #2095, .T. ) ;
#5042 = DIRECTION ( 'NONE',  ( 0.000000000000000000, 0.000000000000000000, -1.000000000000000000 ) ) ;
#5043 = VERTEX_POINT ( 'NONE', #3564 ) ;
#5044 = CARTESIAN_POINT ( 'NONE',  ( 18.07765284496199243, 7.049999999999999822, 22.72499999999999432 ) ) ;
#5045 = EDGE_LOOP ( 'NONE', ( #1943, #1569, #7886, #1685, #7514, #2701, #7509 ) ) ;
#5046 = VERTEX_POINT ( 'NONE', #3701 ) ;
#5047 = AXIS2_PLACEMENT_3D ( 'NONE', #5061, #872, #214 ) ;
#5048 = ADVANCED_FACE ( 'NONE', ( #1689 ), #1735, .T. ) ;
#5049 = SECURITY_CLASSIFICATION ( '', '', #354 ) ;
#5050 = CARTESIAN_POINT ( 'NONE',  ( 9.420000000000319673, 7.150000000001090150, 28.80000000000000426 ) ) ;
#5051 = LINE ( 'NONE', #4969, #206 ) ;
#5052 = CARTESIAN_POINT ( 'NONE',  ( 4.549999999999999822, 7.400000000000005684, 26.65999999999999659 ) ) ;
#5053 = CARTESIAN_POINT ( 'NONE',  ( 18.10221458223799829, 0.6500000000000024647, 7.550000000000000711 ) ) ;
#5054 = DIRECTION ( 'NONE',  ( 1.000000000000000000, -0.000000000000000000, -0.000000000000000000 ) ) ;
#5055 = EDGE_CURVE ( 'NONE', #5904, #2340, #3518, .T. ) ;
#5056 = DIRECTION ( 'NONE',  ( 1.873249030640264608E-13, 1.000000000000000000, 0.000000000000000000 ) ) ;
#5057 = ORIENTED_EDGE ( 'NONE', *, *, #1636, .T. ) ;
#5058 = CYLINDRICAL_SURFACE ( 'NONE', #4445, 0.6999999999992636557 ) ;
#5059 = AXIS2_PLACEMENT_3D ( 'NONE', #7505, #1941, #6900 ) ;
#5060 = CARTESIAN_POINT ( 'NONE',  ( 4.550000000000004263, 8.149999999999998579, 17.71999999999999886 ) ) ;
#5061 = CARTESIAN_POINT ( 'NONE',  ( 8.820000000000000284, 8.000000000000101252, 9.860000000000001208 ) ) ;
#5062 = CARTESIAN_POINT ( 'NONE',  ( 0.4999999999999469869, 7.218676524318589749, 29.80000000000000071 ) ) ;
#5063 = ORIENTED_EDGE ( 'NONE', *, *, #4515, .F. ) ;
#5064 = ORIENTED_EDGE ( 'NONE', *, *, #2360, .T. ) ;
#5065 = FACE_OUTER_BOUND ( 'NONE', #3933, .T. ) ;
#5066 = EDGE_CURVE ( 'NONE', #5270, #453, #4214, .T. ) ;
#5067 = DIRECTION ( 'NONE',  ( 0.000000000000000000, 1.000000000000000000, 0.000000000000000000 ) ) ;
#5068 = DIRECTION ( 'NONE',  ( -1.000000000000000000, 2.552250841931516415E-16, -0.000000000000000000 ) ) ;
#5069 = ORIENTED_EDGE ( 'NONE', *, *, #5808, .F. ) ;
#5070 = DIRECTION ( 'NONE',  ( 9.448706592554529497E-16, -0.000000000000000000, 1.000000000000000000 ) ) ;
#5071 = ORIENTED_EDGE ( 'NONE', *, *, #4359, .T. ) ;
#5072 = ORIENTED_EDGE ( 'NONE', *, *, #86, .T. ) ;
#5073 = EDGE_CURVE ( 'NONE', #1730, #3512, #3945, .T. ) ;
#5074 = ORIENTED_EDGE ( 'NONE', *, *, #1328, .F. ) ;
#5075 = CARTESIAN_POINT ( 'NONE',  ( 4.550000000000000711, 7.049999999999999822, 23.32000000000000028 ) ) ;
#5076 = CARTESIAN_POINT ( 'NONE',  ( 17.18212227597000208, 7.049999999999999822, 28.87999999999999901 ) ) ;
#5077 = EDGE_LOOP ( 'NONE', ( #4306, #3786, #7094, #5918 ) ) ;
#5078 = VERTEX_POINT ( 'NONE', #4784 ) ;
#5079 = CARTESIAN_POINT ( 'NONE',  ( 4.550000000000000711, 7.049999999999999822, 12.07999999999999829 ) ) ;
#5080 = ORIENTED_EDGE ( 'NONE', *, *, #2309, .F. ) ;
#5081 = ORIENTED_EDGE ( 'NONE', *, *, #276, .F. ) ;
#5082 = ORIENTED_EDGE ( 'NONE', *, *, #7417, .T. ) ;
#5083 = CARTESIAN_POINT ( 'NONE',  ( 4.549999999999999822, 7.400000000000000355, 3.140000000000000124 ) ) ;
#5084 = CARTESIAN_POINT ( 'NONE',  ( 0.2479041193698552636, 4.245442074226871476, 13.09544207422178452 ) ) ;
#5085 = CARTESIAN_POINT ( 'NONE',  ( 18.25022240231553994, 1.245001127752422221, 6.143934505711238891 ) ) ;
#5086 = CARTESIAN_POINT ( 'NONE',  ( 8.820000000000000284, 8.000000000000101252, 4.259999999999905640 ) ) ;
#5087 = DIRECTION ( 'NONE',  ( -0.000000000000000000, -0.000000000000000000, -1.000000000000000000 ) ) ;
#5088 = AXIS2_PLACEMENT_3D ( 'NONE', #6198, #6152, #578 ) ;
#5089 = DIRECTION ( 'NONE',  ( 0.000000000000000000, 1.000000000000000000, 0.000000000000000000 ) ) ;
#5090 = ADVANCED_FACE ( 'NONE', ( #4872 ), #6049, .T. ) ;
#5091 = ADVANCED_FACE ( 'NONE', ( #6090 ), #5565, .F. ) ;
#5092 = EDGE_CURVE ( 'NONE', #2470, #5035, #6376, .T. ) ;
#5093 = DIRECTION ( 'NONE',  ( 0.000000000000000000, 0.000000000000000000, 1.000000000000000000 ) ) ;
#5094 = ORIENTED_EDGE ( 'NONE', *, *, #816, .T. ) ;
#5095 = DIRECTION ( 'NONE',  ( 0.000000000000000000, 0.000000000000000000, -1.000000000000000000 ) ) ;
#5096 = LINE ( 'NONE', #1404, #7438 ) ;
#5097 = CARTESIAN_POINT ( 'NONE',  ( 16.60000000000000142, 6.800000000000529177, 14.90000000000000036 ) ) ;
#5098 = VECTOR ( 'NONE', #90, 1000.000000000000000 ) ;
#5099 = CARTESIAN_POINT ( 'NONE',  ( 15.23000000000025267, 5.650000000000099831, 0.000000000000000000 ) ) ;
#5100 = EDGE_CURVE ( 'NONE', #2122, #4020, #2998, .T. ) ;
#5101 = VERTEX_POINT ( 'NONE', #8031 ) ;
#5102 = ORIENTED_EDGE ( 'NONE', *, *, #7797, .F. ) ;
#5103 = CARTESIAN_POINT ( 'NONE',  ( 0.2479041193698552636, 4.245442074226871476, 13.09544207422178452 ) ) ;
#5104 = CIRCLE ( 'NONE', #812, 0.9999999999989065413 ) ;
#5105 = DIRECTION ( 'NONE',  ( 0.000000000000000000, 0.000000000000000000, -1.000000000000000000 ) ) ;
#5106 = LINE ( 'NONE', #5832, #2955 ) ;
#5107 = ORIENTED_EDGE ( 'NONE', *, *, #6357, .T. ) ;
#5108 = PLANE ( 'NONE',  #2600 ) ;
#5109 = ORIENTED_EDGE ( 'NONE', *, *, #1225, .F. ) ;
#5110 = ORIENTED_EDGE ( 'NONE', *, *, #5111, .T. ) ;
#5111 = EDGE_CURVE ( 'NONE', #6908, #5000, #7382, .T. ) ;
#5112 = EDGE_CURVE ( 'NONE', #5521, #1165, #6606, .T. ) ;
#5113 = CIRCLE ( 'NONE', #2886, 0.3999999999993852362 ) ;
#5114 = VECTOR ( 'NONE', #814, 1000.000000000000000 ) ;
#5115 = VERTEX_POINT ( 'NONE', #4300 ) ;
#5116 = CARTESIAN_POINT ( 'NONE',  ( 16.18594924246994893, 5.979999999998560689, 12.64000000000000057 ) ) ;
#5117 = CARTESIAN_POINT ( 'NONE',  ( 18.58809699203467858, 4.070000000000031370, 23.65000000000000568 ) ) ;
#5118 = AXIS2_PLACEMENT_3D ( 'NONE', #2580, #3145, #5616 ) ;
#5119 = ORIENTED_EDGE ( 'NONE', *, *, #7229, .F. ) ;
#5120 = AXIS2_PLACEMENT_3D ( 'NONE', #5303, #2796, #2752 ) ;
#5121 = ORIENTED_EDGE ( 'NONE', *, *, #523, .F. ) ;
#5122 = EDGE_LOOP ( 'NONE', ( #1347, #6443, #6939, #144 ) ) ;
#5123 = EDGE_CURVE ( 'NONE', #3201, #3860, #5390, .T. ) ;
#5124 = AXIS2_PLACEMENT_3D ( 'NONE', #3768, #3152, #6361 ) ;
#5125 = ORIENTED_EDGE ( 'NONE', *, *, #5207, .T. ) ;
#5126 = VECTOR ( 'NONE', #3551, 1000.000000000000000 ) ;
#5127 = DIRECTION ( 'NONE',  ( -7.762887555008142858E-13, 0.000000000000000000, 1.000000000000000000 ) ) ;
#5128 = CARTESIAN_POINT ( 'NONE',  ( 17.37894151473799198, 7.000622083981300037, 17.16000000000000014 ) ) ;
#5129 = DIRECTION ( 'NONE',  ( 0.000000000000000000, 1.000000000000000000, 0.000000000000000000 ) ) ;
#5130 = CARTESIAN_POINT ( 'NONE',  ( 18.21660862778838208, 1.099580679648725079, 6.105686782429928350 ) ) ;
#5131 = CYLINDRICAL_SURFACE ( 'NONE', #4973, 1.570000000001446683 ) ;
#5132 = LINE ( 'NONE', #4315, #1356 ) ;
#5133 = EDGE_CURVE ( 'NONE', #5625, #2912, #7860, .T. ) ;
#5134 = CIRCLE ( 'NONE', #1616, 0.3999999999993852362 ) ;
#5135 = LINE ( 'NONE', #2618, #3670 ) ;
#5136 = B_SPLINE_CURVE_WITH_KNOTS ( 'NONE', 3,
 ( #6334, #4461, #757, #5798 ),
 .UNSPECIFIED., .F., .F.,
 ( 4, 4 ),
 ( 0.000000000000000000, 1.000000000000000000 ),
 .UNSPECIFIED. ) ;
#5137 = DIRECTION ( 'NONE',  ( 0.000000000000000000, 0.000000000000000000, -1.000000000000000000 ) ) ;
#5138 = VERTEX_POINT ( 'NONE', #3650 ) ;
#5139 = CARTESIAN_POINT ( 'NONE',  ( 0.000000000000000000, 3.949999999997781508, 12.79999999999753157 ) ) ;
#5140 = LINE ( 'NONE', #4568, #1874 ) ;
#5141 = CIRCLE ( 'NONE', #854, 8.000000000018912871 ) ;
#5142 = FACE_OUTER_BOUND ( 'NONE', #596, .T. ) ;
#5143 = EDGE_CURVE ( 'NONE', #641, #2747, #379, .T. ) ;
#5144 = VECTOR ( 'NONE', #6636, 1000.000000000000000 ) ;
#5145 = DIRECTION ( 'NONE',  ( 0.6939740629158607232, 0.7200000000000369438, 0.000000000000000000 ) ) ;
#5146 = ORIENTED_EDGE ( 'NONE', *, *, #2263, .F. ) ;
#5147 = ORIENTED_EDGE ( 'NONE', *, *, #4059, .F. ) ;
#5148 = EDGE_CURVE ( 'NONE', #3129, #4211, #552, .T. ) ;
#5149 = CARTESIAN_POINT ( 'NONE',  ( 0.2651036463260655895, 4.248474814884673378, 13.09847481470226604 ) ) ;
#5150 = DIRECTION ( 'NONE',  ( -0.000000000000000000, -0.000000000000000000, 1.000000000000000000 ) ) ;
#5151 = CARTESIAN_POINT ( 'NONE',  ( 18.58205168432626664, 4.769999999999997797, 22.42123529584835140 ) ) ;
#5152 = ORIENTED_EDGE ( 'NONE', *, *, #3596, .F. ) ;
#5153 = CYLINDRICAL_SURFACE ( 'NONE', #1670, 1.050000000002022205 ) ;
#5154 = ORIENTED_EDGE ( 'NONE', *, *, #1021, .T. ) ;
#5155 = EDGE_LOOP ( 'NONE', ( #3832, #4013, #7197, #5080 ) ) ;
#5156 = AXIS2_PLACEMENT_3D ( 'NONE', #756, #5150, #4499 ) ;
#5157 = ORIENTED_EDGE ( 'NONE', *, *, #1564, .F. ) ;
#5158 = EDGE_CURVE ( 'NONE', #5767, #3369, #6174, .T. ) ;
#5159 = DIRECTION ( 'NONE',  ( 0.000000000000000000, 0.000000000000000000, -1.000000000000000000 ) ) ;
#5160 = DIRECTION ( 'NONE',  ( 0.000000000000000000, 0.000000000000000000, -1.000000000000000000 ) ) ;
#5161 = EDGE_CURVE ( 'NONE', #7650, #3808, #4519, .T. ) ;
#5162 = ORIENTED_EDGE ( 'NONE', *, *, #162, .F. ) ;
#5163 = ORIENTED_EDGE ( 'NONE', *, *, #5399, .T. ) ;
#5164 = ORIENTED_EDGE ( 'NONE', *, *, #1288, .T. ) ;
#5165 = ORIENTED_EDGE ( 'NONE', *, *, #1782, .T. ) ;
#5166 = CARTESIAN_POINT ( 'NONE',  ( 18.08937239962252974, 6.031856066851606357, 16.53184992976419210 ) ) ;
#5167 = CARTESIAN_POINT ( 'NONE',  ( 18.48452363809825272, 0.4717263594703372531, 0.03826656043439413679 ) ) ;
#5168 = EDGE_CURVE ( 'NONE', #3565, #1854, #5739, .T. ) ;
#5169 = CARTESIAN_POINT ( 'NONE',  ( 13.60000000000356302, 7.049999999999999822, 20.50000000000000000 ) ) ;
#5170 = CARTESIAN_POINT ( 'NONE',  ( 4.549999999999998934, 8.000000000000076383, 4.859999999999999432 ) ) ;
#5171 = VECTOR ( 'NONE', #6398, 1000.000000000000000 ) ;
#5172 = DIRECTION ( 'NONE',  ( -0.000000000000000000, -0.000000000000000000, -1.000000000000000000 ) ) ;
#5173 = PLANE ( 'NONE',  #6799 ) ;
#5174 = EDGE_CURVE ( 'NONE', #1417, #543, #2476, .T. ) ;
#5175 = CARTESIAN_POINT ( 'NONE',  ( 15.81730055219634323, 8.099010790363152523, 29.41128823706856465 ) ) ;
#5176 = LINE ( 'NONE', #6964, #4173 ) ;
#5177 = LOCAL_TIME ( 16, 8, 54.00000000000000000, #4028 ) ;
#5178 = CARTESIAN_POINT ( 'NONE',  ( 4.549999999999999822, 8.149999999999998579, 28.87999999999999901 ) ) ;
#5179 = VERTEX_POINT ( 'NONE', #1 ) ;
#5180 = LINE ( 'NONE', #6927, #1972 ) ;
#5181 = DIRECTION ( 'NONE',  ( 0.000000000000000000, -1.064707167076605944E-15, -1.000000000000000000 ) ) ;
#5182 = DIRECTION ( 'NONE',  ( -0.000000000000000000, 1.000000000000000000, 0.000000000000000000 ) ) ;
#5183 = CARTESIAN_POINT ( 'NONE',  ( 0.3002601583988773193, 7.681858521094826031, 0.03923102365051624185 ) ) ;
#5184 = ORIENTED_EDGE ( 'NONE', *, *, #198, .F. ) ;
#5185 = EDGE_LOOP ( 'NONE', ( #7492, #7945, #3568, #1686 ) ) ;
#5186 = CARTESIAN_POINT ( 'NONE',  ( 4.549999999999999822, 8.149999999999998579, 28.87999999999999901 ) ) ;
#5187 = LINE ( 'NONE', #839, #2441 ) ;
#5188 = VERTEX_POINT ( 'NONE', #7916 ) ;
#5189 = DIRECTION ( 'NONE',  ( 0.000000000000000000, -1.000000000000000000, -1.647987302177700168E-13 ) ) ;
#5190 = EDGE_CURVE ( 'NONE', #763, #6953, #660, .T. ) ;
#5191 = ORIENTED_EDGE ( 'NONE', *, *, #5900, .F. ) ;
#5192 = ORIENTED_EDGE ( 'NONE', *, *, #5665, .T. ) ;
#5193 = VECTOR ( 'NONE', #6627, 1000.000000000000000 ) ;
#5194 = ORIENTED_EDGE ( 'NONE', *, *, #4267, .F. ) ;
#5195 = CARTESIAN_POINT ( 'NONE',  ( 17.33486177177819698, 7.049999999999998934, 7.040000000000000036 ) ) ;
#5196 = DIRECTION ( 'NONE',  ( 0.000000000000000000, 1.000000000000000000, 0.000000000000000000 ) ) ;
#5197 = VERTEX_POINT ( 'NONE', #4930 ) ;
#5198 = EDGE_CURVE ( 'NONE', #5502, #3824, #3721, .T. ) ;
#5199 = EDGE_CURVE ( 'NONE', #4958, #7851, #321, .T. ) ;
#5200 = ORIENTED_EDGE ( 'NONE', *, *, #4148, .F. ) ;
#5201 = ORIENTED_EDGE ( 'NONE', *, *, #5983, .T. ) ;
#5202 = CARTESIAN_POINT ( 'NONE',  ( 4.550000000000000711, 7.000000000000000000, 17.16000000000000014 ) ) ;
#5203 = CARTESIAN_POINT ( 'NONE',  ( 18.21595806906791992, 1.096793534737485754, 12.49558764812564071 ) ) ;
#5204 = CARTESIAN_POINT ( 'NONE',  ( 10.02241238366299747, 7.948185016151895432, 18.23999999999999844 ) ) ;
#5205 = PLANE ( 'NONE',  #2526 ) ;
#5206 = DIRECTION ( 'NONE',  ( -1.000000000000000000, 0.000000000000000000, 0.000000000000000000 ) ) ;
#5207 = EDGE_CURVE ( 'NONE', #4802, #514, #7156, .T. ) ;
#5208 = PERSON_AND_ORGANIZATION ( #6653, #1510 ) ;
#5209 = DIRECTION ( 'NONE',  ( -0.000000000000000000, 1.000000000000000000, 3.789561257387214286E-13 ) ) ;
#5210 = LINE ( 'NONE', #1663, #858 ) ;
#5211 = ORIENTED_EDGE ( 'NONE', *, *, #3492, .T. ) ;
#5212 = CARTESIAN_POINT ( 'NONE',  ( 10.25000000000000000, 7.049999999999998934, 17.17999999999998550 ) ) ;
#5213 = CARTESIAN_POINT ( 'NONE',  ( 18.10221458223799829, 0.6499999999999991340, 16.65000000000000213 ) ) ;
#5214 = DIRECTION ( 'NONE',  ( -1.096345236820115037E-12, 0.000000000000000000, 1.000000000000000000 ) ) ;
#5215 = LINE ( 'NONE', #3425, #3846 ) ;
#5216 = VECTOR ( 'NONE', #315, 1000.000000000000000 ) ;
#5217 = ORIENTED_EDGE ( 'NONE', *, *, #3401, .F. ) ;
#5218 = ORIENTED_EDGE ( 'NONE', *, *, #3552, .F. ) ;
#5219 = CARTESIAN_POINT ( 'NONE',  ( 10.37489995996849856, 7.050000000000000711, 7.040000000000000036 ) ) ;
#5220 = VECTOR ( 'NONE', #3994, 1000.000000000000000 ) ;
#5221 = CYLINDRICAL_SURFACE ( 'NONE', #4906, 0.9999999999989070965 ) ;
#5222 = ORIENTED_EDGE ( 'NONE', *, *, #918, .F. ) ;
#5223 = DIRECTION ( 'NONE',  ( 0.000000000000000000, -6.443258625057229918E-14, 1.000000000000000000 ) ) ;
#5224 = CARTESIAN_POINT ( 'NONE',  ( 10.02241238366300102, 7.948185016151895432, 28.35999999999999943 ) ) ;
#5225 = VECTOR ( 'NONE', #5405, 1000.000000000000000 ) ;
#5226 = ORIENTED_EDGE ( 'NONE', *, *, #721, .F. ) ;
#5227 = EDGE_CURVE ( 'NONE', #5644, #1610, #7420, .T. ) ;
#5228 = FACE_OUTER_BOUND ( 'NONE', #3702, .T. ) ;
#5229 = DIRECTION ( 'NONE',  ( 0.000000000000000000, 1.000000000000000000, 0.000000000000000000 ) ) ;
#5230 = ORIENTED_EDGE ( 'NONE', *, *, #6191, .F. ) ;
#5231 = VECTOR ( 'NONE', #526, 1000.000000000000000 ) ;
#5232 = ORIENTED_EDGE ( 'NONE', *, *, #3102, .F. ) ;
#5233 = VECTOR ( 'NONE', #2108, 1000.000000000000000 ) ;
#5234 = ORIENTED_EDGE ( 'NONE', *, *, #7853, .T. ) ;
#5235 = AXIS2_PLACEMENT_3D ( 'NONE', #7447, #6886, #1961 ) ;
#5236 = ORIENTED_EDGE ( 'NONE', *, *, #4868, .F. ) ;
#5237 = DIRECTION ( 'NONE',  ( 0.7598676893429463508, 0.6500777604968589474, 0.000000000000000000 ) ) ;
#5238 = AXIS2_PLACEMENT_3D ( 'NONE', #5451, #4151, #4117 ) ;
#5239 = DIRECTION ( 'NONE',  ( 0.000000000000000000, 1.000000000000000000, -3.315866100213812816E-13 ) ) ;
#5240 = EDGE_CURVE ( 'NONE', #7795, #5387, #3628, .T. ) ;
#5241 = CARTESIAN_POINT ( 'NONE',  ( 18.10221458223799829, 0.6500000000000024647, 13.15000000000000213 ) ) ;
#5242 = VECTOR ( 'NONE', #741, 1000.000000000000000 ) ;
#5243 = CARTESIAN_POINT ( 'NONE',  ( 3.619999999999617302, 8.149999999999998579, 0.6999999999999942935 ) ) ;
#5244 = LINE ( 'NONE', #3558, #7055 ) ;
#5245 = DIRECTION ( 'NONE',  ( -1.539324328958146251E-11, -1.000000000000000000, -0.000000000000000000 ) ) ;
#5246 = CIRCLE ( 'NONE', #6659, 0.9999999999989070965 ) ;
#5247 = VECTOR ( 'NONE', #3563, 1000.000000000000000 ) ;
#5248 = PERSON_AND_ORGANIZATION_ROLE ( 'design_supplier' ) ;
#5249 = EDGE_CURVE ( 'NONE', #7816, #5644, #3276, .T. ) ;
#5250 = LINE ( 'NONE', #7753, #1055 ) ;
#5251 = EDGE_CURVE ( 'NONE', #5910, #4802, #1752, .T. ) ;
#5252 = VECTOR ( 'NONE', #3687, 1000.000000000000000 ) ;
#5253 = DIRECTION ( 'NONE',  ( -0.7981850161519256082, 0.6024123836630105311, 0.000000000000000000 ) ) ;
#5254 = ORIENTED_EDGE ( 'NONE', *, *, #4605, .F. ) ;
#5255 = DIRECTION ( 'NONE',  ( -0.000000000000000000, -0.000000000000000000, 1.000000000000000000 ) ) ;
#5256 = CARTESIAN_POINT ( 'NONE',  ( 18.07765284496201375, 7.049999999999999822, 1.474999999999994316 ) ) ;
#5257 = DIRECTION ( 'NONE',  ( 1.000000000000000000, -0.000000000000000000, -0.000000000000000000 ) ) ;
#5258 = DIRECTION ( 'NONE',  ( -0.000000000000000000, -0.000000000000000000, 1.000000000000000000 ) ) ;
#5259 = ORIENTED_EDGE ( 'NONE', *, *, #6451, .T. ) ;
#5260 = ORIENTED_EDGE ( 'NONE', *, *, #5541, .F. ) ;
#5261 = DIRECTION ( 'NONE',  ( 0.000000000000000000, 1.610814656264227647E-14, -1.000000000000000000 ) ) ;
#5262 = EDGE_CURVE ( 'NONE', #6082, #3765, #7269, .T. ) ;
#5263 = VECTOR ( 'NONE', #2941, 1000.000000000000000 ) ;
#5264 = CARTESIAN_POINT ( 'NONE',  ( 10.50109116744344639, 7.586912853293854120, 1.499967477264545046 ) ) ;
#5265 = VECTOR ( 'NONE', #7325, 1000.000000000000000 ) ;
#5266 = EDGE_LOOP ( 'NONE', ( #1969, #4295, #3750, #6780, #7136, #3044, #408, #2396, #5304, #5598, #3936, #7407, #3096, #7553, #5191, #2952, #472, #3561, #5424, #986, #5259, #2386, #2717, #1541 ) ) ;
#5267 = FACE_OUTER_BOUND ( 'NONE', #7081, .T. ) ;
#5268 = LINE ( 'NONE', #3435, #4886 ) ;
#5269 = ADVANCED_FACE ( 'NONE', ( #3147 ), #1707, .T. ) ;
#5270 = VERTEX_POINT ( 'NONE', #3062 ) ;
#5271 = DIRECTION ( 'NONE',  ( 1.000000000000000000, -3.980830721252968592E-15, -0.000000000000000000 ) ) ;
#5272 = CIRCLE ( 'NONE', #2931, 2.499999999999904521 ) ;
#5273 = FACE_OUTER_BOUND ( 'NONE', #2166, .T. ) ;
#5274 = ORIENTED_EDGE ( 'NONE', *, *, #72, .T. ) ;
#5275 = VERTEX_POINT ( 'NONE', #2448 ) ;
#5276 = VERTEX_POINT ( 'NONE', #4274 ) ;
#5277 = VERTEX_POINT ( 'NONE', #7398 ) ;
#5278 = DIRECTION ( 'NONE',  ( 1.000000000000000000, 0.000000000000000000, 0.000000000000000000 ) ) ;
#5279 = DIRECTION ( 'NONE',  ( -0.000000000000000000, 1.000000000000000000, 3.819167204710552131E-13 ) ) ;
#5280 = CARTESIAN_POINT ( 'NONE',  ( 18.10221458223799829, 0.6500000000000026867, 16.65000000000000213 ) ) ;
#5281 = VECTOR ( 'NONE', #7351, 1000.000000000000000 ) ;
#5282 = DIRECTION ( 'NONE',  ( 0.000000000000000000, 1.000000000000000000, 0.000000000000000000 ) ) ;
#5283 = DIRECTION ( 'NONE',  ( 0.000000000000000000, 0.000000000000000000, 1.000000000000000000 ) ) ;
#5284 = ADVANCED_FACE ( 'NONE', ( #6749 ), #1183, .T. ) ;
#5285 = CALENDAR_DATE ( 2024, 6, 11 ) ;
#5286 = CARTESIAN_POINT ( 'NONE',  ( 10.25000000000020961, 8.149999999999998579, 23.82000000000001805 ) ) ;
#5287 = CARTESIAN_POINT ( 'NONE',  ( 2.500000000000000000, 4.642547341124299898, 16.69999999999999929 ) ) ;
#5288 = LINE ( 'NONE', #6580, #7471 ) ;
#5289 = CARTESIAN_POINT ( 'NONE',  ( 10.37489995996849856, 7.050000000000000711, 23.83999999999999986 ) ) ;
#5290 = CARTESIAN_POINT ( 'NONE',  ( 4.549999999999998934, 7.400000000000005684, 9.859999999999999432 ) ) ;
#5291 = ADVANCED_FACE ( 'NONE', ( #1834 ), #3108, .T. ) ;
#5292 = LINE ( 'NONE', #980, #2681 ) ;
#5293 = ORIENTED_EDGE ( 'NONE', *, *, #528, .F. ) ;
#5294 = ORIENTED_EDGE ( 'NONE', *, *, #434, .T. ) ;
#5295 = DIRECTION ( 'NONE',  ( -0.000000000000000000, -0.000000000000000000, 1.000000000000000000 ) ) ;
#5296 = DIRECTION ( 'NONE',  ( 0.000000000000000000, 1.000000000000000000, 0.000000000000000000 ) ) ;
#5297 = ORIENTED_EDGE ( 'NONE', *, *, #4409, .T. ) ;
#5298 = CARTESIAN_POINT ( 'NONE',  ( 10.02241238366299747, 7.948185016151895432, 12.64000000000000057 ) ) ;
#5299 = DIRECTION ( 'NONE',  ( -0.000000000000000000, 1.000000000000000000, 0.000000000000000000 ) ) ;
#5300 = ADVANCED_FACE ( 'NONE', ( #6846 ), #6923, .T. ) ;
#5301 = EDGE_LOOP ( 'NONE', ( #6893, #1633, #7461, #2478 ) ) ;
#5302 = CARTESIAN_POINT ( 'NONE',  ( 17.18212227597109987, 7.049999999999999822, 1.919999999997469953 ) ) ;
#5303 = CARTESIAN_POINT ( 'NONE',  ( 17.18212227597109987, 8.149999999999998579, 27.88000000000255341 ) ) ;
#5304 = ORIENTED_EDGE ( 'NONE', *, *, #6381, .T. ) ;
#5305 = ORIENTED_EDGE ( 'NONE', *, *, #7379, .T. ) ;
#5306 = VERTEX_POINT ( 'NONE', #6883 ) ;
#5307 = VECTOR ( 'NONE', #7766, 1000.000000000000000 ) ;
#5308 = ORIENTED_EDGE ( 'NONE', *, *, #4938, .T. ) ;
#5309 = CARTESIAN_POINT ( 'NONE',  ( 16.18594924246994893, 5.979999999998560689, 23.83999999999999986 ) ) ;
#5310 = CARTESIAN_POINT ( 'NONE',  ( 18.58809699203467858, 4.069999999999994955, 22.95000000000000284 ) ) ;
#5311 = CARTESIAN_POINT ( 'NONE',  ( 8.820000000000000284, 7.400000000000000355, 8.740000000000001990 ) ) ;
#5312 = ORIENTED_EDGE ( 'NONE', *, *, #5465, .F. ) ;
#5313 = CARTESIAN_POINT ( 'NONE',  ( 0.2098135191514771125, 6.109337148635296977, 16.01066774898401235 ) ) ;
#5314 = DIRECTION ( 'NONE',  ( -1.000000000000000000, 0.000000000000000000, 0.000000000000000000 ) ) ;
#5315 = DATE_AND_TIME ( #5285, #7114 ) ;
#5316 = CARTESIAN_POINT ( 'NONE',  ( 10.65000000000000391, 7.550000000000000711, 18.62000000000000099 ) ) ;
#5317 = CARTESIAN_POINT ( 'NONE',  ( 17.18212227597054920, 8.149999999999998579, 12.08000000000000007 ) ) ;
#5318 = CARTESIAN_POINT ( 'NONE',  ( 10.44063214874751289, 7.632542952618610599, 7.061605116109355151 ) ) ;
#5319 = CARTESIAN_POINT ( 'NONE',  ( 18.10221458223799829, 0.6500000000000024647, 18.74999999999999645 ) ) ;
#5320 = VERTEX_POINT ( 'NONE', #3347 ) ;
#5321 = PLANE ( 'NONE',  #316 ) ;
#5322 = ORIENTED_EDGE ( 'NONE', *, *, #7479, .T. ) ;
#5323 = ORIENTED_EDGE ( 'NONE', *, *, #3408, .F. ) ;
#5324 = CARTESIAN_POINT ( 'NONE',  ( 8.820000000000000284, 8.000000000000101252, 8.740000000000099689 ) ) ;
#5325 = EDGE_CURVE ( 'NONE', #7037, #1017, #2080, .T. ) ;
#5326 = EDGE_CURVE ( 'NONE', #128, #6303, #3230, .T. ) ;
#5327 = DIRECTION ( 'NONE',  ( 1.292605314553997657E-13, -1.000000000000000000, -0.000000000000000000 ) ) ;
#5328 = ORIENTED_EDGE ( 'NONE', *, *, #4304, .F. ) ;
#5329 = EDGE_CURVE ( 'NONE', #2184, #3317, #1435, .T. ) ;
#5330 = CARTESIAN_POINT ( 'NONE',  ( 0.2479055468261065209, 4.245442325925922411, 16.70455767406998859 ) ) ;
#5331 = AXIS2_PLACEMENT_3D ( 'NONE', #247, #5743, #1963 ) ;
#5332 = CARTESIAN_POINT ( 'NONE',  ( 4.550000000000000711, 7.049999999999999822, 23.82000000000000028 ) ) ;
#5333 = ORIENTED_EDGE ( 'NONE', *, *, #6904, .F. ) ;
#5334 = DIRECTION ( 'NONE',  ( 0.000000000000000000, 0.000000000000000000, 1.000000000000000000 ) ) ;
#5335 = CARTESIAN_POINT ( 'NONE',  ( 2.500000000000000000, 4.642547341124299898, 16.69999999999999929 ) ) ;
#5336 = CARTESIAN_POINT ( 'NONE',  ( 18.07765284496201375, 8.149999999999998579, 5.925000000000006928 ) ) ;
#5337 = VECTOR ( 'NONE', #820, 1000.000000000000000 ) ;
#5338 = EDGE_CURVE ( 'NONE', #4093, #642, #2699, .T. ) ;
#5339 = ADVANCED_FACE ( 'NONE', ( #1401 ), #4446, .T. ) ;
#5340 = ORIENTED_EDGE ( 'NONE', *, *, #1266, .T. ) ;
#5341 = EDGE_CURVE ( 'NONE', #1034, #6372, #7556, .T. ) ;
#5342 = ORIENTED_EDGE ( 'NONE', *, *, #2107, .F. ) ;
#5343 = ORIENTED_EDGE ( 'NONE', *, *, #4705, .F. ) ;
#5344 = ORIENTED_EDGE ( 'NONE', *, *, #3400, .F. ) ;
#5345 = CARTESIAN_POINT ( 'NONE',  ( 11.29999999998313953, 1.799999999990480326, 12.64000000000000057 ) ) ;
#5346 = CARTESIAN_POINT ( 'NONE',  ( 10.54999999999881943, 7.550000000000000711, 7.155424868891812729 ) ) ;
#5347 = CARTESIAN_POINT ( 'NONE',  ( 18.16605281595992238, 0.8926834002228873910, 12.61277379832989709 ) ) ;
#5348 = AXIS2_PLACEMENT_3D ( 'NONE', #7652, #3358, #5830 ) ;
#5349 = ADVANCED_FACE ( 'NONE', ( #865 ), #7562, .T. ) ;
#5350 = VECTOR ( 'NONE', #2977, 1000.000000000000000 ) ;
#5351 = FACE_OUTER_BOUND ( 'NONE', #5010, .T. ) ;
#5352 = AXIS2_PLACEMENT_3D ( 'NONE', #2289, #4766, #1673 ) ;
#5353 = EDGE_CURVE ( 'NONE', #5078, #4392, #6392, .T. ) ;
#5354 = VECTOR ( 'NONE', #7522, 1000.000000000000000 ) ;
#5355 = APPROVAL_DATE_TIME ( #6574, #3966 ) ;
#5356 = CARTESIAN_POINT ( 'NONE',  ( 16.60000000000000142, 0.6500000000000001332, 24.35000000000000497 ) ) ;
#5357 = FACE_OUTER_BOUND ( 'NONE', #4430, .T. ) ;
#5358 = CARTESIAN_POINT ( 'NONE',  ( 10.37489995996853587, 7.682152859750695839, 23.83999999999999986 ) ) ;
#5359 = AXIS2_PLACEMENT_3D ( 'NONE', #4636, #2186, #4023 ) ;
#5360 = CARTESIAN_POINT ( 'NONE',  ( 10.65000000000000746, 7.550000000000000711, 11.18000000000000504 ) ) ;
#5361 = ORIENTED_EDGE ( 'NONE', *, *, #4671, .T. ) ;
#5362 = EDGE_CURVE ( 'NONE', #3150, #7665, #5176, .T. ) ;
#5363 = FACE_BOUND ( 'NONE', #232, .T. ) ;
#5364 = VERTEX_POINT ( 'NONE', #2543 ) ;
#5365 = VECTOR ( 'NONE', #2141, 1000.000000000000000 ) ;
#5366 = VERTEX_POINT ( 'NONE', #3878 ) ;
#5367 = FACE_OUTER_BOUND ( 'NONE', #7644, .T. ) ;
#5368 = AXIS2_PLACEMENT_3D ( 'NONE', #5345, #4702, #5237 ) ;
#5369 = CARTESIAN_POINT ( 'NONE',  ( 18.47260329781198607, 5.343128833701898728, 29.80000000000000071 ) ) ;
#5370 = ORIENTED_EDGE ( 'NONE', *, *, #6261, .F. ) ;
#5371 = CARTESIAN_POINT ( 'NONE',  ( 16.60000000000000142, 4.770000000000001350, 24.35000000000000497 ) ) ;
#5372 = DIRECTION ( 'NONE',  ( -1.000000000000000000, 0.000000000000000000, 0.000000000000000000 ) ) ;
#5373 = DIRECTION ( 'NONE',  ( -0.000000000000000000, -0.000000000000000000, 1.000000000000000000 ) ) ;
#5374 = EDGE_CURVE ( 'NONE', #6986, #7704, #151, .T. ) ;
#5375 = ORIENTED_EDGE ( 'NONE', *, *, #5362, .T. ) ;
#5376 = CARTESIAN_POINT ( 'NONE',  ( 17.37894151473799198, 7.000622083981300037, 28.35999999999999943 ) ) ;
#5377 = CARTESIAN_POINT ( 'NONE',  ( 10.37489995997823478, 7.682152859743383466, 22.75999999999999801 ) ) ;
#5378 = DIRECTION ( 'NONE',  ( 0.000000000000000000, -0.7142857142857191866, -0.6998542122237602081 ) ) ;
#5379 = AXIS2_PLACEMENT_3D ( 'NONE', #1144, #3496, #4143 ) ;
#5380 = ORIENTED_EDGE ( 'NONE', *, *, #3168, .F. ) ;
#5381 = CARTESIAN_POINT ( 'NONE',  ( 15.23000000000025267, 5.650000000000099831, 29.80000000000000071 ) ) ;
#5382 = EDGE_LOOP ( 'NONE', ( #2341, #6640, #1170, #2834 ) ) ;
#5383 = ORIENTED_EDGE ( 'NONE', *, *, #6668, .F. ) ;
#5384 = EDGE_CURVE ( 'NONE', #6108, #5723, #808, .T. ) ;
#5385 = EDGE_CURVE ( 'NONE', #6972, #3139, #1927, .T. ) ;
#5386 = VECTOR ( 'NONE', #6010, 1000.000000000000000 ) ;
#5387 = VERTEX_POINT ( 'NONE', #5018 ) ;
#5388 = CARTESIAN_POINT ( 'NONE',  ( 4.549999999999999822, 8.000000000000101252, 14.33999999999999986 ) ) ;
#5389 = DIRECTION ( 'NONE',  ( 4.741298972855474350E-14, -2.239579923476203628E-14, -1.000000000000000000 ) ) ;
#5390 = LINE ( 'NONE', #6735, #7397 ) ;
#5391 = ORIENTED_EDGE ( 'NONE', *, *, #1815, .T. ) ;
#5392 = APPROVAL_PERSON_ORGANIZATION ( #1621, #6097, #1578 ) ;
#5393 = CARTESIAN_POINT ( 'NONE',  ( 8.820000000000000284, 8.149999999999998579, 10.46000000000000085 ) ) ;
#5394 = CIRCLE ( 'NONE', #2807, 8.000000000018912871 ) ;
#5395 = VERTEX_POINT ( 'NONE', #7641 ) ;
#5396 = ORIENTED_EDGE ( 'NONE', *, *, #7677, .T. ) ;
#5397 = DIRECTION ( 'NONE',  ( 1.000000000000000000, -2.904911688377802009E-14, 0.000000000000000000 ) ) ;
#5398 = VECTOR ( 'NONE', #7009, 1000.000000000000114 ) ;
#5399 = EDGE_CURVE ( 'NONE', #2871, #1802, #5668, .T. ) ;
#5400 = FACE_OUTER_BOUND ( 'NONE', #7623, .T. ) ;
#5401 = DIRECTION ( 'NONE',  ( 0.000000000000000000, 1.000000000000000000, 0.000000000000000000 ) ) ;
#5402 = DIRECTION ( 'NONE',  ( 0.000000000000000000, 0.000000000000000000, 1.000000000000000000 ) ) ;
#5403 = DIRECTION ( 'NONE',  ( 1.000000000000000000, 0.000000000000000000, 0.000000000000000000 ) ) ;
#5404 = EDGE_CURVE ( 'NONE', #5755, #5904, #5135, .T. ) ;
#5405 = DIRECTION ( 'NONE',  ( 9.448706592554529497E-16, -0.000000000000000000, 1.000000000000000000 ) ) ;
#5406 = CARTESIAN_POINT ( 'NONE',  ( 8.820000000000000284, 7.400000000000005684, 21.05999999999999872 ) ) ;
#5407 = VERTEX_POINT ( 'NONE', #2043 ) ;
#5408 = CARTESIAN_POINT ( 'NONE',  ( 18.58205168432626309, 4.769999999999997797, 7.550000000000000711 ) ) ;
#5409 = DIRECTION ( 'NONE',  ( -1.000000000000000000, -0.000000000000000000, -0.000000000000000000 ) ) ;
#5410 = ORIENTED_EDGE ( 'NONE', *, *, #7016, .F. ) ;
#5411 = CYLINDRICAL_SURFACE ( 'NONE', #6148, 0.6000000000000970113 ) ;
#5412 = CARTESIAN_POINT ( 'NONE',  ( 16.60000000000000142, 4.070000000000030482, 6.850000000000001421 ) ) ;
#5413 = DIRECTION ( 'NONE',  ( -0.000000000000000000, 1.000000000000000000, -0.000000000000000000 ) ) ;
#5414 = ORIENTED_EDGE ( 'NONE', *, *, #240, .F. ) ;
#5415 = ORIENTED_EDGE ( 'NONE', *, *, #4248, .T. ) ;
#5416 = DIRECTION ( 'NONE',  ( 0.000000000000000000, -1.000000000000000000, 0.000000000000000000 ) ) ;
#5417 = CARTESIAN_POINT ( 'NONE',  ( 18.48452365234800254, 0.4717263528255698501, 29.76173343727360532 ) ) ;
#5418 = FACE_OUTER_BOUND ( 'NONE', #7663, .T. ) ;
#5419 = CARTESIAN_POINT ( 'NONE',  ( 10.25000000000061995, 7.049999999999999822, 5.580000000000620020 ) ) ;
#5420 = ORIENTED_EDGE ( 'NONE', *, *, #2638, .F. ) ;
#5421 = CARTESIAN_POINT ( 'NONE',  ( 0.2479041193698552636, 4.245442074226871476, 13.09544207422178452 ) ) ;
#5422 = ORIENTED_EDGE ( 'NONE', *, *, #5561, .T. ) ;
#5423 = VERTEX_POINT ( 'NONE', #3956 ) ;
#5424 = ORIENTED_EDGE ( 'NONE', *, *, #1005, .F. ) ;
#5425 = CARTESIAN_POINT ( 'NONE',  ( 4.549999999999999822, 7.049999999999998934, 18.21999999999999886 ) ) ;
#5426 = LINE ( 'NONE', #4256, #3185 ) ;
#5427 = DIRECTION ( 'NONE',  ( -0.000000000000000000, 1.000000000000000000, -0.000000000000000000 ) ) ;
#5428 = ORIENTED_EDGE ( 'NONE', *, *, #5443, .T. ) ;
#5429 = EDGE_CURVE ( 'NONE', #2836, #7795, #4528, .T. ) ;
#5430 = EDGE_CURVE ( 'NONE', #6256, #5972, #3305, .T. ) ;
#5431 = DIRECTION ( 'NONE',  ( 0.000000000000000000, 1.610814656264231749E-14, -1.000000000000000000 ) ) ;
#5432 = VERTEX_POINT ( 'NONE', #2771 ) ;
#5433 = AXIS2_PLACEMENT_3D ( 'NONE', #7204, #3434, #2899 ) ;
#5434 = ORIENTED_EDGE ( 'NONE', *, *, #5384, .T. ) ;
#5435 = CARTESIAN_POINT ( 'NONE',  ( 4.550000000000000711, 7.400000000000000355, 25.53999999999999915 ) ) ;
#5436 = EDGE_CURVE ( 'NONE', #7518, #7278, #1048, .T. ) ;
#5437 = CARTESIAN_POINT ( 'NONE',  ( 18.10221458223799829, 0.6500000000000001332, 24.35000000000000497 ) ) ;
#5438 = CARTESIAN_POINT ( 'NONE',  ( 18.27335378321595627, 1.350000000000004530, 6.150000000000000355 ) ) ;
#5439 = DIRECTION ( 'NONE',  ( -1.000000000000000000, -3.552713678800501127E-16, -0.000000000000000000 ) ) ;
#5440 = DIRECTION ( 'NONE',  ( 1.000000000000000000, 0.000000000000000000, 0.000000000000000000 ) ) ;
#5441 = EDGE_CURVE ( 'NONE', #67, #6244, #1660, .T. ) ;
#5442 = FACE_OUTER_BOUND ( 'NONE', #183, .T. ) ;
#5443 = EDGE_CURVE ( 'NONE', #7795, #3866, #278, .T. ) ;
#5444 = PLANE ( 'NONE',  #1892 ) ;
#5445 = ORIENTED_EDGE ( 'NONE', *, *, #3954, .F. ) ;
#5446 = DIRECTION ( 'NONE',  ( -0.000000000000000000, 1.000000000000000000, -0.000000000000000000 ) ) ;
#5447 = CARTESIAN_POINT ( 'NONE',  ( 18.10881781221917208, 5.999999999999991118, 14.25919971910100692 ) ) ;
#5448 = CARTESIAN_POINT ( 'NONE',  ( 18.25055108836685491, 1.246465065007706485, 6.855694667707810552 ) ) ;
#5449 = ORIENTED_EDGE ( 'NONE', *, *, #2810, .T. ) ;
#5450 = LINE ( 'NONE', #1188, #5734 ) ;
#5451 = CARTESIAN_POINT ( 'NONE',  ( 3.620000000000000551, 7.000000000000000000, 28.89999999999999858 ) ) ;
#5452 = FACE_OUTER_BOUND ( 'NONE', #7619, .T. ) ;
#5453 = PLANE ( 'NONE',  #4485 ) ;
#5454 = VERTEX_POINT ( 'NONE', #3459 ) ;
#5455 = VERTEX_POINT ( 'NONE', #5356 ) ;
#5456 = DIRECTION ( 'NONE',  ( 1.000000000000000000, 0.000000000000000000, 0.000000000000000000 ) ) ;
#5457 = DIRECTION ( 'NONE',  ( 0.000000000000000000, 1.000000000000000000, 0.000000000000000000 ) ) ;
#5458 = LINE ( 'NONE', #588, #5126 ) ;
#5459 = DIRECTION ( 'NONE',  ( -0.000000000000000000, -0.000000000000000000, 1.000000000000000000 ) ) ;
#5460 = LINE ( 'NONE', #1160, #4002 ) ;
#5461 = ORIENTED_EDGE ( 'NONE', *, *, #2164, .T. ) ;
#5462 = DIRECTION ( 'NONE',  ( 1.000000000000000000, -0.000000000000000000, -0.000000000000000000 ) ) ;
#5463 = VERTEX_POINT ( 'NONE', #7225 ) ;
#5464 = ORIENTED_EDGE ( 'NONE', *, *, #528, .T. ) ;
#5465 = EDGE_CURVE ( 'NONE', #5035, #4663, #5250, .T. ) ;
#5466 = CIRCLE ( 'NONE', #4688, 0.6000000000000970113 ) ;
#5467 = ORIENTED_EDGE ( 'NONE', *, *, #7490, .T. ) ;
#5468 = DIRECTION ( 'NONE',  ( 0.000000000000000000, 0.000000000000000000, -1.000000000000000000 ) ) ;
#5469 = CARTESIAN_POINT ( 'NONE',  ( 2.499999999999999556, 4.642547341124299898, 13.10000000000000320 ) ) ;
#5470 = CARTESIAN_POINT ( 'NONE',  ( 8.820000000000000284, 8.000000000000000000, 21.66000000000000369 ) ) ;
#5471 = ORIENTED_EDGE ( 'NONE', *, *, #5617, .F. ) ;
#5472 = PLANE ( 'NONE',  #3451 ) ;
#5473 = EDGE_LOOP ( 'NONE', ( #3443, #6337, #7590, #3402 ) ) ;
#5474 = VECTOR ( 'NONE', #3842, 1000.000000000000000 ) ;
#5475 = ORIENTED_EDGE ( 'NONE', *, *, #3527, .T. ) ;
#5476 = FACE_OUTER_BOUND ( 'NONE', #7939, .T. ) ;
#5477 = B_SPLINE_CURVE_WITH_KNOTS ( 'NONE', 3,
 ( #2605, #111, #4916, #2480, #5605, #3705, #4302, #1948, #6776, #6872 ),
 .UNSPECIFIED., .F., .F.,
 ( 4, 2, 2, 2, 4 ),
 ( 0.000000000000000000, 0.5000000000000008882, 0.7500000000000004441, 0.8750000000000002220, 1.000000000000000000 ),
 .UNSPECIFIED. ) ;
#5478 = EDGE_CURVE ( 'NONE', #2388, #2470, #3630, .T. ) ;
#5479 = DIRECTION ( 'NONE',  ( 0.000000000000000000, 1.000000000000000000, 0.000000000000000000 ) ) ;
#5480 = VECTOR ( 'NONE', #2272, 1000.000000000000000 ) ;
#5481 = CARTESIAN_POINT ( 'NONE',  ( 4.549999999999999822, 8.000000000000101252, 3.140000000000095604 ) ) ;
#5482 = DIRECTION ( 'NONE',  ( 0.000000000000000000, 1.000000000000000000, 0.000000000000000000 ) ) ;
#5483 = DIRECTION ( 'NONE',  ( 0.000000000000000000, 1.000000000000000000, 0.000000000000000000 ) ) ;
#5484 = CARTESIAN_POINT ( 'NONE',  ( 3.619999999999619966, 8.149999999999998579, 29.10000000000037090 ) ) ;
#5485 = AXIS2_PLACEMENT_3D ( 'NONE', #4186, #1634, #6666 ) ;
#5486 = LINE ( 'NONE', #1180, #3947 ) ;
#5487 = CIRCLE ( 'NONE', #3686, 0.2999999999998784750 ) ;
#5488 = ADVANCED_FACE ( 'NONE', ( #1549 ), #2734, .T. ) ;
#5489 = CARTESIAN_POINT ( 'NONE',  ( 18.27335378321595272, 1.349999999999999867, 11.75000000000000000 ) ) ;
#5490 = DIRECTION ( 'NONE',  ( -2.199789407287710178E-14, 0.000000000000000000, -1.000000000000000000 ) ) ;
#5491 = AXIS2_PLACEMENT_3D ( 'NONE', #3267, #3234, #2501 ) ;
#5492 = VECTOR ( 'NONE', #27, 1000.000000000000000 ) ;
#5493 = LINE ( 'NONE', #1238, #5350 ) ;
#5494 = ORIENTED_EDGE ( 'NONE', *, *, #5249, .F. ) ;
#5495 = DIRECTION ( 'NONE',  ( 0.000000000000000000, 0.000000000000000000, -1.000000000000000000 ) ) ;
#5496 = DIRECTION ( 'NONE',  ( 0.000000000000000000, 1.000000000000000000, 0.000000000000000000 ) ) ;
#5497 = DIRECTION ( 'NONE',  ( -1.006139616066586737E-13, 1.000000000000000000, 0.000000000000000000 ) ) ;
#5498 = DIRECTION ( 'NONE',  ( 1.000000000000000000, 0.000000000000000000, 0.000000000000000000 ) ) ;
#5499 = CIRCLE ( 'NONE', #1602, 0.3999999999993852362 ) ;
#5500 = ORIENTED_EDGE ( 'NONE', *, *, #2411, .F. ) ;
#5501 = AXIS2_PLACEMENT_3D ( 'NONE', #1611, #894, #4094 ) ;
#5502 = VERTEX_POINT ( 'NONE', #1580 ) ;
#5503 = CARTESIAN_POINT ( 'NONE',  ( 4.550000000000000711, 8.149999999999998579, 4.859999999999999432 ) ) ;
#5504 = CARTESIAN_POINT ( 'NONE',  ( 18.58475214792420260, 4.700472293808130253, 1.598850944891133663 ) ) ;
#5505 = ADVANCED_FACE ( 'NONE', ( #7675 ), #2117, .T. ) ;
#5506 = LINE ( 'NONE', #4774, #6810 ) ;
#5507 = PLANE ( 'NONE',  #3199 ) ;
#5508 = DIRECTION ( 'NONE',  ( 0.9998630929521341582, -0.01654676258945753792, 0.000000000000000000 ) ) ;
#5509 = ORIENTED_EDGE ( 'NONE', *, *, #266, .F. ) ;
#5510 = VECTOR ( 'NONE', #4396, 1000.000000000000000 ) ;
#5511 = CARTESIAN_POINT ( 'NONE',  ( 18.58952477949125637, 4.174497322550288381, 11.74419192211767005 ) ) ;
#5512 = ORIENTED_EDGE ( 'NONE', *, *, #4602, .T. ) ;
#5513 = EDGE_LOOP ( 'NONE', ( #1014, #1638, #6739, #7066 ) ) ;
#5514 = EDGE_CURVE ( 'NONE', #6981, #962, #3489, .T. ) ;
#5515 = VECTOR ( 'NONE', #4239, 1000.000000000000000 ) ;
#5516 = ORIENTED_EDGE ( 'NONE', *, *, #5977, .F. ) ;
#5517 = CARTESIAN_POINT ( 'NONE',  ( 16.60000000000000142, 0.6500000000000001332, 27.85000000000000497 ) ) ;
#5518 = CARTESIAN_POINT ( 'NONE',  ( 16.60000000000000142, 6.299999999999889688, 16.37500000000000000 ) ) ;
#5519 = DIRECTION ( 'NONE',  ( 0.000000000000000000, 1.000000000000000000, 0.000000000000000000 ) ) ;
#5520 = ORIENTED_EDGE ( 'NONE', *, *, #4520, .F. ) ;
#5521 = VERTEX_POINT ( 'NONE', #938 ) ;
#5522 = AXIS2_PLACEMENT_3D ( 'NONE', #1324, #1367, #6853 ) ;
#5523 = PLANE ( 'NONE',  #2811 ) ;
#5524 = ORIENTED_EDGE ( 'NONE', *, *, #6350, .F. ) ;
#5525 = VECTOR ( 'NONE', #591, 1000.000000000000000 ) ;
#5526 = ORIENTED_EDGE ( 'NONE', *, *, #3506, .F. ) ;
#5527 = LINE ( 'NONE', #2963, #7149 ) ;
#5528 = LINE ( 'NONE', #3101, #4829 ) ;
#5529 = VECTOR ( 'NONE', #2841, 1000.000000000000000 ) ;
#5530 = DIRECTION ( 'NONE',  ( 0.000000000000000000, 0.000000000000000000, -1.000000000000000000 ) ) ;
#5531 = DIRECTION ( 'NONE',  ( -1.102459901723629883E-16, -2.989721767386115156E-17, -1.000000000000000000 ) ) ;
#5532 = EDGE_CURVE ( 'NONE', #5407, #5463, #5820, .T. ) ;
#5533 = FACE_OUTER_BOUND ( 'NONE', #5810, .T. ) ;
#5534 = CYLINDRICAL_SURFACE ( 'NONE', #6273, 0.6999999999992979616 ) ;
#5535 = CIRCLE ( 'NONE', #2036, 0.3999999999993835154 ) ;
#5536 = LINE ( 'NONE', #6103, #4592 ) ;
#5537 = ADVANCED_FACE ( 'NONE', ( #902 ), #4753, .T. ) ;
#5538 = CARTESIAN_POINT ( 'NONE',  ( 18.10699645857483375, 0.6674566104873689287, 16.82878174986626263 ) ) ;
#5539 = CARTESIAN_POINT ( 'NONE',  ( 18.20026738503892361, 5.851746790396397557, 14.44428479352787775 ) ) ;
#5540 = EDGE_CURVE ( 'NONE', #2640, #2571, #386, .T. ) ;
#5541 = EDGE_CURVE ( 'NONE', #3075, #7020, #2880, .T. ) ;
#5542 = EDGE_CURVE ( 'NONE', #7613, #4548, #4062, .T. ) ;
#5543 = DIRECTION ( 'NONE',  ( 0.000000000000000000, 1.000000000000000000, 0.000000000000000000 ) ) ;
#5544 = ORIENTED_EDGE ( 'NONE', *, *, #6222, .F. ) ;
#5545 = CARTESIAN_POINT ( 'NONE',  ( 3.619999999999489848, -3.849999999996855049, 29.80000000000000071 ) ) ;
#5546 = FACE_OUTER_BOUND ( 'NONE', #5793, .T. ) ;
#5547 = DIRECTION ( 'NONE',  ( 0.000000000000000000, 0.000000000000000000, -1.000000000000000000 ) ) ;
#5548 = CARTESIAN_POINT ( 'NONE',  ( 15.23000000000007148, 8.149999999999998579, 29.10000000000022169 ) ) ;
#5549 = ORIENTED_EDGE ( 'NONE', *, *, #5705, .F. ) ;
#5550 = VERTEX_POINT ( 'NONE', #5316 ) ;
#5551 = CARTESIAN_POINT ( 'NONE',  ( 18.11572158209728656, 0.6999999999992976285, 29.80000000000000071 ) ) ;
#5552 = CARTESIAN_POINT ( 'NONE',  ( 18.58956010794822333, 4.178590307877483312, 18.05666164526035544 ) ) ;
#5553 = LINE ( 'NONE', #2463, #3703 ) ;
#5554 = DIRECTION ( 'NONE',  ( -4.628535426606257379E-15, -0.000000000000000000, -1.000000000000000000 ) ) ;
#5555 = DIRECTION ( 'NONE',  ( 0.000000000000000000, 1.000000000000000000, 0.000000000000000000 ) ) ;
#5556 = CIRCLE ( 'NONE', #6468, 1.050000000002021538 ) ;
#5557 = EDGE_LOOP ( 'NONE', ( #5866, #5714, #5461, #7088 ) ) ;
#5558 = CARTESIAN_POINT ( 'NONE',  ( 18.58205168432626309, 4.769999999999997797, 11.22123529584832369 ) ) ;
#5559 = ORIENTED_EDGE ( 'NONE', *, *, #6491, .T. ) ;
#5560 = ORIENTED_EDGE ( 'NONE', *, *, #1476, .F. ) ;
#5561 = EDGE_CURVE ( 'NONE', #2686, #6018, #6505, .T. ) ;
#5562 = ORIENTED_EDGE ( 'NONE', *, *, #4066, .T. ) ;
#5563 = DIRECTION ( 'NONE',  ( 1.000000000000000000, 0.000000000000000000, 0.000000000000000000 ) ) ;
#5564 = CARTESIAN_POINT ( 'NONE',  ( 16.60000000000000142, 6.000000000000002665, 16.37500000000000000 ) ) ;
#5565 = CYLINDRICAL_SURFACE ( 'NONE', #7778, 0.2999999999998784750 ) ;
#5566 = VERTEX_POINT ( 'NONE', #3419 ) ;
#5567 = ORIENTED_EDGE ( 'NONE', *, *, #3743, .T. ) ;
#5568 = CARTESIAN_POINT ( 'NONE',  ( 10.65000000000000391, 7.550000000000000711, 18.62000000000000099 ) ) ;
#5569 = EDGE_LOOP ( 'NONE', ( #4978, #4383, #5809, #5194 ) ) ;
#5570 = ORIENTED_EDGE ( 'NONE', *, *, #4148, .T. ) ;
#5571 = CARTESIAN_POINT ( 'NONE',  ( 18.27335378321595627, 1.350000000000004530, 28.55000000000000071 ) ) ;
#5572 = DIRECTION ( 'NONE',  ( 1.000000000000000000, -0.000000000000000000, -0.000000000000000000 ) ) ;
#5573 = DIRECTION ( 'NONE',  ( 0.7236544834620212141, 0.6901624363621331470, 0.000000000000000000 ) ) ;
#5574 = DIRECTION ( 'NONE',  ( 0.000000000000000000, 0.000000000000000000, 1.000000000000000000 ) ) ;
#5575 = DIRECTION ( 'NONE',  ( 1.000000000000000000, 0.000000000000000000, 0.000000000000000000 ) ) ;
#5576 = CARTESIAN_POINT ( 'NONE',  ( 17.18212227597109987, 7.049999999999999822, 7.519999999997470930 ) ) ;
#5577 = CARTESIAN_POINT ( 'NONE',  ( 10.25000000000021316, 8.149999999999998579, 7.020000000000000462 ) ) ;
#5578 = AXIS2_PLACEMENT_3D ( 'NONE', #6517, #7882, #4728 ) ;
#5579 = EDGE_CURVE ( 'NONE', #2176, #7970, #5896, .T. ) ;
#5580 = DIRECTION ( 'NONE',  ( -1.000000000000000000, 0.000000000000000000, 0.000000000000000000 ) ) ;
#5581 = DIRECTION ( 'NONE',  ( 1.000000000000000000, 0.000000000000000000, 0.000000000000000000 ) ) ;
#5582 = PLANE ( 'NONE',  #696 ) ;
#5583 = ORIENTED_EDGE ( 'NONE', *, *, #5890, .F. ) ;
#5584 = FACE_OUTER_BOUND ( 'NONE', #6457, .T. ) ;
#5585 = DIRECTION ( 'NONE',  ( 0.000000000000000000, 1.000000000000000000, 0.000000000000000000 ) ) ;
#5586 = CARTESIAN_POINT ( 'NONE',  ( 17.18212227597109987, 7.049999999999999822, 7.519999999997470930 ) ) ;
#5587 = FACE_OUTER_BOUND ( 'NONE', #4698, .T. ) ;
#5588 = ORIENTED_EDGE ( 'NONE', *, *, #7383, .F. ) ;
#5589 = ORIENTED_EDGE ( 'NONE', *, *, #4130, .F. ) ;
#5590 = ADVANCED_FACE ( 'NONE', ( #4713 ), #7189, .T. ) ;
#5591 = CYLINDRICAL_SURFACE ( 'NONE', #958, 0.9999999999974712450 ) ;
#5592 = CARTESIAN_POINT ( 'NONE',  ( -1.063123861265352044E-14, 0.7000000000000019540, 0.000000000000000000 ) ) ;
#5593 = DIRECTION ( 'NONE',  ( 0.8955305689923245271, 0.000000000000000000, -0.4450000000003185852 ) ) ;
#5594 = CARTESIAN_POINT ( 'NONE',  ( 18.58822579892915527, 4.529898241270193360, 22.78502519194744025 ) ) ;
#5595 = ORIENTED_EDGE ( 'NONE', *, *, #6681, .F. ) ;
#5596 = LINE ( 'NONE', #1905, #7304 ) ;
#5597 = ORIENTED_EDGE ( 'NONE', *, *, #561, .F. ) ;
#5598 = ORIENTED_EDGE ( 'NONE', *, *, #4575, .T. ) ;
#5599 = ORIENTED_EDGE ( 'NONE', *, *, #3186, .T. ) ;
#5600 = EDGE_CURVE ( 'NONE', #4449, #3813, #1788, .T. ) ;
#5601 = FACE_OUTER_BOUND ( 'NONE', #6876, .T. ) ;
#5602 = DIRECTION ( 'NONE',  ( 1.812176450797262392E-11, 1.000000000000000000, -0.000000000000000000 ) ) ;
#5603 = EDGE_CURVE ( 'NONE', #3150, #7814, #3526, .T. ) ;
#5604 = ORIENTED_EDGE ( 'NONE', *, *, #521, .F. ) ;
#5605 = CARTESIAN_POINT ( 'NONE',  ( 18.58945613926489315, 4.448400964684726233, 6.954017516029496804 ) ) ;
#5606 = ORIENTED_EDGE ( 'NONE', *, *, #7308, .T. ) ;
#5607 = CARTESIAN_POINT ( 'NONE',  ( 4.549999999999999822, 7.400000000000005684, 21.05999999999999517 ) ) ;
#5608 = VERTEX_POINT ( 'NONE', #2966 ) ;
#5609 = VERTEX_POINT ( 'NONE', #1093 ) ;
#5610 = AXIS2_PLACEMENT_3D ( 'NONE', #7390, #515, #3004 ) ;
#5611 = CARTESIAN_POINT ( 'NONE',  ( 18.59006940929766927, 4.275293028433062581, 17.32123728017358744 ) ) ;
#5612 = EDGE_CURVE ( 'NONE', #1554, #6642, #518, .T. ) ;
#5613 = AXIS2_PLACEMENT_3D ( 'NONE', #5932, #243, #6471 ) ;
#5614 = LINE ( 'NONE', #6995, #4595 ) ;
#5615 = CARTESIAN_POINT ( 'NONE',  ( 16.60000000000000142, 6.299999999999999822, 16.67499999999999716 ) ) ;
#5616 = DIRECTION ( 'NONE',  ( 0.000000000000000000, 0.000000000000000000, 1.000000000000000000 ) ) ;
#5617 = EDGE_CURVE ( 'NONE', #192, #6000, #7951, .T. ) ;
#5618 = VECTOR ( 'NONE', #3141, 1000.000000000000000 ) ;
#5619 = CARTESIAN_POINT ( 'NONE',  ( 18.12467766249666212, 0.7334047677208901383, 16.99297778840701767 ) ) ;
#5620 = DIRECTION ( 'NONE',  ( 0.8955305689923248602, 0.000000000000000000, -0.4450000000003180300 ) ) ;
#5621 = VECTOR ( 'NONE', #6021, 1000.000000000000000 ) ;
#5622 = EDGE_CURVE ( 'NONE', #3614, #7388, #2268, .T. ) ;
#5623 = DIRECTION ( 'NONE',  ( -1.000000000000000000, 0.000000000000000000, 0.000000000000000000 ) ) ;
#5624 = VECTOR ( 'NONE', #270, 1000.000000000000000 ) ;
#5625 = VERTEX_POINT ( 'NONE', #4266 ) ;
#5626 = CARTESIAN_POINT ( 'NONE',  ( 10.65000000000000391, 7.550000000000000711, 13.01999999999999957 ) ) ;
#5627 = CARTESIAN_POINT ( 'NONE',  ( 18.07765284496198888, 7.049999999999999822, 11.52499999999999858 ) ) ;
#5628 = DIRECTION ( 'NONE',  ( 1.000000000000000000, -0.000000000000000000, -0.000000000000000000 ) ) ;
#5629 = AXIS2_PLACEMENT_3D ( 'NONE', #1836, #1148, #3631 ) ;
#5630 = CARTESIAN_POINT ( 'NONE',  ( 8.820000000000000284, 7.400000000000000355, 15.45999999999999908 ) ) ;
#5631 = ORIENTED_EDGE ( 'NONE', *, *, #7417, .F. ) ;
#5632 = ORIENTED_EDGE ( 'NONE', *, *, #7316, .T. ) ;
#5633 = CARTESIAN_POINT ( 'NONE',  ( 17.18212227597109987, 7.049999999999999822, 18.71999999999745157 ) ) ;
#5634 = DIRECTION ( 'NONE',  ( -1.000000000000000000, 1.788837098225075884E-14, 0.000000000000000000 ) ) ;
#5635 = CIRCLE ( 'NONE', #7174, 1.570000000001444018 ) ;
#5636 = LINE ( 'NONE', #2508, #3189 ) ;
#5637 = CARTESIAN_POINT ( 'NONE',  ( 8.820000000000000284, 8.000000000000101252, 26.66000000000000014 ) ) ;
#5638 = CARTESIAN_POINT ( 'NONE',  ( 18.49376057114745109, 0.01577633890927626972, 0.5253851342239961308 ) ) ;
#5639 = VERTEX_POINT ( 'NONE', #3712 ) ;
#5640 = CIRCLE ( 'NONE', #5124, 13.89999999994158131 ) ;
#5641 = DIRECTION ( 'NONE',  ( 1.000000000000000000, -0.000000000000000000, 2.493132406175790382E-15 ) ) ;
#5642 = EDGE_CURVE ( 'NONE', #1567, #2992, #1337, .T. ) ;
#5643 = EDGE_LOOP ( 'NONE', ( #4893, #459, #982, #6263 ) ) ;
#5644 = VERTEX_POINT ( 'NONE', #1876 ) ;
#5645 = AXIS2_PLACEMENT_3D ( 'NONE', #5592, #6117, #3601 ) ;
#5646 = EDGE_LOOP ( 'NONE', ( #6065, #649, #4330, #2670 ) ) ;
#5647 = FACE_OUTER_BOUND ( 'NONE', #2262, .T. ) ;
#5648 = DIRECTION ( 'NONE',  ( 2.965322777832964065E-13, -2.240558132412896013E-13, -1.000000000000000000 ) ) ;
#5649 = ORIENTED_EDGE ( 'NONE', *, *, #1898, .F. ) ;
#5650 = CIRCLE ( 'NONE', #2138, 2.499999999999904077 ) ;
#5651 = CARTESIAN_POINT ( 'NONE',  ( 10.37489995997995429, 7.682152859742345186, 7.040000000000000036 ) ) ;
#5652 = ORIENTED_EDGE ( 'NONE', *, *, #7909, .F. ) ;
#5653 = EDGE_CURVE ( 'NONE', #809, #396, #2359, .T. ) ;
#5654 = PLANE ( 'NONE',  #3589 ) ;
#5655 = VERTEX_POINT ( 'NONE', #6656 ) ;
#5656 = VERTEX_POINT ( 'NONE', #2316 ) ;
#5657 = VERTEX_POINT ( 'NONE', #7262 ) ;
#5658 = DIRECTION ( 'NONE',  ( 3.955141396183619028E-07, 6.973981408228731992E-08, 0.9999999999999192868 ) ) ;
#5659 = VECTOR ( 'NONE', #6891, 1000.000000000000000 ) ;
#5660 = LINE ( 'NONE', #2536, #6317 ) ;
#5661 = CIRCLE ( 'NONE', #201, 1.570000000001444018 ) ;
#5662 = CARTESIAN_POINT ( 'NONE',  ( 10.25000000000020783, 8.149999999999998579, 12.61999999999999922 ) ) ;
#5663 = PLANE ( 'NONE',  #7682 ) ;
#5664 = CARTESIAN_POINT ( 'NONE',  ( 8.820000000000000284, 8.000000000000101252, 15.45999999999999908 ) ) ;
#5665 = EDGE_CURVE ( 'NONE', #7287, #7613, #6060, .T. ) ;
#5666 = VECTOR ( 'NONE', #3461, 1000.000000000000000 ) ;
#5667 = VECTOR ( 'NONE', #281, 1000.000000000000000 ) ;
#5668 = LINE ( 'NONE', #7527, #1191 ) ;
#5669 = MANIFOLD_SOLID_BREP ( '221-415.sldprt', #3454 ) ;
#5670 = EDGE_CURVE ( 'NONE', #4548, #3643, #4453, .T. ) ;
#5671 = LINE ( 'NONE', #2585, #6316 ) ;
#5672 = VERTEX_POINT ( 'NONE', #6706 ) ;
#5673 = LINE ( 'NONE', #2082, #4817 ) ;
#5674 = CARTESIAN_POINT ( 'NONE',  ( 17.18212227597054920, 7.049999999999999822, 17.67999999999999972 ) ) ;
#5675 = DIRECTION ( 'NONE',  ( 0.000000000000000000, 1.000000000000000000, 0.000000000000000000 ) ) ;
#5676 = PLANE ( 'NONE',  #4734 ) ;
#5677 = VERTEX_POINT ( 'NONE', #5438 ) ;
#5678 = DIRECTION ( 'NONE',  ( -7.762887555008142858E-13, 0.000000000000000000, 1.000000000000000000 ) ) ;
#5679 = AXIS2_PLACEMENT_3D ( 'NONE', #4101, #3656, #1003 ) ;
#5680 = LINE ( 'NONE', #4992, #4887 ) ;
#5681 = CARTESIAN_POINT ( 'NONE',  ( 18.18404351367647465, 0.9639719677251410435, 1.357348700735234504 ) ) ;
#5682 = VERTEX_POINT ( 'NONE', #6099 ) ;
#5683 = LINE ( 'NONE', #882, #4547 ) ;
#5684 = VERTEX_POINT ( 'NONE', #6140 ) ;
#5685 = FACE_OUTER_BOUND ( 'NONE', #3254, .T. ) ;
#5686 = EDGE_LOOP ( 'NONE', ( #105, #852, #246, #2472 ) ) ;
#5687 = DIRECTION ( 'NONE',  ( -7.762887555008142858E-13, 0.000000000000000000, 1.000000000000000000 ) ) ;
#5688 = CARTESIAN_POINT ( 'NONE',  ( 18.58475214792419905, 4.700472293808052093, 23.99885094489111736 ) ) ;
#5689 = EDGE_LOOP ( 'NONE', ( #3741, #6475, #1018, #633, #2799, #2284, #7541, #6834, #2467 ) ) ;
#5690 = CARTESIAN_POINT ( 'NONE',  ( 11.29999999998313953, 1.799999999990480326, 29.80000000000000071 ) ) ;
#5691 = EDGE_LOOP ( 'NONE', ( #5063, #6378, #6206, #7506 ) ) ;
#5692 = CARTESIAN_POINT ( 'NONE',  ( 2.500000000000000000, 4.254627983564945204, 16.69999999999999929 ) ) ;
#5693 = ORIENTED_EDGE ( 'NONE', *, *, #5783, .F. ) ;
#5694 = ORIENTED_EDGE ( 'NONE', *, *, #4605, .T. ) ;
#5695 = ORIENTED_EDGE ( 'NONE', *, *, #1181, .T. ) ;
#5696 = EDGE_CURVE ( 'NONE', #5387, #5454, #476, .T. ) ;
#5697 = EDGE_CURVE ( 'NONE', #4449, #1295, #5104, .T. ) ;
#5698 = CARTESIAN_POINT ( 'NONE',  ( 0.2479041193698552636, 4.245442074226871476, 13.09544207422178452 ) ) ;
#5699 = ADVANCED_FACE ( 'NONE', ( #8042 ), #3621, .T. ) ;
#5700 = CARTESIAN_POINT ( 'NONE',  ( 2.500000000000000000, 6.100000000000000533, 13.10000000000000142 ) ) ;
#5701 = CARTESIAN_POINT ( 'NONE',  ( 17.18212227597109987, 8.149999999999998579, 11.08000000000252072 ) ) ;
#5702 = CYLINDRICAL_SURFACE ( 'NONE', #2120, 0.6999999999999784173 ) ;
#5703 = CARTESIAN_POINT ( 'NONE',  ( 8.820000000000000284, 7.400000000000000355, 19.93999999999999773 ) ) ;
#5704 = EDGE_CURVE ( 'NONE', #5115, #6328, #5528, .T. ) ;
#5705 = EDGE_CURVE ( 'NONE', #3790, #4757, #4707, .T. ) ;
#5706 = DIRECTION ( 'NONE',  ( 0.000000000000000000, 1.000000000000000000, 0.000000000000000000 ) ) ;
#5707 = VERTEX_POINT ( 'NONE', #2486 ) ;
#5708 = LINE ( 'NONE', #2006, #272 ) ;
#5709 = CIRCLE ( 'NONE', #1022, 0.3999999999993835154 ) ;
#5710 = CYLINDRICAL_SURFACE ( 'NONE', #5491, 0.6999999999999769740 ) ;
#5711 = PLANE ( 'NONE',  #7526 ) ;
#5712 = DIRECTION ( 'NONE',  ( 1.000000000000000000, -0.000000000000000000, -0.000000000000000000 ) ) ;
#5713 = VERTEX_POINT ( 'NONE', #7434 ) ;
#5714 = ORIENTED_EDGE ( 'NONE', *, *, #6500, .F. ) ;
#5715 = LINE ( 'NONE', #6974, #6808 ) ;
#5716 = AXIS2_PLACEMENT_3D ( 'NONE', #131, #4533, #5214 ) ;
#5717 = CARTESIAN_POINT ( 'NONE',  ( 18.59004717814658747, 4.325493980074796241, 28.50356872518712947 ) ) ;
#5718 = EDGE_CURVE ( 'NONE', #6344, #5682, #6011, .T. ) ;
#5719 = CARTESIAN_POINT ( 'NONE',  ( 0.000000000000000000, 6.400000000002104450, 17.00000000000190070 ) ) ;
#5720 = VERTEX_POINT ( 'NONE', #6267 ) ;
#5721 = FACE_OUTER_BOUND ( 'NONE', #447, .T. ) ;
#5722 = VERTEX_POINT ( 'NONE', #739 ) ;
#5723 = VERTEX_POINT ( 'NONE', #5775 ) ;
#5724 = ORIENTED_EDGE ( 'NONE', *, *, #349, .T. ) ;
#5725 = PLANE ( 'NONE',  #966 ) ;
#5726 = CARTESIAN_POINT ( 'NONE',  ( 17.18212227597109987, 7.049999999999999822, 18.71999999999745157 ) ) ;
#5727 = VERTEX_POINT ( 'NONE', #81 ) ;
#5728 = EDGE_CURVE ( 'NONE', #1678, #3779, #1920, .T. ) ;
#5729 = EDGE_LOOP ( 'NONE', ( #1771, #1348, #6769, #4435 ) ) ;
#5730 = ORIENTED_EDGE ( 'NONE', *, *, #6030, .T. ) ;
#5731 = ORIENTED_EDGE ( 'NONE', *, *, #2976, .T. ) ;
#5732 = FACE_OUTER_BOUND ( 'NONE', #892, .T. ) ;
#5733 = FACE_OUTER_BOUND ( 'NONE', #4863, .T. ) ;
#5734 = VECTOR ( 'NONE', #1797, 1000.000000000000000 ) ;
#5735 = CARTESIAN_POINT ( 'NONE',  ( 18.58945613926489671, 4.448400964684694259, 12.55401751602948401 ) ) ;
#5736 = CARTESIAN_POINT ( 'NONE',  ( 10.65000000000000746, 8.149999999999998579, 5.580000000000233662 ) ) ;
#5737 = ADVANCED_FACE ( 'NONE', ( #4406 ), #6384, .T. ) ;
#5738 = LINE ( 'NONE', #3191, #4715 ) ;
#5739 = CIRCLE ( 'NONE', #2758, 0.6000000000000961231 ) ;
#5740 = DIRECTION ( 'NONE',  ( -1.000000000000000000, 0.000000000000000000, 0.000000000000000000 ) ) ;
#5741 = FACE_OUTER_BOUND ( 'NONE', #7279, .T. ) ;
#5742 = ORIENTED_EDGE ( 'NONE', *, *, #4692, .T. ) ;
#5743 = DIRECTION ( 'NONE',  ( 1.000000000000000000, 0.000000000000000000, 0.000000000000000000 ) ) ;
#5744 = DIRECTION ( 'NONE',  ( 0.000000000000000000, 0.000000000000000000, 1.000000000000000000 ) ) ;
#5745 = DIRECTION ( 'NONE',  ( 1.000000000000000000, 0.000000000000000000, 0.000000000000000000 ) ) ;
#5746 = VECTOR ( 'NONE', #7480, 1000.000000000000000 ) ;
#5747 = ADVANCED_FACE ( 'NONE', ( #6877 ), #1312, .T. ) ;
#5748 = CARTESIAN_POINT ( 'NONE',  ( 4.550000000000000711, 8.149999999999998579, 12.11999999999999567 ) ) ;
#5749 = ORIENTED_EDGE ( 'NONE', *, *, #413, .T. ) ;
#5750 = VERTEX_POINT ( 'NONE', #7636 ) ;
#5751 = CARTESIAN_POINT ( 'NONE',  ( 18.44539065828632829, 6.127775153616507849E-14, 29.18491932535262023 ) ) ;
#5752 = VECTOR ( 'NONE', #5245, 1000.000000000000000 ) ;
#5753 = DIRECTION ( 'NONE',  ( 0.000000000000000000, 1.000000000000000000, 0.000000000000000000 ) ) ;
#5754 = CYLINDRICAL_SURFACE ( 'NONE', #2304, 0.1999999999979038545 ) ;
#5755 = VERTEX_POINT ( 'NONE', #1351 ) ;
#5756 = CARTESIAN_POINT ( 'NONE',  ( 10.65000000000000746, 7.550000000000000711, 27.97999999999999687 ) ) ;
#5757 = ORIENTED_EDGE ( 'NONE', *, *, #1147, .F. ) ;
#5758 = ORIENTED_EDGE ( 'NONE', *, *, #2716, .F. ) ;
#5759 = VECTOR ( 'NONE', #219, 1000.000000000000000 ) ;
#5760 = ADVANCED_FACE ( 'NONE', ( #7519 ), #1394, .T. ) ;
#5761 = CIRCLE ( 'NONE', #4989, 0.3999999999993823496 ) ;
#5762 = ORIENTED_EDGE ( 'NONE', *, *, #7971, .F. ) ;
#5763 = CARTESIAN_POINT ( 'NONE',  ( 8.820000000000000284, 7.400000000000000355, 9.860000000000001208 ) ) ;
#5764 = LINE ( 'NONE', #6985, #7949 ) ;
#5765 = AXIS2_PLACEMENT_3D ( 'NONE', #4928, #2446, #2888 ) ;
#5766 = EDGE_CURVE ( 'NONE', #3217, #7926, #3187, .T. ) ;
#5767 = VERTEX_POINT ( 'NONE', #7596 ) ;
#5768 = AXIS2_PLACEMENT_3D ( 'NONE', #4133, #2804, #6605 ) ;
#5769 = ORIENTED_EDGE ( 'NONE', *, *, #4090, .T. ) ;
#5770 = ORIENTED_EDGE ( 'NONE', *, *, #1754, .T. ) ;
#5771 = VECTOR ( 'NONE', #2945, 1000.000000000000000 ) ;
#5772 = ORIENTED_EDGE ( 'NONE', *, *, #4210, .F. ) ;
#5773 = CIRCLE ( 'NONE', #6667, 8.000000000018912871 ) ;
#5774 = DIRECTION ( 'NONE',  ( 0.000000000000000000, -1.000000000000000000, 3.500424156881886767E-14 ) ) ;
#5775 = CARTESIAN_POINT ( 'NONE',  ( 16.60000000000000142, 4.070000000000014495, 6.150000000000003020 ) ) ;
#5776 = DIRECTION ( 'NONE',  ( 0.000000000000000000, 1.000000000000000000, 0.000000000000000000 ) ) ;
#5777 = CARTESIAN_POINT ( 'NONE',  ( 18.58898895371305571, 4.123898130085414948, 12.45000000000003304 ) ) ;
#5778 = DIRECTION ( 'NONE',  ( -1.000000000000000000, 0.000000000000000000, 0.000000000000000000 ) ) ;
#5779 = CARTESIAN_POINT ( 'NONE',  ( 17.08923586769300229, 7.321299490900610607, 29.80000000000000071 ) ) ;
#5780 = CARTESIAN_POINT ( 'NONE',  ( 16.87190308295401664, 7.535469184335679138, 29.79524124951855413 ) ) ;
#5781 = AXIS2_PLACEMENT_3D ( 'NONE', #3584, #4888, #7396 ) ;
#5782 = DIRECTION ( 'NONE',  ( 0.000000000000000000, 0.000000000000000000, 1.000000000000000000 ) ) ;
#5783 = EDGE_CURVE ( 'NONE', #2146, #1417, #1992, .T. ) ;
#5784 = CARTESIAN_POINT ( 'NONE',  ( 10.54999999999881766, 7.550000000000000711, 7.155424868891813617 ) ) ;
#5785 = VERTEX_POINT ( 'NONE', #3754 ) ;
#5786 = DIRECTION ( 'NONE',  ( 1.000000000000000000, 1.384590581249543522E-16, 0.000000000000000000 ) ) ;
#5787 = CARTESIAN_POINT ( 'NONE',  ( 18.21595806906793413, 1.096793534737521947, 18.09558764812562970 ) ) ;
#5788 = AXIS2_PLACEMENT_3D ( 'NONE', #245, #867, #2277 ) ;
#5789 = CARTESIAN_POINT ( 'NONE',  ( 18.58809699203467858, 4.070000000000031370, 6.850000000000001421 ) ) ;
#5790 = CIRCLE ( 'NONE', #2026, 8.000000000018911095 ) ;
#5791 = CARTESIAN_POINT ( 'NONE',  ( 4.549999999999999822, 7.400000000000000355, 25.53999999999999915 ) ) ;
#5792 = ORIENTED_EDGE ( 'NONE', *, *, #6052, .F. ) ;
#5793 = EDGE_LOOP ( 'NONE', ( #4554, #2664, #3025, #1164 ) ) ;
#5794 = CARTESIAN_POINT ( 'NONE',  ( 16.60000000000000142, 1.349999999999976108, 11.05000000000000071 ) ) ;
#5795 = EDGE_CURVE ( 'NONE', #5995, #5306, #2170, .T. ) ;
#5796 = EDGE_CURVE ( 'NONE', #3437, #3977, #2692, .T. ) ;
#5797 = AXIS2_PLACEMENT_3D ( 'NONE', #2153, #7750, #1134 ) ;
#5798 = CARTESIAN_POINT ( 'NONE',  ( 10.37489995996853587, 7.682152859750695839, 23.83999999999999986 ) ) ;
#5799 = ORIENTED_EDGE ( 'NONE', *, *, #4348, .F. ) ;
#5800 = EDGE_CURVE ( 'NONE', #6664, #736, #5011, .T. ) ;
#5801 = CARTESIAN_POINT ( 'NONE',  ( 18.10881781221917208, 5.999999999999993783, 13.42500000000000071 ) ) ;
#5802 = EDGE_LOOP ( 'NONE', ( #1310, #3214, #7594, #3406, #6977, #2346, #1953, #4986, #5772 ) ) ;
#5803 = CYLINDRICAL_SURFACE ( 'NONE', #7091, 0.2000000000005424383 ) ;
#5804 = VECTOR ( 'NONE', #2927, 1000.000000000000000 ) ;
#5805 = ORIENTED_EDGE ( 'NONE', *, *, #3835, .T. ) ;
#5806 = CARTESIAN_POINT ( 'NONE',  ( 18.27335378321595272, 1.349999999999981437, 6.850000000000023626 ) ) ;
#5807 = CARTESIAN_POINT ( 'NONE',  ( 10.65000000000000746, 7.550000000000000711, 5.580000000000002736 ) ) ;
#5808 = EDGE_CURVE ( 'NONE', #5364, #3139, #1848, .T. ) ;
#5809 = ORIENTED_EDGE ( 'NONE', *, *, #1644, .T. ) ;
#5810 = EDGE_LOOP ( 'NONE', ( #7843, #4036, #6213, #4899 ) ) ;
#5811 = ORIENTED_EDGE ( 'NONE', *, *, #2058, .T. ) ;
#5812 = VERTEX_POINT ( 'NONE', #2535 ) ;
#5813 = CYLINDRICAL_SURFACE ( 'NONE', #3682, 0.9999999999658725214 ) ;
#5814 = CARTESIAN_POINT ( 'NONE',  ( 4.550000000000000711, 8.149999999999998579, 1.440000000000001501 ) ) ;
#5815 = CARTESIAN_POINT ( 'NONE',  ( 18.27335378321595627, 1.350000000000004530, 22.95000000000000284 ) ) ;
#5816 = CARTESIAN_POINT ( 'NONE',  ( 4.550000000000000711, 8.149999999999998579, 11.58000000000000007 ) ) ;
#5817 = CIRCLE ( 'NONE', #1536, 13.89999999994158131 ) ;
#5818 = DIRECTION ( 'NONE',  ( 1.000000000000000000, 0.000000000000000000, 0.000000000000000000 ) ) ;
#5819 = APPROVAL_DATE_TIME ( #385, #6579 ) ;
#5820 = LINE ( 'NONE', #1515, #5220 ) ;
#5821 = LINE ( 'NONE', #2735, #6831 ) ;
#5822 = ORIENTED_EDGE ( 'NONE', *, *, #6791, .T. ) ;
#5823 = CARTESIAN_POINT ( 'NONE',  ( 18.07765284496200664, 7.049999999999999822, 11.52500000000000924 ) ) ;
#5824 = CARTESIAN_POINT ( 'NONE',  ( 10.65000000000000391, 7.550000000000000711, 1.820000000000000284 ) ) ;
#5825 = DIRECTION ( 'NONE',  ( 0.000000000000000000, 1.000000000000000000, 0.000000000000000000 ) ) ;
#5826 = EDGE_CURVE ( 'NONE', #3643, #6837, #2035, .T. ) ;
#5827 = DIRECTION ( 'NONE',  ( 0.000000000000000000, 0.000000000000000000, 1.000000000000000000 ) ) ;
#5828 = ORIENTED_EDGE ( 'NONE', *, *, #4472, .T. ) ;
#5829 = VERTEX_POINT ( 'NONE', #5167 ) ;
#5830 = DIRECTION ( 'NONE',  ( 0.9998630929521341582, -0.01654676258945753792, 0.000000000000000000 ) ) ;
#5831 = VECTOR ( 'NONE', #7238, 1000.000000000000000 ) ;
#5832 = CARTESIAN_POINT ( 'NONE',  ( 8.820000000000000284, 8.000000000000067502, 2.539999999999998259 ) ) ;
#5833 = ORIENTED_EDGE ( 'NONE', *, *, #7210, .T. ) ;
#5834 = FACE_OUTER_BOUND ( 'NONE', #4907, .T. ) ;
#5835 = CYLINDRICAL_SURFACE ( 'NONE', #6966, 0.9999999999974716891 ) ;
#5836 = CARTESIAN_POINT ( 'NONE',  ( 18.10221458223799829, 0.6499999999999991340, 5.450000000000000178 ) ) ;
#5837 = EDGE_CURVE ( 'NONE', #2530, #2068, #6228, .T. ) ;
#5838 = AXIS2_PLACEMENT_3D ( 'NONE', #1190, #6806, #7495 ) ;
#5839 = EDGE_LOOP ( 'NONE', ( #4047, #593, #2397, #5081, #1204, #224 ) ) ;
#5840 = CARTESIAN_POINT ( 'NONE',  ( 0.1195232230749719848, 6.155148196777814995, 13.85990800338301021 ) ) ;
#5841 = CARTESIAN_POINT ( 'NONE',  ( 4.549999999999998934, 8.000000000000076383, 16.06000000000000227 ) ) ;
#5842 = VERTEX_POINT ( 'NONE', #3257 ) ;
#5843 = ORIENTED_EDGE ( 'NONE', *, *, #5579, .F. ) ;
#5844 = ORIENTED_EDGE ( 'NONE', *, *, #371, .F. ) ;
#5845 = ADVANCED_FACE ( 'NONE', ( #5732 ), #4557, .T. ) ;
#5846 = ORIENTED_EDGE ( 'NONE', *, *, #3226, .T. ) ;
#5847 = CARTESIAN_POINT ( 'NONE',  ( 4.549999999999999822, 7.049999999999998934, 0.9200000000000001510 ) ) ;
#5848 = ADVANCED_FACE ( 'NONE', ( #3758 ), #2929, .F. ) ;
#5849 = DIRECTION ( 'NONE',  ( 0.000000000000000000, 3.671831357485622842E-13, 1.000000000000000000 ) ) ;
#5850 = LINE ( 'NONE', #7109, #4710 ) ;
#5851 = APPLICATION_CONTEXT ( 'configuration controlled 3d designs of mechanical parts and assemblies' ) ;
#5852 = CYLINDRICAL_SURFACE ( 'NONE', #1388, 0.6999999999999784173 ) ;
#5853 = CARTESIAN_POINT ( 'NONE',  ( 10.65000000000000746, 8.149999999999998579, 22.38000000000022638 ) ) ;
#5854 = CARTESIAN_POINT ( 'NONE',  ( 16.60000000000000142, 4.070000000000059792, 7.550000000000000711 ) ) ;
#5855 = EDGE_CURVE ( 'NONE', #230, #4588, #616, .T. ) ;
#5856 = DIRECTION ( 'NONE',  ( -1.000000000000000000, 0.000000000000000000, 0.000000000000000000 ) ) ;
#5857 = CARTESIAN_POINT ( 'NONE',  ( 9.419999999999999929, 8.149999999999998579, 12.64000000000000412 ) ) ;
#5858 = EDGE_CURVE ( 'NONE', #5550, #1426, #3667, .T. ) ;
#5859 = ORIENTED_EDGE ( 'NONE', *, *, #5055, .F. ) ;
#5860 = LINE ( 'NONE', #4647, #5667 ) ;
#5861 = LINE ( 'NONE', #7083, #2129 ) ;
#5862 = CYLINDRICAL_SURFACE ( 'NONE', #2829, 0.6999999999999420019 ) ;
#5863 = LINE ( 'NONE', #285, #3969 ) ;
#5864 = VECTOR ( 'NONE', #4848, 1000.000000000000000 ) ;
#5865 = ORIENTED_EDGE ( 'NONE', *, *, #5436, .F. ) ;
#5866 = ORIENTED_EDGE ( 'NONE', *, *, #1216, .F. ) ;
#5867 = CYLINDRICAL_SURFACE ( 'NONE', #7065, 0.9999999999989070965 ) ;
#5868 = EDGE_CURVE ( 'NONE', #651, #5995, #6143, .T. ) ;
#5869 = AXIS2_PLACEMENT_3D ( 'NONE', #2401, #4966, #3576 ) ;
#5870 = CARTESIAN_POINT ( 'NONE',  ( 10.44063214874775980, 7.632542952618422305, 1.461605116109070623 ) ) ;
#5871 = ORIENTED_EDGE ( 'NONE', *, *, #240, .T. ) ;
#5872 = LINE ( 'NONE', #294, #5193 ) ;
#5873 = FACE_OUTER_BOUND ( 'NONE', #4072, .T. ) ;
#5874 = VECTOR ( 'NONE', #4562, 1000.000000000000000 ) ;
#5875 = EDGE_LOOP ( 'NONE', ( #182, #2620, #4614, #7415, #5595, #7470 ) ) ;
#5876 = CARTESIAN_POINT ( 'NONE',  ( 9.419999999999999929, 8.149999999999998579, 1.440000000000001501 ) ) ;
#5877 = DIRECTION ( 'NONE',  ( 9.448706592554517664E-16, -0.000000000000000000, 1.000000000000000000 ) ) ;
#5878 = EDGE_CURVE ( 'NONE', #6981, #5720, #481, .T. ) ;
#5879 = ORIENTED_EDGE ( 'NONE', *, *, #6332, .F. ) ;
#5880 = VECTOR ( 'NONE', #4799, 1000.000000000000000 ) ;
#5881 = ORIENTED_EDGE ( 'NONE', *, *, #6451, .F. ) ;
#5882 = VERTEX_POINT ( 'NONE', #4835 ) ;
#5883 = AXIS2_PLACEMENT_3D ( 'NONE', #3952, #898, #2299 ) ;
#5884 = ORIENTED_EDGE ( 'NONE', *, *, #4772, .T. ) ;
#5885 = DIRECTION ( 'NONE',  ( 0.000000000000000000, 0.000000000000000000, 1.000000000000000000 ) ) ;
#5886 = VECTOR ( 'NONE', #5087, 1000.000000000000000 ) ;
#5887 = DIRECTION ( 'NONE',  ( -0.000000000000000000, 1.000000000000000000, 0.000000000000000000 ) ) ;
#5888 = CARTESIAN_POINT ( 'NONE',  ( 18.18404351367647465, 0.9639719677251342711, 12.55734870073526643 ) ) ;
#5889 = CIRCLE ( 'NONE', #1352, 0.6000000000000970113 ) ;
#5890 = EDGE_CURVE ( 'NONE', #736, #4121, #6232, .T. ) ;
#5891 = FACE_OUTER_BOUND ( 'NONE', #5691, .T. ) ;
#5892 = CARTESIAN_POINT ( 'NONE',  ( 0.2999999999999999889, 6.400000000000000355, 29.80000000000000071 ) ) ;
#5893 = AXIS2_PLACEMENT_3D ( 'NONE', #410, #7848, #7929 ) ;
#5894 = VECTOR ( 'NONE', #7134, 1000.000000000000000 ) ;
#5895 = DATE_TIME_ROLE ( 'classification_date' ) ;
#5896 = LINE ( 'NONE', #7787, #6635 ) ;
#5897 = DIRECTION ( 'NONE',  ( 0.000000000000000000, 0.000000000000000000, -1.000000000000000000 ) ) ;
#5898 = CIRCLE ( 'NONE', #4074, 0.9999999999974704679 ) ;
#5899 = CARTESIAN_POINT ( 'NONE',  ( 10.54999999999881943, 7.550000000000000711, 7.155424868891812729 ) ) ;
#5900 = EDGE_CURVE ( 'NONE', #2484, #6091, #7265, .T. ) ;
#5901 = LINE ( 'NONE', #905, #1629 ) ;
#5902 = CARTESIAN_POINT ( 'NONE',  ( 16.18594924246994893, 5.979999999998560689, 28.80000000000000426 ) ) ;
#5903 = CARTESIAN_POINT ( 'NONE',  ( 0.2384265718052501204, 7.650241464913804634, 0.02769706164844343288 ) ) ;
#5904 = VERTEX_POINT ( 'NONE', #5484 ) ;
#5905 = VERTEX_POINT ( 'NONE', #6102 ) ;
#5906 = LINE ( 'NONE', #836, #3554 ) ;
#5907 = VECTOR ( 'NONE', #945, 1000.000000000000000 ) ;
#5908 = DIRECTION ( 'NONE',  ( -0.000000000000000000, -0.000000000000000000, 1.000000000000000000 ) ) ;
#5909 = VECTOR ( 'NONE', #4203, 1000.000000000000000 ) ;
#5910 = VERTEX_POINT ( 'NONE', #7395 ) ;
#5911 = CARTESIAN_POINT ( 'NONE',  ( 18.10221458223799829, 0.6500000000000026867, 5.450000000000000178 ) ) ;
#5912 = CYLINDRICAL_SURFACE ( 'NONE', #4229, 0.7000000000000110578 ) ;
#5913 = CARTESIAN_POINT ( 'NONE',  ( 16.72608129209580952, 7.653498790065987656, 0.02943953774083766378 ) ) ;
#5914 = VERTEX_POINT ( 'NONE', #569 ) ;
#5915 = PLANE ( 'NONE',  #704 ) ;
#5916 = VECTOR ( 'NONE', #7669, 1000.000000000000000 ) ;
#5917 = DIRECTION ( 'NONE',  ( 0.000000000000000000, 1.000000000000000000, 0.000000000000000000 ) ) ;
#5918 = ORIENTED_EDGE ( 'NONE', *, *, #7909, .T. ) ;
#5919 = VECTOR ( 'NONE', #1027, 1000.000000000000000 ) ;
#5920 = ORIENTED_EDGE ( 'NONE', *, *, #6775, .T. ) ;
#5921 = AXIS2_PLACEMENT_3D ( 'NONE', #1448, #3320, #1094 ) ;
#5922 = EDGE_LOOP ( 'NONE', ( #1977, #7606, #7049, #2821 ) ) ;
#5923 = ORIENTED_EDGE ( 'NONE', *, *, #7668, .T. ) ;
#5924 = CARTESIAN_POINT ( 'NONE',  ( 18.57494477594099891, 4.946767786038690495, 29.80000000000000071 ) ) ;
#5925 = LINE ( 'NONE', #1653, #7688 ) ;
#5926 = DIRECTION ( 'NONE',  ( 0.000000000000000000, 0.000000000000000000, -1.000000000000000000 ) ) ;
#5927 = DIRECTION ( 'NONE',  ( -1.000000000000000000, -0.000000000000000000, -0.000000000000000000 ) ) ;
#5928 = DIRECTION ( 'NONE',  ( 0.000000000000000000, 1.000000000000000000, 6.536190239841725167E-14 ) ) ;
#5929 = ADVANCED_FACE ( 'NONE', ( #4181 ), #5534, .T. ) ;
#5930 = ADVANCED_FACE ( 'NONE', ( #7353 ), #1274, .T. ) ;
#5931 = PERSON_AND_ORGANIZATION ( #6653, #1510 ) ;
#5932 = CARTESIAN_POINT ( 'NONE',  ( 16.60000000000000142, 1.349999999999999645, 17.35000000000000142 ) ) ;
#5933 = EDGE_CURVE ( 'NONE', #7851, #5995, #7040, .T. ) ;
#5934 = CARTESIAN_POINT ( 'NONE',  ( 9.419999999999999929, 8.149999999999998579, 7.039999999999999147 ) ) ;
#5935 = AXIS2_PLACEMENT_3D ( 'NONE', #7004, #2589, #249 ) ;
#5936 = CARTESIAN_POINT ( 'NONE',  ( 10.44063214874750933, 7.632542952618612375, 18.26160511610936865 ) ) ;
#5937 = PLANE ( 'NONE',  #7849 ) ;
#5938 = CARTESIAN_POINT ( 'NONE',  ( 18.10221458223799829, 0.6500000000000024647, 18.74999999999999645 ) ) ;
#5939 = LINE ( 'NONE', #362, #6957 ) ;
#5940 = EDGE_CURVE ( 'NONE', #3223, #221, #2405, .T. ) ;
#5941 = ORIENTED_EDGE ( 'NONE', *, *, #7267, .F. ) ;
#5942 = ORIENTED_EDGE ( 'NONE', *, *, #2479, .T. ) ;
#5943 = CARTESIAN_POINT ( 'NONE',  ( 16.60000000000000142, 6.000000000000000888, 15.54080028089900090 ) ) ;
#5944 = ADVANCED_FACE ( 'NONE', ( #5442 ), #7311, .T. ) ;
#5945 = EDGE_CURVE ( 'NONE', #5454, #4146, #1198, .T. ) ;
#5946 = DIRECTION ( 'NONE',  ( -0.000000000000000000, -0.000000000000000000, 1.000000000000000000 ) ) ;
#5947 = ORIENTED_EDGE ( 'NONE', *, *, #2000, .F. ) ;
#5948 = LINE ( 'NONE', #1674, #2192 ) ;
#5949 = DIRECTION ( 'NONE',  ( 0.000000000000000000, 1.000000000000000000, 0.000000000000000000 ) ) ;
#5950 = ORIENTED_EDGE ( 'NONE', *, *, #7589, .T. ) ;
#5951 = LINE ( 'NONE', #1029, #2926 ) ;
#5952 = DIRECTION ( 'NONE',  ( -2.203284522077885698E-13, -0.000000000000000000, -1.000000000000000000 ) ) ;
#5953 = ADVANCED_FACE ( 'NONE', ( #3716 ), #4971, .T. ) ;
#5954 = CARTESIAN_POINT ( 'NONE',  ( 18.07765284496198888, 8.149999999999998579, 23.87500000000000355 ) ) ;
#5955 = ORIENTED_EDGE ( 'NONE', *, *, #6814, .T. ) ;
#5956 = VERTEX_POINT ( 'NONE', #1883 ) ;
#5957 = ORIENTED_EDGE ( 'NONE', *, *, #2527, .T. ) ;
#5958 = AXIS2_PLACEMENT_3D ( 'NONE', #1799, #2981, #7968 ) ;
#5959 = ORIENTED_EDGE ( 'NONE', *, *, #7267, .T. ) ;
#5960 = DIRECTION ( 'NONE',  ( 0.000000000000000000, 0.000000000000000000, -1.000000000000000000 ) ) ;
#5961 = CARTESIAN_POINT ( 'NONE',  ( 4.550000000000000711, 8.149999999999998579, 12.64000000000000412 ) ) ;
#5962 = LINE ( 'NONE', #383, #6007 ) ;
#5963 = EDGE_CURVE ( 'NONE', #1044, #2122, #4367, .T. ) ;
#5964 = LINE ( 'NONE', #4171, #5529 ) ;
#5965 = DIRECTION ( 'NONE',  ( -1.000000000000000000, 0.000000000000000000, -7.916372871240366200E-15 ) ) ;
#5966 = COORDINATED_UNIVERSAL_TIME_OFFSET ( 5, 0, .BEHIND. ) ;
#5967 = DIRECTION ( 'NONE',  ( 2.809873545960397291E-13, 1.000000000000000000, 0.000000000000000000 ) ) ;
#5968 = PLANE ( 'NONE',  #7855 ) ;
#5969 = EDGE_CURVE ( 'NONE', #7287, #6727, #3228, .T. ) ;
#5970 = LINE ( 'NONE', #3348, #3058 ) ;
#5971 = LINE ( 'NONE', #2777, #6560 ) ;
#5972 = VERTEX_POINT ( 'NONE', #4483 ) ;
#5973 = CARTESIAN_POINT ( 'NONE',  ( 16.60000000000000142, 4.070000000000014495, 17.34999999999994458 ) ) ;
#5974 = VERTEX_POINT ( 'NONE', #6387 ) ;
#5975 = VERTEX_POINT ( 'NONE', #4408 ) ;
#5976 = CARTESIAN_POINT ( 'NONE',  ( 10.02241238366300102, 7.948185016151897209, 18.23999999999999844 ) ) ;
#5977 = EDGE_CURVE ( 'NONE', #599, #4488, #7559, .T. ) ;
#5978 = ORIENTED_EDGE ( 'NONE', *, *, #4645, .T. ) ;
#5979 = CARTESIAN_POINT ( 'NONE',  ( 17.57602788561925422, 4.900237729497750827, 29.80000000000000071 ) ) ;
#5980 = DIRECTION ( 'NONE',  ( -1.000000000000000000, 0.000000000000000000, 0.000000000000000000 ) ) ;
#5981 = AXIS2_PLACEMENT_3D ( 'NONE', #5545, #5022, #1712 ) ;
#5982 = DIRECTION ( 'NONE',  ( 0.000000000000000000, 1.000000000000000000, 0.000000000000000000 ) ) ;
#5983 = EDGE_CURVE ( 'NONE', #1444, #1136, #137, .T. ) ;
#5984 = ORIENTED_EDGE ( 'NONE', *, *, #781, .T. ) ;
#5985 = CARTESIAN_POINT ( 'NONE',  ( 8.820000000000000284, 8.149999999999998579, 27.25999999999999801 ) ) ;
#5986 = CARTESIAN_POINT ( 'NONE',  ( 18.58809699203467858, 4.070000000000031370, 1.250000000000000000 ) ) ;
#5987 = CARTESIAN_POINT ( 'NONE',  ( 4.550000000000000711, 7.049999999999999822, 18.21999999999999886 ) ) ;
#5988 = AXIS2_PLACEMENT_3D ( 'NONE', #3671, #572, #4371 ) ;
#5989 = VERTEX_POINT ( 'NONE', #6919 ) ;
#5990 = CARTESIAN_POINT ( 'NONE',  ( 4.549999999999999822, 7.400000000000000355, 19.93999999999999773 ) ) ;
#5991 = ORIENTED_EDGE ( 'NONE', *, *, #4616, .T. ) ;
#5992 = ORIENTED_EDGE ( 'NONE', *, *, #6775, .F. ) ;
#5993 = EDGE_CURVE ( 'NONE', #5656, #453, #2076, .T. ) ;
#5994 = AXIS2_PLACEMENT_3D ( 'NONE', #742, #1470, #7030 ) ;
#5995 = VERTEX_POINT ( 'NONE', #41 ) ;
#5996 = DIRECTION ( 'NONE',  ( 0.000000000000000000, 0.000000000000000000, -1.000000000000000000 ) ) ;
#5997 = DIRECTION ( 'NONE',  ( 0.000000000000000000, 1.000000000000000000, 0.000000000000000000 ) ) ;
#5998 = CARTESIAN_POINT ( 'NONE',  ( 17.18212227597109987, 7.049999999999999822, 16.68000000000255056 ) ) ;
#5999 = ADVANCED_FACE ( 'NONE', ( #7485 ), #5131, .T. ) ;
#6000 = VERTEX_POINT ( 'NONE', #4525 ) ;
#6001 = AXIS2_PLACEMENT_3D ( 'NONE', #7122, #7159, #5261 ) ;
#6002 = DIRECTION ( 'NONE',  ( -0.000000000000000000, 1.964996503761339106E-16, -1.000000000000000000 ) ) ;
#6003 = ORIENTED_EDGE ( 'NONE', *, *, #5006, .F. ) ;
#6004 = VECTOR ( 'NONE', #5296, 1000.000000000000000 ) ;
#6005 = VERTEX_POINT ( 'NONE', #6996 ) ;
#6006 = CARTESIAN_POINT ( 'NONE',  ( 16.60000000000000142, 4.070000000000030482, 6.850000000000001421 ) ) ;
#6007 = VECTOR ( 'NONE', #2267, 1000.000000000000000 ) ;
#6008 = CIRCLE ( 'NONE', #6531, 8.000000000018912871 ) ;
#6009 = CIRCLE ( 'NONE', #4188, 0.6999999999992979616 ) ;
#6010 = DIRECTION ( 'NONE',  ( 1.000000000000000000, -0.000000000000000000, -0.000000000000000000 ) ) ;
#6011 = LINE ( 'NONE', #5128, #2763 ) ;
#6012 = LINE ( 'NONE', #5287, #984 ) ;
#6013 = VECTOR ( 'NONE', #7133, 1000.000000000000000 ) ;
#6014 = CARTESIAN_POINT ( 'NONE',  ( 17.37894151473797066, 7.000622083981281385, 22.75999999999999801 ) ) ;
#6015 = VECTOR ( 'NONE', #4347, 1000.000000000000000 ) ;
#6016 = DIRECTION ( 'NONE',  ( 0.6939740629156970764, 0.7200000000001944844, 0.000000000000000000 ) ) ;
#6017 = CARTESIAN_POINT ( 'NONE',  ( 10.25000000000061995, 7.550000000000000711, 1.819999999999384999 ) ) ;
#6018 = VERTEX_POINT ( 'NONE', #6881 ) ;
#6019 = AXIS2_PLACEMENT_3D ( 'NONE', #5794, #7798, #7762 ) ;
#6020 = ORIENTED_EDGE ( 'NONE', *, *, #5133, .F. ) ;
#6021 = DIRECTION ( 'NONE',  ( -0.000000000000000000, -0.000000000000000000, 1.000000000000000000 ) ) ;
#6022 = AXIS2_PLACEMENT_3D ( 'NONE', #3516, #308, #381 ) ;
#6023 = VECTOR ( 'NONE', #5409, 1000.000000000000000 ) ;
#6024 = PLANE ( 'NONE',  #2519 ) ;
#6025 = VERTEX_POINT ( 'NONE', #6314 ) ;
#6026 = DIRECTION ( 'NONE',  ( -0.000000000000000000, -0.000000000000000000, 1.000000000000000000 ) ) ;
#6027 = DIRECTION ( 'NONE',  ( 0.000000000000000000, 1.000000000000000000, 0.000000000000000000 ) ) ;
#6028 = LINE ( 'NONE', #3071, #7465 ) ;
#6029 = ORIENTED_EDGE ( 'NONE', *, *, #1959, .F. ) ;
#6030 = EDGE_CURVE ( 'NONE', #7432, #4169, #7799, .T. ) ;
#6031 = EDGE_CURVE ( 'NONE', #6642, #4392, #2365, .T. ) ;
#6032 = ORIENTED_EDGE ( 'NONE', *, *, #5945, .F. ) ;
#6033 = EDGE_CURVE ( 'NONE', #7257, #5713, #1433, .T. ) ;
#6034 = CARTESIAN_POINT ( 'NONE',  ( 18.10221458223597679, 0.6500000000009461543, 0.001787997811314578391 ) ) ;
#6035 = LINE ( 'NONE', #5417, #3428 ) ;
#6036 = CARTESIAN_POINT ( 'NONE',  ( 10.44063215199696870, 7.632542950166155471, 28.33839488223947711 ) ) ;
#6037 = VECTOR ( 'NONE', #6399, 1000.000000000000000 ) ;
#6038 = PLANE ( 'NONE',  #4878 ) ;
#6039 = EDGE_CURVE ( 'NONE', #7232, #1554, #4458, .T. ) ;
#6040 = VERTEX_POINT ( 'NONE', #5615 ) ;
#6041 = CARTESIAN_POINT ( 'NONE',  ( 18.59999999999999787, 0.6999999999992979616, 29.10000000000070131 ) ) ;
#6042 = EDGE_LOOP ( 'NONE', ( #1246, #6419, #4816, #7402 ) ) ;
#6043 = ORIENTED_EDGE ( 'NONE', *, *, #7271, .F. ) ;
#6044 = AXIS2_PLACEMENT_3D ( 'NONE', #1582, #7191, #5253 ) ;
#6045 = VECTOR ( 'NONE', #498, 1000.000000000000000 ) ;
#6046 = ORIENTED_EDGE ( 'NONE', *, *, #614, .T. ) ;
#6047 = LINE ( 'NONE', #3562, #7068 ) ;
#6048 = CARTESIAN_POINT ( 'NONE',  ( 4.550000000000000711, 7.000000000000000000, 22.75999999999999801 ) ) ;
#6049 = CYLINDRICAL_SURFACE ( 'NONE', #2858, 0.9999999999974716891 ) ;
#6050 = ADVANCED_FACE ( 'NONE', ( #123 ), #3300, .F. ) ;
#6051 = ORIENTED_EDGE ( 'NONE', *, *, #5198, .F. ) ;
#6052 = EDGE_CURVE ( 'NONE', #230, #4663, #31, .T. ) ;
#6053 = CARTESIAN_POINT ( 'NONE',  ( 4.549999999999999822, 8.149999999999998579, 1.419999999999999929 ) ) ;
#6054 = VECTOR ( 'NONE', #942, 1000.000000000000000 ) ;
#6055 = VERTEX_POINT ( 'NONE', #778 ) ;
#6056 = ORIENTED_EDGE ( 'NONE', *, *, #5158, .T. ) ;
#6057 = CARTESIAN_POINT ( 'NONE',  ( 8.820000000000000284, 8.149999999999998579, 27.25999999999999801 ) ) ;
#6058 = CIRCLE ( 'NONE', #1766, 0.3999999999993835154 ) ;
#6059 = CARTESIAN_POINT ( 'NONE',  ( 17.18212227597054920, 8.149999999999998579, 17.67999999999999972 ) ) ;
#6060 = LINE ( 'NONE', #6744, #3404 ) ;
#6061 = CARTESIAN_POINT ( 'NONE',  ( 16.18594924246994893, 5.979999999998560689, 5.959999999999999964 ) ) ;
#6062 = LINE ( 'NONE', #1052, #1591 ) ;
#6063 = CARTESIAN_POINT ( 'NONE',  ( 4.550000000000000711, 8.149999999999998579, 17.16000000000000369 ) ) ;
#6064 = PLANE ( 'NONE',  #4091 ) ;
#6065 = ORIENTED_EDGE ( 'NONE', *, *, #186, .F. ) ;
#6066 = B_SPLINE_CURVE_WITH_KNOTS ( 'NONE', 3,
 ( #6997, #7881, #6672, #1064 ),
 .UNSPECIFIED., .F., .F.,
 ( 4, 4 ),
 ( 0.000000000000000000, 1.000000000000000000 ),
 .UNSPECIFIED. ) ;
#6067 = CARTESIAN_POINT ( 'NONE',  ( 4.690000000058420326, 4.299999999992524913, 11.75000000000000000 ) ) ;
#6068 = LINE ( 'NONE', #7198, #35 ) ;
#6069 = ADVANCED_FACE ( 'NONE', ( #3190 ), #5663, .T. ) ;
#6070 = DIRECTION ( 'NONE',  ( 0.000000000000000000, 1.000000000000000000, 0.000000000000000000 ) ) ;
#6071 = EDGE_LOOP ( 'NONE', ( #7857, #4332, #3851, #4162, #5464, #608, #1409 ) ) ;
#6072 = LINE ( 'NONE', #1758, #1697 ) ;
#6073 = CARTESIAN_POINT ( 'NONE',  ( 0.2999999999999998224, 6.100000000000000533, 16.69999999999999929 ) ) ;
#6074 = LINE ( 'NONE', #6154, #366 ) ;
#6075 = CARTESIAN_POINT ( 'NONE',  ( 0.4999999999999469869, 7.218676524318589749, 29.80000000000000071 ) ) ;
#6076 = ORIENTED_EDGE ( 'NONE', *, *, #2205, .T. ) ;
#6077 = ORIENTED_EDGE ( 'NONE', *, *, #3262, .T. ) ;
#6078 = CARTESIAN_POINT ( 'NONE',  ( 18.58809699203467858, 4.070000000000031370, 18.05000000000000071 ) ) ;
#6079 = DIRECTION ( 'NONE',  ( 0.000000000000000000, -1.000000000000000000, 0.000000000000000000 ) ) ;
#6080 = CARTESIAN_POINT ( 'NONE',  ( 18.10221458223799829, 0.6500000000000024647, 18.74999999999999645 ) ) ;
#6081 = CARTESIAN_POINT ( 'NONE',  ( 4.550000000000000711, 7.049999999999999822, 7.020000000000000462 ) ) ;
#6082 = VERTEX_POINT ( 'NONE', #5053 ) ;
#6083 = DIRECTION ( 'NONE',  ( 0.000000000000000000, 1.000000000000000000, 0.000000000000000000 ) ) ;
#6084 = EDGE_CURVE ( 'NONE', #7704, #4468, #7523, .T. ) ;
#6085 = VERTEX_POINT ( 'NONE', #2655 ) ;
#6086 = ORIENTED_EDGE ( 'NONE', *, *, #935, .F. ) ;
#6087 = VERTEX_POINT ( 'NONE', #7602 ) ;
#6088 = PLANE ( 'NONE',  #1091 ) ;
#6089 = LINE ( 'NONE', #3090, #4198 ) ;
#6090 = FACE_OUTER_BOUND ( 'NONE', #6171, .T. ) ;
#6091 = VERTEX_POINT ( 'NONE', #2040 ) ;
#6092 = CARTESIAN_POINT ( 'NONE',  ( 16.60000000000000142, 0.6500000000000001332, 11.05000000000000071 ) ) ;
#6093 = ORIENTED_EDGE ( 'NONE', *, *, #3696, .F. ) ;
#6094 = EDGE_CURVE ( 'NONE', #3223, #3585, #3910, .T. ) ;
#6095 = ORIENTED_EDGE ( 'NONE', *, *, #2840, .T. ) ;
#6096 = CARTESIAN_POINT ( 'NONE',  ( 0.2999999999999998224, 6.100000000000000533, 16.69999999999999929 ) ) ;
#6097 = APPROVAL ( #7188, 'UNSPECIFIED' ) ;
#6098 = CYLINDRICAL_SURFACE ( 'NONE', #3060, 0.6000000000000961231 ) ;
#6099 = CARTESIAN_POINT ( 'NONE',  ( 17.37894151473799553, 7.000622083981298260, 16.67499999999999716 ) ) ;
#6100 = LINE ( 'NONE', #6186, #6703 ) ;
#6101 = LINE ( 'NONE', #5662, #2895 ) ;
#6102 = CARTESIAN_POINT ( 'NONE',  ( 2.500000000000000000, 6.236000019965298513, 15.89478841297199274 ) ) ;
#6103 = CARTESIAN_POINT ( 'NONE',  ( 4.550000000000000711, 8.149999999999998579, 17.16000000000000014 ) ) ;
#6104 = EDGE_CURVE ( 'NONE', #4211, #4517, #1546, .T. ) ;
#6105 = CARTESIAN_POINT ( 'NONE',  ( 18.10881781221917208, 5.999999999999992006, 15.54080028089899379 ) ) ;
#6106 = ADVANCED_FACE ( 'NONE', ( #2190 ), #7785, .F. ) ;
#6107 = CARTESIAN_POINT ( 'NONE',  ( 4.550000000000000711, 7.049999999999999822, 6.519999999999999574 ) ) ;
#6108 = VERTEX_POINT ( 'NONE', #2229 ) ;
#6109 = CARTESIAN_POINT ( 'NONE',  ( 10.65000000000000746, 8.149999999999998579, 27.98000000000022780 ) ) ;
#6110 = LINE ( 'NONE', #6626, #4339 ) ;
#6111 = DIRECTION ( 'NONE',  ( 0.000000000000000000, 1.000000000000000000, 0.000000000000000000 ) ) ;
#6112 = CARTESIAN_POINT ( 'NONE',  ( 18.58205168432626309, 4.769999999999997797, 24.35000000000000853 ) ) ;
#6113 = ORIENTED_EDGE ( 'NONE', *, *, #3660, .F. ) ;
#6114 = VERTEX_POINT ( 'NONE', #239 ) ;
#6115 = LINE ( 'NONE', #5376, #7842 ) ;
#6116 = DIRECTION ( 'NONE',  ( 0.000000000000000000, 1.000000000000000000, 0.000000000000000000 ) ) ;
#6117 = DIRECTION ( 'NONE',  ( 0.000000000000000000, 0.000000000000000000, -1.000000000000000000 ) ) ;
#6118 = LINE ( 'NONE', #6683, #5525 ) ;
#6119 = VECTOR ( 'NONE', #1741, 1000.000000000000000 ) ;
#6120 = CARTESIAN_POINT ( 'NONE',  ( 0.8752296437652843375, 7.843928917713792082, 0.1011784068329149716 ) ) ;
#6121 = ORIENTED_EDGE ( 'NONE', *, *, #3345, .T. ) ;
#6122 = DIRECTION ( 'NONE',  ( -1.000000000000000000, -0.000000000000000000, -0.000000000000000000 ) ) ;
#6123 = ORIENTED_EDGE ( 'NONE', *, *, #358, .F. ) ;
#6124 = ORIENTED_EDGE ( 'NONE', *, *, #3232, .T. ) ;
#6125 = AXIS2_PLACEMENT_3D ( 'NONE', #530, #7403, #50 ) ;
#6126 = ORIENTED_EDGE ( 'NONE', *, *, #3226, .F. ) ;
#6127 = CARTESIAN_POINT ( 'NONE',  ( 4.549999999999999822, 7.000000000000000000, 17.16000000000000014 ) ) ;
#6128 = CARTESIAN_POINT ( 'NONE',  ( 8.820000000000000284, 8.000000000000000000, 21.66000000000000369 ) ) ;
#6129 = EDGE_CURVE ( 'NONE', #1444, #4112, #4709, .T. ) ;
#6130 = DIRECTION ( 'NONE',  ( 0.9658792505104538684, -0.2589928057559971464, 0.000000000000000000 ) ) ;
#6131 = VERTEX_POINT ( 'NONE', #6502 ) ;
#6132 = EDGE_LOOP ( 'NONE', ( #1155, #7384, #758, #4307 ) ) ;
#6133 = VECTOR ( 'NONE', #5056, 1000.000000000000000 ) ;
#6134 = EDGE_LOOP ( 'NONE', ( #6043, #7060, #4341, #6400 ) ) ;
#6135 = ORIENTED_EDGE ( 'NONE', *, *, #5697, .T. ) ;
#6136 = CARTESIAN_POINT ( 'NONE',  ( 18.22722386638361414, 1.144652205999018069, 28.52126654563607033 ) ) ;
#6137 = EDGE_CURVE ( 'NONE', #3512, #2005, #6430, .T. ) ;
#6138 = VECTOR ( 'NONE', #5172, 1000.000000000000000 ) ;
#6139 = ADVANCED_FACE ( 'NONE', ( #7113 ), #3452, .T. ) ;
#6140 = CARTESIAN_POINT ( 'NONE',  ( 4.549999999999998934, 8.000000000000076383, 27.25999999999999801 ) ) ;
#6141 = CARTESIAN_POINT ( 'NONE',  ( 0.3000000000006601830, 4.254627983565849370, 13.10000000000000142 ) ) ;
#6142 = CARTESIAN_POINT ( 'NONE',  ( 4.549999999999999822, 7.000000000000000888, 23.83999999999999986 ) ) ;
#6143 = LINE ( 'NONE', #3054, #7938 ) ;
#6144 = VECTOR ( 'NONE', #7595, 1000.000000000000000 ) ;
#6145 = CARTESIAN_POINT ( 'NONE',  ( 4.550000000000000711, 8.149999999999998579, 8.140000000000000568 ) ) ;
#6146 = CARTESIAN_POINT ( 'NONE',  ( 8.820000000000000284, 8.000000000000000000, 27.25999999999999801 ) ) ;
#6147 = CYLINDRICAL_SURFACE ( 'NONE', #6404, 0.6999999999999769740 ) ;
#6148 = AXIS2_PLACEMENT_3D ( 'NONE', #7967, #403, #6153 ) ;
#6149 = ADVANCED_FACE ( 'NONE', ( #5351 ), #4102, .T. ) ;
#6150 = CARTESIAN_POINT ( 'NONE',  ( 18.60000000000009734, 0.3606747624244369121, 0.08165287897391598770 ) ) ;
#6151 = ORIENTED_EDGE ( 'NONE', *, *, #5542, .F. ) ;
#6152 = DIRECTION ( 'NONE',  ( 0.000000000000000000, 1.000000000000000000, 0.000000000000000000 ) ) ;
#6153 = DIRECTION ( 'NONE',  ( 0.000000000000000000, 0.000000000000000000, -1.000000000000000000 ) ) ;
#6154 = CARTESIAN_POINT ( 'NONE',  ( 10.25000000000021316, 8.149999999999998579, 1.419999999999999929 ) ) ;
#6155 = CARTESIAN_POINT ( 'NONE',  ( 16.60000000000000142, 4.070000000000030482, 12.44999999999999929 ) ) ;
#6156 = AXIS2_PLACEMENT_3D ( 'NONE', #2593, #3775, #2053 ) ;
#6157 = ORIENTED_EDGE ( 'NONE', *, *, #7175, .T. ) ;
#6158 = VECTOR ( 'NONE', #345, 1000.000000000000000 ) ;
#6159 = ORIENTED_EDGE ( 'NONE', *, *, #5514, .F. ) ;
#6160 = LINE ( 'NONE', #7975, #4493 ) ;
#6161 = CARTESIAN_POINT ( 'NONE',  ( 18.58839275991026341, 4.519789715092553450, 1.406296517304756133 ) ) ;
#6162 = CARTESIAN_POINT ( 'NONE',  ( 17.37947366142815042, 6.999999999999999112, 7.040000000000000036 ) ) ;
#6163 = LINE ( 'NONE', #541, #5909 ) ;
#6164 = B_SPLINE_CURVE_WITH_KNOTS ( 'NONE', 3,
 ( #4135, #6608, #5313, #4708, #7183, #6648 ),
 .UNSPECIFIED., .F., .F.,
 ( 4, 2, 4 ),
 ( 0.000000000000000000, 0.5000000000000000000, 1.000000000000000000 ),
 .UNSPECIFIED. ) ;
#6165 = CARTESIAN_POINT ( 'NONE',  ( 18.58897279926771517, 4.122921973353970593, 22.94999999999997087 ) ) ;
#6166 = ORIENTED_EDGE ( 'NONE', *, *, #4665, .F. ) ;
#6167 = AXIS2_PLACEMENT_3D ( 'NONE', #145, #4549, #4509 ) ;
#6168 = DIRECTION ( 'NONE',  ( -0.000000000000000000, -0.000000000000000000, 1.000000000000000000 ) ) ;
#6169 = ORIENTED_EDGE ( 'NONE', *, *, #5478, .F. ) ;
#6170 = ORIENTED_EDGE ( 'NONE', *, *, #6389, .T. ) ;
#6171 = EDGE_LOOP ( 'NONE', ( #2135, #2451, #1773, #2586 ) ) ;
#6172 = CARTESIAN_POINT ( 'NONE',  ( 10.25000000000030909, 7.049999999999998934, 11.58000000000000007 ) ) ;
#6173 = LINE ( 'NONE', #467, #6944 ) ;
#6174 = LINE ( 'NONE', #7990, #6573 ) ;
#6175 = ORIENTED_EDGE ( 'NONE', *, *, #978, .T. ) ;
#6176 = DIRECTION ( 'NONE',  ( 0.7236544834620207700, 0.6901624363621334801, 0.000000000000000000 ) ) ;
#6177 = ORIENTED_EDGE ( 'NONE', *, *, #1077, .T. ) ;
#6178 = CARTESIAN_POINT ( 'NONE',  ( 10.65000000000000036, 7.550000000000000711, 18.61999999999980560 ) ) ;
#6179 = ADVANCED_FACE ( 'NONE', ( #7074 ), #2877, .F. ) ;
#6180 = EDGE_LOOP ( 'NONE', ( #5434, #7632, #2720, #1784, #1593, #417, #1775, #748 ) ) ;
#6181 = VECTOR ( 'NONE', #7868, 1000.000000000000000 ) ;
#6182 = ORIENTED_EDGE ( 'NONE', *, *, #3867, .T. ) ;
#6183 = CARTESIAN_POINT ( 'NONE',  ( 4.549999999999999822, 8.149999999999998579, 8.139999999999998792 ) ) ;
#6184 = CARTESIAN_POINT ( 'NONE',  ( 4.549999999999999822, 7.049999999999998934, 6.479999999999999538 ) ) ;
#6185 = CIRCLE ( 'NONE', #4375, 8.000000000018912871 ) ;
#6186 = CARTESIAN_POINT ( 'NONE',  ( 8.820000000000000284, 8.000000000000067502, 13.74000000000000021 ) ) ;
#6187 = DIRECTION ( 'NONE',  ( 1.000000000000000000, 0.000000000000000000, 0.000000000000000000 ) ) ;
#6188 = CARTESIAN_POINT ( 'NONE',  ( 8.820000000000000284, 8.000000000000067502, 2.539999999999998259 ) ) ;
#6189 = ADVANCED_FACE ( 'NONE', ( #3486 ), #899, .T. ) ;
#6190 = DIRECTION ( 'NONE',  ( 0.8955305689923251933, 0.000000000000000000, 0.4450000000003171974 ) ) ;
#6191 = EDGE_CURVE ( 'NONE', #6085, #6646, #3413, .T. ) ;
#6192 = VECTOR ( 'NONE', #7513, 1000.000000000000000 ) ;
#6193 = FACE_OUTER_BOUND ( 'NONE', #380, .T. ) ;
#6194 = ADVANCED_FACE ( 'NONE', ( #384 ), #862, .T. ) ;
#6195 = CARTESIAN_POINT ( 'NONE',  ( 18.21660862778836787, 1.099580679648721970, 17.30568678242993386 ) ) ;
#6196 = CARTESIAN_POINT ( 'NONE',  ( 3.619999999999619966, 8.149999999999998579, 29.10000000000037090 ) ) ;
#6197 = LINE ( 'NONE', #2498, #2241 ) ;
#6198 = CARTESIAN_POINT ( 'NONE',  ( 17.18212227597109987, 8.149999999999998579, 7.519999999997470930 ) ) ;
#6199 = CARTESIAN_POINT ( 'NONE',  ( 10.02241238366300102, 7.948185016151898985, 18.23999999999999844 ) ) ;
#6200 = DIRECTION ( 'NONE',  ( 0.000000000000000000, 0.000000000000000000, -1.000000000000000000 ) ) ;
#6201 = EDGE_CURVE ( 'NONE', #4438, #844, #4322, .T. ) ;
#6202 = DIRECTION ( 'NONE',  ( 1.000000000000000000, 0.000000000000000000, 1.548240702311686554E-12 ) ) ;
#6203 = B_SPLINE_CURVE_WITH_KNOTS ( 'NONE', 3,
 ( #4291, #6165, #592, #3081, #6211, #3126, #5594, #1373, #5151, #1331 ),
 .UNSPECIFIED., .F., .F.,
 ( 4, 2, 2, 2, 4 ),
 ( 0.000000000000000000, 0.1249999999999992228, 0.2499999999999984457, 0.4999999999999988898, 1.000000000000000000 ),
 .UNSPECIFIED. ) ;
#6204 = EDGE_LOOP ( 'NONE', ( #3237, #3329, #558, #6300 ) ) ;
#6205 = EDGE_CURVE ( 'NONE', #7257, #5043, #7672, .T. ) ;
#6206 = ORIENTED_EDGE ( 'NONE', *, *, #6039, .T. ) ;
#6207 = CARTESIAN_POINT ( 'NONE',  ( 16.79681876996998469, 7.598708417452355590, 29.78496309925235508 ) ) ;
#6208 = PLANE ( 'NONE',  #7581 ) ;
#6209 = CARTESIAN_POINT ( 'NONE',  ( 8.820000000000000284, 7.400000000000005684, 15.45999999999999908 ) ) ;
#6210 = FACE_OUTER_BOUND ( 'NONE', #4948, .T. ) ;
#6211 = CARTESIAN_POINT ( 'NONE',  ( 18.59004717814658392, 4.325493980074811340, 22.90356872518711384 ) ) ;
#6212 = AXIS2_PLACEMENT_3D ( 'NONE', #6726, #542, #5508 ) ;
#6213 = ORIENTED_EDGE ( 'NONE', *, *, #643, .T. ) ;
#6214 = CARTESIAN_POINT ( 'NONE',  ( 18.58809699203467858, 4.069999999999994955, 11.75000000000000000 ) ) ;
#6215 = ORIENTED_EDGE ( 'NONE', *, *, #6980, .T. ) ;
#6216 = ORIENTED_EDGE ( 'NONE', *, *, #7918, .T. ) ;
#6217 = EDGE_CURVE ( 'NONE', #6953, #1451, #3922, .T. ) ;
#6218 = ORIENTED_EDGE ( 'NONE', *, *, #6618, .T. ) ;
#6219 = DIRECTION ( 'NONE',  ( 0.000000000000000000, 0.000000000000000000, -1.000000000000000000 ) ) ;
#6220 = CYLINDRICAL_SURFACE ( 'NONE', #7181, 0.2999999999998871347 ) ;
#6221 = EDGE_LOOP ( 'NONE', ( #730, #7206, #1387, #363, #3181, #7042, #800, #1732 ) ) ;
#6222 = EDGE_CURVE ( 'NONE', #5720, #6370, #2156, .T. ) ;
#6223 = ORIENTED_EDGE ( 'NONE', *, *, #2066, .T. ) ;
#6224 = VERTEX_POINT ( 'NONE', #351 ) ;
#6225 = ORIENTED_EDGE ( 'NONE', *, *, #2205, .F. ) ;
#6226 = LINE ( 'NONE', #3677, #6628 ) ;
#6227 = ORIENTED_EDGE ( 'NONE', *, *, #194, .F. ) ;
#6228 = LINE ( 'NONE', #773, #5746 ) ;
#6229 = ADVANCED_FACE ( 'NONE', ( #2768 ), #4027, .T. ) ;
#6230 = AXIS2_PLACEMENT_3D ( 'NONE', #1714, #7275, #2790 ) ;
#6231 = CARTESIAN_POINT ( 'NONE',  ( 18.27335378321595627, 1.350000000000004530, 6.150000000000000355 ) ) ;
#6232 = LINE ( 'NONE', #4795, #1709 ) ;
#6233 = FACE_OUTER_BOUND ( 'NONE', #10, .T. ) ;
#6234 = AXIS2_PLACEMENT_3D ( 'NONE', #4502, #6979, #4543 ) ;
#6235 = DIRECTION ( 'NONE',  ( 1.000000000000000000, -0.000000000000000000, -0.000000000000000000 ) ) ;
#6236 = CARTESIAN_POINT ( 'NONE',  ( 9.420000000000319673, 7.150000000001090150, 7.040000000000000036 ) ) ;
#6237 = EDGE_CURVE ( 'NONE', #3824, #3224, #5527, .T. ) ;
#6238 = DIRECTION ( 'NONE',  ( 0.000000000000000000, 0.000000000000000000, 1.000000000000000000 ) ) ;
#6239 = ORIENTED_EDGE ( 'NONE', *, *, #7445, .T. ) ;
#6240 = LINE ( 'NONE', #664, #7670 ) ;
#6241 = LINE ( 'NONE', #4490, #3420 ) ;
#6242 = CARTESIAN_POINT ( 'NONE',  ( 8.820000000000000284, 8.149999999999998579, 4.859999999999999432 ) ) ;
#6243 = DIRECTION ( 'NONE',  ( -1.000000000000000000, 0.000000000000000000, 0.000000000000000000 ) ) ;
#6244 = VERTEX_POINT ( 'NONE', #2350 ) ;
#6245 = ORIENTED_EDGE ( 'NONE', *, *, #6616, .T. ) ;
#6246 = CARTESIAN_POINT ( 'NONE',  ( 8.820000000000000284, 8.000000000000067502, 24.93999999999990180 ) ) ;
#6247 = DIRECTION ( 'NONE',  ( 1.000000000000000000, -6.043166577783350324E-15, -0.000000000000000000 ) ) ;
#6248 = LINE ( 'NONE', #1292, #185 ) ;
#6249 = EDGE_CURVE ( 'NONE', #7250, #3866, #6741, .T. ) ;
#6250 = CARTESIAN_POINT ( 'NONE',  ( 18.58809699203467858, 4.069999999999994955, 28.55000000000000071 ) ) ;
#6251 = CARTESIAN_POINT ( 'NONE',  ( 18.39999999999959002, 0.000000000000000000, 0.6999999999999995115 ) ) ;
#6252 = ORIENTED_EDGE ( 'NONE', *, *, #7476, .T. ) ;
#6253 = CARTESIAN_POINT ( 'NONE',  ( 16.60000000000000142, 0.6499999999999991340, 5.450000000000001954 ) ) ;
#6254 = ORIENTED_EDGE ( 'NONE', *, *, #5612, .F. ) ;
#6255 = EDGE_LOOP ( 'NONE', ( #5162, #4089, #6701, #424 ) ) ;
#6256 = VERTEX_POINT ( 'NONE', #4879 ) ;
#6257 = DIRECTION ( 'NONE',  ( 0.8955305689931841728, 0.000000000000000000, 0.4449999999985886912 ) ) ;
#6258 = CARTESIAN_POINT ( 'NONE',  ( 0.04879491358186616168, 6.235999986104698856, 13.90521157559099663 ) ) ;
#6259 = VERTEX_POINT ( 'NONE', #4175 ) ;
#6260 = DIRECTION ( 'NONE',  ( 0.000000000000000000, 1.000000000000000000, 0.000000000000000000 ) ) ;
#6261 = EDGE_CURVE ( 'NONE', #4555, #2560, #1833, .T. ) ;
#6262 = ORIENTED_EDGE ( 'NONE', *, *, #1163, .T. ) ;
#6263 = ORIENTED_EDGE ( 'NONE', *, *, #1717, .T. ) ;
#6264 = EDGE_LOOP ( 'NONE', ( #5494, #1154, #5033, #117 ) ) ;
#6265 = VECTOR ( 'NONE', #5786, 1000.000000000000000 ) ;
#6266 = ADVANCED_FACE ( 'NONE', ( #5476 ), #4137, .T. ) ;
#6267 = CARTESIAN_POINT ( 'NONE',  ( 4.550000000000000711, 7.049999999999999822, 11.58000000000000007 ) ) ;
#6268 = VECTOR ( 'NONE', #1828, 1000.000000000000000 ) ;
#6269 = CARTESIAN_POINT ( 'NONE',  ( 4.549999999999999822, 7.400000000000005684, 4.259999999999998010 ) ) ;
#6270 = CARTESIAN_POINT ( 'NONE',  ( 18.58809699203467858, 4.070000000000031370, 12.44999999999999929 ) ) ;
#6271 = CARTESIAN_POINT ( 'NONE',  ( 10.25000000000000000, 7.049999999999999822, 12.61999999999999922 ) ) ;
#6272 = LINE ( 'NONE', #700, #2251 ) ;
#6273 = AXIS2_PLACEMENT_3D ( 'NONE', #8005, #1831, #3106 ) ;
#6274 = CARTESIAN_POINT ( 'NONE',  ( 8.820000000000000284, 8.149999999999998579, 10.46000000000000085 ) ) ;
#6275 = CARTESIAN_POINT ( 'NONE',  ( 4.549999999999999822, 8.000000000000000000, 19.33999999999999986 ) ) ;
#6276 = VECTOR ( 'NONE', #7025, 1000.000000000000000 ) ;
#6277 = ORIENTED_EDGE ( 'NONE', *, *, #3310, .F. ) ;
#6278 = CARTESIAN_POINT ( 'NONE',  ( 10.54999999999976268, 7.550000000000000711, 11.44457513110895519 ) ) ;
#6279 = CARTESIAN_POINT ( 'NONE',  ( 0.000000000000000000, 3.949999999999999734, 17.00000000000000000 ) ) ;
#6280 = DIRECTION ( 'NONE',  ( 1.000000000000000000, 0.000000000000000000, 0.000000000000000000 ) ) ;
#6281 = DIRECTION ( 'NONE',  ( 6.579099405186079729E-15, -4.934324553889559994E-15, 1.000000000000000000 ) ) ;
#6282 = ORIENTED_EDGE ( 'NONE', *, *, #6593, .T. ) ;
#6283 = EDGE_LOOP ( 'NONE', ( #2933, #4048, #529, #2010, #4946, #4822, #6095, #2592, #1113 ) ) ;
#6284 = LINE ( 'NONE', #1970, #7444 ) ;
#6285 = AXIS2_PLACEMENT_3D ( 'NONE', #3692, #6168, #3083 ) ;
#6286 = DIRECTION ( 'NONE',  ( -1.000000000000000000, -0.000000000000000000, -0.000000000000000000 ) ) ;
#6287 = CARTESIAN_POINT ( 'NONE',  ( 18.58809699203467858, 4.069999999999994067, 11.74999999999994316 ) ) ;
#6288 = VERTEX_POINT ( 'NONE', #6610 ) ;
#6289 = AXIS2_PLACEMENT_3D ( 'NONE', #5302, #374, #2864 ) ;
#6290 = DIRECTION ( 'NONE',  ( -1.096345236820114027E-12, 0.000000000000000000, 1.000000000000000000 ) ) ;
#6291 = VERTEX_POINT ( 'NONE', #7866 ) ;
#6292 = EDGE_LOOP ( 'NONE', ( #6871, #3617, #1739, #2101 ) ) ;
#6293 = VECTOR ( 'NONE', #4733, 1000.000000000000000 ) ;
#6294 = EDGE_CURVE ( 'NONE', #150, #4353, #2440, .T. ) ;
#6295 = EDGE_CURVE ( 'NONE', #6689, #3850, #1786, .T. ) ;
#6296 = ORIENTED_EDGE ( 'NONE', *, *, #4763, .F. ) ;
#6297 = DIRECTION ( 'NONE',  ( 0.000000000000000000, 1.000000000000000000, 0.000000000000000000 ) ) ;
#6298 = EDGE_CURVE ( 'NONE', #5882, #7650, #7973, .T. ) ;
#6299 = DIRECTION ( 'NONE',  ( 0.000000000000000000, 1.610814656264231749E-14, -1.000000000000000000 ) ) ;
#6300 = ORIENTED_EDGE ( 'NONE', *, *, #3653, .T. ) ;
#6301 = VECTOR ( 'NONE', #4668, 1000.000000000000000 ) ;
#6302 = CYLINDRICAL_SURFACE ( 'NONE', #2158, 8.000000000018912871 ) ;
#6303 = VERTEX_POINT ( 'NONE', #5435 ) ;
#6304 = LINE ( 'NONE', #733, #4638 ) ;
#6305 = ORIENTED_EDGE ( 'NONE', *, *, #4518, .F. ) ;
#6306 = ORIENTED_EDGE ( 'NONE', *, *, #4429, .T. ) ;
#6307 = EDGE_CURVE ( 'NONE', #688, #2859, #2923, .T. ) ;
#6308 = EDGE_CURVE ( 'NONE', #2323, #641, #430, .T. ) ;
#6309 = CARTESIAN_POINT ( 'NONE',  ( 18.58205168432626309, 4.769999999999997797, 16.65000000000000213 ) ) ;
#6310 = CIRCLE ( 'NONE', #5522, 0.6999999999999420019 ) ;
#6311 = DIRECTION ( 'NONE',  ( -1.000000000000000000, -0.000000000000000000, -0.000000000000000000 ) ) ;
#6312 = AXIS2_PLACEMENT_3D ( 'NONE', #1643, #5334, #5456 ) ;
#6313 = CARTESIAN_POINT ( 'NONE',  ( 0.000000000000000000, 3.949999999999999734, 17.00000000000000000 ) ) ;
#6314 = CARTESIAN_POINT ( 'NONE',  ( 17.91437827766100810, 6.300000000000006928, 16.67499999999999716 ) ) ;
#6315 = DIRECTION ( 'NONE',  ( -0.000000000000000000, 1.000000000000000000, 0.000000000000000000 ) ) ;
#6316 = VECTOR ( 'NONE', #6321, 1000.000000000000000 ) ;
#6317 = VECTOR ( 'NONE', #5531, 1000.000000000000000 ) ;
#6318 = EDGE_CURVE ( 'NONE', #6114, #28, #3618, .T. ) ;
#6319 = DIRECTION ( 'NONE',  ( 1.000000000000000000, -0.000000000000000000, -0.000000000000000000 ) ) ;
#6320 = AXIS2_PLACEMENT_3D ( 'NONE', #2900, #4658, #7803 ) ;
#6321 = DIRECTION ( 'NONE',  ( -9.015530357735944473E-17, 0.000000000000000000, -1.000000000000000000 ) ) ;
#6322 = VECTOR ( 'NONE', #3177, 1000.000000000000000 ) ;
#6323 = ORIENTED_EDGE ( 'NONE', *, *, #4243, .T. ) ;
#6324 = CARTESIAN_POINT ( 'NONE',  ( 10.25000000000061995, 7.049999999999999822, 18.61999999999940059 ) ) ;
#6325 = CARTESIAN_POINT ( 'NONE',  ( 8.820000000000000284, 8.000000000000101252, 25.53999999999999915 ) ) ;
#6326 = FACE_OUTER_BOUND ( 'NONE', #1538, .T. ) ;
#6327 = LINE ( 'NONE', #96, #442 ) ;
#6328 = VERTEX_POINT ( 'NONE', #6096 ) ;
#6329 = ORIENTED_EDGE ( 'NONE', *, *, #6390, .F. ) ;
#6330 = DIRECTION ( 'NONE',  ( 1.000000000000000000, 0.000000000000000000, 0.000000000000000000 ) ) ;
#6331 = CIRCLE ( 'NONE', #4233, 8.000000000018912871 ) ;
#6332 = EDGE_CURVE ( 'NONE', #3813, #1988, #4789, .T. ) ;
#6333 = FACE_OUTER_BOUND ( 'NONE', #6374, .T. ) ;
#6334 = CARTESIAN_POINT ( 'NONE',  ( 10.54999999999880700, 7.550000000000000711, 23.95542486889182143 ) ) ;
#6335 = EDGE_LOOP ( 'NONE', ( #3986, #343, #4199, #6526 ) ) ;
#6336 = CARTESIAN_POINT ( 'NONE',  ( 17.18212227597000208, 7.049999999999999822, 23.27999999999999758 ) ) ;
#6337 = ORIENTED_EDGE ( 'NONE', *, *, #1225, .T. ) ;
#6338 = ORIENTED_EDGE ( 'NONE', *, *, #5111, .F. ) ;
#6339 = ORIENTED_EDGE ( 'NONE', *, *, #4763, .T. ) ;
#6340 = DIRECTION ( 'NONE',  ( 0.000000000000000000, 0.000000000000000000, -1.000000000000000000 ) ) ;
#6341 = CARTESIAN_POINT ( 'NONE',  ( 10.54999999999999893, 7.550000000000000711, 23.83999924123665437 ) ) ;
#6342 = AXIS2_PLACEMENT_3D ( 'NONE', #751, #6280, #7531 ) ;
#6343 = EDGE_CURVE ( 'NONE', #5463, #981, #4963, .T. ) ;
#6344 = VERTEX_POINT ( 'NONE', #473 ) ;
#6345 = DIRECTION ( 'NONE',  ( 0.000000000000000000, -1.000000000000000000, 0.000000000000000000 ) ) ;
#6346 = ORIENTED_EDGE ( 'NONE', *, *, #2673, .F. ) ;
#6347 = EDGE_LOOP ( 'NONE', ( #576, #7539, #264, #6828, #7324, #171, #4218, #6833, #553 ) ) ;
#6348 = ORIENTED_EDGE ( 'NONE', *, *, #3263, .F. ) ;
#6349 = DIRECTION ( 'NONE',  ( 0.000000000000000000, 0.000000000000000000, 1.000000000000000000 ) ) ;
#6350 = EDGE_CURVE ( 'NONE', #6766, #6908, #2753, .T. ) ;
#6351 = CARTESIAN_POINT ( 'NONE',  ( 15.23000000000010701, 8.149999999999998579, 0.6999999999999912959 ) ) ;
#6352 = CARTESIAN_POINT ( 'NONE',  ( 10.54999999999880878, 7.550000000000000711, 18.35542486889182001 ) ) ;
#6353 = DIRECTION ( 'NONE',  ( 0.000000000000000000, 1.000000000000000000, 0.000000000000000000 ) ) ;
#6354 = CARTESIAN_POINT ( 'NONE',  ( 16.60000000000000142, 1.349999999999976108, 22.25000000000000000 ) ) ;
#6355 = DIRECTION ( 'NONE',  ( 0.000000000000000000, 1.000000000000000000, 0.000000000000000000 ) ) ;
#6356 = CARTESIAN_POINT ( 'NONE',  ( 18.27335378321595272, 1.349999999999999867, 17.35000000000000142 ) ) ;
#6357 = EDGE_CURVE ( 'NONE', #599, #2909, #3710, .T. ) ;
#6358 = VERTEX_POINT ( 'NONE', #2485 ) ;
#6359 = CYLINDRICAL_SURFACE ( 'NONE', #7413, 0.6000000000000970113 ) ;
#6360 = CIRCLE ( 'NONE', #2843, 0.9999999999974708009 ) ;
#6361 = DIRECTION ( 'NONE',  ( 0.9998630929521341582, -0.01654676258945753792, 0.000000000000000000 ) ) ;
#6362 = LINE ( 'NONE', #3883, #5171 ) ;
#6363 = DIRECTION ( 'NONE',  ( -0.000000000000000000, 1.000000000000000000, 0.000000000000000000 ) ) ;
#6364 = ORIENTED_EDGE ( 'NONE', *, *, #5143, .T. ) ;
#6365 = ORIENTED_EDGE ( 'NONE', *, *, #1718, .F. ) ;
#6366 = DIRECTION ( 'NONE',  ( 0.000000000000000000, 1.000000000000000000, 0.000000000000000000 ) ) ;
#6367 = EDGE_CURVE ( 'NONE', #6863, #7335, #15, .T. ) ;
#6368 = CARTESIAN_POINT ( 'NONE',  ( 4.549999999999999822, 7.049999999999998934, 17.17999999999999972 ) ) ;
#6369 = DIRECTION ( 'NONE',  ( -3.191891195800813712E-13, 1.000000000000000000, 0.000000000000000000 ) ) ;
#6370 = VERTEX_POINT ( 'NONE', #1269 ) ;
#6371 = DIRECTION ( 'NONE',  ( 1.000000000000000000, 0.000000000000000000, 0.000000000000000000 ) ) ;
#6372 = VERTEX_POINT ( 'NONE', #3751 ) ;
#6373 = ORIENTED_EDGE ( 'NONE', *, *, #3954, .T. ) ;
#6374 = EDGE_LOOP ( 'NONE', ( #5865, #3863, #4253, #5604, #7063 ) ) ;
#6375 = PLANE ( 'NONE',  #6167 ) ;
#6376 = CIRCLE ( 'NONE', #4290, 0.3999999999993846256 ) ;
#6377 = CARTESIAN_POINT ( 'NONE',  ( 18.58205168432626309, 4.769999999999997797, 24.35000000000000853 ) ) ;
#6378 = ORIENTED_EDGE ( 'NONE', *, *, #4098, .F. ) ;
#6379 = ORIENTED_EDGE ( 'NONE', *, *, #1908, .T. ) ;
#6380 = ORIENTED_EDGE ( 'NONE', *, *, #6568, .T. ) ;
#6381 = EDGE_CURVE ( 'NONE', #2176, #7089, #6226, .T. ) ;
#6382 = ORIENTED_EDGE ( 'NONE', *, *, #5329, .F. ) ;
#6383 = CARTESIAN_POINT ( 'NONE',  ( 0.3643478260869588703, 7.699923329723704413, 29.75386415199194801 ) ) ;
#6384 = CYLINDRICAL_SURFACE ( 'NONE', #4177, 0.9999999999989070965 ) ;
#6385 = CARTESIAN_POINT ( 'NONE',  ( 18.12467766249666212, 0.7334047677209082350, 22.59297778840704396 ) ) ;
#6386 = LINE ( 'NONE', #1033, #7818 ) ;
#6387 = CARTESIAN_POINT ( 'NONE',  ( 17.18212227597027919, 8.149999999999998579, 6.519999999999998685 ) ) ;
#6388 = DIRECTION ( 'NONE',  ( 0.000000000000000000, 1.000000000000000000, 0.000000000000000000 ) ) ;
#6389 = EDGE_CURVE ( 'NONE', #891, #3826, #3067, .T. ) ;
#6390 = EDGE_CURVE ( 'NONE', #7007, #1570, #147, .T. ) ;
#6391 = VECTOR ( 'NONE', #1885, 1000.000000000000000 ) ;
#6392 = LINE ( 'NONE', #1317, #6133 ) ;
#6393 = EDGE_CURVE ( 'NONE', #2052, #3171, #5466, .T. ) ;
#6394 = CARTESIAN_POINT ( 'NONE',  ( 18.58205168432626309, 4.769999999999997797, 16.65000000000000213 ) ) ;
#6395 = VERTEX_POINT ( 'NONE', #1107 ) ;
#6396 = LINE ( 'NONE', #1480, #675 ) ;
#6397 = LINE ( 'NONE', #2083, #2660 ) ;
#6398 = DIRECTION ( 'NONE',  ( -0.000000000000000000, -0.000000000000000000, -1.000000000000000000 ) ) ;
#6399 = DIRECTION ( 'NONE',  ( -0.000000000000000000, -1.000000000000000000, -0.000000000000000000 ) ) ;
#6400 = ORIENTED_EDGE ( 'NONE', *, *, #5161, .F. ) ;
#6401 = ORIENTED_EDGE ( 'NONE', *, *, #7783, .F. ) ;
#6402 = PLANE ( 'NONE',  #818 ) ;
#6403 = EDGE_CURVE ( 'NONE', #8017, #5974, #3514, .T. ) ;
#6404 = AXIS2_PLACEMENT_3D ( 'NONE', #573, #3063, #5774 ) ;
#6405 = CARTESIAN_POINT ( 'NONE',  ( 4.550000000000000711, 8.149999999999998579, 22.75999999999999801 ) ) ;
#6406 = DIRECTION ( 'NONE',  ( 0.000000000000000000, 0.000000000000000000, -1.000000000000000000 ) ) ;
#6407 = ORIENTED_EDGE ( 'NONE', *, *, #1631, .F. ) ;
#6408 = AXIS2_PLACEMENT_3D ( 'NONE', #3613, #7293, #1040 ) ;
#6409 = LINE ( 'NONE', #2748, #241 ) ;
#6410 = ORIENTED_EDGE ( 'NONE', *, *, #935, .T. ) ;
#6411 = ORIENTED_EDGE ( 'NONE', *, *, #7864, .T. ) ;
#6412 = CARTESIAN_POINT ( 'NONE',  ( 16.90522562721025679, 7.506004358438104873, 0.001697323897216497209 ) ) ;
#6413 = VECTOR ( 'NONE', #2321, 1000.000000000000000 ) ;
#6414 = AXIS2_PLACEMENT_3D ( 'NONE', #4833, #1747, #4228 ) ;
#6415 = VERTEX_POINT ( 'NONE', #5626 ) ;
#6416 = DIRECTION ( 'NONE',  ( 0.000000000000000000, 0.000000000000000000, 1.000000000000000000 ) ) ;
#6417 = FACE_OUTER_BOUND ( 'NONE', #5839, .T. ) ;
#6418 = AXIS2_PLACEMENT_3D ( 'NONE', #1157, #4287, #6116 ) ;
#6419 = ORIENTED_EDGE ( 'NONE', *, *, #4841, .F. ) ;
#6420 = CIRCLE ( 'NONE', #5768, 1.049999999990996802 ) ;
#6421 = VERTEX_POINT ( 'NONE', #7449 ) ;
#6422 = VERTEX_POINT ( 'NONE', #3019 ) ;
#6423 = AXIS2_PLACEMENT_3D ( 'NONE', #2088, #4684, #4537 ) ;
#6424 = AXIS2_PLACEMENT_3D ( 'NONE', #4255, #6219, #3745 ) ;
#6425 = CARTESIAN_POINT ( 'NONE',  ( 16.60000000000000142, 4.770000000000001350, 11.05000000000000071 ) ) ;
#6426 = CARTESIAN_POINT ( 'NONE',  ( 18.22768840902515208, 1.146650358813553927, 12.47819840945034642 ) ) ;
#6427 = EDGE_CURVE ( 'NONE', #5882, #3265, #5450, .T. ) ;
#6428 = CARTESIAN_POINT ( 'NONE',  ( 18.25022240231553639, 1.245001127752425329, 22.94393450571124404 ) ) ;
#6429 = PLANE ( 'NONE',  #6528 ) ;
#6430 = LINE ( 'NONE', #7223, #2887 ) ;
#6431 = APPLICATION_PROTOCOL_DEFINITION ( 'international standard', 'config_control_design', 1994, #187 ) ;
#6432 = AXIS2_PLACEMENT_3D ( 'NONE', #6748, #6619, #8006 ) ;
#6433 = DIRECTION ( 'NONE',  ( 0.8955305689931833957, 0.000000000000000000, 0.4449999999985900789 ) ) ;
#6434 = ADVANCED_FACE ( 'NONE', ( #6804 ), #489, .T. ) ;
#6435 = CARTESIAN_POINT ( 'NONE',  ( 10.65000000000000746, 8.149999999999998579, 16.78000000000022851 ) ) ;
#6436 = ORIENTED_EDGE ( 'NONE', *, *, #3555, .T. ) ;
#6437 = CARTESIAN_POINT ( 'NONE',  ( -1.040926700656382358E-12, 4.090805775935911548, 12.94080573610656870 ) ) ;
#6438 = DIRECTION ( 'NONE',  ( 1.810771445020542507E-11, 1.000000000000000000, -0.000000000000000000 ) ) ;
#6439 = VECTOR ( 'NONE', #940, 1000.000000000000000 ) ;
#6440 = CYLINDRICAL_SURFACE ( 'NONE', #5047, 0.6000000000000961231 ) ;
#6441 = FACE_OUTER_BOUND ( 'NONE', #7323, .T. ) ;
#6442 = ORIENTED_EDGE ( 'NONE', *, *, #5436, .T. ) ;
#6443 = ORIENTED_EDGE ( 'NONE', *, *, #1768, .F. ) ;
#6444 = CARTESIAN_POINT ( 'NONE',  ( 4.549999999999999822, 7.400000000000000355, 14.33999999999999986 ) ) ;
#6445 = VECTOR ( 'NONE', #3997, 1000.000000000000000 ) ;
#6446 = EDGE_CURVE ( 'NONE', #1871, #2871, #2415, .T. ) ;
#6447 = DIRECTION ( 'NONE',  ( 1.000000000000000000, -1.027520474853500812E-14, -0.000000000000000000 ) ) ;
#6448 = ORIENTED_EDGE ( 'NONE', *, *, #4742, .T. ) ;
#6449 = CARTESIAN_POINT ( 'NONE',  ( 8.820000000000000284, 8.000000000000101252, 8.740000000000099689 ) ) ;
#6450 = CARTESIAN_POINT ( 'NONE',  ( 4.550000000000004263, 8.149999999999998579, 6.519999999999999574 ) ) ;
#6451 = EDGE_CURVE ( 'NONE', #688, #1268, #2368, .T. ) ;
#6452 = CIRCLE ( 'NONE', #210, 0.6000000000000970113 ) ;
#6453 = ORIENTED_EDGE ( 'NONE', *, *, #5073, .T. ) ;
#6454 = CARTESIAN_POINT ( 'NONE',  ( 18.58809699203467858, 4.070000000000026930, 23.65000000000000568 ) ) ;
#6455 = PLANE ( 'NONE',  #3303 ) ;
#6456 = VERTEX_POINT ( 'NONE', #1240 ) ;
#6457 = EDGE_LOOP ( 'NONE', ( #7893, #2943, #1270, #6166, #6527, #3289 ) ) ;
#6458 = VERTEX_POINT ( 'NONE', #4894 ) ;
#6459 = EDGE_CURVE ( 'NONE', #7019, #1603, #3726, .T. ) ;
#6460 = ORIENTED_EDGE ( 'NONE', *, *, #6699, .T. ) ;
#6461 = LINE ( 'NONE', #6497, #4724 ) ;
#6462 = B_SPLINE_CURVE_WITH_KNOTS ( 'NONE', 3,
 ( #538, #3027, #5504, #6161, #585, #2461, #4333, #4156, #1679, #5986 ),
 .UNSPECIFIED., .F., .F.,
 ( 4, 2, 2, 2, 4 ),
 ( 0.000000000000000000, 0.4999999999999992228, 0.7499999999999986677, 0.8749999999999993339, 1.000000000000000000 ),
 .UNSPECIFIED. ) ;
#6463 = FACE_OUTER_BOUND ( 'NONE', #5122, .T. ) ;
#6464 = CARTESIAN_POINT ( 'NONE',  ( 18.26196469902258457, 1.297558657672839288, 12.45000000000000639 ) ) ;
#6465 = EDGE_CURVE ( 'NONE', #7448, #217, #6072, .T. ) ;
#6466 = DIRECTION ( 'NONE',  ( -1.000000000000000000, 1.788837098225075884E-14, 0.000000000000000000 ) ) ;
#6467 = DIRECTION ( 'NONE',  ( 0.7598676893420028833, 0.6500777604979618429, 0.000000000000000000 ) ) ;
#6468 = AXIS2_PLACEMENT_3D ( 'NONE', #4389, #3163, #6861 ) ;
#6469 = CARTESIAN_POINT ( 'NONE',  ( 4.550000000000000711, 7.049999999999998934, 11.58000000000000007 ) ) ;
#6470 = EDGE_CURVE ( 'NONE', #3645, #6700, #8012, .T. ) ;
#6471 = DIRECTION ( 'NONE',  ( 0.000000000000000000, 1.000000000000000000, 0.000000000000000000 ) ) ;
#6472 = CC_DESIGN_SECURITY_CLASSIFICATION ( #5049, ( #4006 ) ) ;
#6473 = CYLINDRICAL_SURFACE ( 'NONE', #5679, 0.3000000000000016542 ) ;
#6474 = DIRECTION ( 'NONE',  ( 0.000000000000000000, -1.000000000000000000, -5.782411586588430333E-15 ) ) ;
#6475 = ORIENTED_EDGE ( 'NONE', *, *, #1662, .T. ) ;
#6476 = CARTESIAN_POINT ( 'NONE',  ( 18.27335378321595272, 1.349999999999981437, 18.05000000000002203 ) ) ;
#6477 = LINE ( 'NONE', #943, #3545 ) ;
#6478 = CARTESIAN_POINT ( 'NONE',  ( 2.500000000000000000, 6.300000000000541611, 16.08427192823310392 ) ) ;
#6479 = ADVANCED_FACE ( 'NONE', ( #5584 ), #5, .T. ) ;
#6480 = CARTESIAN_POINT ( 'NONE',  ( 17.18212227597054920, 7.049999999999999822, 12.07999999999999474 ) ) ;
#6481 = ORIENTED_EDGE ( 'NONE', *, *, #3527, .F. ) ;
#6482 = ORIENTED_EDGE ( 'NONE', *, *, #6367, .F. ) ;
#6483 = ADVANCED_FACE ( 'NONE', ( #4192 ), #1890, .T. ) ;
#6484 = LINE ( 'NONE', #2822, #5759 ) ;
#6485 = CARTESIAN_POINT ( 'NONE',  ( 10.37489995997994541, 7.682152859742349627, 1.440000000000000169 ) ) ;
#6486 = VERTEX_POINT ( 'NONE', #6715 ) ;
#6487 = DIRECTION ( 'NONE',  ( 3.289549702593061558E-15, -2.467162276944796169E-15, 1.000000000000000000 ) ) ;
#6488 = DIRECTION ( 'NONE',  ( -1.000000000000000000, -1.682681771697681353E-13, 0.000000000000000000 ) ) ;
#6489 = EDGE_CURVE ( 'NONE', #4552, #364, #3633, .T. ) ;
#6490 = ORIENTED_EDGE ( 'NONE', *, *, #7955, .F. ) ;
#6491 = EDGE_CURVE ( 'NONE', #1810, #502, #1282, .T. ) ;
#6492 = DIRECTION ( 'NONE',  ( 1.000000000000000000, -5.838551724504353829E-15, -0.000000000000000000 ) ) ;
#6493 = DIRECTION ( 'NONE',  ( 1.000000000000000000, -0.000000000000000000, -0.000000000000000000 ) ) ;
#6494 = ORIENTED_EDGE ( 'NONE', *, *, #5341, .T. ) ;
#6495 = ORIENTED_EDGE ( 'NONE', *, *, #6039, .F. ) ;
#6496 = ORIENTED_EDGE ( 'NONE', *, *, #1462, .T. ) ;
#6497 = CARTESIAN_POINT ( 'NONE',  ( 17.37947366142815042, 7.000000000000000888, 23.83999999999999986 ) ) ;
#6498 = DIRECTION ( 'NONE',  ( 0.000000000000000000, 1.000000000000000000, 0.000000000000000000 ) ) ;
#6499 = DIRECTION ( 'NONE',  ( 0.000000000000000000, -1.000000000000000000, 0.000000000000000000 ) ) ;
#6500 = EDGE_CURVE ( 'NONE', #1486, #5138, #6240, .T. ) ;
#6501 = CARTESIAN_POINT ( 'NONE',  ( 10.50109117053178132, 7.586912850963002164, 5.900032519233092465 ) ) ;
#6502 = CARTESIAN_POINT ( 'NONE',  ( 10.37489995996850212, 7.049999999999999822, 5.959999999999999964 ) ) ;
#6503 = EDGE_CURVE ( 'NONE', #8038, #874, #3233, .T. ) ;
#6504 = PERSON_AND_ORGANIZATION_ROLE ( 'design_owner' ) ;
#6505 = LINE ( 'NONE', #975, #4825 ) ;
#6506 = FACE_OUTER_BOUND ( 'NONE', #6134, .T. ) ;
#6507 = DIRECTION ( 'NONE',  ( 0.7981850161516486075, -0.6024123836633777929, -0.000000000000000000 ) ) ;
#6508 = DIRECTION ( 'NONE',  ( 1.000000000000000000, 0.000000000000000000, 0.000000000000000000 ) ) ;
#6509 = LINE ( 'NONE', #1586, #2022 ) ;
#6510 = AXIS2_PLACEMENT_3D ( 'NONE', #4413, #749, #6888 ) ;
#6511 = EDGE_LOOP ( 'NONE', ( #5102, #3902, #49, #5805 ) ) ;
#6512 = VERTEX_POINT ( 'NONE', #6278 ) ;
#6513 = FACE_OUTER_BOUND ( 'NONE', #5802, .T. ) ;
#6514 = VECTOR ( 'NONE', #4974, 1000.000000000000000 ) ;
#6515 = DIRECTION ( 'NONE',  ( 0.000000000000000000, -6.443258625057262735E-14, 1.000000000000000000 ) ) ;
#6516 = ORIENTED_EDGE ( 'NONE', *, *, #1016, .F. ) ;
#6517 = CARTESIAN_POINT ( 'NONE',  ( 17.18212227597109987, 7.049999999999999822, 22.28000000000255199 ) ) ;
#6518 = FACE_OUTER_BOUND ( 'NONE', #4780, .T. ) ;
#6519 = ORIENTED_EDGE ( 'NONE', *, *, #6052, .T. ) ;
#6520 = CARTESIAN_POINT ( 'NONE',  ( 18.10221458223790592, 0.6500000000000463185, 29.79821200218855637 ) ) ;
#6521 = LINE ( 'NONE', #4695, #4067 ) ;
#6522 = ORIENTED_EDGE ( 'NONE', *, *, #3375, .F. ) ;
#6523 = ADVANCED_FACE ( 'NONE', ( #2702 ), #5058, .T. ) ;
#6524 = CIRCLE ( 'NONE', #4182, 0.3999999999993835154 ) ;
#6525 = EDGE_CURVE ( 'NONE', #6676, #5727, #7645, .T. ) ;
#6526 = ORIENTED_EDGE ( 'NONE', *, *, #5766, .T. ) ;
#6527 = ORIENTED_EDGE ( 'NONE', *, *, #353, .F. ) ;
#6528 = AXIS2_PLACEMENT_3D ( 'NONE', #6599, #416, #7029 ) ;
#6529 = ORIENTED_EDGE ( 'NONE', *, *, #4954, .T. ) ;
#6530 = DIRECTION ( 'NONE',  ( 0.7598676893429463508, 0.6500777604968589474, 0.000000000000000000 ) ) ;
#6531 = AXIS2_PLACEMENT_3D ( 'NONE', #4484, #3261, #1998 ) ;
#6532 = CARTESIAN_POINT ( 'NONE',  ( 16.60000000000000142, 0.6499999999999991340, 16.65000000000000213 ) ) ;
#6533 = CARTESIAN_POINT ( 'NONE',  ( 16.60000000000000142, 4.070000000000030482, 18.05000000000000071 ) ) ;
#6534 = DIRECTION ( 'NONE',  ( 0.000000000000000000, 1.000000000000000000, -8.673617379884753651E-14 ) ) ;
#6535 = ADVANCED_FACE ( 'NONE', ( #3195 ), #3266, .T. ) ;
#6536 = CIRCLE ( 'NONE', #7829, 0.7000000000000110578 ) ;
#6537 = EDGE_CURVE ( 'NONE', #4392, #1035, #5673, .T. ) ;
#6538 = PERSON_AND_ORGANIZATION ( #6653, #1510 ) ;
#6539 = CARTESIAN_POINT ( 'NONE',  ( 10.44063215199695271, 7.632542950166167017, 17.13839488223948493 ) ) ;
#6540 = DIRECTION ( 'NONE',  ( 0.000000000000000000, 0.000000000000000000, -1.000000000000000000 ) ) ;
#6541 = AXIS2_PLACEMENT_3D ( 'NONE', #4431, #3284, #2602 ) ;
#6542 = DIRECTION ( 'NONE',  ( 0.000000000000000000, 1.788145869436490890E-12, 1.000000000000000000 ) ) ;
#6543 = LINE ( 'NONE', #6476, #326 ) ;
#6544 = FACE_OUTER_BOUND ( 'NONE', #2851, .T. ) ;
#6545 = LINE ( 'NONE', #6480, #4876 ) ;
#6546 = EDGE_CURVE ( 'NONE', #1024, #7816, #5708, .T. ) ;
#6547 = CIRCLE ( 'NONE', #7593, 0.9999999999974710230 ) ;
#6548 = ORIENTED_EDGE ( 'NONE', *, *, #7808, .F. ) ;
#6549 = VERTEX_POINT ( 'NONE', #2587 ) ;
#6550 = FACE_OUTER_BOUND ( 'NONE', #7896, .T. ) ;
#6551 = B_SPLINE_CURVE_WITH_KNOTS ( 'NONE', 3,
 ( #6250, #7537, #7501, #138, #5717, #7459, #4460, #6937, #1372, #6860 ),
 .UNSPECIFIED., .F., .F.,
 ( 4, 2, 2, 2, 4 ),
 ( 0.000000000000000000, 0.1249999999999993339, 0.2499999999999986677, 0.4999999999999991118, 1.000000000000000000 ),
 .UNSPECIFIED. ) ;
#6552 = AXIS2_PLACEMENT_3D ( 'NONE', #169, #1933, #1894 ) ;
#6553 = CARTESIAN_POINT ( 'NONE',  ( 8.820000000000000284, 8.000000000000067502, 2.540000000000000036 ) ) ;
#6554 = ORIENTED_EDGE ( 'NONE', *, *, #7732, .F. ) ;
#6555 = DIRECTION ( 'NONE',  ( -1.000000000000000000, 0.000000000000000000, -0.000000000000000000 ) ) ;
#6556 = DIRECTION ( 'NONE',  ( 0.7317914199408829257, 0.6815286624206687849, 0.000000000000000000 ) ) ;
#6557 = ORIENTED_EDGE ( 'NONE', *, *, #4791, .F. ) ;
#6558 = ADVANCED_FACE ( 'NONE', ( #7529 ), #6359, .F. ) ;
#6559 = CARTESIAN_POINT ( 'NONE',  ( 17.37894151473800264, 7.000622083981287602, 12.64000000000000057 ) ) ;
#6560 = VECTOR ( 'NONE', #6617, 1000.000000000000000 ) ;
#6561 = CARTESIAN_POINT ( 'NONE',  ( 4.550000000000000711, 7.049999999999999822, 28.87999999999999901 ) ) ;
#6562 = EDGE_LOOP ( 'NONE', ( #7629, #6182, #2648, #4873 ) ) ;
#6563 = ORIENTED_EDGE ( 'NONE', *, *, #3184, .T. ) ;
#6564 = AXIS2_PLACEMENT_3D ( 'NONE', #7150, #6540, #6577 ) ;
#6565 = ORIENTED_EDGE ( 'NONE', *, *, #1669, .F. ) ;
#6566 = ORIENTED_EDGE ( 'NONE', *, *, #5642, .T. ) ;
#6567 = DIRECTION ( 'NONE',  ( 0.000000000000000000, 1.000000000000000000, 0.000000000000000000 ) ) ;
#6568 = EDGE_CURVE ( 'NONE', #1076, #4169, #7002, .T. ) ;
#6569 = CARTESIAN_POINT ( 'NONE',  ( 10.25000000000061995, 8.149999999999998579, 24.21999999999940201 ) ) ;
#6570 = EDGE_CURVE ( 'NONE', #3479, #647, #3918, .T. ) ;
#6571 = DIRECTION ( 'NONE',  ( -0.000000000000000000, 1.235757331939932379E-14, -1.000000000000000000 ) ) ;
#6572 = CARTESIAN_POINT ( 'NONE',  ( 10.37489995996850212, 7.049999999999999822, 22.75999999999999801 ) ) ;
#6573 = VECTOR ( 'NONE', #602, 1000.000000000000000 ) ;
#6574 = DATE_AND_TIME ( #2193, #5177 ) ;
#6575 = EDGE_CURVE ( 'NONE', #2176, #2885, #3312, .T. ) ;
#6576 = CARTESIAN_POINT ( 'NONE',  ( 17.18212227597109987, 7.049999999999999822, 13.11999999999746258 ) ) ;
#6577 = DIRECTION ( 'NONE',  ( 0.000000000000000000, 1.000000000000000000, 0.000000000000000000 ) ) ;
#6578 = CIRCLE ( 'NONE', #7871, 0.9999999999989065413 ) ;
#6579 = APPROVAL ( #3346, 'UNSPECIFIED' ) ;
#6580 = CARTESIAN_POINT ( 'NONE',  ( 0.000000000000000000, 6.400000000000000355, 15.82330926563095197 ) ) ;
#6581 = LINE ( 'NONE', #4142, #4100 ) ;
#6582 = VERTEX_POINT ( 'NONE', #786 ) ;
#6583 = CARTESIAN_POINT ( 'NONE',  ( 16.60000000000000142, 4.769999999999999574, 1.949999999999984857 ) ) ;
#6584 = ORIENTED_EDGE ( 'NONE', *, *, #7864, .F. ) ;
#6585 = VERTEX_POINT ( 'NONE', #2665 ) ;
#6586 = LINE ( 'NONE', #2893, #5880 ) ;
#6587 = EDGE_CURVE ( 'NONE', #376, #4093, #6396, .T. ) ;
#6588 = DIRECTION ( 'NONE',  ( 0.6024123836633384910, 0.7981850161516781395, 0.000000000000000000 ) ) ;
#6589 = ORIENTED_EDGE ( 'NONE', *, *, #7440, .T. ) ;
#6590 = CARTESIAN_POINT ( 'NONE',  ( 0.1397825510883071720, 6.134753160768372737, 16.73502457505345475 ) ) ;
#6591 = DIRECTION ( 'NONE',  ( 0.000000000000000000, 1.000000000000000000, 0.000000000000000000 ) ) ;
#6592 = DIRECTION ( 'NONE',  ( 0.000000000000000000, 0.000000000000000000, -1.000000000000000000 ) ) ;
#6593 = EDGE_CURVE ( 'NONE', #7037, #4009, #5180, .T. ) ;
#6594 = ORIENTED_EDGE ( 'NONE', *, *, #3668, .F. ) ;
#6595 = LINE ( 'NONE', #4731, #5265 ) ;
#6596 = LINE ( 'NONE', #3365, #46 ) ;
#6597 = CARTESIAN_POINT ( 'NONE',  ( 16.60000000000000142, 1.350000000000000311, 22.95000000000000284 ) ) ;
#6598 = ORIENTED_EDGE ( 'NONE', *, *, #5665, .F. ) ;
#6599 = CARTESIAN_POINT ( 'NONE',  ( 10.65000000000000036, 7.550000000000000711, 7.419999999999800089 ) ) ;
#6600 = ORIENTED_EDGE ( 'NONE', *, *, #7102, .F. ) ;
#6601 = ORIENTED_EDGE ( 'NONE', *, *, #4505, .T. ) ;
#6602 = CIRCLE ( 'NONE', #3121, 8.000000000018912871 ) ;
#6603 = ORIENTED_EDGE ( 'NONE', *, *, #6657, .T. ) ;
#6604 = CARTESIAN_POINT ( 'NONE',  ( 0.2999999999999998224, 6.100000000000000533, 13.10000000000000142 ) ) ;
#6605 = DIRECTION ( 'NONE',  ( 0.000000000000000000, 0.4761904761903856254, -0.8793421577438294001 ) ) ;
#6606 = LINE ( 'NONE', #2917, #790 ) ;
#6607 = ORIENTED_EDGE ( 'NONE', *, *, #3400, .T. ) ;
#6608 = CARTESIAN_POINT ( 'NONE',  ( 0.2582017055808270567, 6.100000000000011191, 16.05014393440183440 ) ) ;
#6609 = ORIENTED_EDGE ( 'NONE', *, *, #3896, .T. ) ;
#6610 = CARTESIAN_POINT ( 'NONE',  ( 4.549999999999998934, 8.000000000000076383, 10.46000000000000085 ) ) ;
#6611 = EDGE_CURVE ( 'NONE', #3437, #2958, #4125, .T. ) ;
#6612 = CALENDAR_DATE ( 2024, 6, 11 ) ;
#6613 = CARTESIAN_POINT ( 'NONE',  ( 16.60000000000000142, 7.050000000000001599, 16.67499999999999716 ) ) ;
#6614 = DIRECTION ( 'NONE',  ( 1.000000000000000000, -0.000000000000000000, -0.000000000000000000 ) ) ;
#6615 = CARTESIAN_POINT ( 'NONE',  ( 10.54999999999881410, 7.550000000000000711, 12.75542486889180793 ) ) ;
#6616 = EDGE_CURVE ( 'NONE', #2323, #6646, #7276, .T. ) ;
#6617 = DIRECTION ( 'NONE',  ( 1.000000000000000000, -8.934960650900006893E-16, -0.000000000000000000 ) ) ;
#6618 = EDGE_CURVE ( 'NONE', #2560, #4001, #7924, .T. ) ;
#6619 = DIRECTION ( 'NONE',  ( 0.000000000000000000, 1.000000000000000000, 0.000000000000000000 ) ) ;
#6620 = ORIENTED_EDGE ( 'NONE', *, *, #2787, .T. ) ;
#6621 = EDGE_CURVE ( 'NONE', #4701, #3645, #1105, .T. ) ;
#6622 = ORIENTED_EDGE ( 'NONE', *, *, #6390, .T. ) ;
#6623 = CARTESIAN_POINT ( 'NONE',  ( 18.24250809076596624, 5.775120305025160050, 14.67177566229037566 ) ) ;
#6624 = DIRECTION ( 'NONE',  ( 0.8955305689923245271, 0.000000000000000000, -0.4450000000003185852 ) ) ;
#6625 = ORIENTED_EDGE ( 'NONE', *, *, #3619, .T. ) ;
#6626 = CARTESIAN_POINT ( 'NONE',  ( 17.37894151473799198, 7.000622083981300037, 13.12500000000000000 ) ) ;
#6627 = DIRECTION ( 'NONE',  ( 0.000000000000000000, 1.000000000000000000, 0.000000000000000000 ) ) ;
#6628 = VECTOR ( 'NONE', #2452, 1000.000000000000000 ) ;
#6629 = CARTESIAN_POINT ( 'NONE',  ( 2.051692149507288151E-16, 0.7000000000000087264, 0.000000000000000000 ) ) ;
#6630 = EDGE_CURVE ( 'NONE', #5608, #4112, #7481, .T. ) ;
#6631 = ORIENTED_EDGE ( 'NONE', *, *, #1508, .T. ) ;
#6632 = CARTESIAN_POINT ( 'NONE',  ( 18.48452363809825272, 0.4717263594703372531, 0.03826656043439413679 ) ) ;
#6633 = LINE ( 'NONE', #3550, #5771 ) ;
#6634 = DIRECTION ( 'NONE',  ( -1.000000000000000000, -0.000000000000000000, -0.000000000000000000 ) ) ;
#6635 = VECTOR ( 'NONE', #318, 1000.000000000000000 ) ;
#6636 = DIRECTION ( 'NONE',  ( 9.448706592554519636E-16, -0.000000000000000000, 1.000000000000000000 ) ) ;
#6637 = EDGE_LOOP ( 'NONE', ( #1915, #4150, #5415, #7943 ) ) ;
#6638 = CARTESIAN_POINT ( 'NONE',  ( 18.58809699203467858, 1.349999999999981437, 23.65000000000000568 ) ) ;
#6639 = EDGE_LOOP ( 'NONE', ( #8016, #2333, #1608, #3982 ) ) ;
#6640 = ORIENTED_EDGE ( 'NONE', *, *, #4540, .T. ) ;
#6641 = AXIS2_PLACEMENT_3D ( 'NONE', #1232, #1748, #4885 ) ;
#6642 = VERTEX_POINT ( 'NONE', #6968 ) ;
#6643 = DIRECTION ( 'NONE',  ( 0.000000000000000000, 0.000000000000000000, -1.000000000000000000 ) ) ;
#6644 = CARTESIAN_POINT ( 'NONE',  ( 16.60000000000000142, 6.299999999999999822, 16.67499999999999716 ) ) ;
#6645 = DIRECTION ( 'NONE',  ( -1.000000000000000000, -0.000000000000000000, -0.000000000000000000 ) ) ;
#6646 = VERTEX_POINT ( 'NONE', #1403 ) ;
#6647 = VECTOR ( 'NONE', #7635, 1000.000000000000000 ) ;
#6648 = CARTESIAN_POINT ( 'NONE',  ( 0.04879489147587402070, 6.236000019965298513, 15.89478841297199274 ) ) ;
#6649 = ORIENTED_EDGE ( 'NONE', *, *, #4551, .T. ) ;
#6650 = EDGE_LOOP ( 'NONE', ( #5632, #4697, #494, #4662 ) ) ;
#6651 = CARTESIAN_POINT ( 'NONE',  ( 10.37489995996850212, 7.049999999999999822, 11.56000000000000050 ) ) ;
#6652 = CIRCLE ( 'NONE', #1596, 0.6000000000000952349 ) ;
#6653 = PERSON ( 'UNSPECIFIED', 'UNSPECIFIED', 'UNSPECIFIED', ('UNSPECIFIED'), ('UNSPECIFIED'), ('UNSPECIFIED') ) ;
#6654 = CIRCLE ( 'NONE', #6285, 8.000000000018912871 ) ;
#6655 = CYLINDRICAL_SURFACE ( 'NONE', #7086, 0.6000000000000970113 ) ;
#6656 = CARTESIAN_POINT ( 'NONE',  ( 4.550000000000000711, 7.049999999999999822, 23.27999999999999758 ) ) ;
#6657 = EDGE_CURVE ( 'NONE', #6395, #3570, #7152, .T. ) ;
#6658 = CARTESIAN_POINT ( 'NONE',  ( 18.39999999999959002, 0.000000000000000000, 0.6999999999999995115 ) ) ;
#6659 = AXIS2_PLACEMENT_3D ( 'NONE', #7758, #871, #324 ) ;
#6660 = CARTESIAN_POINT ( 'NONE',  ( 0.000000000000000000, 7.218676524318499155, 0.000000000000000000 ) ) ;
#6661 = AXIS2_PLACEMENT_3D ( 'NONE', #3746, #1734, #1912 ) ;
#6662 = CARTESIAN_POINT ( 'NONE',  ( 17.37947366142814687, 7.000000000000001776, 11.55999999999999872 ) ) ;
#6663 = CARTESIAN_POINT ( 'NONE',  ( 18.60000000000022524, 0.3609719052845845599, 29.71856148160447475 ) ) ;
#6664 = VERTEX_POINT ( 'NONE', #2162 ) ;
#6665 = CARTESIAN_POINT ( 'NONE',  ( 4.550000000000000711, 8.149999999999998579, 23.83999999999999986 ) ) ;
#6666 = DIRECTION ( 'NONE',  ( 0.000000000000000000, -4.708535149080295344E-14, -1.000000000000000000 ) ) ;
#6667 = AXIS2_PLACEMENT_3D ( 'NONE', #965, #1652, #6530 ) ;
#6668 = EDGE_CURVE ( 'NONE', #2505, #230, #2884, .T. ) ;
#6669 = LINE ( 'NONE', #527, #4840 ) ;
#6670 = ORIENTED_EDGE ( 'NONE', *, *, #1473, .F. ) ;
#6671 = CARTESIAN_POINT ( 'NONE',  ( 10.02241238366300102, 7.948185016151898985, 1.440000000000001501 ) ) ;
#6672 = CARTESIAN_POINT ( 'NONE',  ( 0.2339249694068337715, 7.663160188986160470, 29.76791594932051765 ) ) ;
#6673 = DIRECTION ( 'NONE',  ( -0.7981850161519306042, 0.6024123836630039808, -0.000000000000000000 ) ) ;
#6674 = DIRECTION ( 'NONE',  ( -0.000000000000000000, -1.000000000000000000, -0.000000000000000000 ) ) ;
#6675 = ORIENTED_EDGE ( 'NONE', *, *, #1787, .F. ) ;
#6676 = VERTEX_POINT ( 'NONE', #2198 ) ;
#6677 = CARTESIAN_POINT ( 'NONE',  ( 18.10221458223597679, 0.6500000000009461543, 0.001787997811314578391 ) ) ;
#6678 = CARTESIAN_POINT ( 'NONE',  ( 18.59004176286028098, 4.323768553962242578, 18.09553676194785155 ) ) ;
#6679 = DIRECTION ( 'NONE',  ( -3.174543961041026456E-13, 1.000000000000000000, 0.000000000000000000 ) ) ;
#6680 = AXIS2_PLACEMENT_3D ( 'NONE', #5748, #2625, #4417 ) ;
#6681 = EDGE_CURVE ( 'NONE', #2184, #3604, #7679, .T. ) ;
#6682 = AXIS2_PLACEMENT_3D ( 'NONE', #7932, #7371, #4861 ) ;
#6683 = CARTESIAN_POINT ( 'NONE',  ( 4.550000000000000711, 8.149999999999998579, 5.980000000000001315 ) ) ;
#6684 = LINE ( 'NONE', #1121, #7112 ) ;
#6685 = EDGE_CURVE ( 'NONE', #6866, #5101, #3493, .T. ) ;
#6686 = VERTEX_POINT ( 'NONE', #5289 ) ;
#6687 = CARTESIAN_POINT ( 'NONE',  ( 4.549999999999999822, 7.049999999999998934, 17.71999999999999886 ) ) ;
#6688 = ORIENTED_EDGE ( 'NONE', *, *, #4565, .T. ) ;
#6689 = VERTEX_POINT ( 'NONE', #3423 ) ;
#6690 = AXIS2_PLACEMENT_3D ( 'NONE', #4531, #1439, #826 ) ;
#6691 = ORIENTED_EDGE ( 'NONE', *, *, #2273, .T. ) ;
#6692 = PLANE ( 'NONE',  #1494 ) ;
#6693 = DIRECTION ( 'NONE',  ( -1.000000000000000000, -0.000000000000000000, -0.000000000000000000 ) ) ;
#6694 = CYLINDRICAL_SURFACE ( 'NONE', #6408, 0.6999999999999769740 ) ;
#6695 = ORIENTED_EDGE ( 'NONE', *, *, #1606, .T. ) ;
#6696 = AXIS2_PLACEMENT_3D ( 'NONE', #7014, #1454, #5036 ) ;
#6697 = CARTESIAN_POINT ( 'NONE',  ( 8.820000000000000284, 8.000000000000000000, 16.06000000000000227 ) ) ;
#6698 = CIRCLE ( 'NONE', #7733, 0.6000000000000961231 ) ;
#6699 = EDGE_CURVE ( 'NONE', #1763, #2484, #391, .T. ) ;
#6700 = VERTEX_POINT ( 'NONE', #979 ) ;
#6701 = ORIENTED_EDGE ( 'NONE', *, *, #4059, .T. ) ;
#6702 = DIRECTION ( 'NONE',  ( 1.000000000000000000, 1.384590581249543522E-16, 0.000000000000000000 ) ) ;
#6703 = VECTOR ( 'NONE', #1829, 1000.000000000000000 ) ;
#6704 = EDGE_CURVE ( 'NONE', #4240, #2525, #1551, .T. ) ;
#6705 = LINE ( 'NONE', #2924, #6181 ) ;
#6706 = CARTESIAN_POINT ( 'NONE',  ( 16.60000000000000142, 0.6500000000000001332, 13.15000000000000036 ) ) ;
#6707 = DIRECTION ( 'NONE',  ( -0.000000000000000000, -0.000000000000000000, 1.000000000000000000 ) ) ;
#6708 = DIRECTION ( 'NONE',  ( 1.937843824800275300E-13, 1.000000000000000000, -0.000000000000000000 ) ) ;
#6709 = CARTESIAN_POINT ( 'NONE',  ( 4.550000000000000711, 8.149999999999998579, 17.17999999999999972 ) ) ;
#6710 = DIRECTION ( 'NONE',  ( 0.000000000000000000, 1.000000000000000000, 0.000000000000000000 ) ) ;
#6711 = CARTESIAN_POINT ( 'NONE',  ( 18.13779192000147944, 0.7827846147251280584, 17.06948472087486479 ) ) ;
#6712 = FACE_OUTER_BOUND ( 'NONE', #7240, .T. ) ;
#6713 = CARTESIAN_POINT ( 'NONE',  ( 8.820000000000000284, 8.000000000000067502, 19.33999999999990393 ) ) ;
#6714 = EDGE_LOOP ( 'NONE', ( #6522, #6448, #5799, #2280, #2750, #5041, #307 ) ) ;
#6715 = CARTESIAN_POINT ( 'NONE',  ( 8.820000000000000284, 7.400000000000000355, 14.33999999999999986 ) ) ;
#6716 = FACE_OUTER_BOUND ( 'NONE', #6740, .T. ) ;
#6717 = LINE ( 'NONE', #532, #7769 ) ;
#6718 = LINE ( 'NONE', #6629, #2016 ) ;
#6719 = ADVANCED_FACE ( 'NONE', ( #4609 ), #5937, .T. ) ;
#6720 = ORIENTED_EDGE ( 'NONE', *, *, #6922, .T. ) ;
#6721 = ORIENTED_EDGE ( 'NONE', *, *, #3735, .T. ) ;
#6722 = DIRECTION ( 'NONE',  ( 0.7599342076788299094, 0.6499999999996531885, 0.000000000000000000 ) ) ;
#6723 = FACE_OUTER_BOUND ( 'NONE', #5155, .T. ) ;
#6724 = CARTESIAN_POINT ( 'NONE',  ( 10.50109117052994812, 7.586912850964385946, 28.30003251923286456 ) ) ;
#6725 = DIRECTION ( 'NONE',  ( 0.000000000000000000, 1.000000000000000000, 0.000000000000000000 ) ) ;
#6726 = CARTESIAN_POINT ( 'NONE',  ( 4.690000000058420326, 4.299999999992524913, 23.65000000000000568 ) ) ;
#6727 = VERTEX_POINT ( 'NONE', #4756 ) ;
#6728 = CARTESIAN_POINT ( 'NONE',  ( 17.18212227597109987, 7.049999999999999822, 27.88000000000255341 ) ) ;
#6729 = ORIENTED_EDGE ( 'NONE', *, *, #72, .F. ) ;
#6730 = VERTEX_POINT ( 'NONE', #1520 ) ;
#6731 = EDGE_CURVE ( 'NONE', #2052, #3643, #2850, .T. ) ;
#6732 = ORIENTED_EDGE ( 'NONE', *, *, #6295, .F. ) ;
#6733 = FACE_OUTER_BOUND ( 'NONE', #7001, .T. ) ;
#6734 = CARTESIAN_POINT ( 'NONE',  ( 4.550000000000000711, 7.049999999999999822, 28.87999999999999901 ) ) ;
#6735 = CARTESIAN_POINT ( 'NONE',  ( 10.02241238366300102, 7.948185016151897209, 12.64000000000000057 ) ) ;
#6736 = ORIENTED_EDGE ( 'NONE', *, *, #1488, .F. ) ;
#6737 = ORIENTED_EDGE ( 'NONE', *, *, #6217, .F. ) ;
#6738 = AXIS2_PLACEMENT_3D ( 'NONE', #2173, #2827, #6591 ) ;
#6739 = ORIENTED_EDGE ( 'NONE', *, *, #683, .F. ) ;
#6740 = EDGE_LOOP ( 'NONE', ( #1935, #4919, #4393, #3475 ) ) ;
#6741 = LINE ( 'NONE', #6057, #2354 ) ;
#6742 = EDGE_CURVE ( 'NONE', #3570, #7659, #1583, .T. ) ;
#6743 = CIRCLE ( 'NONE', #780, 0.9999999999974710230 ) ;
#6744 = CARTESIAN_POINT ( 'NONE',  ( 4.550000000000000711, 8.149999999999998579, 2.539999999999998259 ) ) ;
#6745 = CARTESIAN_POINT ( 'NONE',  ( 11.29999999998313953, 1.799999999990480326, 0.9000000000000001332 ) ) ;
#6746 = DIRECTION ( 'NONE',  ( 1.000000000000000000, 0.000000000000000000, 0.000000000000000000 ) ) ;
#6747 = DIRECTION ( 'NONE',  ( 0.000000000000000000, 0.000000000000000000, -1.000000000000000000 ) ) ;
#6748 = CARTESIAN_POINT ( 'NONE',  ( 10.25000000000061995, 7.049999999999999822, 11.18000000000061966 ) ) ;
#6749 = FACE_OUTER_BOUND ( 'NONE', #2086, .T. ) ;
#6750 = FACE_OUTER_BOUND ( 'NONE', #632, .T. ) ;
#6751 = FACE_OUTER_BOUND ( 'NONE', #3753, .T. ) ;
#6752 = ORIENTED_EDGE ( 'NONE', *, *, #7035, .T. ) ;
#6753 = DIRECTION ( 'NONE',  ( 0.000000000000000000, 0.000000000000000000, -1.000000000000000000 ) ) ;
#6754 = CARTESIAN_POINT ( 'NONE',  ( 4.550000000000000711, 7.049999999999999822, 17.17999999999999972 ) ) ;
#6755 = CARTESIAN_POINT ( 'NONE',  ( 18.07765284496202085, 8.149999999999998579, 22.72500000000000853 ) ) ;
#6756 = CARTESIAN_POINT ( 'NONE',  ( 18.07765284496199243, 7.049999999999999822, 5.924999999999993605 ) ) ;
#6757 = ORIENTED_EDGE ( 'NONE', *, *, #4965, .F. ) ;
#6758 = ORIENTED_EDGE ( 'NONE', *, *, #830, .T. ) ;
#6759 = CARTESIAN_POINT ( 'NONE',  ( 16.65681953213537270, 7.704698615976677267, 29.75440419995038610 ) ) ;
#6760 = DIRECTION ( 'NONE',  ( 1.000000000000000000, -2.943292465489214159E-15, 3.531950958587057385E-15 ) ) ;
#6761 = DIRECTION ( 'NONE',  ( 1.000000000000000000, -0.000000000000000000, -0.000000000000000000 ) ) ;
#6762 = DIRECTION ( 'NONE',  ( -1.000000000000000000, 2.552250841931516415E-16, -0.000000000000000000 ) ) ;
#6763 = LINE ( 'NONE', #4993, #620 ) ;
#6764 = ORIENTED_EDGE ( 'NONE', *, *, #3903, .T. ) ;
#6765 = CARTESIAN_POINT ( 'NONE',  ( 10.37489995997825787, 7.682152859743366591, 5.959999999999999964 ) ) ;
#6766 = VERTEX_POINT ( 'NONE', #4068 ) ;
#6767 = ORIENTED_EDGE ( 'NONE', *, *, #1020, .T. ) ;
#6768 = AXIS2_PLACEMENT_3D ( 'NONE', #4318, #6797, #5580 ) ;
#6769 = ORIENTED_EDGE ( 'NONE', *, *, #5174, .T. ) ;
#6770 = FACE_OUTER_BOUND ( 'NONE', #2288, .T. ) ;
#6771 = FACE_OUTER_BOUND ( 'NONE', #6637, .T. ) ;
#6772 = DIRECTION ( 'NONE',  ( 0.000000000000000000, 1.000000000000000000, 0.000000000000000000 ) ) ;
#6773 = ORIENTED_EDGE ( 'NONE', *, *, #2643, .T. ) ;
#6774 = EDGE_CURVE ( 'NONE', #6908, #851, #6543, .T. ) ;
#6775 = EDGE_CURVE ( 'NONE', #5723, #7592, #5901, .T. ) ;
#6776 = CARTESIAN_POINT ( 'NONE',  ( 18.58898895371305215, 4.123898130085394520, 6.850000000000033396 ) ) ;
#6777 = ORIENTED_EDGE ( 'NONE', *, *, #4856, .F. ) ;
#6778 = AXIS2_PLACEMENT_3D ( 'NONE', #4270, #6747, #2445 ) ;
#6779 = DIRECTION ( 'NONE',  ( 0.000000000000000000, 0.000000000000000000, 1.000000000000000000 ) ) ;
#6780 = ORIENTED_EDGE ( 'NONE', *, *, #1662, .F. ) ;
#6781 = ORIENTED_EDGE ( 'NONE', *, *, #2732, .F. ) ;
#6782 = DIRECTION ( 'NONE',  ( 1.000000000000000000, 0.000000000000000000, 0.000000000000000000 ) ) ;
#6783 = EDGE_CURVE ( 'NONE', #5276, #1588, #735, .T. ) ;
#6784 = AXIS2_PLACEMENT_3D ( 'NONE', #7023, #234, #2726 ) ;
#6785 = AXIS2_PLACEMENT_3D ( 'NONE', #2731, #7146, #7713 ) ;
#6786 = DIRECTION ( 'NONE',  ( 0.000000000000000000, -1.676899360110642493E-13, -1.000000000000000000 ) ) ;
#6787 = EDGE_CURVE ( 'NONE', #1424, #2859, #6185, .T. ) ;
#6788 = CYLINDRICAL_SURFACE ( 'NONE', #7738, 0.2999999999999999889 ) ;
#6789 = DIRECTION ( 'NONE',  ( 0.000000000000000000, 1.000000000000000000, 0.000000000000000000 ) ) ;
#6790 = CARTESIAN_POINT ( 'NONE',  ( 16.60000000000000142, 1.349999999999976108, 5.450000000000000178 ) ) ;
#6791 = EDGE_CURVE ( 'NONE', #4735, #4853, #5860, .T. ) ;
#6792 = CARTESIAN_POINT ( 'NONE',  ( 10.65000000000000746, 7.550000000000000711, 22.37999999999999901 ) ) ;
#6793 = EDGE_CURVE ( 'NONE', #1730, #1444, #6581, .T. ) ;
#6794 = AXIS2_PLACEMENT_3D ( 'NONE', #196, #1886, #2 ) ;
#6795 = DIRECTION ( 'NONE',  ( 0.000000000000000000, 1.000000000000000000, 0.000000000000000000 ) ) ;
#6796 = VECTOR ( 'NONE', #3342, 1000.000000000000000 ) ;
#6797 = DIRECTION ( 'NONE',  ( 0.000000000000000000, 0.000000000000000000, -1.000000000000000000 ) ) ;
#6798 = DIRECTION ( 'NONE',  ( 0.000000000000000000, -1.000000000000000000, 2.478176394252662985E-15 ) ) ;
#6799 = AXIS2_PLACEMENT_3D ( 'NONE', #2696, #3911, #6388 ) ;
#6800 = AXIS2_PLACEMENT_3D ( 'NONE', #6341, #849, #3250 ) ;
#6801 = CARTESIAN_POINT ( 'NONE',  ( 18.26196469902258102, 1.297558657672839288, 6.850000000000002309 ) ) ;
#6802 = EDGE_CURVE ( 'NONE', #6953, #5975, #5971, .T. ) ;
#6803 = VERTEX_POINT ( 'NONE', #1053 ) ;
#6804 = FACE_OUTER_BOUND ( 'NONE', #7256, .T. ) ;
#6805 = CYLINDRICAL_SURFACE ( 'NONE', #4995, 0.6000000000000970113 ) ;
#6806 = DIRECTION ( 'NONE',  ( 1.000000000000000000, 0.000000000000000000, 0.000000000000000000 ) ) ;
#6807 = CARTESIAN_POINT ( 'NONE',  ( 9.419999999999999929, 8.149999999999998579, 17.16000000000000369 ) ) ;
#6808 = VECTOR ( 'NONE', #3203, 1000.000000000000000 ) ;
#6809 = ORIENTED_EDGE ( 'NONE', *, *, #7749, .T. ) ;
#6810 = VECTOR ( 'NONE', #7977, 1000.000000000000000 ) ;
#6811 = ORIENTED_EDGE ( 'NONE', *, *, #1540, .T. ) ;
#6812 = CARTESIAN_POINT ( 'NONE',  ( 15.23000000000007148, 8.149999999999998579, 29.10000000000022169 ) ) ;
#6813 = CARTESIAN_POINT ( 'NONE',  ( 18.07765284496202085, 7.049999999999999822, 18.27499999999998792 ) ) ;
#6814 = EDGE_CURVE ( 'NONE', #844, #5722, #5272, .T. ) ;
#6815 = DIRECTION ( 'NONE',  ( 1.000000000000000000, 0.000000000000000000, 0.000000000000000000 ) ) ;
#6816 = CARTESIAN_POINT ( 'NONE',  ( 18.58205168432625953, 4.770000000000033324, 5.621235295848329372 ) ) ;
#6817 = DIRECTION ( 'NONE',  ( 0.7598676893420028833, 0.6500777604979618429, 0.000000000000000000 ) ) ;
#6818 = ORIENTED_EDGE ( 'NONE', *, *, #1564, .T. ) ;
#6819 = CARTESIAN_POINT ( 'NONE',  ( 18.07765284496202085, 7.049999999999999822, 28.32500000000000995 ) ) ;
#6820 = EDGE_LOOP ( 'NONE', ( #2862, #7132, #428, #7837 ) ) ;
#6821 = ORIENTED_EDGE ( 'NONE', *, *, #5325, .F. ) ;
#6822 = EDGE_CURVE ( 'NONE', #3779, #3075, #3453, .T. ) ;
#6823 = VECTOR ( 'NONE', #1630, 1000.000000000000000 ) ;
#6824 = ORIENTED_EDGE ( 'NONE', *, *, #846, .F. ) ;
#6825 = CARTESIAN_POINT ( 'NONE',  ( 17.18212227597109987, 7.049999999999999822, 5.480000000002529958 ) ) ;
#6826 = FACE_OUTER_BOUND ( 'NONE', #4126, .T. ) ;
#6827 = DIRECTION ( 'NONE',  ( 0.000000000000000000, -1.676899360110644765E-13, 1.000000000000000000 ) ) ;
#6828 = ORIENTED_EDGE ( 'NONE', *, *, #5123, .F. ) ;
#6829 = CARTESIAN_POINT ( 'NONE',  ( 18.10881781221917564, 6.000000000000000000, 13.42500000000000071 ) ) ;
#6830 = ORIENTED_EDGE ( 'NONE', *, *, #194, .T. ) ;
#6831 = VECTOR ( 'NONE', #4065, 1000.000000000000000 ) ;
#6832 = CARTESIAN_POINT ( 'NONE',  ( 10.25000000000061995, 7.049999999999999822, 13.01999999999937963 ) ) ;
#6833 = ORIENTED_EDGE ( 'NONE', *, *, #2787, .F. ) ;
#6834 = ORIENTED_EDGE ( 'NONE', *, *, #4441, .T. ) ;
#6835 = DIRECTION ( 'NONE',  ( -0.000000000000000000, -0.000000000000000000, 1.000000000000000000 ) ) ;
#6836 = ADVANCED_FACE ( 'NONE', ( #3051 ), #3793, .T. ) ;
#6837 = VERTEX_POINT ( 'NONE', #6269 ) ;
#6838 = CARTESIAN_POINT ( 'NONE',  ( 18.07765284496199243, 7.049999999999999822, 18.27500000000000213 ) ) ;
#6839 = AXIS2_PLACEMENT_3D ( 'NONE', #2959, #2269, #4747 ) ;
#6840 = CARTESIAN_POINT ( 'NONE',  ( 10.54999999999880700, 7.550000000000000711, 23.95542486889182143 ) ) ;
#6841 = DIRECTION ( 'NONE',  ( 0.000000000000000000, 1.000000000000000000, 3.229739708000459227E-15 ) ) ;
#6842 = CARTESIAN_POINT ( 'NONE',  ( 10.65000000000000036, 7.550000000000000711, 13.01999999999979885 ) ) ;
#6843 = AXIS2_PLACEMENT_3D ( 'NONE', #356, #5897, #2233 ) ;
#6844 = DIRECTION ( 'NONE',  ( 0.000000000000000000, 0.000000000000000000, 1.000000000000000000 ) ) ;
#6845 = EDGE_CURVE ( 'NONE', #7895, #4824, #5660, .T. ) ;
#6846 = FACE_OUTER_BOUND ( 'NONE', #64, .T. ) ;
#6847 = DIRECTION ( 'NONE',  ( 0.6024123836633384910, 0.7981850161516781395, 0.000000000000000000 ) ) ;
#6848 = CARTESIAN_POINT ( 'NONE',  ( 17.37947366142815042, 7.000000000000000888, 18.23999999999999844 ) ) ;
#6849 = ORIENTED_EDGE ( 'NONE', *, *, #1532, .F. ) ;
#6850 = DIRECTION ( 'NONE',  ( -0.000000000000000000, 1.000000000000000000, 3.848773152033889470E-13 ) ) ;
#6851 = CARTESIAN_POINT ( 'NONE',  ( 17.18212227597000208, 7.049999999999999822, 28.88000000000002032 ) ) ;
#6852 = LINE ( 'NONE', #2370, #1806 ) ;
#6853 = DIRECTION ( 'NONE',  ( 0.000000000000000000, -6.443258625057246327E-14, 1.000000000000000000 ) ) ;
#6854 = ORIENTED_EDGE ( 'NONE', *, *, #6774, .F. ) ;
#6855 = ORIENTED_EDGE ( 'NONE', *, *, #1918, .T. ) ;
#6856 = LINE ( 'NONE', #6895, #2801 ) ;
#6857 = CARTESIAN_POINT ( 'NONE',  ( 18.58809699203467858, 4.070000000000031370, 12.44999999999999929 ) ) ;
#6858 = EDGE_CURVE ( 'NONE', #4284, #5842, #8002, .T. ) ;
#6859 = DIRECTION ( 'NONE',  ( 1.000000000000000000, -0.000000000000000000, -0.000000000000000000 ) ) ;
#6860 = CARTESIAN_POINT ( 'NONE',  ( 18.58205168432626309, 4.769999999999997797, 27.85000000000000497 ) ) ;
#6861 = DIRECTION ( 'NONE',  ( 0.000000000000000000, 0.3200000190148769574, 0.9474175361636907322 ) ) ;
#6862 = AXIS2_PLACEMENT_3D ( 'NONE', #3432, #1528, #6515 ) ;
#6863 = VERTEX_POINT ( 'NONE', #1830 ) ;
#6864 = LINE ( 'NONE', #2513, #7890 ) ;
#6865 = ORIENTED_EDGE ( 'NONE', *, *, #6261, .T. ) ;
#6866 = VERTEX_POINT ( 'NONE', #3755 ) ;
#6867 = EDGE_CURVE ( 'NONE', #5078, #1945, #1921, .T. ) ;
#6868 = ORIENTED_EDGE ( 'NONE', *, *, #4402, .F. ) ;
#6869 = CARTESIAN_POINT ( 'NONE',  ( 17.18212227597109987, 7.049999999999999822, 24.31999999999745654 ) ) ;
#6870 = DIRECTION ( 'NONE',  ( -0.000000000000000000, -0.000000000000000000, -1.000000000000000000 ) ) ;
#6871 = ORIENTED_EDGE ( 'NONE', *, *, #4917, .F. ) ;
#6872 = CARTESIAN_POINT ( 'NONE',  ( 18.58809699203467858, 4.070000000000031370, 6.850000000000001421 ) ) ;
#6873 = ORIENTED_EDGE ( 'NONE', *, *, #6630, .T. ) ;
#6874 = ORIENTED_EDGE ( 'NONE', *, *, #2705, .T. ) ;
#6875 = ORIENTED_EDGE ( 'NONE', *, *, #890, .T. ) ;
#6876 = EDGE_LOOP ( 'NONE', ( #3782, #2242, #4566, #1301 ) ) ;
#6877 = FACE_OUTER_BOUND ( 'NONE', #2646, .T. ) ;
#6878 = VECTOR ( 'NONE', #6673, 1000.000000000000000 ) ;
#6879 = LINE ( 'NONE', #4480, #3984 ) ;
#6880 = CARTESIAN_POINT ( 'NONE',  ( 18.16889802884327310, 0.9039405897249274124, 5.996722700540852102 ) ) ;
#6881 = CARTESIAN_POINT ( 'NONE',  ( 17.18212227597027919, 8.149999999999998579, 23.31999999999998252 ) ) ;
#6882 = CARTESIAN_POINT ( 'NONE',  ( 18.10221458223799829, 0.6500000000000001332, 7.550000000000000711 ) ) ;
#6883 = CARTESIAN_POINT ( 'NONE',  ( 18.58205168432626309, 4.769999999999997797, 16.65000000000000213 ) ) ;
#6884 = EDGE_CURVE ( 'NONE', #5905, #4496, #613, .T. ) ;
#6885 = EDGE_CURVE ( 'NONE', #1910, #4517, #655, .T. ) ;
#6886 = DIRECTION ( 'NONE',  ( 0.000000000000000000, 1.000000000000000000, 0.000000000000000000 ) ) ;
#6887 = ORIENTED_EDGE ( 'NONE', *, *, #4516, .F. ) ;
#6888 = DIRECTION ( 'NONE',  ( 0.8955305689923270807, 0.000000000000000000, -0.4450000000003133116 ) ) ;
#6889 = DIRECTION ( 'NONE',  ( 0.8955305689923259704, 0.000000000000000000, -0.4450000000003154210 ) ) ;
#6890 = CARTESIAN_POINT ( 'NONE',  ( 18.59999999999999787, 0.2904647954192998149, 0.1323020907128176216 ) ) ;
#6891 = DIRECTION ( 'NONE',  ( 0.000000000000000000, 0.000000000000000000, -1.000000000000000000 ) ) ;
#6892 = ADVANCED_FACE ( 'NONE', ( #1228 ), #3714, .T. ) ;
#6893 = ORIENTED_EDGE ( 'NONE', *, *, #6618, .F. ) ;
#6894 = EDGE_LOOP ( 'NONE', ( #2999, #6600, #582, #2515 ) ) ;
#6895 = CARTESIAN_POINT ( 'NONE',  ( 4.549999999999999822, 7.049999999999998934, 6.479999999999998650 ) ) ;
#6896 = CARTESIAN_POINT ( 'NONE',  ( 18.59999999999980957, 0.1357719157069350591, 29.52434543452591598 ) ) ;
#6897 = CARTESIAN_POINT ( 'NONE',  ( 16.60000000000000142, 6.299999999999999822, 16.67499999999999716 ) ) ;
#6898 = CARTESIAN_POINT ( 'NONE',  ( 17.91437827766101520, 6.299999999999941203, 13.12500000000000000 ) ) ;
#6899 = EDGE_LOOP ( 'NONE', ( #7580, #6077, #1537, #5004 ) ) ;
#6900 = DIRECTION ( 'NONE',  ( 1.000000000000000000, -2.647079604116349447E-12, 0.000000000000000000 ) ) ;
#6901 = ORIENTED_EDGE ( 'NONE', *, *, #805, .F. ) ;
#6902 = ORIENTED_EDGE ( 'NONE', *, *, #275, .F. ) ;
#6903 = EDGE_CURVE ( 'NONE', #904, #7250, #8044, .T. ) ;
#6904 = EDGE_CURVE ( 'NONE', #904, #5502, #5051, .T. ) ;
#6905 = VERTEX_POINT ( 'NONE', #6840 ) ;
#6906 = CARTESIAN_POINT ( 'NONE',  ( 10.25000000000061995, 7.049999999999999822, 5.580000000000620020 ) ) ;
#6907 = DIRECTION ( 'NONE',  ( 0.8955305689931833957, 0.000000000000000000, -0.4449999999985900789 ) ) ;
#6908 = VERTEX_POINT ( 'NONE', #7521 ) ;
#6909 = EDGE_LOOP ( 'NONE', ( #3900, #4544, #3880, #7684 ) ) ;
#6910 = CARTESIAN_POINT ( 'NONE',  ( 4.550000000000000711, 7.049999999999999822, 12.61999999999999922 ) ) ;
#6911 = ORIENTED_EDGE ( 'NONE', *, *, #4180, .T. ) ;
#6912 = ORIENTED_EDGE ( 'NONE', *, *, #1609, .F. ) ;
#6913 = VECTOR ( 'NONE', #1150, 1000.000000000000000 ) ;
#6914 = ORIENTED_EDGE ( 'NONE', *, *, #5933, .T. ) ;
#6915 = CARTESIAN_POINT ( 'NONE',  ( 18.59004717814658392, 4.325493980074799794, 17.30356872518711597 ) ) ;
#6916 = AXIS2_PLACEMENT_3D ( 'NONE', #4792, #1176, #4178 ) ;
#6917 = DIRECTION ( 'NONE',  ( 0.000000000000000000, -1.000000000000000000, 0.000000000000000000 ) ) ;
#6918 = DIRECTION ( 'NONE',  ( -0.000000000000000000, -6.344131569286608450E-17, -1.000000000000000000 ) ) ;
#6919 = CARTESIAN_POINT ( 'NONE',  ( 17.18212227597007669, 7.049999999999999822, 6.519999999999999574 ) ) ;
#6920 = FACE_OUTER_BOUND ( 'NONE', #3917, .T. ) ;
#6921 = VECTOR ( 'NONE', #156, 1000.000000000000000 ) ;
#6922 = EDGE_CURVE ( 'NONE', #7236, #7665, #5394, .T. ) ;
#6923 = PLANE ( 'NONE',  #1579 ) ;
#6924 = CIRCLE ( 'NONE', #554, 0.9999999999989070965 ) ;
#6925 = CARTESIAN_POINT ( 'NONE',  ( 8.820000000000000284, 8.000000000000101252, 14.33999999999999986 ) ) ;
#6926 = VERTEX_POINT ( 'NONE', #4363 ) ;
#6927 = CARTESIAN_POINT ( 'NONE',  ( 8.820000000000000284, 8.149999999999998579, 10.46000000000000085 ) ) ;
#6928 = DIRECTION ( 'NONE',  ( 0.8955305689923256374, 0.000000000000000000, 0.4450000000003163092 ) ) ;
#6929 = CARTESIAN_POINT ( 'NONE',  ( 18.07765284496199243, 7.049999999999999822, 7.075000000000006395 ) ) ;
#6930 = LINE ( 'NONE', #4454, #6037 ) ;
#6931 = ORIENTED_EDGE ( 'NONE', *, *, #236, .F. ) ;
#6932 = CIRCLE ( 'NONE', #822, 8.000000000018912871 ) ;
#6933 = EDGE_LOOP ( 'NONE', ( #768, #3681, #1484, #2563 ) ) ;
#6934 = EDGE_CURVE ( 'NONE', #725, #4911, #6879, .T. ) ;
#6935 = CARTESIAN_POINT ( 'NONE',  ( 18.39999999999972147, 0.000000000000000000, 29.10000000000018261 ) ) ;
#6936 = CIRCLE ( 'NONE', #837, 0.2999999999998871347 ) ;
#6937 = CARTESIAN_POINT ( 'NONE',  ( 18.58451382613609226, 4.708190853347718807, 28.18868606496651807 ) ) ;
#6938 = CARTESIAN_POINT ( 'NONE',  ( 4.690000000058420326, 4.299999999992524913, 6.850000000000001421 ) ) ;
#6939 = ORIENTED_EDGE ( 'NONE', *, *, #120, .T. ) ;
#6940 = VECTOR ( 'NONE', #6492, 1000.000000000000000 ) ;
#6941 = DIRECTION ( 'NONE',  ( 0.000000000000000000, 1.000000000000000000, 0.000000000000000000 ) ) ;
#6942 = ORIENTED_EDGE ( 'NONE', *, *, #7135, .F. ) ;
#6943 = VERTEX_POINT ( 'NONE', #5204 ) ;
#6944 = VECTOR ( 'NONE', #6870, 1000.000000000000000 ) ;
#6945 = ORIENTED_EDGE ( 'NONE', *, *, #3310, .T. ) ;
#6946 = EDGE_CURVE ( 'NONE', #3790, #5684, #3298, .T. ) ;
#6947 = LINE ( 'NONE', #1420, #2399 ) ;
#6948 = CARTESIAN_POINT ( 'NONE',  ( 3.548039513124699397E-17, 0.6999999999998234301, 29.80000000000000071 ) ) ;
#6949 = AXIS2_PLACEMENT_3D ( 'NONE', #802, #6340, #25 ) ;
#6950 = VERTEX_POINT ( 'NONE', #775 ) ;
#6951 = FACE_OUTER_BOUND ( 'NONE', #2020, .T. ) ;
#6952 = ORIENTED_EDGE ( 'NONE', *, *, #5325, .T. ) ;
#6953 = VERTEX_POINT ( 'NONE', #1509 ) ;
#6954 = ORIENTED_EDGE ( 'NONE', *, *, #586, .F. ) ;
#6955 = CARTESIAN_POINT ( 'NONE',  ( 18.58938014848537890, 4.458358702864394729, 17.24115392084603116 ) ) ;
#6956 = ADVANCED_FACE ( 'NONE', ( #5891 ), #4056, .T. ) ;
#6957 = VECTOR ( 'NONE', #2165, 1000.000000000000000 ) ;
#6958 = VECTOR ( 'NONE', #4421, 1000.000000000000000 ) ;
#6959 = LINE ( 'NONE', #3757, #1215 ) ;
#6960 = DIRECTION ( 'NONE',  ( 0.8955305689923251933, 0.000000000000000000, -0.4450000000003171974 ) ) ;
#6961 = DIRECTION ( 'NONE',  ( 1.000000000000000000, -1.072195278108000827E-14, -0.000000000000000000 ) ) ;
#6962 = ADVANCED_FACE ( 'NONE', ( #1575 ), #7144, .T. ) ;
#6963 = VECTOR ( 'NONE', #1087, 1000.000000000000000 ) ;
#6964 = CARTESIAN_POINT ( 'NONE',  ( 16.60000000000000142, 6.299999999999981171, 13.12500000000000000 ) ) ;
#6965 = LINE ( 'NONE', #6356, #4224 ) ;
#6966 = AXIS2_PLACEMENT_3D ( 'NONE', #2780, #325, #2238 ) ;
#6967 = ORIENTED_EDGE ( 'NONE', *, *, #771, .T. ) ;
#6968 = CARTESIAN_POINT ( 'NONE',  ( 18.07765284496198888, 8.149999999999998579, 18.27500000000000213 ) ) ;
#6969 = DIRECTION ( 'NONE',  ( 0.000000000000000000, 1.000000000000000000, 0.000000000000000000 ) ) ;
#6970 = CARTESIAN_POINT ( 'NONE',  ( 4.550000000000004263, 8.149999999999998579, 0.9200000000000000400 ) ) ;
#6971 = PLANE ( 'NONE',  #66 ) ;
#6972 = VERTEX_POINT ( 'NONE', #313 ) ;
#6973 = ORIENTED_EDGE ( 'NONE', *, *, #5704, .F. ) ;
#6974 = CARTESIAN_POINT ( 'NONE',  ( 4.549999999999999822, 7.000000000000000888, 18.23999999999999844 ) ) ;
#6975 = DIRECTION ( 'NONE',  ( 0.000000000000000000, 0.000000000000000000, 1.000000000000000000 ) ) ;
#6976 = CARTESIAN_POINT ( 'NONE',  ( 18.10881781221921116, 5.999999999999933387, 13.34059387561812926 ) ) ;
#6977 = ORIENTED_EDGE ( 'NONE', *, *, #2252, .F. ) ;
#6978 = B_SPLINE_CURVE_WITH_KNOTS ( 'NONE', 3,
 ( #5330, #1640, #3543, #7845 ),
 .UNSPECIFIED., .F., .F.,
 ( 4, 4 ),
 ( 0.000000000000000000, 1.000000000000000000 ),
 .UNSPECIFIED. ) ;
#6979 = DIRECTION ( 'NONE',  ( 0.000000000000000000, 0.000000000000000000, 1.000000000000000000 ) ) ;
#6980 = EDGE_CURVE ( 'NONE', #3521, #6986, #7706, .T. ) ;
#6981 = VERTEX_POINT ( 'NONE', #237 ) ;
#6982 = ORIENTED_EDGE ( 'NONE', *, *, #7622, .T. ) ;
#6983 = EDGE_CURVE ( 'NONE', #4438, #7335, #1545, .T. ) ;
#6984 = ORIENTED_EDGE ( 'NONE', *, *, #5858, .T. ) ;
#6985 = CARTESIAN_POINT ( 'NONE',  ( 0.2999999999999862776, 6.100000000000000533, 16.08427192823301866 ) ) ;
#6986 = VERTEX_POINT ( 'NONE', #3258 ) ;
#6987 = ADVANCED_FACE ( 'NONE', ( #5733 ), #5852, .F. ) ;
#6988 = EDGE_CURVE ( 'NONE', #7019, #6055, #4748, .T. ) ;
#6989 = ORIENTED_EDGE ( 'NONE', *, *, #1471, .T. ) ;
#6990 = EDGE_LOOP ( 'NONE', ( #3272, #5567, #769, #7418 ) ) ;
#6991 = ORIENTED_EDGE ( 'NONE', *, *, #6537, .T. ) ;
#6992 = CARTESIAN_POINT ( 'NONE',  ( 18.10881781221917208, 5.999999999999993783, 16.37500000000000000 ) ) ;
#6993 = CARTESIAN_POINT ( 'NONE',  ( 18.58809699203467858, 4.069999999999994955, 17.35000000000000142 ) ) ;
#6994 = CARTESIAN_POINT ( 'NONE',  ( 10.54999999999853522, 7.550000000001108269, 5.844575131109902344 ) ) ;
#6995 = CARTESIAN_POINT ( 'NONE',  ( 0.2999999999999998224, 6.100000000000000533, 13.10000000000000142 ) ) ;
#6996 = CARTESIAN_POINT ( 'NONE',  ( 18.58809699203467858, 4.070000000000031370, 18.05000000000000071 ) ) ;
#6997 = CARTESIAN_POINT ( 'NONE',  ( 0.05672869526855350841, 7.450000000000740030, 29.80000000000000071 ) ) ;
#6998 = EDGE_CURVE ( 'NONE', #6730, #2183, #3853, .T. ) ;
#6999 = CARTESIAN_POINT ( 'NONE',  ( 4.550000000000000711, 8.149999999999998579, 28.35999999999999943 ) ) ;
#7000 = CARTESIAN_POINT ( 'NONE',  ( 10.25000000000030909, 7.049999999999998934, 28.37999999999999901 ) ) ;
#7001 = EDGE_LOOP ( 'NONE', ( #3890, #6159, #261, #3036 ) ) ;
#7002 = LINE ( 'NONE', #5823, #933 ) ;
#7003 = LINE ( 'NONE', #5213, #4852 ) ;
#7004 = CARTESIAN_POINT ( 'NONE',  ( 8.820000000000000284, 8.000000000000101252, 21.05999999999999872 ) ) ;
#7005 = DIRECTION ( 'NONE',  ( -0.8865426094628916509, 0.4626469513643495790, 0.000000000000000000 ) ) ;
#7006 = ORIENTED_EDGE ( 'NONE', *, *, #7653, .F. ) ;
#7007 = VERTEX_POINT ( 'NONE', #7599 ) ;
#7008 = FACE_OUTER_BOUND ( 'NONE', #75, .T. ) ;
#7009 = DIRECTION ( 'NONE',  ( 0.9848077530122122392, 0.1736481776669064336, 0.000000000000000000 ) ) ;
#7010 = CARTESIAN_POINT ( 'NONE',  ( 18.40000000000209823, 0.2904647954195080373, 29.80000000000000071 ) ) ;
#7011 = ORIENTED_EDGE ( 'NONE', *, *, #561, .T. ) ;
#7012 = DIRECTION ( 'NONE',  ( 0.000000000000000000, 1.000000000000000000, 0.000000000000000000 ) ) ;
#7013 = ORIENTED_EDGE ( 'NONE', *, *, #771, .F. ) ;
#7014 = CARTESIAN_POINT ( 'NONE',  ( 4.549999999999999822, 7.000000000000000000, 7.039999999999999147 ) ) ;
#7015 = VERTEX_POINT ( 'NONE', #2038 ) ;
#7016 = EDGE_CURVE ( 'NONE', #3570, #1919, #432, .T. ) ;
#7017 = DIRECTION ( 'NONE',  ( 1.000000000000000000, 0.000000000000000000, 0.000000000000000000 ) ) ;
#7018 = CARTESIAN_POINT ( 'NONE',  ( 18.58945613926489315, 4.448400964684761760, 23.75401751602953127 ) ) ;
#7019 = VERTEX_POINT ( 'NONE', #2189 ) ;
#7020 = VERTEX_POINT ( 'NONE', #5243 ) ;
#7021 = EDGE_LOOP ( 'NONE', ( #824, #4681, #555, #4542 ) ) ;
#7022 = EDGE_CURVE ( 'NONE', #7926, #6700, #2729, .T. ) ;
#7023 = CARTESIAN_POINT ( 'NONE',  ( 18.10221458223573876, 0.6500000000010581758, 0.001787997810813377964 ) ) ;
#7024 = ADVANCED_FACE ( 'NONE', ( #2110 ), #4596, .T. ) ;
#7025 = DIRECTION ( 'NONE',  ( 1.000000000000000000, -1.027520474853500812E-14, -0.000000000000000000 ) ) ;
#7026 = CARTESIAN_POINT ( 'NONE',  ( 18.13779192000149010, 0.7827846147251692477, 22.66948472087489463 ) ) ;
#7027 = EDGE_CURVE ( 'NONE', #5270, #797, #1258, .T. ) ;
#7028 = VECTOR ( 'NONE', #5397, 1000.000000000000000 ) ;
#7029 = DIRECTION ( 'NONE',  ( 0.000000000000000000, 0.000000000000000000, 1.000000000000000000 ) ) ;
#7030 = DIRECTION ( 'NONE',  ( -8.222589276150855205E-13, 0.000000000000000000, -1.000000000000000000 ) ) ;
#7031 =( NAMED_UNIT ( * ) PLANE_ANGLE_UNIT ( ) SI_UNIT ( $, .RADIAN. ) );
#7032 = AXIS2_PLACEMENT_3D ( 'NONE', #6146, #4889, #7355 ) ;
#7033 = ADVANCED_FACE ( 'NONE', ( #1043 ), #4217, .T. ) ;
#7034 = CARTESIAN_POINT ( 'NONE',  ( 4.549999999999999822, 7.049999999999998934, 12.07999999999999829 ) ) ;
#7035 = EDGE_CURVE ( 'NONE', #334, #536, #1781, .T. ) ;
#7036 = CARTESIAN_POINT ( 'NONE',  ( 10.65000000000000391, 7.550000000000000711, 24.21999999999999886 ) ) ;
#7037 = VERTEX_POINT ( 'NONE', #5393 ) ;
#7038 = CARTESIAN_POINT ( 'NONE',  ( 16.60000000000000142, 6.000000000000000888, 14.25919971910099981 ) ) ;
#7039 = CARTESIAN_POINT ( 'NONE',  ( 18.25055108836685136, 1.246465065007699380, 18.05569466770781872 ) ) ;
#7040 = CIRCLE ( 'NONE', #4700, 13.89999999994158308 ) ;
#7041 = LINE ( 'NONE', #1483, #4362 ) ;
#7042 = ORIENTED_EDGE ( 'NONE', *, *, #5532, .T. ) ;
#7043 = ORIENTED_EDGE ( 'NONE', *, *, #2377, .F. ) ;
#7044 = DIRECTION ( 'NONE',  ( 0.000000000000000000, 1.000000000000000000, 0.000000000000000000 ) ) ;
#7045 = AXIS2_PLACEMENT_3D ( 'NONE', #3629, #2410, #4890 ) ;
#7046 = EDGE_CURVE ( 'NONE', #2340, #2598, #7255, .T. ) ;
#7047 = VECTOR ( 'NONE', #1710, 1000.000000000000000 ) ;
#7048 = CARTESIAN_POINT ( 'NONE',  ( 18.12467766249664791, 0.7334047677208528349, 11.39297778840694519 ) ) ;
#7049 = ORIENTED_EDGE ( 'NONE', *, *, #3015, .T. ) ;
#7050 = VECTOR ( 'NONE', #6645, 1000.000000000000000 ) ;
#7051 = LINE ( 'NONE', #5756, #7242 ) ;
#7052 = LINE ( 'NONE', #7096, #3861 ) ;
#7053 = CIRCLE ( 'NONE', #3538, 0.3999999999993859578 ) ;
#7054 = EDGE_CURVE ( 'NONE', #6926, #3860, #7862, .T. ) ;
#7055 = VECTOR ( 'NONE', #7712, 1000.000000000000000 ) ;
#7056 = ORIENTED_EDGE ( 'NONE', *, *, #6922, .F. ) ;
#7057 = DIRECTION ( 'NONE',  ( -0.000000000000000000, -6.344131569286607218E-17, -1.000000000000000000 ) ) ;
#7058 = CARTESIAN_POINT ( 'NONE',  ( 8.820000000000000284, 8.000000000000000000, 21.66000000000000369 ) ) ;
#7059 = CIRCLE ( 'NONE', #1081, 0.3999999999993835154 ) ;
#7060 = ORIENTED_EDGE ( 'NONE', *, *, #464, .F. ) ;
#7061 = VECTOR ( 'NONE', #2684, 1000.000000000000000 ) ;
#7062 = ADVANCED_FACE ( 'NONE', ( #2310 ), #3615, .T. ) ;
#7063 = ORIENTED_EDGE ( 'NONE', *, *, #2042, .F. ) ;
#7064 = ORIENTED_EDGE ( 'NONE', *, *, #5795, .T. ) ;
#7065 = AXIS2_PLACEMENT_3D ( 'NONE', #1589, #4004, #4615 ) ;
#7066 = ORIENTED_EDGE ( 'NONE', *, *, #1473, .T. ) ;
#7067 = DIRECTION ( 'NONE',  ( 0.7317914199408835918, 0.6815286624206684518, 0.000000000000000000 ) ) ;
#7068 = VECTOR ( 'NONE', #4298, 1000.000000000000000 ) ;
#7069 = CARTESIAN_POINT ( 'NONE',  ( 10.25000000000061995, 7.049999999999999822, 7.419999999999379980 ) ) ;
#7070 = CARTESIAN_POINT ( 'NONE',  ( 10.37489995997995784, 7.682152859742341633, 12.64000000000000057 ) ) ;
#7071 = VECTOR ( 'NONE', #3879, 1000.000000000000000 ) ;
#7072 = DIRECTION ( 'NONE',  ( 1.000000000000000000, 0.000000000000000000, 1.049507702967585899E-12 ) ) ;
#7073 = DIRECTION ( 'NONE',  ( 7.859986015045356422E-16, -9.824982518806696514E-16, -1.000000000000000000 ) ) ;
#7074 = FACE_OUTER_BOUND ( 'NONE', #211, .T. ) ;
#7075 = ADVANCED_FACE ( 'NONE', ( #7221 ), #1002, .T. ) ;
#7076 = PERSON_AND_ORGANIZATION_ROLE ( 'creator' ) ;
#7077 = VECTOR ( 'NONE', #5712, 1000.000000000000000 ) ;
#7078 = DIRECTION ( 'NONE',  ( -1.000000000000000000, 0.000000000000000000, 0.000000000000000000 ) ) ;
#7079 = VECTOR ( 'NONE', #3602, 1000.000000000000000 ) ;
#7080 = CARTESIAN_POINT ( 'NONE',  ( 8.820000000000000284, 7.400000000000005684, 26.66000000000000014 ) ) ;
#7081 = EDGE_LOOP ( 'NONE', ( #5562, #2103, #3442, #223, #3494, #1863, #6151, #4785, #6601, #5881 ) ) ;
#7082 = DIRECTION ( 'NONE',  ( 0.000000000000000000, 0.000000000000000000, 1.000000000000000000 ) ) ;
#7083 = CARTESIAN_POINT ( 'NONE',  ( 16.60000000000000142, 6.000000000000001776, 16.37500000000000000 ) ) ;
#7084 = DIRECTION ( 'NONE',  ( 0.000000000000000000, 0.000000000000000000, -1.000000000000000000 ) ) ;
#7085 = EDGE_CURVE ( 'NONE', #251, #2560, #5964, .T. ) ;
#7086 = AXIS2_PLACEMENT_3D ( 'NONE', #3574, #2352, #4828 ) ;
#7087 = DIRECTION ( 'NONE',  ( -0.000000000000000000, -1.000000000000000000, -0.000000000000000000 ) ) ;
#7088 = ORIENTED_EDGE ( 'NONE', *, *, #4881, .F. ) ;
#7089 = VERTEX_POINT ( 'NONE', #1656 ) ;
#7090 = DIRECTION ( 'NONE',  ( 0.000000000000000000, 0.000000000000000000, 1.000000000000000000 ) ) ;
#7091 = AXIS2_PLACEMENT_3D ( 'NONE', #3211, #680, #2599 ) ;
#7092 = AXIS2_PLACEMENT_3D ( 'NONE', #813, #5282, #7072 ) ;
#7093 = CARTESIAN_POINT ( 'NONE',  ( 0.01513643174658322633, 6.287555983735920506, 15.87737485584729491 ) ) ;
#7094 = ORIENTED_EDGE ( 'NONE', *, *, #6249, .F. ) ;
#7095 = LINE ( 'NONE', #6336, #4272 ) ;
#7096 = CARTESIAN_POINT ( 'NONE',  ( 18.10221458223799829, 0.6500000000000026867, 22.25000000000000000 ) ) ;
#7097 = VECTOR ( 'NONE', #7226, 1000.000000000000000 ) ;
#7098 = EDGE_CURVE ( 'NONE', #5707, #4496, #6164, .T. ) ;
#7099 = VERTEX_POINT ( 'NONE', #6053 ) ;
#7100 = CARTESIAN_POINT ( 'NONE',  ( 18.27335378321595272, 1.349999999999978328, 1.249999999999997780 ) ) ;
#7101 = CARTESIAN_POINT ( 'NONE',  ( 17.37947366142814687, 7.000000000000001776, 11.56000000000000050 ) ) ;
#7102 = EDGE_CURVE ( 'NONE', #5672, #2990, #1513, .T. ) ;
#7103 = ORIENTED_EDGE ( 'NONE', *, *, #1185, .F. ) ;
#7104 = VERTEX_POINT ( 'NONE', #4099 ) ;
#7105 = ORIENTED_EDGE ( 'NONE', *, *, #4447, .T. ) ;
#7106 = ORIENTED_EDGE ( 'NONE', *, *, #5993, .F. ) ;
#7107 = FACE_OUTER_BOUND ( 'NONE', #7248, .T. ) ;
#7108 = DIRECTION ( 'NONE',  ( 0.8955305689931737367, 0.000000000000000000, 0.4449999999986094523 ) ) ;
#7109 = CARTESIAN_POINT ( 'NONE',  ( 8.820000000000000284, 7.400000000000000355, 26.66000000000000014 ) ) ;
#7110 = CARTESIAN_POINT ( 'NONE',  ( 16.60000000000000142, 0.6499999999999990230, 28.55000000000000426 ) ) ;
#7111 = DIRECTION ( 'NONE',  ( -1.006139616066586737E-13, 1.000000000000000000, 0.000000000000000000 ) ) ;
#7112 = VECTOR ( 'NONE', #2511, 1000.000000000000000 ) ;
#7113 = FACE_OUTER_BOUND ( 'NONE', #5266, .T. ) ;
#7114 = LOCAL_TIME ( 16, 8, 54.00000000000000000, #4603 ) ;
#7115 = CARTESIAN_POINT ( 'NONE',  ( 4.549999999999999822, 8.149999999999998579, 2.540000000000000036 ) ) ;
#7116 = DIRECTION ( 'NONE',  ( 5.620023106755540281E-14, 1.000000000000000000, -0.000000000000000000 ) ) ;
#7117 = CARTESIAN_POINT ( 'NONE',  ( 16.93208383624553548, 7.481663839913005098, 8.337980574534516074E-19 ) ) ;
#7118 = CARTESIAN_POINT ( 'NONE',  ( 4.549999999999998934, 8.000000000000076383, 21.66000000000000369 ) ) ;
#7119 = LINE ( 'NONE', #3387, #5907 ) ;
#7120 = VERTEX_POINT ( 'NONE', #6697 ) ;
#7121 = ORIENTED_EDGE ( 'NONE', *, *, #659, .T. ) ;
#7122 = CARTESIAN_POINT ( 'NONE',  ( 16.60000000000000142, 1.349999999999976108, 24.35000000000000497 ) ) ;
#7123 = ADVANCED_FACE ( 'NONE', ( #7904 ), #5472, .T. ) ;
#7124 = ADVANCED_FACE ( 'NONE', ( #3484 ), #7297, .T. ) ;
#7125 = CIRCLE ( 'NONE', #2972, 0.6999999999999437783 ) ;
#7126 = CARTESIAN_POINT ( 'NONE',  ( 0.04879489147587402070, 6.236000019965298513, 15.89478841297199274 ) ) ;
#7127 = ORIENTED_EDGE ( 'NONE', *, *, #7165, .F. ) ;
#7128 = ADVANCED_FACE ( 'NONE', ( #2395 ), #4874, .T. ) ;
#7129 = LINE ( 'NONE', #2249, #1300 ) ;
#7130 = CARTESIAN_POINT ( 'NONE',  ( 10.25000000000000000, 7.049999999999999822, 23.82000000000001805 ) ) ;
#7131 = AXIS2_PLACEMENT_3D ( 'NONE', #3314, #788, #5745 ) ;
#7132 = ORIENTED_EDGE ( 'NONE', *, *, #1462, .F. ) ;
#7133 = DIRECTION ( 'NONE',  ( 1.000000000000000000, -1.786992130180001379E-15, -0.000000000000000000 ) ) ;
#7134 = DIRECTION ( 'NONE',  ( 1.000000000000000000, -2.267547098522731013E-16, -0.000000000000000000 ) ) ;
#7135 = EDGE_CURVE ( 'NONE', #1802, #4039, #5477, .T. ) ;
#7136 = ORIENTED_EDGE ( 'NONE', *, *, #4459, .T. ) ;
#7137 = ADVANCED_FACE ( 'NONE', ( #1213 ), #6302, .T. ) ;
#7138 = ORIENTED_EDGE ( 'NONE', *, *, #1133, .T. ) ;
#7139 = ORIENTED_EDGE ( 'NONE', *, *, #412, .F. ) ;
#7140 = ORIENTED_EDGE ( 'NONE', *, *, #1216, .T. ) ;
#7141 = LINE ( 'NONE', #3481, #4351 ) ;
#7142 = CARTESIAN_POINT ( 'NONE',  ( 10.37489995996850212, 7.049999999999999822, 11.56000000000000050 ) ) ;
#7143 = DIRECTION ( 'NONE',  ( 1.000000000000000000, -0.000000000000000000, -0.000000000000000000 ) ) ;
#7144 = PLANE ( 'NONE',  #598 ) ;
#7145 = EDGE_CURVE ( 'NONE', #7288, #4020, #6698, .T. ) ;
#7146 = DIRECTION ( 'NONE',  ( 0.000000000000000000, -1.000000000000000000, 0.000000000000000000 ) ) ;
#7147 = SHAPE_DEFINITION_REPRESENTATION ( #36, #1924 ) ;
#7148 = EDGE_CURVE ( 'NONE', #4131, #7099, #8033, .T. ) ;
#7149 = VECTOR ( 'NONE', #3524, 1000.000000000000000 ) ;
#7150 = CARTESIAN_POINT ( 'NONE',  ( 4.549999999999999822, 7.000000000000000000, 23.83999999999999986 ) ) ;
#7151 = CARTESIAN_POINT ( 'NONE',  ( 4.549999999999999822, 8.000000000000101252, 26.66000000000000014 ) ) ;
#7152 = LINE ( 'NONE', #1013, #2688 ) ;
#7153 = CYLINDRICAL_SURFACE ( 'NONE', #1485, 1.570000000001444906 ) ;
#7154 = EDGE_CURVE ( 'NONE', #4739, #6905, #6058, .T. ) ;
#7155 = CARTESIAN_POINT ( 'NONE',  ( 4.549999999999998934, 8.000000000000076383, 10.46000000000000085 ) ) ;
#7156 = CIRCLE ( 'NONE', #23, 13.89999999994158308 ) ;
#7157 = ORIENTED_EDGE ( 'NONE', *, *, #4365, .F. ) ;
#7158 = ORIENTED_EDGE ( 'NONE', *, *, #5374, .T. ) ;
#7159 = DIRECTION ( 'NONE',  ( 1.000000000000000000, 0.000000000000000000, 0.000000000000000000 ) ) ;
#7160 = VECTOR ( 'NONE', #4029, 1000.000000000000000 ) ;
#7161 = CARTESIAN_POINT ( 'NONE',  ( 18.26196469902258102, 1.297558657672834181, 23.65000000000000924 ) ) ;
#7162 = ORIENTED_EDGE ( 'NONE', *, *, #5603, .F. ) ;
#7163 = CARTESIAN_POINT ( 'NONE',  ( 18.07765284496199243, 7.049999999999999822, 1.475000000000005418 ) ) ;
#7164 = CARTESIAN_POINT ( 'NONE',  ( 10.25000000000061995, 8.149999999999998579, 7.419999999999379980 ) ) ;
#7165 = EDGE_CURVE ( 'NONE', #647, #3616, #4352, .T. ) ;
#7166 = AXIS2_PLACEMENT_3D ( 'NONE', #3144, #657, #6960 ) ;
#7167 = CARTESIAN_POINT ( 'NONE',  ( 11.29999999998313953, 1.799999999990480326, 28.89999999999999858 ) ) ;
#7168 = CARTESIAN_POINT ( 'NONE',  ( 9.419999999999999929, 8.149999999999998579, 11.55999999999999872 ) ) ;
#7169 = CARTESIAN_POINT ( 'NONE',  ( 4.550000000000000711, 8.149999999999998579, 13.74000000000000199 ) ) ;
#7170 = EDGE_LOOP ( 'NONE', ( #7386, #6781, #469, #3781, #5119, #4405 ) ) ;
#7171 = VECTOR ( 'NONE', #7747, 1000.000000000000000 ) ;
#7172 = ORIENTED_EDGE ( 'NONE', *, *, #5338, .T. ) ;
#7173 = VERTEX_POINT ( 'NONE', #5651 ) ;
#7174 = AXIS2_PLACEMENT_3D ( 'NONE', #4127, #2155, #6467 ) ;
#7175 = EDGE_CURVE ( 'NONE', #2331, #3075, #3219, .T. ) ;
#7176 = ORIENTED_EDGE ( 'NONE', *, *, #2584, .F. ) ;
#7177 = CARTESIAN_POINT ( 'NONE',  ( 4.550000000000000711, 7.000000000000000000, 28.35999999999999943 ) ) ;
#7178 = CC_DESIGN_PERSON_AND_ORGANIZATION_ASSIGNMENT ( #5208, #6504, ( #622 ) ) ;
#7179 = CARTESIAN_POINT ( 'NONE',  ( 17.18212227596999853, 7.049999999999998934, 28.87999999999999901 ) ) ;
#7180 = DIRECTION ( 'NONE',  ( 0.6024123836630105311, 0.7981850161519256082, 0.000000000000000000 ) ) ;
#7181 = AXIS2_PLACEMENT_3D ( 'NONE', #5518, #4299, #2434 ) ;
#7182 = B_SPLINE_CURVE_WITH_KNOTS ( 'NONE', 3,
 ( #2746, #178, #1449, #7538, #3207, #5681, #879, #3242, #102, #2632 ),
 .UNSPECIFIED., .F., .F.,
 ( 4, 2, 2, 2, 4 ),
 ( 0.000000000000000000, 0.1249999999999994449, 0.2499999999999988898, 0.4999999999999998890, 1.000000000000000000 ),
 .UNSPECIFIED. ) ;
#7183 = CARTESIAN_POINT ( 'NONE',  ( 0.07762107287923035448, 6.191845843688990492, 15.90970193405726363 ) ) ;
#7184 = DIRECTION ( 'NONE',  ( 0.000000000000000000, 0.000000000000000000, 1.000000000000000000 ) ) ;
#7185 = AXIS2_PLACEMENT_3D ( 'NONE', #5335, #4583, #956 ) ;
#7186 = AXIS2_PLACEMENT_3D ( 'NONE', #726, #6416, #7017 ) ;
#7187 = ADVANCED_FACE ( 'NONE', ( #939 ), #6473, .T. ) ;
#7188 = APPROVAL_STATUS ( 'not_yet_approved' ) ;
#7189 = CYLINDRICAL_SURFACE ( 'NONE', #3154, 0.9999999999974720222 ) ;
#7190 = CYLINDRICAL_SURFACE ( 'NONE', #868, 0.2999999999999999334 ) ;
#7191 = DIRECTION ( 'NONE',  ( 0.6024123836630105311, 0.7981850161519256082, 0.000000000000000000 ) ) ;
#7192 = ADVANCED_FACE ( 'NONE', ( #557 ), #5523, .T. ) ;
#7193 = DIRECTION ( 'NONE',  ( 0.7599342076850883476, 0.6499999999923363747, 0.000000000000000000 ) ) ;
#7194 = ORIENTED_EDGE ( 'NONE', *, *, #7662, .F. ) ;
#7195 = CARTESIAN_POINT ( 'NONE',  ( 0.08801788836538776417, 7.509957604421062527, -5.203958669693606919E-15 ) ) ;
#7196 = ORIENTED_EDGE ( 'NONE', *, *, #2544, .F. ) ;
#7197 = ORIENTED_EDGE ( 'NONE', *, *, #2936, .T. ) ;
#7198 = CARTESIAN_POINT ( 'NONE',  ( 0.2999999999999998224, 6.100000000000000533, 16.69999999999999929 ) ) ;
#7199 = CIRCLE ( 'NONE', #3718, 1.050000000002022205 ) ;
#7200 = AXIS2_PLACEMENT_3D ( 'NONE', #7570, #6243, #7611 ) ;
#7201 = CARTESIAN_POINT ( 'NONE',  ( 10.54999999999980531, 7.550000000000147260, 1.555424868891050139 ) ) ;
#7202 = AXIS2_PLACEMENT_3D ( 'NONE', #2337, #7284, #5593 ) ;
#7203 = ORIENTED_EDGE ( 'NONE', *, *, #5837, .T. ) ;
#7204 = CARTESIAN_POINT ( 'NONE',  ( 10.25000000000030909, 7.049999999999998934, 22.78000000000000114 ) ) ;
#7205 = FACE_OUTER_BOUND ( 'NONE', #3156, .T. ) ;
#7206 = ORIENTED_EDGE ( 'NONE', *, *, #464, .T. ) ;
#7207 = DIRECTION ( 'NONE',  ( 0.000000000000000000, 1.000000000000000000, 0.000000000000000000 ) ) ;
#7208 = LINE ( 'NONE', #1600, #5365 ) ;
#7209 = DIRECTION ( 'NONE',  ( -1.000000000000000000, 0.000000000000000000, 0.000000000000000000 ) ) ;
#7210 = EDGE_CURVE ( 'NONE', #3637, #5713, #88, .T. ) ;
#7211 = ORIENTED_EDGE ( 'NONE', *, *, #2892, .F. ) ;
#7212 = VERTEX_POINT ( 'NONE', #3789 ) ;
#7213 = AXIS2_PLACEMENT_3D ( 'NONE', #6178, #607, #3097 ) ;
#7214 = ORIENTED_EDGE ( 'NONE', *, *, #4654, .F. ) ;
#7215 = EDGE_LOOP ( 'NONE', ( #5500, #7550, #682, #7158 ) ) ;
#7216 = CARTESIAN_POINT ( 'NONE',  ( 4.549999999999999822, 7.400000000000000355, 19.93999999999999773 ) ) ;
#7217 = CARTESIAN_POINT ( 'NONE',  ( 10.65000000000000391, 7.550000000000000711, 1.820000000000000062 ) ) ;
#7218 = DIRECTION ( 'NONE',  ( -0.000000000000000000, -0.000000000000000000, 1.000000000000000000 ) ) ;
#7219 = ADVANCED_FACE ( 'NONE', ( #6951 ), #1822, .T. ) ;
#7220 = ADVANCED_FACE ( 'NONE', ( #1869 ), #5654, .T. ) ;
#7221 = FACE_OUTER_BOUND ( 'NONE', #2715, .T. ) ;
#7222 = ORIENTED_EDGE ( 'NONE', *, *, #1185, .T. ) ;
#7223 = CARTESIAN_POINT ( 'NONE',  ( 9.419999999999999929, 8.149999999999998579, 22.75999999999999801 ) ) ;
#7224 = EDGE_CURVE ( 'NONE', #5550, #5395, #3252, .T. ) ;
#7225 = CARTESIAN_POINT ( 'NONE',  ( 16.60000000000000142, 4.070000000000030482, 23.65000000000000568 ) ) ;
#7226 = DIRECTION ( 'NONE',  ( 1.000000000000000000, -0.000000000000000000, -0.000000000000000000 ) ) ;
#7227 = CIRCLE ( 'NONE', #7357, 1.570000000001444018 ) ;
#7228 = DIRECTION ( 'NONE',  ( -1.000000000000000000, 0.000000000000000000, 0.000000000000000000 ) ) ;
#7229 = EDGE_CURVE ( 'NONE', #2755, #2323, #76, .T. ) ;
#7230 = CARTESIAN_POINT ( 'NONE',  ( 11.29999999998313953, 1.799999999990480326, 28.35999999999999943 ) ) ;
#7231 = DIRECTION ( 'NONE',  ( 0.000000000000000000, -0.000000000000000000, 1.000000000000000000 ) ) ;
#7232 = VERTEX_POINT ( 'NONE', #5044 ) ;
#7233 = ORIENTED_EDGE ( 'NONE', *, *, #7687, .T. ) ;
#7234 = CARTESIAN_POINT ( 'NONE',  ( 17.33486177177819343, 7.049999999999993605, 16.67499999999999716 ) ) ;
#7235 = CARTESIAN_POINT ( 'NONE',  ( 4.550000000000000711, 7.049999999999999822, 23.27999999999999758 ) ) ;
#7236 = VERTEX_POINT ( 'NONE', #767 ) ;
#7237 = DIRECTION ( 'NONE',  ( 0.000000000000000000, 1.000000000000000000, 0.000000000000000000 ) ) ;
#7238 = DIRECTION ( 'NONE',  ( 0.000000000000000000, 1.000000000000000000, 0.000000000000000000 ) ) ;
#7239 = CARTESIAN_POINT ( 'NONE',  ( 10.25000000000061995, 7.049999999999999822, 11.18000000000061966 ) ) ;
#7240 = EDGE_LOOP ( 'NONE', ( #3118, #6931, #1414, #4651 ) ) ;
#7241 = CARTESIAN_POINT ( 'NONE',  ( 16.60000000000000142, 4.770000000000001350, 1.949999999999985079 ) ) ;
#7242 = VECTOR ( 'NONE', #5070, 1000.000000000000000 ) ;
#7243 = CARTESIAN_POINT ( 'NONE',  ( 17.18212227597007313, 7.049999999999999822, 23.32000000000000028 ) ) ;
#7244 = CARTESIAN_POINT ( 'NONE',  ( 10.65000000000000746, 7.550000000000000711, 16.78000000000000114 ) ) ;
#7245 = ORIENTED_EDGE ( 'NONE', *, *, #2459, .T. ) ;
#7246 = LINE ( 'NONE', #5816, #6796 ) ;
#7247 = ORIENTED_EDGE ( 'NONE', *, *, #5262, .T. ) ;
#7248 = EDGE_LOOP ( 'NONE', ( #164, #7157, #6329, #3556, #7735 ) ) ;
#7249 = EDGE_CURVE ( 'NONE', #4582, #5306, #4354, .T. ) ;
#7250 = VERTEX_POINT ( 'NONE', #1951 ) ;
#7251 = CARTESIAN_POINT ( 'NONE',  ( 0.000000000000000000, 3.949999999997781508, 12.79999999999753157 ) ) ;
#7252 = DIRECTION ( 'NONE',  ( 0.000000000000000000, 1.000000000000000000, 0.000000000000000000 ) ) ;
#7253 = DIRECTION ( 'NONE',  ( -1.000000000000000000, 1.788837098225075884E-14, 0.000000000000000000 ) ) ;
#7254 = ORIENTED_EDGE ( 'NONE', *, *, #6201, .F. ) ;
#7255 = LINE ( 'NONE', #7826, #6963 ) ;
#7256 = EDGE_LOOP ( 'NONE', ( #1803, #2714, #3859, #97, #3748, #1628 ) ) ;
#7257 = VERTEX_POINT ( 'NONE', #6910 ) ;
#7258 = CARTESIAN_POINT ( 'NONE',  ( 10.37489995996842040, 7.682152859750585705, 28.35999999999999943 ) ) ;
#7259 = B_SPLINE_CURVE_WITH_KNOTS ( 'NONE', 3,
 ( #7734, #7161, #2247, #367, #4038, #1637, #3540, #4115, #1023, #3501 ),
 .UNSPECIFIED., .F., .F.,
 ( 4, 2, 2, 2, 4 ),
 ( 0.000000000000000000, 0.1249999999999995004, 0.2499999999999990008, 0.4999999999999993339, 1.000000000000000000 ),
 .UNSPECIFIED. ) ;
#7260 = ADVANCED_FACE ( 'NONE', ( #1345 ), #3828, .T. ) ;
#7261 = FACE_OUTER_BOUND ( 'NONE', #2458, .T. ) ;
#7262 = CARTESIAN_POINT ( 'NONE',  ( 8.820000000000000284, 7.400000000000005684, 21.05999999999999872 ) ) ;
#7263 = DIRECTION ( 'NONE',  ( 0.000000000000000000, 0.000000000000000000, 1.000000000000000000 ) ) ;
#7264 = LINE ( 'NONE', #1790, #4334 ) ;
#7265 = LINE ( 'NONE', #6662, #158 ) ;
#7266 = CARTESIAN_POINT ( 'NONE',  ( 16.60000000000000142, 4.769999999999999574, 11.05000000000000071 ) ) ;
#7267 = EDGE_CURVE ( 'NONE', #7814, #7278, #8037, .T. ) ;
#7268 = EDGE_LOOP ( 'NONE', ( #3470, #7430, #5021, #4296 ) ) ;
#7269 = LINE ( 'NONE', #7960, #6391 ) ;
#7270 = LINE ( 'NONE', #2244, #5231 ) ;
#7271 = EDGE_CURVE ( 'NONE', #6259, #7650, #6304, .T. ) ;
#7272 = LINE ( 'NONE', #6713, #7047 ) ;
#7273 = ORIENTED_EDGE ( 'NONE', *, *, #2107, .T. ) ;
#7274 = DIRECTION ( 'NONE',  ( 0.000000000000000000, 1.000000000000000000, 0.000000000000000000 ) ) ;
#7275 = DIRECTION ( 'NONE',  ( 0.000000000000000000, 0.000000000000000000, -1.000000000000000000 ) ) ;
#7276 = CIRCLE ( 'NONE', #3798, 0.6999999999992979616 ) ;
#7277 = DIRECTION ( 'NONE',  ( -0.000000000000000000, -0.000000000000000000, 1.000000000000000000 ) ) ;
#7278 = VERTEX_POINT ( 'NONE', #4959 ) ;
#7279 = EDGE_LOOP ( 'NONE', ( #7548, #2202, #8011, #545 ) ) ;
#7280 = PLANE ( 'NONE',  #2783 ) ;
#7281 = EDGE_CURVE ( 'NONE', #5720, #6256, #2608, .T. ) ;
#7282 = LINE ( 'NONE', #4288, #961 ) ;
#7283 = VECTOR ( 'NONE', #6235, 1000.000000000000000 ) ;
#7284 = DIRECTION ( 'NONE',  ( 0.000000000000000000, 1.000000000000000000, 0.000000000000000000 ) ) ;
#7285 = ORIENTED_EDGE ( 'NONE', *, *, #6205, .F. ) ;
#7286 = DIRECTION ( 'NONE',  ( 1.000000000000000000, 0.000000000000000000, 0.000000000000000000 ) ) ;
#7287 = VERTEX_POINT ( 'NONE', #1986 ) ;
#7288 = VERTEX_POINT ( 'NONE', #5607 ) ;
#7289 = ADVANCED_FACE ( 'NONE', ( #760 ), #5835, .T. ) ;
#7290 = AXIS2_PLACEMENT_3D ( 'NONE', #5481, #3663, #6786 ) ;
#7291 = DIRECTION ( 'NONE',  ( -0.000000000000000000, 1.000000000000000000, 0.000000000000000000 ) ) ;
#7292 = CYLINDRICAL_SURFACE ( 'NONE', #2902, 0.3999999999993835154 ) ;
#7293 = DIRECTION ( 'NONE',  ( 1.000000000000000000, 0.000000000000000000, 0.000000000000000000 ) ) ;
#7294 = ORIENTED_EDGE ( 'NONE', *, *, #643, .F. ) ;
#7295 = ADVANCED_FACE ( 'NONE', ( #4394 ), #2594, .F. ) ;
#7296 = VECTOR ( 'NONE', #7748, 1000.000000000000000 ) ;
#7297 = PLANE ( 'NONE',  #7985 ) ;
#7298 = EDGE_LOOP ( 'NONE', ( #2835, #6407, #1239, #5520 ) ) ;
#7299 = AXIS2_PLACEMENT_3D ( 'NONE', #913, #4008, #6624 ) ;
#7300 = ORIENTED_EDGE ( 'NONE', *, *, #5123, .T. ) ;
#7301 = DIRECTION ( 'NONE',  ( 1.000000000000000000, 0.000000000000000000, 0.000000000000000000 ) ) ;
#7302 = ADVANCED_FACE ( 'NONE', ( #1971 ), #176, .T. ) ;
#7303 = CIRCLE ( 'NONE', #5765, 0.6000000000000970113 ) ;
#7304 = VECTOR ( 'NONE', #5641, 1000.000000000000000 ) ;
#7305 = CARTESIAN_POINT ( 'NONE',  ( 16.60000000000000142, 7.049999999999999822, 13.12500000000000000 ) ) ;
#7306 = CARTESIAN_POINT ( 'NONE',  ( -2.951086382896572551E-23, 6.400000000002104450, 12.79999999999810534 ) ) ;
#7307 = DIRECTION ( 'NONE',  ( 0.000000000000000000, -1.000000000000000000, 0.000000000000000000 ) ) ;
#7308 = EDGE_CURVE ( 'NONE', #3808, #7448, #6551, .T. ) ;
#7309 = PLANE ( 'NONE',  #4060 ) ;
#7310 = VECTOR ( 'NONE', #5229, 1000.000000000000000 ) ;
#7311 = PLANE ( 'NONE',  #6641 ) ;
#7312 = LINE ( 'NONE', #1054, #2270 ) ;
#7313 = DIRECTION ( 'NONE',  ( 0.8955305689931868374, 0.000000000000000000, 0.4449999999985831955 ) ) ;
#7314 = DIRECTION ( 'NONE',  ( -0.7981850161519269404, 0.6024123836630088658, -0.000000000000000000 ) ) ;
#7315 = AXIS2_PLACEMENT_3D ( 'NONE', #6172, #6643, #4345 ) ;
#7316 = EDGE_CURVE ( 'NONE', #4284, #2530, #1293, .T. ) ;
#7317 = CARTESIAN_POINT ( 'NONE',  ( 18.07765284496199243, 7.049999999999999822, 12.67500000000000426 ) ) ;
#7318 = ORIENTED_EDGE ( 'NONE', *, *, #1237, .F. ) ;
#7319 = CARTESIAN_POINT ( 'NONE',  ( 16.60000000000000142, 4.770000000000001350, 11.05000000000000071 ) ) ;
#7320 = CARTESIAN_POINT ( 'NONE',  ( -1.376676550535193854E-16, 0.000000000000000000, 0.6999999999999992895 ) ) ;
#7321 = CYLINDRICAL_SURFACE ( 'NONE', #5838, 0.6999999999999769740 ) ;
#7322 = DIRECTION ( 'NONE',  ( -0.000000000000000000, -1.000000000000000000, -0.000000000000000000 ) ) ;
#7323 = EDGE_LOOP ( 'NONE', ( #188, #2069, #7512, #835 ) ) ;
#7324 = ORIENTED_EDGE ( 'NONE', *, *, #2736, .F. ) ;
#7325 = DIRECTION ( 'NONE',  ( 0.000000000000000000, 0.000000000000000000, -1.000000000000000000 ) ) ;
#7326 = CARTESIAN_POINT ( 'NONE',  ( 17.37894151473797066, 7.000622083981281385, 5.959999999999999964 ) ) ;
#7327 = CARTESIAN_POINT ( 'NONE',  ( 3.186998057092550037E-28, 7.218676524318498267, 0.000000000000000000 ) ) ;
#7328 = VECTOR ( 'NONE', #5827, 1000.000000000000000 ) ;
#7329 = AXIS2_PLACEMENT_3D ( 'NONE', #3026, #4122, #4858 ) ;
#7330 = DIRECTION ( 'NONE',  ( 1.000000000000000000, 0.000000000000000000, 1.537398680586814748E-12 ) ) ;
#7331 = CARTESIAN_POINT ( 'NONE',  ( 0.3643478260869555951, 7.699923329723703525, 0.04613584800829429594 ) ) ;
#7332 = ORIENTED_EDGE ( 'NONE', *, *, #6998, .F. ) ;
#7333 = CARTESIAN_POINT ( 'NONE',  ( 18.58451382613609226, 4.708190853347722360, 11.38868606496653513 ) ) ;
#7334 = ORIENTED_EDGE ( 'NONE', *, *, #6465, .T. ) ;
#7335 = VERTEX_POINT ( 'NONE', #674 ) ;
#7336 = EDGE_CURVE ( 'NONE', #2558, #6000, #14, .T. ) ;
#7337 = AXIS2_PLACEMENT_3D ( 'NONE', #977, #7228, #1012 ) ;
#7338 = VECTOR ( 'NONE', #6466, 1000.000000000000000 ) ;
#7339 = ORIENTED_EDGE ( 'NONE', *, *, #6787, .T. ) ;
#7340 = CARTESIAN_POINT ( 'NONE',  ( 8.820000000000000284, 7.400000000000000355, 27.26000000000009749 ) ) ;
#7341 = PLANE ( 'NONE',  #6661 ) ;
#7342 = DIRECTION ( 'NONE',  ( -5.516420653620194126E-13, 0.000000000000000000, 1.000000000000000000 ) ) ;
#7343 = ORIENTED_EDGE ( 'NONE', *, *, #3122, .F. ) ;
#7344 = AXIS2_PLACEMENT_3D ( 'NONE', #3777, #5067, #5031 ) ;
#7345 = VERTEX_POINT ( 'NONE', #4423 ) ;
#7346 = ORIENTED_EDGE ( 'NONE', *, *, #7098, .T. ) ;
#7347 = ORIENTED_EDGE ( 'NONE', *, *, #2479, .F. ) ;
#7348 = CARTESIAN_POINT ( 'NONE',  ( 4.549999999999999822, 7.049999999999998934, 12.61999999999999922 ) ) ;
#7349 = CIRCLE ( 'NONE', #2816, 0.9999999999974713560 ) ;
#7350 = DIRECTION ( 'NONE',  ( 0.000000000000000000, 0.000000000000000000, -1.000000000000000000 ) ) ;
#7351 = DIRECTION ( 'NONE',  ( -0.000000000000000000, -0.000000000000000000, 1.000000000000000000 ) ) ;
#7352 = DIRECTION ( 'NONE',  ( 0.7499999999967355002, 0.000000000000000000, 0.6614378277698493847 ) ) ;
#7353 = FACE_OUTER_BOUND ( 'NONE', #2506, .T. ) ;
#7354 = CARTESIAN_POINT ( 'NONE',  ( 17.33486177177819698, 7.049999999999998934, 1.440000000000000169 ) ) ;
#7355 = DIRECTION ( 'NONE',  ( -1.000000000000000000, 0.000000000000000000, 0.000000000000000000 ) ) ;
#7356 = CARTESIAN_POINT ( 'NONE',  ( 4.550000000000000711, 7.000000000000000000, 11.56000000000000050 ) ) ;
#7357 = AXIS2_PLACEMENT_3D ( 'NONE', #4945, #7460, #6817 ) ;
#7358 = CARTESIAN_POINT ( 'NONE',  ( 10.25000000000061995, 7.550000000000000711, 7.419999999999379980 ) ) ;
#7359 = ORIENTED_EDGE ( 'NONE', *, *, #5262, .F. ) ;
#7360 = CARTESIAN_POINT ( 'NONE',  ( 18.58809699203467858, 4.070000000000026930, 12.44999999999999929 ) ) ;
#7361 = DIRECTION ( 'NONE',  ( -1.543258345132961734E-11, -1.000000000000000000, -0.000000000000000000 ) ) ;
#7362 = DIRECTION ( 'NONE',  ( -1.040834085588716654E-12, 0.000000000000000000, -1.000000000000000000 ) ) ;
#7363 = CYLINDRICAL_SURFACE ( 'NONE', #3197, 0.3999999999993835154 ) ;
#7364 = ORIENTED_EDGE ( 'NONE', *, *, #5855, .T. ) ;
#7365 = ADVANCED_FACE ( 'NONE', ( #6333 ), #3854, .T. ) ;
#7366 = ORIENTED_EDGE ( 'NONE', *, *, #7379, .F. ) ;
#7367 = ADVANCED_FACE ( 'NONE', ( #1329 ), #3926, .T. ) ;
#7368 = DIRECTION ( 'NONE',  ( -1.030425744732828750E-12, 0.000000000000000000, -1.000000000000000000 ) ) ;
#7369 = CYLINDRICAL_SURFACE ( 'NONE', #180, 0.6999999999999420019 ) ;
#7370 = DIRECTION ( 'NONE',  ( 2.780602331691197150E-28, -1.549841537731762083E-15, -1.000000000000000000 ) ) ;
#7371 = DIRECTION ( 'NONE',  ( -0.000000000000000000, -0.000000000000000000, 1.000000000000000000 ) ) ;
#7372 = ADVANCED_FACE ( 'NONE', ( #717 ), #1902, .T. ) ;
#7373 = LINE ( 'NONE', #638, #1279 ) ;
#7374 = ORIENTED_EDGE ( 'NONE', *, *, #6570, .F. ) ;
#7375 = DIRECTION ( 'NONE',  ( 0.000000000000000000, -1.000000000000000000, 0.000000000000000000 ) ) ;
#7376 = ORIENTED_EDGE ( 'NONE', *, *, #5705, .T. ) ;
#7377 = ORIENTED_EDGE ( 'NONE', *, *, #4965, .T. ) ;
#7378 = ORIENTED_EDGE ( 'NONE', *, *, #3297, .T. ) ;
#7379 = EDGE_CURVE ( 'NONE', #5502, #874, #5680, .T. ) ;
#7380 = DIRECTION ( 'NONE',  ( -1.000000000000000000, 0.000000000000000000, 0.000000000000000000 ) ) ;
#7381 = DIRECTION ( 'NONE',  ( -1.000000000000000000, 0.000000000000000000, 0.000000000000000000 ) ) ;
#7382 = LINE ( 'NONE', #1779, #1825 ) ;
#7383 = EDGE_CURVE ( 'NONE', #6926, #221, #605, .T. ) ;
#7384 = ORIENTED_EDGE ( 'NONE', *, *, #4304, .T. ) ;
#7385 = ADVANCED_FACE ( 'NONE', ( #838 ), #101, .T. ) ;
#7386 = ORIENTED_EDGE ( 'NONE', *, *, #205, .T. ) ;
#7387 = CIRCLE ( 'NONE', #3894, 0.6999999999999769740 ) ;
#7388 = VERTEX_POINT ( 'NONE', #7578 ) ;
#7389 = ORIENTED_EDGE ( 'NONE', *, *, #805, .T. ) ;
#7390 = CARTESIAN_POINT ( 'NONE',  ( 17.18212227597109987, 8.149999999999998579, 5.480000000002529958 ) ) ;
#7391 = DIRECTION ( 'NONE',  ( 1.000000000000000000, -0.000000000000000000, -0.000000000000000000 ) ) ;
#7392 = ADVANCED_FACE ( 'NONE', ( #2015 ), #1412, .T. ) ;
#7393 = CARTESIAN_POINT ( 'NONE',  ( 4.550000000000000711, 8.149999999999998579, 2.539999999999998259 ) ) ;
#7394 = CYLINDRICAL_SURFACE ( 'NONE', #6414, 0.6999999999999769740 ) ;
#7395 = CARTESIAN_POINT ( 'NONE',  ( 16.60000000000000142, 1.350000000000000311, 11.75000000000000000 ) ) ;
#7396 = DIRECTION ( 'NONE',  ( 0.7499999999967170705, 0.000000000000000000, 0.6614378277698702568 ) ) ;
#7397 = VECTOR ( 'NONE', #1169, 1000.000000000000227 ) ;
#7398 = CARTESIAN_POINT ( 'NONE',  ( 10.54999999999975913, 7.550000000000000711, 28.24457513110894880 ) ) ;
#7399 = DIRECTION ( 'NONE',  ( 0.000000000000000000, 1.000000000000000000, 0.000000000000000000 ) ) ;
#7400 = EDGE_CURVE ( 'NONE', #1812, #3604, #7615, .T. ) ;
#7401 = CYLINDRICAL_SURFACE ( 'NONE', #5235, 0.3999999999993835154 ) ;
#7402 = ORIENTED_EDGE ( 'NONE', *, *, #6465, .F. ) ;
#7403 = DIRECTION ( 'NONE',  ( -0.000000000000000000, -0.000000000000000000, 1.000000000000000000 ) ) ;
#7404 = FACE_OUTER_BOUND ( 'NONE', #4285, .T. ) ;
#7405 = CARTESIAN_POINT ( 'NONE',  ( 4.549999999999999822, 7.000000000000000000, 12.64000000000000057 ) ) ;
#7406 = CARTESIAN_POINT ( 'NONE',  ( 4.550000000000004263, 8.149999999999998579, 23.32000000000000028 ) ) ;
#7407 = ORIENTED_EDGE ( 'NONE', *, *, #3204, .F. ) ;
#7408 = ORIENTED_EDGE ( 'NONE', *, *, #3204, .T. ) ;
#7409 = CARTESIAN_POINT ( 'NONE',  ( 10.25000000000061995, 7.049999999999999822, 1.819999999999384999 ) ) ;
#7410 = CARTESIAN_POINT ( 'NONE',  ( 4.549999999999999822, 7.400000000000000355, 8.740000000000001990 ) ) ;
#7411 = LINE ( 'NONE', #4902, #568 ) ;
#7412 = LINE ( 'NONE', #3125, #6045 ) ;
#7413 = AXIS2_PLACEMENT_3D ( 'NONE', #2621, #4567, #5095 ) ;
#7414 = CARTESIAN_POINT ( 'NONE',  ( 0.000000000000000000, 6.600000000000000533, 14.11737620787499914 ) ) ;
#7415 = ORIENTED_EDGE ( 'NONE', *, *, #7400, .T. ) ;
#7416 = PLANE ( 'NONE',  #1078 ) ;
#7417 = EDGE_CURVE ( 'NONE', #2909, #2721, #2286, .T. ) ;
#7418 = ORIENTED_EDGE ( 'NONE', *, *, #5092, .T. ) ;
#7419 = ORIENTED_EDGE ( 'NONE', *, *, #136, .F. ) ;
#7420 = CIRCLE ( 'NONE', #2228, 4.999999999996431299 ) ;
#7421 = ORIENTED_EDGE ( 'NONE', *, *, #683, .T. ) ;
#7422 = CARTESIAN_POINT ( 'NONE',  ( 2.499999999999999556, 4.642547341124299898, 13.10000000000000320 ) ) ;
#7423 = LINE ( 'NONE', #1861, #5492 ) ;
#7424 = DIRECTION ( 'NONE',  ( 1.000000000000000000, -0.000000000000000000, -0.000000000000000000 ) ) ;
#7425 = ORIENTED_EDGE ( 'NONE', *, *, #7610, .T. ) ;
#7426 = CARTESIAN_POINT ( 'NONE',  ( 10.25000000000061995, 7.550000000000000711, 24.21999999999940201 ) ) ;
#7427 = ORIENTED_EDGE ( 'NONE', *, *, #6308, .T. ) ;
#7428 = EDGE_CURVE ( 'NONE', #6303, #3326, #389, .T. ) ;
#7429 = EDGE_LOOP ( 'NONE', ( #1666, #149, #3597, #4553 ) ) ;
#7430 = ORIENTED_EDGE ( 'NONE', *, *, #5766, .F. ) ;
#7431 = CARTESIAN_POINT ( 'NONE',  ( 18.26194645353651680, 1.297474645844959973, 28.55000000000000071 ) ) ;
#7432 = VERTEX_POINT ( 'NONE', #5317 ) ;
#7433 = VECTOR ( 'NONE', #5279, 1000.000000000000000 ) ;
#7434 = CARTESIAN_POINT ( 'NONE',  ( 10.25000000000000000, 7.049999999999999822, 12.61999999999999744 ) ) ;
#7435 = DIRECTION ( 'NONE',  ( -1.000000000000000000, -0.000000000000000000, -0.000000000000000000 ) ) ;
#7436 = DIRECTION ( 'NONE',  ( 0.000000000000000000, 0.000000000000000000, 1.000000000000000000 ) ) ;
#7437 = DIRECTION ( 'NONE',  ( 0.8955305689931789548, 0.000000000000000000, -0.4449999999985990717 ) ) ;
#7438 = VECTOR ( 'NONE', #2007, 1000.000000000000000 ) ;
#7439 = FACE_OUTER_BOUND ( 'NONE', #7722, .T. ) ;
#7440 = EDGE_CURVE ( 'NONE', #2598, #2331, #1661, .T. ) ;
#7441 = VECTOR ( 'NONE', #1354, 1000.000000000000000 ) ;
#7442 = DIRECTION ( 'NONE',  ( 1.000000000000000000, 0.000000000000000000, 0.000000000000000000 ) ) ;
#7443 = DIRECTION ( 'NONE',  ( 0.8965754122233362544, 0.4428911042192591463, 0.000000000000000000 ) ) ;
#7444 = VECTOR ( 'NONE', #6247, 1000.000000000000000 ) ;
#7445 = EDGE_CURVE ( 'NONE', #1588, #1916, #4105, .T. ) ;
#7446 = VECTOR ( 'NONE', #3174, 1000.000000000000000 ) ;
#7447 = CARTESIAN_POINT ( 'NONE',  ( 10.25000000000061995, 7.049999999999999822, 22.38000000000059941 ) ) ;
#7448 = VERTEX_POINT ( 'NONE', #1050 ) ;
#7449 = CARTESIAN_POINT ( 'NONE',  ( 18.07765284496202085, 8.149999999999998579, 28.32500000000000995 ) ) ;
#7450 = LINE ( 'NONE', #5674, #4985 ) ;
#7451 = CARTESIAN_POINT ( 'NONE',  ( 10.02241238366300102, 7.948185016151898985, 7.039999999999999147 ) ) ;
#7452 = CARTESIAN_POINT ( 'NONE',  ( 10.37489995996850212, 7.049999999999999822, 17.16000000000000014 ) ) ;
#7453 = ORIENTED_EDGE ( 'NONE', *, *, #1609, .T. ) ;
#7454 = CIRCLE ( 'NONE', #7962, 0.6000000000000961231 ) ;
#7455 = ORIENTED_EDGE ( 'NONE', *, *, #2725, .F. ) ;
#7456 = DIRECTION ( 'NONE',  ( 0.000000000000000000, 1.000000000000000000, -3.345472047537150155E-13 ) ) ;
#7457 = CYLINDRICAL_SURFACE ( 'NONE', #6156, 4.999999999996430411 ) ;
#7458 = DIRECTION ( 'NONE',  ( 0.000000000000000000, -7.744301232039195394E-16, -1.000000000000000000 ) ) ;
#7459 = CARTESIAN_POINT ( 'NONE',  ( 18.58938014848537179, 4.458358702864416934, 28.44115392084600558 ) ) ;
#7460 = DIRECTION ( 'NONE',  ( -0.000000000000000000, -0.000000000000000000, 1.000000000000000000 ) ) ;
#7461 = ORIENTED_EDGE ( 'NONE', *, *, #7808, .T. ) ;
#7462 = CARTESIAN_POINT ( 'NONE',  ( 18.58897279926771517, 4.122921973353960823, 11.74999999999996980 ) ) ;
#7463 = EDGE_LOOP ( 'NONE', ( #17, #6254, #2552, #1267 ) ) ;
#7464 = ORIENTED_EDGE ( 'NONE', *, *, #4529, .T. ) ;
#7465 = VECTOR ( 'NONE', #7277, 1000.000000000000000 ) ;
#7466 = VERTEX_POINT ( 'NONE', #2967 ) ;
#7467 = CYLINDRICAL_SURFACE ( 'NONE', #6541, 0.3999999999993835154 ) ;
#7468 = CARTESIAN_POINT ( 'NONE',  ( 8.820000000000000284, 8.149999999999998579, 16.06000000000000583 ) ) ;
#7469 = EDGE_LOOP ( 'NONE', ( #6691, #7898, #6373, #4439, #4259, #6215 ) ) ;
#7470 = ORIENTED_EDGE ( 'NONE', *, *, #2997, .F. ) ;
#7471 = VECTOR ( 'NONE', #6542, 1000.000000000000000 ) ;
#7472 = ORIENTED_EDGE ( 'NONE', *, *, #4294, .F. ) ;
#7473 = AXIS2_PLACEMENT_3D ( 'NONE', #864, #901, #1008 ) ;
#7474 = ORIENTED_EDGE ( 'NONE', *, *, #1888, .T. ) ;
#7475 = ORIENTED_EDGE ( 'NONE', *, *, #3841, .F. ) ;
#7476 = EDGE_CURVE ( 'NONE', #2122, #5657, #6452, .T. ) ;
#7477 = EDGE_CURVE ( 'NONE', #6131, #3816, #976, .T. ) ;
#7478 = AXIS2_PLACEMENT_3D ( 'NONE', #295, #5949, #883 ) ;
#7479 = EDGE_CURVE ( 'NONE', #1796, #4513, #4386, .T. ) ;
#7480 = DIRECTION ( 'NONE',  ( -0.000000000000000000, -0.000000000000000000, -1.000000000000000000 ) ) ;
#7481 = CIRCLE ( 'NONE', #6690, 0.3999999999993835154 ) ;
#7482 = CARTESIAN_POINT ( 'NONE',  ( 16.32701131941315253, 7.902276053260790967, 0.1569636618892526758 ) ) ;
#7483 = EDGE_CURVE ( 'NONE', #1424, #3816, #4507, .T. ) ;
#7484 = DIRECTION ( 'NONE',  ( -0.7981850161516382824, 0.6024123836633913376, -0.000000000000000000 ) ) ;
#7485 = FACE_OUTER_BOUND ( 'NONE', #4590, .T. ) ;
#7486 = EDGE_CURVE ( 'NONE', #6358, #6950, #3528, .T. ) ;
#7487 = VECTOR ( 'NONE', #113, 1000.000000000000000 ) ;
#7488 = DIRECTION ( 'NONE',  ( 1.000000000000000000, -0.000000000000000000, -0.000000000000000000 ) ) ;
#7489 = CARTESIAN_POINT ( 'NONE',  ( 8.820000000000000284, 8.000000000000000000, 16.06000000000000227 ) ) ;
#7490 = EDGE_CURVE ( 'NONE', #3604, #5115, #6012, .T. ) ;
#7491 = EDGE_CURVE ( 'NONE', #5550, #2182, #5535, .T. ) ;
#7492 = ORIENTED_EDGE ( 'NONE', *, *, #776, .F. ) ;
#7493 = CARTESIAN_POINT ( 'NONE',  ( 8.820000000000000284, 8.000000000000067502, 24.93999999999990180 ) ) ;
#7494 = LINE ( 'NONE', #2588, #415 ) ;
#7495 = DIRECTION ( 'NONE',  ( 0.000000000000000000, -1.000000000000000000, 2.478176394252662985E-15 ) ) ;
#7496 = FACE_OUTER_BOUND ( 'NONE', #4279, .T. ) ;
#7497 = ORIENTED_EDGE ( 'NONE', *, *, #2013, .T. ) ;
#7498 = EDGE_LOOP ( 'NONE', ( #1729, #4456, #3194, #7542 ) ) ;
#7499 =( NAMED_UNIT ( * ) SI_UNIT ( $, .STERADIAN. ) SOLID_ANGLE_UNIT ( ) );
#7500 = CARTESIAN_POINT ( 'NONE',  ( 18.49061796843436767, 0.01458884366243832532, 29.26876943144909760 ) ) ;
#7501 = CARTESIAN_POINT ( 'NONE',  ( 18.58952477949125992, 4.174497322550288381, 28.54419192211766898 ) ) ;
#7502 = PLANE ( 'NONE',  #3752 ) ;
#7503 = VECTOR ( 'NONE', #3352, 1000.000000000000000 ) ;
#7504 = ORIENTED_EDGE ( 'NONE', *, *, #5837, .F. ) ;
#7505 = CARTESIAN_POINT ( 'NONE',  ( 18.39999999999945146, 0.2000000000005305034, 29.80000000000000071 ) ) ;
#7506 = ORIENTED_EDGE ( 'NONE', *, *, #5612, .T. ) ;
#7507 = CYLINDRICAL_SURFACE ( 'NONE', #314, 1.570000000001446683 ) ;
#7508 = CC_DESIGN_APPROVAL ( #6097, ( #7768 ) ) ;
#7509 = ORIENTED_EDGE ( 'NONE', *, *, #4834, .F. ) ;
#7510 = FACE_OUTER_BOUND ( 'NONE', #1816, .T. ) ;
#7511 = CARTESIAN_POINT ( 'NONE',  ( 3.620000000000001439, 8.149999999999998579, 28.89999999999999858 ) ) ;
#7512 = ORIENTED_EDGE ( 'NONE', *, *, #3927, .T. ) ;
#7513 = DIRECTION ( 'NONE',  ( 5.151434834260510263E-13, 0.000000000000000000, -1.000000000000000000 ) ) ;
#7514 = ORIENTED_EDGE ( 'NONE', *, *, #8041, .T. ) ;
#7515 = CARTESIAN_POINT ( 'NONE',  ( 16.60000000000000142, 4.770000000000001350, 16.65000000000000213 ) ) ;
#7516 = ADVANCED_FACE ( 'NONE', ( #7754 ), #2195, .T. ) ;
#7517 = ORIENTED_EDGE ( 'NONE', *, *, #3506, .T. ) ;
#7518 = VERTEX_POINT ( 'NONE', #2881 ) ;
#7519 = FACE_OUTER_BOUND ( 'NONE', #2393, .T. ) ;
#7520 = CIRCLE ( 'NONE', #8036, 0.6000000000000970113 ) ;
#7521 = CARTESIAN_POINT ( 'NONE',  ( 16.60000000000000142, 1.349999999999988098, 18.05000000000002203 ) ) ;
#7522 = DIRECTION ( 'NONE',  ( -2.215709058856525897E-13, -0.000000000000000000, -1.000000000000000000 ) ) ;
#7523 = LINE ( 'NONE', #5736, #6921 ) ;
#7524 = ADVANCED_FACE ( 'NONE', ( #1140 ), #437, .T. ) ;
#7525 = CARTESIAN_POINT ( 'NONE',  ( 8.820000000000000284, 8.000000000000067502, 19.33999999999990393 ) ) ;
#7526 = AXIS2_PLACEMENT_3D ( 'NONE', #3804, #4569, #7609 ) ;
#7527 = CARTESIAN_POINT ( 'NONE',  ( 18.58205168432626309, 4.769999999999997797, 11.05000000000000071 ) ) ;
#7528 = ORIENTED_EDGE ( 'NONE', *, *, #5993, .T. ) ;
#7529 = FACE_OUTER_BOUND ( 'NONE', #4324, .T. ) ;
#7530 = CARTESIAN_POINT ( 'NONE',  ( 10.25000000000061995, 7.550000000000000711, 27.98000000000060083 ) ) ;
#7531 = DIRECTION ( 'NONE',  ( 0.000000000000000000, 1.796677885833180911E-14, -1.000000000000000000 ) ) ;
#7532 = EDGE_CURVE ( 'NONE', #4488, #225, #3460, .T. ) ;
#7533 = CARTESIAN_POINT ( 'NONE',  ( 9.419999999999999929, 8.149999999999998579, 5.960000000000000853 ) ) ;
#7534 = ORIENTED_EDGE ( 'NONE', *, *, #1815, .F. ) ;
#7535 = ORIENTED_EDGE ( 'NONE', *, *, #2672, .T. ) ;
#7536 = LINE ( 'NONE', #2507, #7953 ) ;
#7537 = CARTESIAN_POINT ( 'NONE',  ( 18.58897279926770807, 4.122921973353963487, 28.54999999999997584 ) ) ;
#7538 = CARTESIAN_POINT ( 'NONE',  ( 18.22768840902516274, 1.146650358813577242, 1.278198409450314710 ) ) ;
#7539 = ORIENTED_EDGE ( 'NONE', *, *, #4837, .T. ) ;
#7540 = DIRECTION ( 'NONE',  ( 1.000000000000000000, -0.000000000000000000, -0.000000000000000000 ) ) ;
#7541 = ORIENTED_EDGE ( 'NONE', *, *, #6294, .F. ) ;
#7542 = ORIENTED_EDGE ( 'NONE', *, *, #3056, .F. ) ;
#7543 = B_SPLINE_CURVE_WITH_KNOTS ( 'NONE', 3,
 ( #6992, #2106, #5166, #1427, #3988, #3294 ),
 .UNSPECIFIED., .F., .F.,
 ( 4, 2, 4 ),
 ( 0.000000000000000000, 0.5000000000000000000, 1.000000000000000000 ),
 .UNSPECIFIED. ) ;
#7544 = ADVANCED_FACE ( 'NONE', ( #5357 ), #7190, .T. ) ;
#7545 = VERTEX_POINT ( 'NONE', #6658 ) ;
#7546 = LINE ( 'NONE', #5763, #4080 ) ;
#7547 = CARTESIAN_POINT ( 'NONE',  ( 18.58205168432626309, 4.769999999999998685, 24.17230928253608724 ) ) ;
#7548 = ORIENTED_EDGE ( 'NONE', *, *, #6104, .F. ) ;
#7549 = ADVANCED_FACE ( 'NONE', ( #3490 ), #5968, .T. ) ;
#7550 = ORIENTED_EDGE ( 'NONE', *, *, #670, .T. ) ;
#7551 = DIRECTION ( 'NONE',  ( -0.000000000000000000, -0.000000000000000000, 1.000000000000000000 ) ) ;
#7552 = ORIENTED_EDGE ( 'NONE', *, *, #4759, .F. ) ;
#7553 = ORIENTED_EDGE ( 'NONE', *, *, #2342, .T. ) ;
#7554 = VECTOR ( 'NONE', #610, 1000.000000000000114 ) ;
#7555 = DIRECTION ( 'NONE',  ( 0.000000000000000000, -1.000000000000000000, 0.000000000000000000 ) ) ;
#7556 = CIRCLE ( 'NONE', #1841, 0.9999999999974712450 ) ;
#7557 = CARTESIAN_POINT ( 'NONE',  ( 11.29999999998313953, 1.799999999990480326, 13.12500000000000000 ) ) ;
#7558 = CARTESIAN_POINT ( 'NONE',  ( 18.10221458223799829, 0.6500000000000024647, 24.35000000000000497 ) ) ;
#7559 = LINE ( 'NONE', #3795, #6138 ) ;
#7560 = DIRECTION ( 'NONE',  ( -7.859986015045356422E-16, 3.929993007522678211E-16, -1.000000000000000000 ) ) ;
#7561 = VECTOR ( 'NONE', #2695, 1000.000000000000000 ) ;
#7562 = PLANE ( 'NONE',  #3805 ) ;
#7563 = ADVANCED_FACE ( 'NONE', ( #4754 ), #7870, .T. ) ;
#7564 = VECTOR ( 'NONE', #2934, 1000.000000000000000 ) ;
#7565 = DIRECTION ( 'NONE',  ( 0.000000000000000000, 0.000000000000000000, -1.000000000000000000 ) ) ;
#7566 = VECTOR ( 'NONE', #3052, 1000.000000000000000 ) ;
#7567 = CARTESIAN_POINT ( 'NONE',  ( 0.1022247398571341226, 4.219754143398868784, 13.06975413198417435 ) ) ;
#7568 = FACE_OUTER_BOUND ( 'NONE', #2203, .T. ) ;
#7569 = CARTESIAN_POINT ( 'NONE',  ( 10.37489995996850212, 7.049999999999999822, 22.75999999999999801 ) ) ;
#7570 = CARTESIAN_POINT ( 'NONE',  ( 4.549999999999999822, 7.000000000000000000, 18.23999999999999488 ) ) ;
#7571 = ORIENTED_EDGE ( 'NONE', *, *, #1147, .T. ) ;
#7572 = VECTOR ( 'NONE', #3011, 1000.000000000000000 ) ;
#7573 = VERTEX_POINT ( 'NONE', #6141 ) ;
#7574 = FACE_OUTER_BOUND ( 'NONE', #3334, .T. ) ;
#7575 = AXIS2_PLACEMENT_3D ( 'NONE', #7850, #2295, #5917 ) ;
#7576 = EDGE_CURVE ( 'NONE', #6114, #4284, #6100, .T. ) ;
#7577 = EDGE_CURVE ( 'NONE', #5727, #6582, #4312, .T. ) ;
#7578 = CARTESIAN_POINT ( 'NONE',  ( 0.2999999999999998224, 6.100000000000000533, 13.10000000000000142 ) ) ;
#7579 = CARTESIAN_POINT ( 'NONE',  ( 9.420000000000319673, 7.150000000001090150, 28.80000000000000426 ) ) ;
#7580 = ORIENTED_EDGE ( 'NONE', *, *, #2227, .T. ) ;
#7581 = AXIS2_PLACEMENT_3D ( 'NONE', #174, #2671, #1936 ) ;
#7582 = DIRECTION ( 'NONE',  ( -1.000000000000000000, 0.000000000000000000, 0.000000000000000000 ) ) ;
#7583 = ORIENTED_EDGE ( 'NONE', *, *, #1959, .T. ) ;
#7584 = ORIENTED_EDGE ( 'NONE', *, *, #1313, .F. ) ;
#7585 = CIRCLE ( 'NONE', #6424, 13.89999999994158131 ) ;
#7586 = ORIENTED_EDGE ( 'NONE', *, *, #1787, .T. ) ;
#7587 = LINE ( 'NONE', #5076, #7446 ) ;
#7588 = CIRCLE ( 'NONE', #3047, 1.570000000001445351 ) ;
#7589 = EDGE_CURVE ( 'NONE', #2327, #2546, #1177, .T. ) ;
#7590 = ORIENTED_EDGE ( 'NONE', *, *, #4090, .F. ) ;
#7591 = ORIENTED_EDGE ( 'NONE', *, *, #3582, .T. ) ;
#7592 = VERTEX_POINT ( 'NONE', #4924 ) ;
#7593 = AXIS2_PLACEMENT_3D ( 'NONE', #2137, #2861, #3505 ) ;
#7594 = ORIENTED_EDGE ( 'NONE', *, *, #1926, .T. ) ;
#7595 = DIRECTION ( 'NONE',  ( -0.000000000000000000, -0.000000000000000000, -1.000000000000000000 ) ) ;
#7596 = CARTESIAN_POINT ( 'NONE',  ( 17.33486177177819343, 7.049999999999995381, 13.12500000000000000 ) ) ;
#7597 = AXIS2_PLACEMENT_3D ( 'NONE', #6275, #5093, #127 ) ;
#7598 = VECTOR ( 'NONE', #4570, 1000.000000000000000 ) ;
#7599 = CARTESIAN_POINT ( 'NONE',  ( 17.08923586769300584, 7.321299490900607054, 28.89999999999999858 ) ) ;
#7600 = AXIS2_PLACEMENT_3D ( 'NONE', #5419, #1725, #2425 ) ;
#7601 = DIRECTION ( 'NONE',  ( 1.000000000000000000, -0.000000000000000000, -0.000000000000000000 ) ) ;
#7602 = CARTESIAN_POINT ( 'NONE',  ( 10.37489995997990277, 7.682152859742380713, 18.23999999999999844 ) ) ;
#7603 = DIRECTION ( 'NONE',  ( -1.096345236820114027E-12, 0.000000000000000000, 1.000000000000000000 ) ) ;
#7604 = VECTOR ( 'NONE', #6789, 1000.000000000000000 ) ;
#7605 = DIRECTION ( 'NONE',  ( -1.000000000000000000, -0.000000000000000000, 1.285219418687469829E-14 ) ) ;
#7606 = ORIENTED_EDGE ( 'NONE', *, *, #1717, .F. ) ;
#7607 = CARTESIAN_POINT ( 'NONE',  ( 4.550000000000000711, 7.000000000000000000, 22.75999999999999801 ) ) ;
#7608 = CARTESIAN_POINT ( 'NONE',  ( 18.16605281595992949, 0.8926834002229159237, 18.21277379832985943 ) ) ;
#7609 = DIRECTION ( 'NONE',  ( 0.000000000000000000, 1.000000000000000000, 0.000000000000000000 ) ) ;
#7610 = EDGE_CURVE ( 'NONE', #3318, #5956, #3009, .T. ) ;
#7611 = DIRECTION ( 'NONE',  ( 0.000000000000000000, 0.000000000000000000, 1.000000000000000000 ) ) ;
#7612 = ORIENTED_EDGE ( 'NONE', *, *, #6884, .T. ) ;
#7613 = VERTEX_POINT ( 'NONE', #7393 ) ;
#7614 = CARTESIAN_POINT ( 'NONE',  ( 16.60000000000000142, 0.6499999999999990230, 17.35000000000000142 ) ) ;
#7615 = LINE ( 'NONE', #2054, #5398 ) ;
#7616 = CARTESIAN_POINT ( 'NONE',  ( 18.01737696167533542, 6.145230653682340893, 13.15586484809035284 ) ) ;
#7617 = VERTEX_POINT ( 'NONE', #3103 ) ;
#7618 = CARTESIAN_POINT ( 'NONE',  ( 10.25000000000000000, 7.049999999999999822, 18.22000000000001663 ) ) ;
#7619 = EDGE_LOOP ( 'NONE', ( #7745, #6032, #338, #804 ) ) ;
#7620 = ORIENTED_EDGE ( 'NONE', *, *, #3903, .F. ) ;
#7621 = EDGE_CURVE ( 'NONE', #2598, #7020, #1789, .T. ) ;
#7622 = EDGE_CURVE ( 'NONE', #919, #642, #6331, .T. ) ;
#7623 = EDGE_LOOP ( 'NONE', ( #3807, #840, #7455, #5094 ) ) ;
#7624 = DIRECTION ( 'NONE',  ( 1.000000000000000000, 0.000000000000000000, 0.000000000000000000 ) ) ;
#7625 = EDGE_CURVE ( 'NONE', #6000, #3971, #7349, .T. ) ;
#7626 = DIRECTION ( 'NONE',  ( -1.000000000000000000, 0.000000000000000000, 0.000000000000000000 ) ) ;
#7627 = VECTOR ( 'NONE', #3889, 1000.000000000000000 ) ;
#7628 = ORIENTED_EDGE ( 'NONE', *, *, #5404, .F. ) ;
#7629 = ORIENTED_EDGE ( 'NONE', *, *, #6503, .T. ) ;
#7630 = ORIENTED_EDGE ( 'NONE', *, *, #3539, .F. ) ;
#7631 = ADVANCED_FACE ( 'NONE', ( #3664 ), #6788, .T. ) ;
#7632 = ORIENTED_EDGE ( 'NONE', *, *, #398, .T. ) ;
#7633 = ADVANCED_FACE ( 'NONE', ( #3713 ), #3050, .F. ) ;
#7634 = EDGE_CURVE ( 'NONE', #4350, #6686, #458, .T. ) ;
#7635 = DIRECTION ( 'NONE',  ( 0.000000000000000000, -1.000000000000000000, 0.000000000000000000 ) ) ;
#7636 = CARTESIAN_POINT ( 'NONE',  ( 10.65000000000000391, 8.149999999999998579, 7.419999999999800089 ) ) ;
#7637 = DIRECTION ( 'NONE',  ( 0.000000000000000000, 0.000000000000000000, -1.000000000000000000 ) ) ;
#7638 = CARTESIAN_POINT ( 'NONE',  ( 18.12467766249664436, 0.7334047677208602734, 5.792977788406957984 ) ) ;
#7639 = CARTESIAN_POINT ( 'NONE',  ( 8.820000000000000284, 8.149999999999998579, 2.539999999999998259 ) ) ;
#7640 = ADVANCED_FACE ( 'NONE', ( #6210 ), #5507, .T. ) ;
#7641 = CARTESIAN_POINT ( 'NONE',  ( 10.65000000000000391, 8.149999999999998579, 18.61999999999980560 ) ) ;
#7642 = DIRECTION ( 'NONE',  ( -0.000000000000000000, -0.000000000000000000, 1.000000000000000000 ) ) ;
#7643 = ADVANCED_FACE ( 'NONE', ( #4159 ), #6038, .T. ) ;
#7644 = EDGE_LOOP ( 'NONE', ( #3731, #1056, #1194, #5526 ) ) ;
#7645 = LINE ( 'NONE', #3350, #388 ) ;
#7646 = CIRCLE ( 'NONE', #2728, 0.6999999999999402256 ) ;
#7647 = CARTESIAN_POINT ( 'NONE',  ( 8.820000000000000284, 7.400000000000000355, 14.33999999999999986 ) ) ;
#7648 = DIRECTION ( 'NONE',  ( 0.000000000000000000, 1.000000000000000000, 0.000000000000000000 ) ) ;
#7649 = DIRECTION ( 'NONE',  ( 0.000000000000000000, 1.000000000000000000, 0.000000000000000000 ) ) ;
#7650 = VERTEX_POINT ( 'NONE', #2380 ) ;
#7651 = VERTEX_POINT ( 'NONE', #4247 ) ;
#7652 = CARTESIAN_POINT ( 'NONE',  ( 4.690000000058420326, 4.299999999992524913, 1.250000000000000000 ) ) ;
#7653 = EDGE_CURVE ( 'NONE', #179, #1017, #1159, .T. ) ;
#7654 = CARTESIAN_POINT ( 'NONE',  ( 15.23000000000010523, 8.149999999999998579, 28.89999999999999858 ) ) ;
#7655 = ORIENTED_EDGE ( 'NONE', *, *, #7867, .F. ) ;
#7656 = CARTESIAN_POINT ( 'NONE',  ( 10.37489995996849856, 7.050000000000000711, 12.64000000000000057 ) ) ;
#7657 = ORIENTED_EDGE ( 'NONE', *, *, #5940, .F. ) ;
#7658 = DIRECTION ( 'NONE',  ( -0.000000000000000000, -0.000000000000000000, 1.000000000000000000 ) ) ;
#7659 = VERTEX_POINT ( 'NONE', #6080 ) ;
#7660 = CARTESIAN_POINT ( 'NONE',  ( 4.550000000000000711, 8.149999999999998579, 8.139999999999998792 ) ) ;
#7661 = CARTESIAN_POINT ( 'NONE',  ( 16.18594924246994893, 5.979999999998560689, 7.040000000000000036 ) ) ;
#7662 = EDGE_CURVE ( 'NONE', #1649, #880, #7412, .T. ) ;
#7663 = EDGE_LOOP ( 'NONE', ( #4626, #6777, #5152, #1304 ) ) ;
#7664 = VERTEX_POINT ( 'NONE', #1681 ) ;
#7665 = VERTEX_POINT ( 'NONE', #2947 ) ;
#7666 = PLANE ( 'NONE',  #1590 ) ;
#7667 = LINE ( 'NONE', #3410, #6276 ) ;
#7668 = EDGE_CURVE ( 'NONE', #6421, #2546, #4741, .T. ) ;
#7669 = DIRECTION ( 'NONE',  ( 1.000000000000000000, -0.000000000000000000, -0.000000000000000000 ) ) ;
#7670 = VECTOR ( 'NONE', #3151, 1000.000000000000000 ) ;
#7671 = DIRECTION ( 'NONE',  ( 0.3122498999201666070, 0.000000000000000000, -0.9499999999999190203 ) ) ;
#7672 = LINE ( 'NONE', #2808, #3008 ) ;
#7673 = APPROVAL_ROLE ( '' ) ;
#7674 = AXIS2_PLACEMENT_3D ( 'NONE', #2974, #2495, #7313 ) ;
#7675 = FACE_OUTER_BOUND ( 'NONE', #1423, .T. ) ;
#7676 = LINE ( 'NONE', #5358, #3976 ) ;
#7677 = EDGE_CURVE ( 'NONE', #6415, #5035, #4775, .T. ) ;
#7678 = ORIENTED_EDGE ( 'NONE', *, *, #5795, .F. ) ;
#7679 = LINE ( 'NONE', #2817, #6445 ) ;
#7680 = LINE ( 'NONE', #4610, #4196 ) ;
#7681 = CARTESIAN_POINT ( 'NONE',  ( 18.07765284496202085, 7.049999999999999822, 22.72500000000000853 ) ) ;
#7682 = AXIS2_PLACEMENT_3D ( 'NONE', #87, #3260, #2579 ) ;
#7683 = DIRECTION ( 'NONE',  ( -0.000000000000000000, 1.000000000000000000, 0.000000000000000000 ) ) ;
#7684 = ORIENTED_EDGE ( 'NONE', *, *, #4215, .T. ) ;
#7685 = ORIENTED_EDGE ( 'NONE', *, *, #7927, .F. ) ;
#7686 = DIRECTION ( 'NONE',  ( -1.000000000000000000, 2.552250841931516415E-16, -0.000000000000000000 ) ) ;
#7687 = EDGE_CURVE ( 'NONE', #6085, #7545, #3641, .T. ) ;
#7688 = VECTOR ( 'NONE', #5389, 1000.000000000000000 ) ;
#7689 = AXIS2_PLACEMENT_3D ( 'NONE', #1466, #7143, #4054 ) ;
#7690 = VECTOR ( 'NONE', #2287, 1000.000000000000000 ) ;
#7691 = CARTESIAN_POINT ( 'NONE',  ( 17.37947366142815042, 7.000000000000000000, 28.35999999999999943 ) ) ;
#7692 = ORIENTED_EDGE ( 'NONE', *, *, #6033, .F. ) ;
#7693 = DIRECTION ( 'NONE',  ( 0.000000000000000000, 0.000000000000000000, 1.000000000000000000 ) ) ;
#7694 = CYLINDRICAL_SURFACE ( 'NONE', #3049, 0.3999999999993835154 ) ;
#7695 = AXIS2_PLACEMENT_3D ( 'NONE', #490, #5496, #1108 ) ;
#7696 = VECTOR ( 'NONE', #4161, 1000.000000000000000 ) ;
#7697 = ORIENTED_EDGE ( 'NONE', *, *, #6030, .F. ) ;
#7698 = CARTESIAN_POINT ( 'NONE',  ( 0.2999999999999998224, 6.100000000000000533, 13.71572807176702113 ) ) ;
#7699 = LINE ( 'NONE', #5841, #7310 ) ;
#7700 = VECTOR ( 'NONE', #7057, 1000.000000000000000 ) ;
#7701 = ORIENTED_EDGE ( 'NONE', *, *, #1937, .T. ) ;
#7702 = VECTOR ( 'NONE', #5648, 1000.000000000000000 ) ;
#7703 = ORIENTED_EDGE ( 'NONE', *, *, #2239, .T. ) ;
#7704 = VERTEX_POINT ( 'NONE', #1850 ) ;
#7705 = ORIENTED_EDGE ( 'NONE', *, *, #5878, .F. ) ;
#7706 = B_SPLINE_CURVE_WITH_KNOTS ( 'NONE', 3,
 ( #4026, #2074, #6501, #6994 ),
 .UNSPECIFIED., .F., .F.,
 ( 4, 4 ),
 ( 0.000000000000000000, 1.000000000000000000 ),
 .UNSPECIFIED. ) ;
#7707 = CARTESIAN_POINT ( 'NONE',  ( 18.59999999999999787, 0.2000000000000008993, 29.58989794855704858 ) ) ;
#7708 = VECTOR ( 'NONE', #2379, 1000.000000000000000 ) ;
#7709 = LINE ( 'NONE', #6644, #1350 ) ;
#7710 = CARTESIAN_POINT ( 'NONE',  ( 10.37489995996842040, 7.682152859750583040, 11.56000000000000050 ) ) ;
#7711 = DIRECTION ( 'NONE',  ( 0.000000000000000000, 1.000000000000000000, 0.000000000000000000 ) ) ;
#7712 = DIRECTION ( 'NONE',  ( -2.593933641025162433E-23, -1.849285512925739041E-12, 1.000000000000000000 ) ) ;
#7713 = DIRECTION ( 'NONE',  ( 1.000000000000000000, 0.000000000000000000, 0.000000000000000000 ) ) ;
#7714 = EDGE_CURVE ( 'NONE', #5625, #6131, #1383, .T. ) ;
#7715 = B_SPLINE_CURVE_WITH_KNOTS ( 'NONE', 3,
 ( #1498, #3978, #5840, #259, #2751, #7698 ),
 .UNSPECIFIED., .F., .F.,
 ( 4, 2, 4 ),
 ( 0.000000000000000000, 0.5000000000000000000, 1.000000000000000000 ),
 .UNSPECIFIED. ) ;
#7716 = EDGE_CURVE ( 'NONE', #1567, #7651, #6163, .T. ) ;
#7717 = DATE_TIME_ROLE ( 'creation_date' ) ;
#7718 = VECTOR ( 'NONE', #2240, 1000.000000000000000 ) ;
#7719 = DIRECTION ( 'NONE',  ( 0.000000000000000000, 0.000000000000000000, -1.000000000000000000 ) ) ;
#7720 = EDGE_CURVE ( 'NONE', #2912, #3318, #6118, .T. ) ;
#7721 = DIRECTION ( 'NONE',  ( -0.000000000000000000, -6.344131569286608450E-17, -1.000000000000000000 ) ) ;
#7722 = EDGE_LOOP ( 'NONE', ( #2065, #1425, #7245, #3286, #5923, #4997, #7863, #5294, #6436, #1067, #5991, #5293 ) ) ;
#7723 = CARTESIAN_POINT ( 'NONE',  ( 16.96493515728995405, 7.449999999999999289, 0.000000000000000000 ) ) ;
#7724 = DIRECTION ( 'NONE',  ( 0.000000000000000000, 0.000000000000000000, -1.000000000000000000 ) ) ;
#7725 = CARTESIAN_POINT ( 'NONE',  ( 17.18212227597027919, 7.049999999999998934, 6.519999999999999574 ) ) ;
#7726 = VECTOR ( 'NONE', #4031, 1000.000000000000000 ) ;
#7727 = FACE_OUTER_BOUND ( 'NONE', #4412, .T. ) ;
#7728 = EDGE_LOOP ( 'NONE', ( #7013, #6594, #7140, #7472 ) ) ;
#7729 = EDGE_LOOP ( 'NONE', ( #4455, #6496, #5599, #1478, #719, #653, #2512, #2784 ) ) ;
#7730 = DIRECTION ( 'NONE',  ( -0.000000000000000000, -0.000000000000000000, -1.000000000000000000 ) ) ;
#7731 = EDGE_CURVE ( 'NONE', #4701, #6087, #4904, .T. ) ;
#7732 = EDGE_CURVE ( 'NONE', #4572, #7257, #3688, .T. ) ;
#7733 = AXIS2_PLACEMENT_3D ( 'NONE', #604, #3787, #3094 ) ;
#7734 = CARTESIAN_POINT ( 'NONE',  ( 18.27335378321595272, 1.349999999999980105, 23.65000000000000568 ) ) ;
#7735 = ORIENTED_EDGE ( 'NONE', *, *, #4373, .F. ) ;
#7736 = CARTESIAN_POINT ( 'NONE',  ( 4.549999999999999822, 8.000000000000101252, 25.53999999999999915 ) ) ;
#7737 = CARTESIAN_POINT ( 'NONE',  ( 16.18594924246994893, 5.979999999998560689, 28.80000000000000426 ) ) ;
#7738 = AXIS2_PLACEMENT_3D ( 'NONE', #8001, #8043, #1227 ) ;
#7739 = ORIENTED_EDGE ( 'NONE', *, *, #3711, .F. ) ;
#7740 = CARTESIAN_POINT ( 'NONE',  ( 4.549999999999999822, 7.000000000000000888, 1.440000000000000169 ) ) ;
#7741 = CARTESIAN_POINT ( 'NONE',  ( 0.2999999999999998224, 6.100000000000000533, 13.71572807176702113 ) ) ;
#7742 = ORIENTED_EDGE ( 'NONE', *, *, #6793, .F. ) ;
#7743 = ORIENTED_EDGE ( 'NONE', *, *, #4665, .T. ) ;
#7744 = ORIENTED_EDGE ( 'NONE', *, *, #1112, .F. ) ;
#7745 = ORIENTED_EDGE ( 'NONE', *, *, #276, .T. ) ;
#7746 = DIRECTION ( 'NONE',  ( 0.000000000000000000, -1.000000000000000000, 0.000000000000000000 ) ) ;
#7747 = DIRECTION ( 'NONE',  ( 5.006096547400707783E-13, 1.000000000000000000, 0.000000000000000000 ) ) ;
#7748 = DIRECTION ( 'NONE',  ( 1.000000000000000000, -0.000000000000000000, -0.000000000000000000 ) ) ;
#7749 = EDGE_CURVE ( 'NONE', #5009, #6863, #3979, .T. ) ;
#7750 = DIRECTION ( 'NONE',  ( 0.000000000000000000, 1.000000000000000000, 0.000000000000000000 ) ) ;
#7751 = CARTESIAN_POINT ( 'NONE',  ( 16.60000000000000142, 4.070000000000059792, 5.450000000000059686 ) ) ;
#7752 = DATE_AND_TIME ( #3418, #1143 ) ;
#7753 = CARTESIAN_POINT ( 'NONE',  ( 10.65000000000000746, 8.149999999999998579, 16.78000000000022851 ) ) ;
#7754 = FACE_OUTER_BOUND ( 'NONE', #6283, .T. ) ;
#7755 = EDGE_CURVE ( 'NONE', #7592, #114, #1334, .T. ) ;
#7756 = CARTESIAN_POINT ( 'NONE',  ( 10.25000000000020961, 8.149999999999998579, 12.61999999999999744 ) ) ;
#7757 = DIRECTION ( 'NONE',  ( 1.000000000000000000, -0.000000000000000000, -0.000000000000000000 ) ) ;
#7758 = CARTESIAN_POINT ( 'NONE',  ( 9.420000000000319673, 7.150000000001090150, 1.440000000000000169 ) ) ;
#7759 = LINE ( 'NONE', #2201, #7598 ) ;
#7760 = ORIENTED_EDGE ( 'NONE', *, *, #5465, .T. ) ;
#7761 = ORIENTED_EDGE ( 'NONE', *, *, #7840, .T. ) ;
#7762 = DIRECTION ( 'NONE',  ( 0.000000000000000000, 3.438469747025571958E-14, 1.000000000000000000 ) ) ;
#7763 = EDGE_CURVE ( 'NONE', #5455, #3265, #3525, .T. ) ;
#7764 = CARTESIAN_POINT ( 'NONE',  ( 18.26194645353650969, 1.297474645844963526, 11.74999999999998757 ) ) ;
#7765 = ORIENTED_EDGE ( 'NONE', *, *, #4834, .T. ) ;
#7766 = DIRECTION ( 'NONE',  ( 2.357995804513606927E-15, -2.750995105265874945E-15, -1.000000000000000000 ) ) ;
#7767 = DIRECTION ( 'NONE',  ( 1.000000000000000000, 0.000000000000000000, 0.000000000000000000 ) ) ;
#7768 = PRODUCT_DEFINITION ( 'UNKNOWN', '', #4006, #4831 ) ;
#7769 = VECTOR ( 'NONE', #491, 1000.000000000000114 ) ;
#7770 = ORIENTED_EDGE ( 'NONE', *, *, #2465, .T. ) ;
#7771 = DIRECTION ( 'NONE',  ( -0.000000000000000000, -0.000000000000000000, 1.000000000000000000 ) ) ;
#7772 = LINE ( 'NONE', #7660, #2002 ) ;
#7773 = DIRECTION ( 'NONE',  ( -0.000000000000000000, 1.000000000000000000, -0.000000000000000000 ) ) ;
#7774 = ORIENTED_EDGE ( 'NONE', *, *, #7731, .F. ) ;
#7775 = EDGE_LOOP ( 'NONE', ( #5192, #1929, #1598, #5828 ) ) ;
#7776 = ORIENTED_EDGE ( 'NONE', *, *, #4601, .F. ) ;
#7777 = ADVANCED_FACE ( 'NONE', ( #5400 ), #6098, .F. ) ;
#7778 = AXIS2_PLACEMENT_3D ( 'NONE', #508, #468, #2345 ) ;
#7779 = VERTEX_POINT ( 'NONE', #2400 ) ;
#7780 = FACE_OUTER_BOUND ( 'NONE', #5513, .T. ) ;
#7781 = CARTESIAN_POINT ( 'NONE',  ( 10.65000000000000746, 8.149999999999998579, 11.18000000000023242 ) ) ;
#7782 = FACE_OUTER_BOUND ( 'NONE', #1682, .T. ) ;
#7783 = EDGE_CURVE ( 'NONE', #5000, #1486, #1624, .T. ) ;
#7784 = EDGE_LOOP ( 'NONE', ( #7121, #1568, #3772, #4301, #4961, #4994, #2374, #7203, #5038, #3138 ) ) ;
#7785 = CYLINDRICAL_SURFACE ( 'NONE', #1857, 0.6999999999999420019 ) ;
#7786 = APPROVAL_ROLE ( '' ) ;
#7787 = CARTESIAN_POINT ( 'NONE',  ( 4.550000000000000711, 8.149999999999998579, 22.75999999999999801 ) ) ;
#7788 = AXIS2_PLACEMENT_3D ( 'NONE', #2112, #3993, #5928 ) ;
#7789 = CARTESIAN_POINT ( 'NONE',  ( 0.000000000000000000, 6.599999999999996980, 15.68262379212500157 ) ) ;
#7790 = CARTESIAN_POINT ( 'NONE',  ( 10.37489995997995429, 7.682152859742345186, 7.040000000000000036 ) ) ;
#7791 = DIRECTION ( 'NONE',  ( -0.000000000000000000, -6.344131569286602287E-17, -1.000000000000000000 ) ) ;
#7792 = ORIENTED_EDGE ( 'NONE', *, *, #6783, .T. ) ;
#7793 = CARTESIAN_POINT ( 'NONE',  ( 0.1322252507073700678, 7.564235043344324616, 0.008081549823180097375 ) ) ;
#7794 = AXIS2_PLACEMENT_3D ( 'NONE', #4564, #2659, #703 ) ;
#7795 = VERTEX_POINT ( 'NONE', #7908 ) ;
#7796 = ORIENTED_EDGE ( 'NONE', *, *, #4558, .T. ) ;
#7797 = EDGE_CURVE ( 'NONE', #5972, #7432, #517, .T. ) ;
#7798 = DIRECTION ( 'NONE',  ( 1.000000000000000000, 0.000000000000000000, 0.000000000000000000 ) ) ;
#7799 = CIRCLE ( 'NONE', #1467, 0.9999999999974698017 ) ;
#7800 = DIRECTION ( 'NONE',  ( 1.000000000000000000, 0.000000000000000000, 0.000000000000000000 ) ) ;
#7801 = ORIENTED_EDGE ( 'NONE', *, *, #1669, .T. ) ;
#7802 = LINE ( 'NONE', #7163, #5831 ) ;
#7803 = DIRECTION ( 'NONE',  ( -0.000000000000000000, 1.000000000000000000, 0.000000000000000000 ) ) ;
#7804 = EDGE_CURVE ( 'NONE', #4739, #3638, #6705, .T. ) ;
#7805 = CIRCLE ( 'NONE', #5348, 13.89999999994158131 ) ;
#7806 = AXIS2_PLACEMENT_3D ( 'NONE', #5854, #5818, #4642 ) ;
#7807 = ORIENTED_EDGE ( 'NONE', *, *, #3274, .F. ) ;
#7808 = EDGE_CURVE ( 'NONE', #251, #1218, #4221, .T. ) ;
#7809 = DIRECTION ( 'NONE',  ( 0.7317914199408835918, 0.6815286624206684518, 0.000000000000000000 ) ) ;
#7810 = LINE ( 'NONE', #2256, #4477 ) ;
#7811 = CARTESIAN_POINT ( 'NONE',  ( 4.550000000000000711, 7.400000000000005684, 15.45999999999999908 ) ) ;
#7812 = ADVANCED_FACE ( 'NONE', ( #7261 ), #6655, .F. ) ;
#7813 = AXIS2_PLACEMENT_3D ( 'NONE', #1001, #1614, #3483 ) ;
#7814 = VERTEX_POINT ( 'NONE', #7305 ) ;
#7815 = AXIS2_PLACEMENT_3D ( 'NONE', #6017, #393, #441 ) ;
#7816 = VERTEX_POINT ( 'NONE', #6059 ) ;
#7817 = ORIENTED_EDGE ( 'NONE', *, *, #6137, .T. ) ;
#7818 = VECTOR ( 'NONE', #460, 1000.000000000000000 ) ;
#7819 = ORIENTED_EDGE ( 'NONE', *, *, #2058, .F. ) ;
#7820 = LINE ( 'NONE', #7707, #6301 ) ;
#7821 = VECTOR ( 'NONE', #7361, 1000.000000000000000 ) ;
#7822 = DIRECTION ( 'NONE',  ( 1.000000000000000000, 0.000000000000000000, 0.000000000000000000 ) ) ;
#7823 = CARTESIAN_POINT ( 'NONE',  ( 18.10221458223799473, 0.6499999999999994671, 12.97638814223189030 ) ) ;
#7824 = ADVANCED_FACE ( 'NONE', ( #7950 ), #475, .T. ) ;
#7825 = VECTOR ( 'NONE', #4335, 1000.000000000000000 ) ;
#7826 = CARTESIAN_POINT ( 'NONE',  ( 3.620000000000001439, 8.150000000000005684, 28.89999999999999858 ) ) ;
#7827 = CARTESIAN_POINT ( 'NONE',  ( 4.550000000000000711, 8.149999999999998579, 16.06000000000000583 ) ) ;
#7828 = VECTOR ( 'NONE', #906, 1000.000000000000000 ) ;
#7829 = AXIS2_PLACEMENT_3D ( 'NONE', #4990, #6859, #7458 ) ;
#7830 = CARTESIAN_POINT ( 'NONE',  ( 10.25000000000000000, 7.049999999999998934, 11.58000000000000540 ) ) ;
#7831 = CARTESIAN_POINT ( 'NONE',  ( 4.549999999999999822, 8.000000000000000000, 8.139999999999998792 ) ) ;
#7832 = CARTESIAN_POINT ( 'NONE',  ( 0.000000000000000000, 5.899999999999059774, 14.89999999999819913 ) ) ;
#7833 = DIRECTION ( 'NONE',  ( 1.000000000000000000, 1.384590581249543522E-16, 0.000000000000000000 ) ) ;
#7834 = ORIENTED_EDGE ( 'NONE', *, *, #4277, .T. ) ;
#7835 = CARTESIAN_POINT ( 'NONE',  ( 0.000000000000000000, -1.735964746963040569E-15, 29.80000000000001847 ) ) ;
#7836 = CIRCLE ( 'NONE', #4618, 0.4999999999999469313 ) ;
#7837 = ORIENTED_EDGE ( 'NONE', *, *, #5933, .F. ) ;
#7838 = ORIENTED_EDGE ( 'NONE', *, *, #5404, .T. ) ;
#7839 = DIRECTION ( 'NONE',  ( -0.000000000000000000, -0.000000000000000000, -1.000000000000000000 ) ) ;
#7840 = EDGE_CURVE ( 'NONE', #1916, #7007, #727, .T. ) ;
#7841 = CARTESIAN_POINT ( 'NONE',  ( 4.549999999999999822, 7.000000000000000888, 1.440000000000000169 ) ) ;
#7842 = VECTOR ( 'NONE', #2293, 1000.000000000000000 ) ;
#7843 = ORIENTED_EDGE ( 'NONE', *, *, #6446, .F. ) ;
#7844 = PLANE ( 'NONE',  #5352 ) ;
#7845 = CARTESIAN_POINT ( 'NONE',  ( 0.2999999999955427210, 4.254627983564946092, 16.69999999999999929 ) ) ;
#7846 = CARTESIAN_POINT ( 'NONE',  ( 10.65000000000000036, 8.149999999999998579, 16.78000000000022851 ) ) ;
#7847 = ORIENTED_EDGE ( 'NONE', *, *, #7483, .F. ) ;
#7848 = DIRECTION ( 'NONE',  ( 0.000000000000000000, 0.000000000000000000, -1.000000000000000000 ) ) ;
#7849 = AXIS2_PLACEMENT_3D ( 'NONE', #2279, #7082, #4678 ) ;
#7850 = CARTESIAN_POINT ( 'NONE',  ( 18.58809699203467858, 1.349999999999981437, 18.05000000000000071 ) ) ;
#7851 = VERTEX_POINT ( 'NONE', #4155 ) ;
#7852 = DIRECTION ( 'NONE',  ( -1.000000000000000000, 0.000000000000000000, 0.000000000000000000 ) ) ;
#7853 = EDGE_CURVE ( 'NONE', #1525, #5009, #2196, .T. ) ;
#7854 = ORIENTED_EDGE ( 'NONE', *, *, #5622, .F. ) ;
#7855 = AXIS2_PLACEMENT_3D ( 'NONE', #7831, #5402, #2276 ) ;
#7856 = ORIENTED_EDGE ( 'NONE', *, *, #3170, .F. ) ;
#7857 = ORIENTED_EDGE ( 'NONE', *, *, #2574, .F. ) ;
#7858 = PLANE ( 'NONE',  #1882 ) ;
#7859 = DIRECTION ( 'NONE',  ( 0.000000000000000000, 1.000000000000000000, 0.000000000000000000 ) ) ;
#7860 = LINE ( 'NONE', #423, #3908 ) ;
#7861 = ORIENTED_EDGE ( 'NONE', *, *, #6668, .T. ) ;
#7862 = LINE ( 'NONE', #3520, #3583 ) ;
#7863 = ORIENTED_EDGE ( 'NONE', *, *, #266, .T. ) ;
#7864 = EDGE_CURVE ( 'NONE', #2686, #3084, #5951, .T. ) ;
#7865 = ORIENTED_EDGE ( 'NONE', *, *, #670, .F. ) ;
#7866 = CARTESIAN_POINT ( 'NONE',  ( 17.33486177177819698, 7.049999999999998934, 18.23999999999999844 ) ) ;
#7867 = EDGE_CURVE ( 'NONE', #6344, #142, #5661, .T. ) ;
#7868 = DIRECTION ( 'NONE',  ( 0.000000000000000000, 1.000000000000000000, -3.197442310920462448E-13 ) ) ;
#7869 = CARTESIAN_POINT ( 'NONE',  ( 0.2999999999999998224, 6.100000000000000533, 13.10000000000000142 ) ) ;
#7870 = PLANE ( 'NONE',  #1914 ) ;
#7871 = AXIS2_PLACEMENT_3D ( 'NONE', #446, #5908, #6588 ) ;
#7872 = DIRECTION ( 'NONE',  ( 0.000000000000000000, -1.000000000000000000, 0.000000000000000000 ) ) ;
#7873 = DIRECTION ( 'NONE',  ( -1.000000000000000000, -0.000000000000000000, -0.000000000000000000 ) ) ;
#7874 = CARTESIAN_POINT ( 'NONE',  ( 18.58205168432626309, 4.769999999999997797, 22.25000000000000355 ) ) ;
#7875 = EDGE_CURVE ( 'NONE', #5609, #1281, #4082, .T. ) ;
#7876 = ORIENTED_EDGE ( 'NONE', *, *, #1944, .T. ) ;
#7877 = DIRECTION ( 'NONE',  ( 0.000000000000000000, 1.000000000000000000, 0.000000000000000000 ) ) ;
#7878 = ADVANCED_FACE ( 'NONE', ( #454 ), #4771, .T. ) ;
#7879 = DIRECTION ( 'NONE',  ( -1.000000000000000000, 0.000000000000000000, 0.000000000000000000 ) ) ;
#7880 = ORIENTED_EDGE ( 'NONE', *, *, #2774, .T. ) ;
#7881 = CARTESIAN_POINT ( 'NONE',  ( 0.1196409262444182303, 7.570554935577427536, 29.80000000000000782 ) ) ;
#7882 = DIRECTION ( 'NONE',  ( 0.000000000000000000, 1.000000000000000000, 0.000000000000000000 ) ) ;
#7883 = EDGE_CURVE ( 'NONE', #625, #3363, #2148, .T. ) ;
#7884 = CARTESIAN_POINT ( 'NONE',  ( 10.02241238366300102, 7.948185016151898985, 23.83999999999999986 ) ) ;
#7885 = ORIENTED_EDGE ( 'NONE', *, *, #3896, .F. ) ;
#7886 = ORIENTED_EDGE ( 'NONE', *, *, #4954, .F. ) ;
#7887 = DIRECTION ( 'NONE',  ( -7.859986015045356422E-16, 3.929993007522678211E-16, -1.000000000000000000 ) ) ;
#7888 = ADVANCED_FACE ( 'NONE', ( #2375 ), #2255, .F. ) ;
#7889 = DIRECTION ( 'NONE',  ( 1.000000000000000000, 0.000000000000000000, 0.000000000000000000 ) ) ;
#7890 = VECTOR ( 'NONE', #3780, 1000.000000000000000 ) ;
#7891 = CARTESIAN_POINT ( 'NONE',  ( 2.500000000000000000, 6.299999999999999822, 13.71572807176707975 ) ) ;
#7892 = DIRECTION ( 'NONE',  ( -0.000000000000000000, -0.000000000000000000, -1.000000000000000000 ) ) ;
#7893 = ORIENTED_EDGE ( 'NONE', *, *, #2314, .F. ) ;
#7894 = LINE ( 'NONE', #5853, #7696 ) ;
#7895 = VERTEX_POINT ( 'NONE', #373 ) ;
#7896 = EDGE_LOOP ( 'NONE', ( #4952, #2050, #1555, #4216 ) ) ;
#7897 = AXIS2_PLACEMENT_3D ( 'NONE', #7923, #3769, #1840 ) ;
#7898 = ORIENTED_EDGE ( 'NONE', *, *, #4518, .T. ) ;
#7899 = CARTESIAN_POINT ( 'NONE',  ( 0.05672869526855350841, 7.450000000000740030, 29.80000000000000071 ) ) ;
#7900 = DIRECTION ( 'NONE',  ( 0.000000000000000000, 1.000000000000000000, 0.000000000000000000 ) ) ;
#7901 = EDGE_CURVE ( 'NONE', #221, #1647, #6595, .T. ) ;
#7902 = CARTESIAN_POINT ( 'NONE',  ( 3.620000000000001439, 8.149999999999998579, 28.89999999999999858 ) ) ;
#7903 = ORIENTED_EDGE ( 'NONE', *, *, #2067, .F. ) ;
#7904 = FACE_OUTER_BOUND ( 'NONE', #7983, .T. ) ;
#7905 = ORIENTED_EDGE ( 'NONE', *, *, #890, .F. ) ;
#7906 = ORIENTED_EDGE ( 'NONE', *, *, #3913, .T. ) ;
#7907 = CARTESIAN_POINT ( 'NONE',  ( 3.548039513124699397E-17, 0.6999999999998238742, 29.80000000000000071 ) ) ;
#7908 = CARTESIAN_POINT ( 'NONE',  ( 4.550000000000000711, 8.149999999999998579, 28.35999999999999943 ) ) ;
#7909 = EDGE_CURVE ( 'NONE', #7250, #3790, #2334, .T. ) ;
#7910 = DIRECTION ( 'NONE',  ( 0.6024123836633384910, 0.7981850161516781395, 0.000000000000000000 ) ) ;
#7911 = DIRECTION ( 'NONE',  ( 0.000000000000000000, 0.000000000000000000, 1.000000000000000000 ) ) ;
#7912 = DIRECTION ( 'NONE',  ( -0.000000000000000000, -2.086325146946602842E-16, -1.000000000000000000 ) ) ;
#7913 = DIRECTION ( 'NONE',  ( 0.000000000000000000, 1.000000000000000000, 0.000000000000000000 ) ) ;
#7914 = FACE_OUTER_BOUND ( 'NONE', #3965, .T. ) ;
#7915 = ORIENTED_EDGE ( 'NONE', *, *, #1266, .F. ) ;
#7916 = CARTESIAN_POINT ( 'NONE',  ( 17.37894151473800264, 7.000622083981287602, 23.83999999999999986 ) ) ;
#7917 = CYLINDRICAL_SURFACE ( 'NONE', #5485, 0.6999999999999420019 ) ;
#7918 = EDGE_CURVE ( 'NONE', #3826, #4350, #1764, .T. ) ;
#7919 = CARTESIAN_POINT ( 'NONE',  ( 18.22768840902516985, 1.146650358813595671, 6.878198409450326345 ) ) ;
#7920 = ORIENTED_EDGE ( 'NONE', *, *, #2013, .F. ) ;
#7921 = DIRECTION ( 'NONE',  ( 1.000000000000000000, 0.000000000000000000, 0.000000000000000000 ) ) ;
#7922 = CARTESIAN_POINT ( 'NONE',  ( 10.37489995996850212, 7.049999999999999822, 5.959999999999999964 ) ) ;
#7923 = CARTESIAN_POINT ( 'NONE',  ( 16.60000000000000142, 6.800000000000529177, 14.90000000000000036 ) ) ;
#7924 = CIRCLE ( 'NONE', #6510, 4.999999999996432187 ) ;
#7925 = CYLINDRICAL_SURFACE ( 'NONE', #2548, 0.6999999999999437783 ) ;
#7926 = VERTEX_POINT ( 'NONE', #409 ) ;
#7927 = EDGE_CURVE ( 'NONE', #5276, #5188, #6115, .T. ) ;
#7928 = ORIENTED_EDGE ( 'NONE', *, *, #7972, .T. ) ;
#7929 = DIRECTION ( 'NONE',  ( 0.7317914199408829257, 0.6815286624206687849, 0.000000000000000000 ) ) ;
#7930 = LINE ( 'NONE', #3029, #7708 ) ;
#7931 = VECTOR ( 'NONE', #5446, 1000.000000000000000 ) ;
#7932 = CARTESIAN_POINT ( 'NONE',  ( 4.690000000058420326, 4.299999999992524913, 0.000000000000000000 ) ) ;
#7933 = CARTESIAN_POINT ( 'NONE',  ( 2.544333048814781506, 8.114915839309130519, 0.4392687318788141004 ) ) ;
#7934 = ORIENTED_EDGE ( 'NONE', *, *, #5600, .T. ) ;
#7935 = FACE_OUTER_BOUND ( 'NONE', #7936, .T. ) ;
#7936 = EDGE_LOOP ( 'NONE', ( #7586, #6306, #5125, #7517, #5163, #1907, #4743, #5694, #7247, #1952, #4750, #1028, #4292, #3349, #715, #5297, #2636, #5234, #6809, #5380, #443, #4682, #6223, #4043, #1088, #5606, #7334, #5064, #252, #2128, #5072, #2292, #1762, #3892, #1438, #2904, #500, #869, #4303, #191, #6914, #7064, #5978, #2312, #1650, #2802 ) ) ;
#7937 = ORIENTED_EDGE ( 'NONE', *, *, #9, .T. ) ;
#7938 = VECTOR ( 'NONE', #1791, 1000.000000000000000 ) ;
#7939 = EDGE_LOOP ( 'NONE', ( #4813, #7285, #471, #7765 ) ) ;
#7940 = DIRECTION ( 'NONE',  ( -1.000000000000000000, 0.000000000000000000, -0.000000000000000000 ) ) ;
#7941 = DIRECTION ( 'NONE',  ( -1.000000000000000000, 0.000000000000000000, -2.080043137471019124E-16 ) ) ;
#7942 = DIRECTION ( 'NONE',  ( 0.000000000000000000, 1.000000000000000000, 0.000000000000000000 ) ) ;
#7943 = ORIENTED_EDGE ( 'NONE', *, *, #4645, .F. ) ;
#7944 = AXIS2_PLACEMENT_3D ( 'NONE', #3761, #7399, #5620 ) ;
#7945 = ORIENTED_EDGE ( 'NONE', *, *, #2672, .F. ) ;
#7946 = CIRCLE ( 'NONE', #2652, 0.3999999999993840705 ) ;
#7947 = ORIENTED_EDGE ( 'NONE', *, *, #7486, .T. ) ;
#7948 = CARTESIAN_POINT ( 'NONE',  ( 16.60000000000000142, 4.070000000000059792, 24.35000000000000497 ) ) ;
#7949 = VECTOR ( 'NONE', #2565, 1000.000000000000000 ) ;
#7950 = FACE_OUTER_BOUND ( 'NONE', #4898, .T. ) ;
#7951 = LINE ( 'NONE', #4830, #1461 ) ;
#7952 = DIRECTION ( 'NONE',  ( -0.000000000000000000, -0.000000000000000000, 1.000000000000000000 ) ) ;
#7953 = VECTOR ( 'NONE', #12, 1000.000000000000000 ) ;
#7954 = DIRECTION ( 'NONE',  ( 1.000000000000000000, 1.384590581249543522E-16, 0.000000000000000000 ) ) ;
#7955 = EDGE_CURVE ( 'NONE', #5829, #1525, #73, .T. ) ;
#7956 = DIRECTION ( 'NONE',  ( -1.000000000000000000, -0.000000000000000000, -0.000000000000000000 ) ) ;
#7957 = EDGE_CURVE ( 'NONE', #3739, #420, #5790, .T. ) ;
#7958 = FACE_OUTER_BOUND ( 'NONE', #1201, .T. ) ;
#7959 = EDGE_CURVE ( 'NONE', #1417, #5956, #6856, .T. ) ;
#7960 = CARTESIAN_POINT ( 'NONE',  ( 18.10221458223799829, 0.6500000000000026867, 5.450000000000000178 ) ) ;
#7961 = DIRECTION ( 'NONE',  ( 0.000000000000000000, 1.000000000000000000, -0.000000000000000000 ) ) ;
#7962 = AXIS2_PLACEMENT_3D ( 'NONE', #550, #3089, #2433 ) ;
#7963 = CARTESIAN_POINT ( 'NONE',  ( 18.16605281595992594, 0.8926834002229203646, 7.012773798329869912 ) ) ;
#7964 = ORIENTED_EDGE ( 'NONE', *, *, #5783, .T. ) ;
#7965 = CIRCLE ( 'NONE', #971, 0.9999999999974716891 ) ;
#7966 = CARTESIAN_POINT ( 'NONE',  ( 17.33486177177820053, 7.049999999999999822, 28.35999999999999943 ) ) ;
#7967 = CARTESIAN_POINT ( 'NONE',  ( 8.820000000000000284, 8.000000000000101252, 3.140000000000095604 ) ) ;
#7968 = DIRECTION ( 'NONE',  ( 0.7598676893429463508, 0.6500777604968589474, 0.000000000000000000 ) ) ;
#7969 = DIRECTION ( 'NONE',  ( 0.000000000000000000, -4.708535149080283353E-14, -1.000000000000000000 ) ) ;
#7970 = VERTEX_POINT ( 'NONE', #4900 ) ;
#7971 = EDGE_CURVE ( 'NONE', #1554, #5078, #3848, .T. ) ;
#7972 = EDGE_CURVE ( 'NONE', #1988, #4513, #2698, .T. ) ;
#7973 = B_SPLINE_CURVE_WITH_KNOTS ( 'NONE', 3,
 ( #4962, #4827, #1137, #3572, #1694, #1826, #1046, #4265, #6136, #4222, #7431, #5571 ),
 .UNSPECIFIED., .F., .F.,
 ( 4, 2, 2, 2, 2, 4 ),
 ( 0.000000000000000000, 0.2500000000000000555, 0.5000000000000001110, 0.7500000000000002220, 0.8750000000000001110, 1.000000000000000000 ),
 .UNSPECIFIED. ) ;
#7974 = VERTEX_POINT ( 'NONE', #5503 ) ;
#7975 = CARTESIAN_POINT ( 'NONE',  ( 16.60000000000000142, 4.770000000000001350, 27.85000000000000497 ) ) ;
#7976 = CARTESIAN_POINT ( 'NONE',  ( 16.60000000000000142, 1.349999999999999645, 11.75000000000000000 ) ) ;
#7977 = DIRECTION ( 'NONE',  ( 0.000000000000000000, 1.000000000000000000, 0.000000000000000000 ) ) ;
#7978 = CIRCLE ( 'NONE', #1251, 0.3999999999993835154 ) ;
#7979 = DIRECTION ( 'NONE',  ( 1.000000000000000000, 0.000000000000000000, 0.000000000000000000 ) ) ;
#7980 = DIRECTION ( 'NONE',  ( 0.000000000000000000, -0.000000000000000000, 1.000000000000000000 ) ) ;
#7981 = ORIENTED_EDGE ( 'NONE', *, *, #6427, .T. ) ;
#7982 = LINE ( 'NONE', #3209, #2322 ) ;
#7983 = EDGE_LOOP ( 'NONE', ( #3607, #4356, #7701, #5846 ) ) ;
#7984 = EDGE_LOOP ( 'NONE', ( #5074, #115, #7834, #997 ) ) ;
#7985 = AXIS2_PLACEMENT_3D ( 'NONE', #6092, #512, #3000 ) ;
#7986 = EDGE_CURVE ( 'NONE', #543, #4555, #1804, .T. ) ;
#7987 = ORIENTED_EDGE ( 'NONE', *, *, #1173, .F. ) ;
#7988 = DIRECTION ( 'NONE',  ( -9.992007221626792566E-14, 1.000000000000000000, 0.000000000000000000 ) ) ;
#7989 = DIRECTION ( 'NONE',  ( 1.000000000000000000, 0.000000000000000000, 1.554745915346609476E-12 ) ) ;
#7990 = CARTESIAN_POINT ( 'NONE',  ( 17.33486177177819343, 7.049999999999995381, 12.64000000000000057 ) ) ;
#7991 = ORIENTED_EDGE ( 'NONE', *, *, #5704, .T. ) ;
#7992 = CIRCLE ( 'NONE', #2795, 0.3999999999993835154 ) ;
#7993 = VECTOR ( 'NONE', #1746, 1000.000000000000000 ) ;
#7994 = ORIENTED_EDGE ( 'NONE', *, *, #7491, .T. ) ;
#7995 = DIRECTION ( 'NONE',  ( -1.000000000000000000, 0.000000000000000000, 0.000000000000000000 ) ) ;
#7996 = ORIENTED_EDGE ( 'NONE', *, *, #4144, .F. ) ;
#7997 = EDGE_LOOP ( 'NONE', ( #2922, #1326, #1079, #1111 ) ) ;
#7998 = DIRECTION ( 'NONE',  ( 1.000000000000000000, 0.000000000000000000, 0.000000000000000000 ) ) ;
#7999 = DIRECTION ( 'NONE',  ( -1.000000000000000000, 0.000000000000000000, 0.000000000000000000 ) ) ;
#8000 = EDGE_CURVE ( 'NONE', #6422, #4003, #3444, .T. ) ;
#8001 = CARTESIAN_POINT ( 'NONE',  ( 0.2999999999999999889, 6.400000000000000355, 29.80000000000000071 ) ) ;
#8002 = LINE ( 'NONE', #1272, #3065 ) ;
#8003 = CARTESIAN_POINT ( 'NONE',  ( 10.25000000000021316, 8.149999999999998579, 1.420000000000001927 ) ) ;
#8004 = AXIS2_PLACEMENT_3D ( 'NONE', #3040, #7218, #6130 ) ;
#8005 = CARTESIAN_POINT ( 'NONE',  ( 18.59999999999999787, 0.6999999999992979616, 29.10000000000070131 ) ) ;
#8006 = DIRECTION ( 'NONE',  ( -1.548240702311679890E-12, 0.000000000000000000, 1.000000000000000000 ) ) ;
#8007 = DIRECTION ( 'NONE',  ( 0.8955305689923259704, 0.000000000000000000, -0.4450000000003157541 ) ) ;
#8008 = CARTESIAN_POINT ( 'NONE',  ( 16.60000000000000142, 1.349999999999976108, 5.450000000000000178 ) ) ;
#8009 = EDGE_CURVE ( 'NONE', #5755, #5722, #2785, .T. ) ;
#8010 = CARTESIAN_POINT ( 'NONE',  ( 2.500000000000000000, 4.254627983565730354, 13.10000000000000142 ) ) ;
#8011 = ORIENTED_EDGE ( 'NONE', *, *, #5030, .T. ) ;
#8012 = LINE ( 'NONE', #3113, #6913 ) ;
#8013 = CARTESIAN_POINT ( 'NONE',  ( -5.090329199819445337E-13, 6.319506321541977556, 16.91950627377444505 ) ) ;
#8014 = LINE ( 'NONE', #7451, #1307 ) ;
#8015 = FACE_OUTER_BOUND ( 'NONE', #1984, .T. ) ;
#8016 = ORIENTED_EDGE ( 'NONE', *, *, #6731, .T. ) ;
#8017 = VERTEX_POINT ( 'NONE', #3774 ) ;
#8018 = CARTESIAN_POINT ( 'NONE',  ( 18.10674111757933602, 0.6666331132361452694, 29.79940312416752235 ) ) ;
#8019 = CARTESIAN_POINT ( 'NONE',  ( 10.65000000000000746, 7.550000000000000711, 22.37999999999999901 ) ) ;
#8020 = LINE ( 'NONE', #2946, #3557 ) ;
#8021 = EDGE_CURVE ( 'NONE', #193, #7448, #6160, .T. ) ;
#8022 = CARTESIAN_POINT ( 'NONE',  ( 18.59004717814658392, 4.325493980074775813, 6.103568725187177968 ) ) ;
#8023 = CARTESIAN_POINT ( 'NONE',  ( 18.57187980509882408, 0.08516649179466971586, 0.3527913841893381419 ) ) ;
#8024 = ORIENTED_EDGE ( 'NONE', *, *, #3783, .T. ) ;
#8025 = CARTESIAN_POINT ( 'NONE',  ( 4.550000000000000711, 7.049999999999999822, 0.9199999999999999289 ) ) ;
#8026 = EDGE_LOOP ( 'NONE', ( #32, #7996, #7906, #6688 ) ) ;
#8027 = ORIENTED_EDGE ( 'NONE', *, *, #6575, .T. ) ;
#8028 = ORIENTED_EDGE ( 'NONE', *, *, #6867, .F. ) ;
#8029 = CARTESIAN_POINT ( 'NONE',  ( 2.500000000000000000, 6.599999999999999645, 14.11737620787499914 ) ) ;
#8030 = DIRECTION ( 'NONE',  ( 0.000000000000000000, -1.000000000000000000, 0.000000000000000000 ) ) ;
#8031 = CARTESIAN_POINT ( 'NONE',  ( 10.65000000000000746, 7.550000000000000711, 11.18000000000000504 ) ) ;
#8032 = VERTEX_POINT ( 'NONE', #584 ) ;
#8033 = LINE ( 'NONE', #29, #5029 ) ;
#8034 = EDGE_CURVE ( 'NONE', #641, #1262, #445, .T. ) ;
#8035 = ORIENTED_EDGE ( 'NONE', *, *, #6031, .T. ) ;
#8036 = AXIS2_PLACEMENT_3D ( 'NONE', #6449, #7540, #5189 ) ;
#8037 = LINE ( 'NONE', #2482, #4230 ) ;
#8038 = VERTEX_POINT ( 'NONE', #6246 ) ;
#8039 = VERTEX_POINT ( 'NONE', #3076 ) ;
#8040 = DIRECTION ( 'NONE',  ( 0.000000000000000000, -1.000000000000000000, 0.000000000000000000 ) ) ;
#8041 = EDGE_CURVE ( 'NONE', #6415, #6730, #3119, .T. ) ;
#8042 = FACE_OUTER_BOUND ( 'NONE', #5729, .T. ) ;
#8043 = DIRECTION ( 'NONE',  ( 0.000000000000000000, 0.000000000000000000, 1.000000000000000000 ) ) ;
#8044 = LINE ( 'NONE', #2489, #1756 ) ;
#8045 = CARTESIAN_POINT ( 'NONE',  ( 10.25000000000021316, 8.149999999999998579, 7.019999999999996909 ) ) ;
#8046 = DIRECTION ( 'NONE',  ( 0.000000000000000000, 1.000000000000000000, 0.000000000000000000 ) ) ;
#8047 = CARTESIAN_POINT ( 'NONE',  ( 10.54999999999881588, 7.550000000000000711, 12.75542486889180793 ) ) ;
ENDSEC;
END-ISO-10303-21;
