ISO-10303-21;
HEADER;
FILE_DESCRIPTION (( 'STEP AP214' ),
    '1' );
FILE_NAME ('PG7.STEP',
    '2020-10-30T10:00:03',
    ( 'User' ),
    ( '' ),
    'SwSTEP 2.0',
    'SolidWorks 2017',
    '' );
FILE_SCHEMA (( 'AUTOMOTIVE_DESIGN' ));
ENDSEC;

DATA;
#1 = CARTESIAN_POINT ( 'NONE',  ( 23.27323163438821000, -4.555301540207439700, 2.042112639333275600 ) ) ;
#2 = CARTESIAN_POINT ( 'NONE',  ( -0.3736325256066096400, -7.143437229058290100, 2.627203778025467800 ) ) ;
#3 = ORIENTED_EDGE ( 'NONE', *, *, #1154, .T. ) ;
#4 = DIRECTION ( 'NONE',  ( -1.000000000000000000, 0.0000000000000000000, 0.0000000000000000000 ) ) ;
#5 = CARTESIAN_POINT ( 'NONE',  ( 23.85675555200000300, 0.0000000000000000000, 0.0000000000000000000 ) ) ;
#6 = EDGE_CURVE ( 'NONE', #1130, #590, #646, .T. ) ;
#7 = CARTESIAN_POINT ( 'NONE',  ( 26.90000000000001600, 0.2500000001491872200, -2.185749299422368600 ) ) ;
#8 = CARTESIAN_POINT ( 'NONE',  ( 24.72142857099999700, -3.401101305000000100, 4.942925238999999100 ) ) ;
#9 = ORIENTED_EDGE ( 'NONE', *, *, #2018, .F. ) ;
#10 = CARTESIAN_POINT ( 'NONE',  ( 2.100796005499999900, -3.782856064000000200, 7.500000000000000000 ) ) ;
#11 = EDGE_CURVE ( 'NONE', #4225, #2025, #1185, .T. ) ;
#12 = CARTESIAN_POINT ( 'NONE',  ( 25.81071428600000000, -1.858578251000000000, -1.160381376000000100 ) ) ;
#13 = CYLINDRICAL_SURFACE ( 'NONE', #3749, 6.000000000000000000 ) ;
#14 = DIRECTION ( 'NONE',  ( -0.7071067811865452400, 8.659560562354961200E-017, -0.7071067811865499000 ) ) ;
#15 = ORIENTED_EDGE ( 'NONE', *, *, #3711, .F. ) ;
#16 = FILL_AREA_STYLE ('',( #3374 ) ) ;
#17 = CARTESIAN_POINT ( 'NONE',  ( 23.85675555199995300, 0.0000000000000000000, 0.0000000000000000000 ) ) ;
#18 = LINE ( 'NONE', #2220, #1002 ) ;
#19 = ORIENTED_EDGE ( 'NONE', *, *, #2317, .F. ) ;
#20 = DIRECTION ( 'NONE',  ( -0.0000000000000000000, 0.0000000000000000000, 1.000000000000000000 ) ) ;
#21 = EDGE_LOOP ( 'NONE', ( #4643, #4329, #4330, #4219, #3296 ) ) ;
#22 =( BOUNDED_SURFACE ( )  B_SPLINE_SURFACE ( 1, 2, ( 
 ( #3898, #3049, #4074, #2734, #2705, #2664, #2696 ),
 ( #2685, #3040, #2772, #4574, #4583, #4599, #4561 ) ),
 .UNSPECIFIED., .F., .F., .T. ) 
 B_SPLINE_SURFACE_WITH_KNOTS ( ( 2, 2 ),
 ( 3, 2, 2, 3 ),
 ( 0.2892363948265849700, 1.000000000000000000 ),
 ( 0.0000000000000000000, 0.03571428571428570500, 0.07142857142857142500, 0.09997839300211171200 ),
 .UNSPECIFIED. ) 
 GEOMETRIC_REPRESENTATION_ITEM ( )  RATIONAL_B_SPLINE_SURFACE ( (
 ( 1.000000000000000000, 0.9937122098932428300, 1.000000000000000000, 0.9937122098932428300, 1.000000000000000000, 0.9949735720020860300, 0.9979833468637628900),
 ( 1.000000000000000000, 0.9937122098932428300, 1.000000000000000000, 0.9937122098932428300, 1.000000000000000000, 0.9949735720020860300, 0.9979833468637628900) ) ) 
 REPRESENTATION_ITEM ( '' )  SURFACE ( )  );
#23 = EDGE_CURVE ( 'NONE', #447, #831, #199, .T. ) ;
#24 = CARTESIAN_POINT ( 'NONE',  ( 23.63214285699999500, 5.544451907000000000, 2.390832478000000100 ) ) ;
#25 = PLANE ( 'NONE',  #3302 ) ;
#26 = EDGE_CURVE ( 'NONE', #3381, #1245, #2173, .T. ) ;
#27 = ORIENTED_EDGE ( 'NONE', *, *, #758, .F. ) ;
#28 = PRESENTATION_STYLE_ASSIGNMENT (( #3607 ) ) ;
#29 = EDGE_LOOP ( 'NONE', ( #2694, #2445, #2272, #2107 ) ) ;
#30 = ORIENTED_EDGE ( 'NONE', *, *, #2324, .T. ) ;
#31 = ORIENTED_EDGE ( 'NONE', *, *, #1105, .T. ) ;
#32 = CIRCLE ( 'NONE', #589, 7.000000000000000000 ) ;
#33 = VERTEX_POINT ( 'NONE', #1168 ) ;
#34 = CARTESIAN_POINT ( 'NONE',  ( 15.20000000000000100, 4.603762497715679900, -7.026049449109891000 ) ) ;
#35 = EDGE_CURVE ( 'NONE', #2603, #3999, #1079, .T. ) ;
#36 = CARTESIAN_POINT ( 'NONE',  ( 26.28823674599999900, 0.0000000000000000000, 0.0000000000000000000 ) ) ;
#37 = DIRECTION ( 'NONE',  ( -1.000000000000000000, 0.0000000000000000000, 0.0000000000000000000 ) ) ;
#38 = ORIENTED_EDGE ( 'NONE', *, *, #1976, .F. ) ;
#39 = FACE_OUTER_BOUND ( 'NONE', #1178, .T. ) ;
#40 = CARTESIAN_POINT ( 'NONE',  ( 24.72142857099999700, 5.208941276999999200, 2.977739205000000200 ) ) ;
#41 = ORIENTED_EDGE ( 'NONE', *, *, #1723, .F. ) ;
#42 = EDGE_CURVE ( 'NONE', #1526, #2437, #3949, .T. ) ;
#43 = CARTESIAN_POINT ( 'NONE',  ( 22.54285714300000300, -2.215924254000000400, 5.575812022000000000 ) ) ;
#44 = DIRECTION ( 'NONE',  ( -0.7071067811865472400, 0.0000000000000000000, 0.7071067811865479100 ) ) ;
#45 = AXIS2_PLACEMENT_3D ( 'NONE', #1239, #490, #874 ) ;
#46 = CARTESIAN_POINT ( 'NONE',  ( 26.89999999999999900, -1.706174458000000000, -1.352621067999999900 ) ) ;
#47 = ORIENTED_EDGE ( 'NONE', *, *, #85, .F. ) ;
#48 = AXIS2_PLACEMENT_3D ( 'NONE', #2856, #4492, #4522 ) ;
#49 = CARTESIAN_POINT ( 'NONE',  ( 20.80000000006804200, -4.674627958680678900, -0.4877022122710617500 ) ) ;
#50 = LINE ( 'NONE', #477, #2016 ) ;
#51 = CARTESIAN_POINT ( 'NONE',  ( 26.90000000000003400, 3.245314017740467200E-016, -1.399999999999985700 ) ) ;
#52 = EDGE_CURVE ( 'NONE', #3757, #4053, #3844, .T. ) ;
#53 = VECTOR ( 'NONE', #3133, 999.9999999999998900 ) ;
#54 = LINE ( 'NONE', #676, #3817 ) ;
#55 = ORIENTED_EDGE ( 'NONE', *, *, #2090, .F. ) ;
#56 = CARTESIAN_POINT ( 'NONE',  ( 21.67319148900000100, -1.714346506000000000, 5.775147704000001900 ) ) ;
#57 = CIRCLE ( 'NONE', #3526, 2.199999999999986000 ) ;
#58 = CARTESIAN_POINT ( 'NONE',  ( 23.63214285699999500, -2.070188960999999500, -0.7177156240000002200 ) ) ;
#59 = DIRECTION ( 'NONE',  ( -1.000000000000000000, 0.0000000000000000000, 0.0000000000000000000 ) ) ;
#60 = VERTEX_POINT ( 'NONE', #718 ) ;
#61 = DIRECTION ( 'NONE',  ( -1.000000000000000000, 0.0000000000000000000, 0.0000000000000000000 ) ) ;
#62 = DIRECTION ( 'NONE',  ( 0.0000000000000000000, 0.0000000000000000000, 1.000000000000000000 ) ) ;
#63 = DIRECTION ( 'NONE',  ( 0.0000000000000000000, 0.0000000000000000000, 1.000000000000000000 ) ) ;
#64 = CARTESIAN_POINT ( 'NONE',  ( 22.77514619340090000, 4.837709069062619900, -1.902698839532208900 ) ) ;
#65 = EDGE_CURVE ( 'NONE', #2773, #3465, #952, .T. ) ;
#66 = ORIENTED_EDGE ( 'NONE', *, *, #2079, .T. ) ;
#67 = AXIS2_PLACEMENT_3D ( 'NONE', #2292, #3725, #437 ) ;
#68 = CONICAL_SURFACE ( 'NONE', #3832, 7.460254038519214400, 0.7853981633974492800 ) ;
#69 = CARTESIAN_POINT ( 'NONE',  ( 20.80000000000000400, -1.185246209000000200, 5.881767713000001200 ) ) ;
#70 = EDGE_CURVE ( 'NONE', #552, #2853, #3221, .T. ) ;
#71 = CARTESIAN_POINT ( 'NONE',  ( 22.54285714300000300, -2.124090357000000500, -0.4783881190000001100 ) ) ;
#72 = DIRECTION ( 'NONE',  ( -1.000000000000000000, 0.0000000000000000000, 0.0000000000000000000 ) ) ;
#73 = FACE_OUTER_BOUND ( 'NONE', #942, .T. ) ;
#74 = VERTEX_POINT ( 'NONE', #1345 ) ;
#75 = VERTEX_POINT ( 'NONE', #51 ) ;
#76 = CARTESIAN_POINT ( 'NONE',  ( 0.4397459620000005500, 0.0000000000000000000, 0.0000000000000000000 ) ) ;
#77 = AXIS2_PLACEMENT_3D ( 'NONE', #4367, #4327, #4314 ) ;
#78 = VERTEX_POINT ( 'NONE', #34 ) ;
#79 = ORIENTED_EDGE ( 'NONE', *, *, #391, .T. ) ;
#80 = EDGE_LOOP ( 'NONE', ( #531, #2279, #198, #3843 ) ) ;
#81 = VECTOR ( 'NONE', #810, 1000.000000000000000 ) ;
#82 = CARTESIAN_POINT ( 'NONE',  ( 26.89999999999999900, -2.226399999999999900, -2.226399999999999900 ) ) ;
#83 = CARTESIAN_POINT ( 'NONE',  ( 21.67319148900000100, -2.167124238000001300, -0.2873134459999999700 ) ) ;
#84 = DIRECTION ( 'NONE',  ( -0.0000000000000000000, -0.1565238745999711400, 0.9876741753636227900 ) ) ;
#85 = EDGE_CURVE ( 'NONE', #1939, #411, #1940, .T. ) ;
#86 = ORIENTED_EDGE ( 'NONE', *, *, #1297, .F. ) ;
#87 = ORIENTED_EDGE ( 'NONE', *, *, #695, .F. ) ;
#88 = CIRCLE ( 'NONE', #3939, 6.000000000000000000 ) ;
#89 = DIRECTION ( 'NONE',  ( -0.0000000000000000000, -1.000000000000000000, -0.0000000000000000000 ) ) ;
#90 = CARTESIAN_POINT ( 'NONE',  ( 26.89999999999999900, 0.2500000000000000000, -5.994789404000000500 ) ) ;
#91 = ORIENTED_EDGE ( 'NONE', *, *, #2352, .T. ) ;
#92 = EDGE_CURVE ( 'NONE', #362, #1939, #3154, .T. ) ;
#93 =( GEOMETRIC_REPRESENTATION_CONTEXT ( 3 ) GLOBAL_UNCERTAINTY_ASSIGNED_CONTEXT ( ( #3377 ) ) GLOBAL_UNIT_ASSIGNED_CONTEXT ( ( #1682, #1780, #1733 ) ) REPRESENTATION_CONTEXT ( 'NONE', 'WORKASPACE' ) );
#94 = DIRECTION ( 'NONE',  ( -1.000000000000000000, 0.0000000000000000000, 0.0000000000000000000 ) ) ;
#95 = ORIENTED_EDGE ( 'NONE', *, *, #4321, .F. ) ;
#96 = EDGE_CURVE ( 'NONE', #1659, #3058, #3252, .T. ) ;
#97 = ORIENTED_EDGE ( 'NONE', *, *, #275, .F. ) ;
#98 = CARTESIAN_POINT ( 'NONE',  ( 26.89999999999999900, -1.706174458000000000, 1.352621067999999900 ) ) ;
#99 = LINE ( 'NONE', #4325, #3755 ) ;
#100 = ORIENTED_EDGE ( 'NONE', *, *, #1351, .T. ) ;
#101 = CARTESIAN_POINT ( 'NONE',  ( 20.80000000000000400, -2.175366562000000200, -0.09162617100000006200 ) ) ;
#102 = CARTESIAN_POINT ( 'NONE',  ( 20.80000000006439700, -0.6914091217118594200, 5.960029649766598300 ) ) ;
#103 = VERTEX_POINT ( 'NONE', #2597 ) ;
#104 = VECTOR ( 'NONE', #2624, 1000.000000000000100 ) ;
#105 = FACE_OUTER_BOUND ( 'NONE', #288, .T. ) ;
#106 = CARTESIAN_POINT ( 'NONE',  ( 25.81071428600000000, 4.873430645999999200, 3.564645933000000000 ) ) ;
#107 = CARTESIAN_POINT ( 'NONE',  ( 26.89999999999999900, 0.2500000000000000000, -2.162895058999999800 ) ) ;
#108 = FACE_OUTER_BOUND ( 'NONE', #1427, .T. ) ;
#109 = CARTESIAN_POINT ( 'NONE',  ( 15.20000000000010200, 0.0000000000000000000, 5.999999999999897900 ) ) ;
#110 = CARTESIAN_POINT ( 'NONE',  ( 2.081139542999999900, -8.386618560000002300, 0.4739505500000000300 ) ) ;
#111 = CARTESIAN_POINT ( 'NONE',  ( 24.69999999999994600, 0.0000000000000000000, 0.0000000000000000000 ) ) ;
#112 = AXIS2_PLACEMENT_3D ( 'NONE', #644, #1026, #1408 ) ;
#113 = CARTESIAN_POINT ( 'NONE',  ( 25.81071428600000000, -1.553770665999999700, 1.544860759999999500 ) ) ;
#114 = CARTESIAN_POINT ( 'NONE',  ( 26.89999999999999900, -4.415732935000000300, -4.062179543999999300 ) ) ;
#115 = CARTESIAN_POINT ( 'NONE',  ( 26.89999999999999900, 4.415732935000000300, 4.062179543999999300 ) ) ;
#116 = DIRECTION ( 'NONE',  ( 0.0000000000000000000, 0.0000000000000000000, 1.000000000000000000 ) ) ;
#117 = ORIENTED_EDGE ( 'NONE', *, *, #728, .F. ) ;
#118 = CARTESIAN_POINT ( 'NONE',  ( 20.80000000000000400, 2.175366562000000200, 0.09162617100000006200 ) ) ;
#119 = VECTOR ( 'NONE', #4168, 1000.000000000000100 ) ;
#120 = EDGE_CURVE ( 'NONE', #1760, #538, #819, .T. ) ;
#121 = VERTEX_POINT ( 'NONE', #3260 ) ;
#122 = FACE_OUTER_BOUND ( 'NONE', #2038, .T. ) ;
#123 = DIRECTION ( 'NONE',  ( -1.000000000000000000, 0.0000000000000000000, 0.0000000000000000000 ) ) ;
#124 = ORIENTED_EDGE ( 'NONE', *, *, #344, .T. ) ;
#125 = CARTESIAN_POINT ( 'NONE',  ( 7.699999999999998400, 6.000000000000000000, 0.0000000000000000000 ) ) ;
#126 = ORIENTED_EDGE ( 'NONE', *, *, #2815, .T. ) ;
#127 = EDGE_LOOP ( 'NONE', ( #1705, #1476, #1289, #1006 ) ) ;
#128 = CARTESIAN_POINT ( 'NONE',  ( 25.81071428600000000, -4.873430645999999200, -3.564645933000000000 ) ) ;
#129 = CARTESIAN_POINT ( 'NONE',  ( 21.67319148900000100, 2.167124238000001300, 0.2873134459999999700 ) ) ;
#130 = DIRECTION ( 'NONE',  ( 0.0000000000000000000, 0.0000000000000000000, 1.000000000000000000 ) ) ;
#131 = B_SPLINE_CURVE_WITH_KNOTS ( 'NONE', 3,
 ( #134, #565, #4636, #4623, #4605, #4592, #4579, #4565, #4551, #4370 ),
 .UNSPECIFIED., .F., .F.,
 ( 4, 2, 2, 2, 4 ),
 ( 3.304336891364617600E-014, 0.001827478122391789800, 0.003654956244750536200, 0.005482434367109281800, 0.007309912489468028600 ),
 .UNSPECIFIED. ) ;
#132 = CARTESIAN_POINT ( 'NONE',  ( 22.54285714300000300, 2.124090357000000500, 0.4783881190000001100 ) ) ;
#133 = COLOUR_RGB ( '',0.7921568627450980000, 0.8196078431372548800, 0.9333333333333333500 ) ;
#134 = CARTESIAN_POINT ( 'NONE',  ( 20.80000000006439700, -4.997133466623862000, 3.320942203115119500 ) ) ;
#135 = ORIENTED_EDGE ( 'NONE', *, *, #2494, .F. ) ;
#136 = AXIS2_PLACEMENT_3D ( 'NONE', #1813, #1833, #2174 ) ;
#137 = ORIENTED_EDGE ( 'NONE', *, *, #262, .T. ) ;
#138 = LINE ( 'NONE', #539, #1896 ) ;
#139 = CARTESIAN_POINT ( 'NONE',  ( 26.89999999999999500, -3.214866498062148200, 0.7455217033446188700 ) ) ;
#140 = ORIENTED_EDGE ( 'NONE', *, *, #4321, .T. ) ;
#141 = CARTESIAN_POINT ( 'NONE',  ( -0.05918398326103895000, -7.774934367574994500, 1.533418649374997100 ) ) ;
#142 = CARTESIAN_POINT ( 'NONE',  ( 24.72142857099999700, -1.362410599000000200, 1.698367568000000500 ) ) ;
#143 = DIRECTION ( 'NONE',  ( 0.0000000000000000000, 1.776356839400250500E-015, 1.000000000000000000 ) ) ;
#144 = LINE ( 'NONE', #912, #3906 ) ;
#145 = CARTESIAN_POINT ( 'NONE',  ( 23.63214285699999500, 2.070188960999999500, 0.7177156240000002200 ) ) ;
#146 = CARTESIAN_POINT ( 'NONE',  ( 6.700000000000000200, 0.0000000000000000000, 0.0000000000000000000 ) ) ;
#147 = EDGE_CURVE ( 'NONE', #3595, #716, #1839, .T. ) ;
#148 = CARTESIAN_POINT ( 'NONE',  ( 24.72142857099999700, 1.964383605999999900, 0.9390485000000000600 ) ) ;
#149 = CARTESIAN_POINT ( 'NONE',  ( 26.90000000000000600, 2.974445131477052100, 1.435459763969967600 ) ) ;
#150 = CARTESIAN_POINT ( 'NONE',  ( 0.0000000000000000000, 0.0000000000000000000, 0.0000000000000000000 ) ) ;
#151 = CIRCLE ( 'NONE', #3103, 3.349999999999999600 ) ;
#152 = ORIENTED_EDGE ( 'NONE', *, *, #2745, .F. ) ;
#153 = CARTESIAN_POINT ( 'NONE',  ( 23.85675555214182700, -4.603762495826715400, 7.026049450300140700 ) ) ;
#154 = EDGE_CURVE ( 'NONE', #1659, #1130, #2943, .T. ) ;
#155 = VECTOR ( 'NONE', #1222, 1000.000000000000200 ) ;
#156 = EDGE_CURVE ( 'NONE', #3209, #1184, #2704, .T. ) ;
#157 = CARTESIAN_POINT ( 'NONE',  ( 26.89999999999999500, -2.506898965430984600, 2.146085706614892600 ) ) ;
#158 = CARTESIAN_POINT ( 'NONE',  ( -0.4603998682099415000, -6.822250540656275700, 3.183515441004317800 ) ) ;
#159 = CARTESIAN_POINT ( 'NONE',  ( 23.63214285699999500, -1.171050532000000200, 1.851874374999999500 ) ) ;
#160 = DIRECTION ( 'NONE',  ( 1.000000000000000000, -0.0000000000000000000, -0.0000000000000000000 ) ) ;
#161 = CIRCLE ( 'NONE', #2044, 8.400000000000000400 ) ;
#162 = CARTESIAN_POINT ( 'NONE',  ( 24.72142857099999700, -5.208941276999999200, -2.977739205000000200 ) ) ;
#163 = CARTESIAN_POINT ( 'NONE',  ( 25.81071428600000000, 1.858578251000000000, 1.160381376000000100 ) ) ;
#164 = ORIENTED_EDGE ( 'NONE', *, *, #735, .F. ) ;
#165 =( BOUNDED_SURFACE ( )  B_SPLINE_SURFACE ( 1, 2, ( 
 ( #2535, #4585, #1058, #3616, #1442, #3942, #1809 ),
 ( #4269, #2175, #4600, #2549, #319, #2931, #687 ) ),
 .UNSPECIFIED., .F., .F., .F. ) 
 B_SPLINE_SURFACE_WITH_KNOTS ( ( 2, 2 ),
 ( 3, 2, 2, 3 ),
 ( 0.2892363948265849700, 1.000000000000000000 ),
 ( 0.0000000000000000000, 0.03571428571428570500, 0.07142857142857142500, 0.09997839300211182300 ),
 .UNSPECIFIED. ) 
 GEOMETRIC_REPRESENTATION_ITEM ( )  RATIONAL_B_SPLINE_SURFACE ( (
 ( 1.000000000000000000, 0.9937122098932428300, 1.000000000000000000, 0.9937122098932428300, 1.000000000000000000, 0.9949735720020860300, 0.9979833468637628900),
 ( 1.000000000000000000, 0.9937122098932428300, 1.000000000000000000, 0.9937122098932428300, 1.000000000000000000, 0.9949735720020860300, 0.9979833468637628900) ) ) 
 REPRESENTATION_ITEM ( '' )  SURFACE ( )  );
#166 = CARTESIAN_POINT ( 'NONE',  ( 26.89999999999999900, -3.181549935876232000, -0.8788513591768808400 ) ) ;
#167 = CYLINDRICAL_SURFACE ( 'NONE', #3061, 8.400000000000000400 ) ;
#168 = CARTESIAN_POINT ( 'NONE',  ( 26.89999999999999500, 3.165705646173521800, -0.9413727946764259800 ) ) ;
#169 = ORIENTED_EDGE ( 'NONE', *, *, #206, .T. ) ;
#170 = CARTESIAN_POINT ( 'NONE',  ( 26.90000000000000900, 1.424969174983169900, 2.976504923620677500 ) ) ;
#171 = CARTESIAN_POINT ( 'NONE',  ( 24.02510652012306000, -4.914089548432388100, 6.488547228270618000 ) ) ;
#172 = ORIENTED_EDGE ( 'NONE', *, *, #3838, .F. ) ;
#173 = CARTESIAN_POINT ( 'NONE',  ( 23.85675555200000300, 0.0000000000000000000, 0.0000000000000000000 ) ) ;
#174 = CARTESIAN_POINT ( 'NONE',  ( 26.89999999999999900, -1.493016552742565000, 2.942966535001912300 ) ) ;
#175 = CARTESIAN_POINT ( 'NONE',  ( 22.54285714300000300, -0.9503297840000000100, 1.958950826000000400 ) ) ;
#176 = CARTESIAN_POINT ( 'NONE',  ( 20.80000000000000400, 0.0000000000000000000, 0.0000000000000000000 ) ) ;
#177 = EDGE_LOOP ( 'NONE', ( #3491, #2420, #2300, #1100 ) ) ;
#178 = CARTESIAN_POINT ( 'NONE',  ( 23.63214285699999500, -5.544451907000000000, -2.390832478000000100 ) ) ;
#179 = CARTESIAN_POINT ( 'NONE',  ( 26.89999999999999900, 1.706174458000000000, 1.352621067999999900 ) ) ;
#180 = LINE ( 'NONE', #1506, #3828 ) ;
#181 = CARTESIAN_POINT ( 'NONE',  ( 26.90000000000000200, 2.410294346788054700, -2.256982424888389200 ) ) ;
#182 = AXIS2_PLACEMENT_3D ( 'NONE', #3395, #3408, #3424 ) ;
#183 = CYLINDRICAL_SURFACE ( 'NONE', #1916, 3.349999999999999600 ) ;
#184 = VERTEX_POINT ( 'NONE', #2789 ) ;
#185 = ORIENTED_EDGE ( 'NONE', *, *, #1050, .T. ) ;
#186 = CARTESIAN_POINT ( 'NONE',  ( 24.16192098289580100, -5.227126117942278300, 5.946351985299422400 ) ) ;
#187 = CARTESIAN_POINT ( 'NONE',  ( 26.90000000019789900, 0.0000000000000000000, -3.299999999381765000 ) ) ;
#188 = EDGE_CURVE ( 'NONE', #103, #3019, #3531, .T. ) ;
#189 = EDGE_LOOP ( 'NONE', ( #3887, #3831, #3732, #3584 ) ) ;
#190 = ORIENTED_EDGE ( 'NONE', *, *, #2780, .F. ) ;
#191 = DIRECTION ( 'NONE',  ( 0.0000000000000000000, 0.0000000000000000000, 1.000000000000000000 ) ) ;
#192 = CARTESIAN_POINT ( 'NONE',  ( 21.67319148900000100, -0.7741104029999998900, 2.044438691999999100 ) ) ;
#193 = CARTESIAN_POINT ( 'NONE',  ( 17.39999999999999900, 0.0000000000000000000, 3.349999999999999600 ) ) ;
#194 = CARTESIAN_POINT ( 'NONE',  ( 22.54285714300000300, -5.740951552999999500, -1.743982588000000400 ) ) ;
#195 = DIRECTION ( 'NONE',  ( 0.0000000000000000000, 0.0000000000000000000, -1.000000000000000000 ) ) ;
#196 = CARTESIAN_POINT ( 'NONE',  ( 25.81071428600000000, 2.134726823999999500, -0.4936997449999999100 ) ) ;
#197 = AXIS2_PLACEMENT_3D ( 'NONE', #2774, #2793, #2806 ) ;
#198 = ORIENTED_EDGE ( 'NONE', *, *, #1070, .T. ) ;
#199 = CIRCLE ( 'NONE', #1278, 8.400000000000000400 ) ;
#200 = PLANE ( 'NONE',  #3111 ) ;
#201 = VERTEX_POINT ( 'NONE', #3045 ) ;
#202 = CARTESIAN_POINT ( 'NONE',  ( 26.90000000000000200, 1.456566383541080700, -2.961171906141649500 ) ) ;
#203 = EDGE_LOOP ( 'NONE', ( #4079, #3460, #3084, #459 ) ) ;
#204 = CARTESIAN_POINT ( 'NONE',  ( 24.34956427126293500, -5.860586872027391300, 4.849165774718231100 ) ) ;
#205 = FACE_OUTER_BOUND ( 'NONE', #2928, .T. ) ;
#206 = EDGE_CURVE ( 'NONE', #1066, #1153, #1598, .T. ) ;
#207 = CARTESIAN_POINT ( 'NONE',  ( 26.89999999999999500, -1.372001863683845100, -3.001424408035668900 ) ) ;
#208 = AXIS2_PLACEMENT_3D ( 'NONE', #3241, #3225, #3206 ) ;
#209 = ORIENTED_EDGE ( 'NONE', *, *, #1319, .T. ) ;
#210 = CARTESIAN_POINT ( 'NONE',  ( 20.80000000000000400, 5.881767713000001200, 1.185246209000000200 ) ) ;
#211 = EDGE_LOOP ( 'NONE', ( #1859, #1718, #172, #1900 ) ) ;
#212 = CARTESIAN_POINT ( 'NONE',  ( 21.67319148900000100, -5.897833250999998900, -1.227549548999999900 ) ) ;
#213 = FACE_OUTER_BOUND ( 'NONE', #3594, .T. ) ;
#214 = DIRECTION ( 'NONE',  ( -1.000000000000000000, 0.0000000000000000000, 0.0000000000000000000 ) ) ;
#215 =( LENGTH_UNIT ( ) NAMED_UNIT ( * ) SI_UNIT ( .MILLI., .METRE. ) );
#216 = CARTESIAN_POINT ( 'NONE',  ( 20.80000000000000400, -5.960029650000000100, -0.6914091210000000700 ) ) ;
#217 = ORIENTED_EDGE ( 'NONE', *, *, #1324, .F. ) ;
#218 = VECTOR ( 'NONE', #3010, 1000.000000000000000 ) ;
#219 = EDGE_CURVE ( 'NONE', #4139, #3469, #4520, .T. ) ;
#220 = CARTESIAN_POINT ( 'NONE',  ( 24.39957771587349800, -6.183319497155274300, 4.290176470785122700 ) ) ;
#221 = VECTOR ( 'NONE', #3234, 1000.000000000000000 ) ;
#222 = CARTESIAN_POINT ( 'NONE',  ( 26.89999999999999900, -2.349286947527719200, -2.318800978246222200 ) ) ;
#223 = CARTESIAN_POINT ( 'NONE',  ( 20.80000000006472400, 4.674627958663281300, 0.4877022122687391100 ) ) ;
#224 = VECTOR ( 'NONE', #2607, 1000.000000000000100 ) ;
#225 = MANIFOLD_SOLID_BREP ( 'Импортированный2', #623 ) ;
#226 = CARTESIAN_POINT ( 'NONE',  ( 20.80000000006441100, -0.4877022120746202200, 4.674627958681780300 ) ) ;
#227 = CARTESIAN_POINT ( 'NONE',  ( 15.19999999999999900, 8.386618560137900900, -0.4739505503123271900 ) ) ;
#228 = CARTESIAN_POINT ( 'NONE',  ( 12.90000000000000000, 0.0000000000000000000, 0.0000000000000000000 ) ) ;
#229 =( NAMED_UNIT ( * ) SI_UNIT ( $, .STERADIAN. ) SOLID_ANGLE_UNIT ( ) );
#230 = AXIS2_PLACEMENT_3D ( 'NONE', #4369, #4550, #4268 ) ;
#231 = CARTESIAN_POINT ( 'NONE',  ( 24.39734293315620300, -7.140731477248543500, 2.631890277632215700 ) ) ;
#232 = CARTESIAN_POINT ( 'NONE',  ( 26.89999999999999900, -3.123380155071614300, -1.067377084855363200 ) ) ;
#233 = DIRECTION ( 'NONE',  ( 1.000000000000000000, -0.0000000000000000000, -0.0000000000000000000 ) ) ;
#234 = EDGE_CURVE ( 'NONE', #2049, #2768, #609, .T. ) ;
#235 = CYLINDRICAL_SURFACE ( 'NONE', #2565, 8.400000000000000400 ) ;
#236 = DIRECTION ( 'NONE',  ( 0.0000000000000000000, 3.552713678800500900E-015, 1.000000000000000000 ) ) ;
#237 = EDGE_LOOP ( 'NONE', ( #3726, #3022, #2563, #1923, #1053 ) ) ;
#238 = DIRECTION ( 'NONE',  ( -1.000000000000000000, 0.0000000000000000000, 0.0000000000000000000 ) ) ;
#239 = DIRECTION ( 'NONE',  ( 1.000000000000000000, -0.0000000000000000000, -0.0000000000000000000 ) ) ;
#240 = DIRECTION ( 'NONE',  ( 1.000000000000000000, 3.226792180016382000E-018, -0.0000000000000000000 ) ) ;
#241 = ORIENTED_EDGE ( 'NONE', *, *, #3897, .T. ) ;
#242 = ORIENTED_EDGE ( 'NONE', *, *, #269, .T. ) ;
#243 = ORIENTED_EDGE ( 'NONE', *, *, #1022, .T. ) ;
#244 = DIRECTION ( 'NONE',  ( -0.0000000000000000000, -0.9876741753636229000, -0.1565238745999705800 ) ) ;
#245 = EDGE_CURVE ( 'NONE', #2658, #1996, #1240, .T. ) ;
#246 = EDGE_CURVE ( 'NONE', #2901, #2749, #248, .T. ) ;
#247 = ORIENTED_EDGE ( 'NONE', *, *, #3384, .T. ) ;
#248 = CIRCLE ( 'NONE', #3926, 7.460254038519194900 ) ;
#249 = DIRECTION ( 'NONE',  ( -1.000000000000000000, 0.0000000000000000000, 0.0000000000000000000 ) ) ;
#250 = EDGE_LOOP ( 'NONE', ( #1928, #1711, #1532, #1365 ) ) ;
#251 = CARTESIAN_POINT ( 'NONE',  ( -0.4379726025977621100, -6.164299609583223600, 4.323119882411298900 ) ) ;
#252 = DIRECTION ( 'NONE',  ( 1.000000000000000000, -0.0000000000000000000, -0.0000000000000000000 ) ) ;
#253 = ORIENTED_EDGE ( 'NONE', *, *, #947, .F. ) ;
#254 = FACE_OUTER_BOUND ( 'NONE', #4572, .T. ) ;
#255 = AXIS2_PLACEMENT_3D ( 'NONE', #2156, #2171, #2192 ) ;
#256 = ORIENTED_EDGE ( 'NONE', *, *, #1378, .T. ) ;
#257 = LINE ( 'NONE', #1974, #4004 ) ;
#258 = CARTESIAN_POINT ( 'NONE',  ( 26.68437852162761800, -0.1721377136898063800, 3.585231602018069900 ) ) ;
#259 = EDGE_CURVE ( 'NONE', #1596, #60, #592, .T. ) ;
#260 = ORIENTED_EDGE ( 'NONE', *, *, #3087, .F. ) ;
#261 = CARTESIAN_POINT ( 'NONE',  ( 0.4397459620280225700, 3.782856063937774400, -7.500000000000000000 ) ) ;
#262 = EDGE_CURVE ( 'NONE', #201, #3037, #3995, .T. ) ;
#263 = CYLINDRICAL_SURFACE ( 'NONE', #4016, 6.000000000000000000 ) ;
#264 = CARTESIAN_POINT ( 'NONE',  ( 23.63214285699999500, 1.171050532000000200, -1.851874374999999500 ) ) ;
#265 = ORIENTED_EDGE ( 'NONE', *, *, #825, .F. ) ;
#266 = CARTESIAN_POINT ( 'NONE',  ( 26.89999999999992400, 0.0000000000000000000, 0.0000000000000000000 ) ) ;
#267 = CONICAL_SURFACE ( 'NONE', #304, 7.000000000000000000, 1.028674551786381300 ) ;
#268 = EDGE_CURVE ( 'NONE', #3902, #2167, #3091, .T. ) ;
#269 = EDGE_CURVE ( 'NONE', #290, #1971, #2117, .T. ) ;
#270 = VECTOR ( 'NONE', #3809, 1000.000000000000000 ) ;
#271 = CARTESIAN_POINT ( 'NONE',  ( 7.700000000000000200, -3.782856064000000200, 7.500000000000000000 ) ) ;
#272 = CARTESIAN_POINT ( 'NONE',  ( 12.90000000000000200, -3.782856063937775300, -7.499999999999999100 ) ) ;
#273 = ORIENTED_EDGE ( 'NONE', *, *, #2456, .F. ) ;
#274 = CARTESIAN_POINT ( 'NONE',  ( 15.19999999999999900, -8.386618560137902600, -0.4739505503123241400 ) ) ;
#275 = EDGE_CURVE ( 'NONE', #571, #3364, #2229, .T. ) ;
#276 = STYLED_ITEM ( 'NONE', ( #778 ), #4028 ) ;
#277 = CONICAL_SURFACE ( 'NONE', #1084, 6.000000000000000000, 0.7853981633974487200 ) ;
#278 = ORIENTED_EDGE ( 'NONE', *, *, #2204, .F. ) ;
#279 = CARTESIAN_POINT ( 'NONE',  ( 21.67319148900000100, -5.295872144000000500, 2.871420063999999600 ) ) ;
#280 = CARTESIAN_POINT ( 'NONE',  ( -0.4601808445288002000, -6.330408079679620500, 4.035411572661749000 ) ) ;
#281 = CARTESIAN_POINT ( 'NONE',  ( 20.80000000006439700, -5.960029649695691500, -0.6914091223230725000 ) ) ;
#282 = DIRECTION ( 'NONE',  ( 1.000000000000000000, -0.0000000000000000000, -0.0000000000000000000 ) ) ;
#283 = PLANE ( 'NONE',  #2829 ) ;
#284 = EDGE_CURVE ( 'NONE', #3826, #1655, #3894, .T. ) ;
#285 = CARTESIAN_POINT ( 'NONE',  ( 26.90000000019789900, 0.0000000000000000000, -3.299999999381765000 ) ) ;
#286 = DIRECTION ( 'NONE',  ( -0.9253051386606718800, 4.644147443833566000E-017, -0.3792234174838820500 ) ) ;
#287 = CARTESIAN_POINT ( 'NONE',  ( 2.081139542999999900, 4.603762496000000800, 7.026049450000000400 ) ) ;
#288 = EDGE_LOOP ( 'NONE', ( #2884, #2887, #3147, #3535 ) ) ;
#289 = VECTOR ( 'NONE', #3005, 1000.000000000000000 ) ;
#290 = VERTEX_POINT ( 'NONE', #3351 ) ;
#291 = ORIENTED_EDGE ( 'NONE', *, *, #3760, .F. ) ;
#292 = DIRECTION ( 'NONE',  ( -1.000000000000000000, -0.0000000000000000000, -0.0000000000000000000 ) ) ;
#293 = CARTESIAN_POINT ( 'NONE',  ( 6.700000000000000200, 8.750000000000000000, 0.0000000000000000000 ) ) ;
#294 = CARTESIAN_POINT ( 'NONE',  ( 26.89999999999992400, 0.0000000000000000000, 0.0000000000000000000 ) ) ;
#295 = CARTESIAN_POINT ( 'NONE',  ( 15.19999999999999900, -8.386618560137902600, 0.4739505503123228600 ) ) ;
#296 = ORIENTED_EDGE ( 'NONE', *, *, #1960, .T. ) ;
#297 = VERTEX_POINT ( 'NONE', #3437 ) ;
#298 = B_SPLINE_CURVE_WITH_KNOTS ( 'NONE', 3,
 ( #4428, #4424, #4400, #4440, #4444, #4457, #4462, #4478, #4481, #4493 ),
 .UNSPECIFIED., .F., .F.,
 ( 4, 2, 2, 2, 4 ),
 ( 1.231373726555384300E-013, 0.001827478122408242600, 0.003654956244693347600, 0.005482434366978453300, 0.007309912489263558500 ),
 .UNSPECIFIED. ) ;
#299 = LINE ( 'NONE', #573, #4046 ) ;
#300 = CARTESIAN_POINT ( 'NONE',  ( 26.89999999937839800, 0.0000000000000000000, -4.588730162511952300 ) ) ;
#301 = EDGE_CURVE ( 'NONE', #2739, #4021, #1992, .T. ) ;
#302 = CARTESIAN_POINT ( 'NONE',  ( 12.90000000000000000, 0.0000000000000000000, 0.0000000000000000000 ) ) ;
#303 = CARTESIAN_POINT ( 'NONE',  ( -0.4602540379999997000, 0.0000000000000000000, -7.500000000000000000 ) ) ;
#304 = AXIS2_PLACEMENT_3D ( 'NONE', #1196, #807, #3392 ) ;
#305 = MANIFOLD_SOLID_BREP ( 'Импортированный1', #2714 ) ;
#306 = PLANE ( 'NONE',  #2033 ) ;
#307 = CARTESIAN_POINT ( 'NONE',  ( 22.78364746214128900, -3.647984239517605000, 1.360552135023625400 ) ) ;
#308 = ORIENTED_EDGE ( 'NONE', *, *, #1820, .F. ) ;
#309 = FACE_OUTER_BOUND ( 'NONE', #3965, .T. ) ;
#310 = ORIENTED_EDGE ( 'NONE', *, *, #3691, .T. ) ;
#311 = EDGE_CURVE ( 'NONE', #2658, #1983, #1650, .T. ) ;
#312 = ORIENTED_EDGE ( 'NONE', *, *, #3964, .T. ) ;
#313 = EDGE_LOOP ( 'NONE', ( #742, #681 ) ) ;
#314 = CARTESIAN_POINT ( 'NONE',  ( 20.79999999967926900, 3.944174677802013000, -2.556068487388591000 ) ) ;
#315 = ORIENTED_EDGE ( 'NONE', *, *, #1474, .F. ) ;
#316 = CIRCLE ( 'NONE', #3489, 8.750000000000000000 ) ;
#317 = DIRECTION ( 'NONE',  ( -0.0000000000000000000, -1.000000000000000000, -0.0000000000000000000 ) ) ;
#318 = ORIENTED_EDGE ( 'NONE', *, *, #3509, .F. ) ;
#319 = CARTESIAN_POINT ( 'NONE',  ( 22.54285714300000300, -5.292647688000000600, 2.826283858999999700 ) ) ;
#320 = CARTESIAN_POINT ( 'NONE',  ( 0.4999999999999449300, 7.347880794884119700E-016, -6.000000000000000000 ) ) ;
#321 = AXIS2_PLACEMENT_3D ( 'NONE', #771, #741, #720 ) ;
#322 = VERTEX_POINT ( 'NONE', #3223 ) ;
#323 = CARTESIAN_POINT ( 'NONE',  ( 26.89999999999996300, -0.2499999991703252500, -3.491060011001665400 ) ) ;
#324 = AXIS2_PLACEMENT_3D ( 'NONE', #1776, #1684, #1827 ) ;
#325 = DIRECTION ( 'NONE',  ( 1.000000000000000000, -0.0000000000000000000, -0.0000000000000000000 ) ) ;
#326 = CARTESIAN_POINT ( 'NONE',  ( -0.4602540379881655000, -0.3294989455663801000, -7.500000000000000900 ) ) ;
#327 = DIRECTION ( 'NONE',  ( 1.000000000000000000, 0.0000000000000000000, 0.0000000000000000000 ) ) ;
#328 = DIRECTION ( 'NONE',  ( -1.000000000000000000, -2.065146995210484400E-016, -0.0000000000000000000 ) ) ;
#329 = VECTOR ( 'NONE', #1767, 999.9999999999998900 ) ;
#330 = EDGE_LOOP ( 'NONE', ( #2861, #2673 ) ) ;
#331 = EDGE_CURVE ( 'NONE', #4203, #3950, #3463, .T. ) ;
#332 = ORIENTED_EDGE ( 'NONE', *, *, #1415, .F. ) ;
#333 = CARTESIAN_POINT ( 'NONE',  ( 26.36869308865746200, -2.300761983103126100, 2.925643987153157400 ) ) ;
#334 = LINE ( 'NONE', #3579, #2198 ) ;
#335 = CIRCLE ( 'NONE', #847, 7.000000000000000000 ) ;
#336 = CARTESIAN_POINT ( 'NONE',  ( -0.3535034342287886600, -5.840230232557969400, 4.884424508547570400 ) ) ;
#337 = DIRECTION ( 'NONE',  ( 1.000000000000000000, 0.0000000000000000000, 0.0000000000000000000 ) ) ;
#338 = DIRECTION ( 'NONE',  ( 1.000000000000000000, -0.0000000000000000000, -0.0000000000000000000 ) ) ;
#339 = DIRECTION ( 'NONE',  ( 0.0000000000000000000, 1.776356839400250500E-015, 1.000000000000000000 ) ) ;
#340 = FACE_OUTER_BOUND ( 'NONE', #4603, .T. ) ;
#341 = EDGE_CURVE ( 'NONE', #1998, #1990, #2641, .T. ) ;
#342 = AXIS2_PLACEMENT_3D ( 'NONE', #1852, #1797, #1868 ) ;
#343 = ORIENTED_EDGE ( 'NONE', *, *, #2322, .T. ) ;
#344 = EDGE_CURVE ( 'NONE', #714, #1954, #1541, .T. ) ;
#345 = CARTESIAN_POINT ( 'NONE',  ( -0.4382617885301931000, -0.6591427736913629800, -7.500000000000002700 ) ) ;
#346 = DIRECTION ( 'NONE',  ( 1.000000000000000000, -0.0000000000000000000, -0.0000000000000000000 ) ) ;
#347 = AXIS2_PLACEMENT_3D ( 'NONE', #4246, #4439, #4384 ) ;
#348 = DIRECTION ( 'NONE',  ( -1.000000000000000000, 0.0000000000000000000, 0.0000000000000000000 ) ) ;
#349 = CARTESIAN_POINT ( 'NONE',  ( 26.89999999999992400, 0.0000000000000000000, 0.0000000000000000000 ) ) ;
#350 = LINE ( 'NONE', #1521, #1472 ) ;
#351 = CARTESIAN_POINT ( 'NONE',  ( 24.53532162300000200, -3.782856064000000200, -7.500000000000000000 ) ) ;
#352 = CARTESIAN_POINT ( 'NONE',  ( 26.89999999999999900, -2.707400305999999800, 3.060953696500000400 ) ) ;
#353 = ORIENTED_EDGE ( 'NONE', *, *, #4212, .T. ) ;
#354 = CARTESIAN_POINT ( 'NONE',  ( -0.3535508234452586800, -1.309975415549138300, -7.500000000000000000 ) ) ;
#355 = PLANE ( 'NONE',  #1542 ) ;
#356 = DIRECTION ( 'NONE',  ( -1.000000000000000000, 0.0000000000000000000, 0.0000000000000000000 ) ) ;
#357 = AXIS2_PLACEMENT_3D ( 'NONE', #3884, #4208, #1377 ) ;
#358 = EDGE_LOOP ( 'NONE', ( #3312, #3307, #3085, #2876 ) ) ;
#359 = ORIENTED_EDGE ( 'NONE', *, *, #2700, .T. ) ;
#360 = ORIENTED_EDGE ( 'NONE', *, *, #903, .T. ) ;
#361 = CARTESIAN_POINT ( 'NONE',  ( 21.77616053580616700, -4.717878188339216900, 3.028560293335553800 ) ) ;
#362 = VERTEX_POINT ( 'NONE', #3888 ) ;
#363 = CARTESIAN_POINT ( 'NONE',  ( 0.4397459618042095500, -4.603762495782620900, 7.026049450376514300 ) ) ;
#364 = CARTESIAN_POINT ( 'NONE',  ( 26.25550371171659200, 4.810138033419589700E-009, 3.764137823026231000 ) ) ;
#365 = DIRECTION ( 'NONE',  ( 1.000000000000000000, -0.0000000000000000000, -0.0000000000000000000 ) ) ;
#366 = DIRECTION ( 'NONE',  ( -6.453584360032763900E-018, 1.000000000000000000, 0.0000000000000000000 ) ) ;
#367 = CARTESIAN_POINT ( 'NONE',  ( 24.70000000039486600, -4.938649563580315600E-010, -5.500000000164916100 ) ) ;
#368 = ORIENTED_EDGE ( 'NONE', *, *, #3702, .F. ) ;
#369 = EDGE_CURVE ( 'NONE', #1513, #2703, #3359, .T. ) ;
#370 = DIRECTION ( 'NONE',  ( 0.0000000000000000000, -0.7071067810560637300, 0.7071067813170313100 ) ) ;
#371 = VECTOR ( 'NONE', #3466, 1000.000000000000000 ) ;
#372 = CARTESIAN_POINT ( 'NONE',  ( -0.2912942130314320500, -1.629679152454258000, -7.500000000000000000 ) ) ;
#373 = AXIS2_PLACEMENT_3D ( 'NONE', #1914, #4365, #2271 ) ;
#374 = CARTESIAN_POINT ( 'NONE',  ( 20.80000000000000400, -6.031550005999999800, -6.031550005999999800 ) ) ;
#375 = VERTEX_POINT ( 'NONE', #3507 ) ;
#376 = CARTESIAN_POINT ( 'NONE',  ( 0.4397459620000000500, 0.0000000000000000000, 0.0000000000000000000 ) ) ;
#377 = ORIENTED_EDGE ( 'NONE', *, *, #3440, .T. ) ;
#378 = DIRECTION ( 'NONE',  ( -1.000000000000000000, 0.0000000000000000000, 0.0000000000000000000 ) ) ;
#379 = EDGE_CURVE ( 'NONE', #772, #401, #4249, .T. ) ;
#380 = CARTESIAN_POINT ( 'NONE',  ( 25.78220401712635700, 0.1962251669146902500, 3.958113107409790400 ) ) ;
#381 = FACE_OUTER_BOUND ( 'NONE', #4335, .T. ) ;
#382 = DIRECTION ( 'NONE',  ( -1.000000000000000000, 0.0000000000000000000, 0.0000000000000000000 ) ) ;
#383 = CARTESIAN_POINT ( 'NONE',  ( 25.98873016233811500, 0.0000000000000000000, -5.499999999470915700 ) ) ;
#384 = DIRECTION ( 'NONE',  ( 0.0000000000000000000, 0.0000000000000000000, 1.000000000000000000 ) ) ;
#385 = CARTESIAN_POINT ( 'NONE',  ( -0.05420442352059232100, -2.574346106967438300, -7.500000000000000900 ) ) ;
#386 = FACE_OUTER_BOUND ( 'NONE', #4508, .T. ) ;
#387 = DIRECTION ( 'NONE',  ( -1.000000000000000000, 0.0000000000000000000, 0.0000000000000000000 ) ) ;
#388 = DIRECTION ( 'NONE',  ( 1.000000000000000000, 3.226792180016382000E-018, -0.0000000000000000000 ) ) ;
#389 = CIRCLE ( 'NONE', #1803, 8.750000000000000000 ) ;
#390 = EDGE_LOOP ( 'NONE', ( #2393, #656, #713, #887 ) ) ;
#391 = EDGE_CURVE ( 'NONE', #4611, #103, #3576, .T. ) ;
#392 = ORIENTED_EDGE ( 'NONE', *, *, #508, .T. ) ;
#393 = DIRECTION ( 'NONE',  ( 0.0000000000000000000, -0.5000000000325102200, -0.8660254037656688300 ) ) ;
#394 = ORIENTED_EDGE ( 'NONE', *, *, #1243, .T. ) ;
#395 = CARTESIAN_POINT ( 'NONE',  ( 25.31533866318650200, 0.4174128739408090600, 4.134169175608754200 ) ) ;
#396 = CARTESIAN_POINT ( 'NONE',  ( 12.90000000000000200, 4.603762495782620900, 7.026049450376514300 ) ) ;
#397 = EDGE_CURVE ( 'NONE', #2054, #4203, #4143, .T. ) ;
#398 = DIRECTION ( 'NONE',  ( -1.000000000000000000, 0.0000000000000000000, 0.0000000000000000000 ) ) ;
#399 = CARTESIAN_POINT ( 'NONE',  ( 24.70000000039486900, -8.460516426257409800E-010, 5.500000000206145300 ) ) ;
#400 = CYLINDRICAL_SURFACE ( 'NONE', #3376, 8.750000000000000000 ) ;
#401 = VERTEX_POINT ( 'NONE', #4088 ) ;
#402 = AXIS2_PLACEMENT_3D ( 'NONE', #82, #2598, #3057 ) ;
#403 = CARTESIAN_POINT ( 'NONE',  ( 26.37479858341257700, 1.801169693060245400, -1.615542731854510800 ) ) ;
#404 = CARTESIAN_POINT ( 'NONE',  ( 24.39013040624511000, 0.9066968505970485200, 4.442305497361164900 ) ) ;
#405 = FACE_BOUND ( 'NONE', #3152, .T. ) ;
#406 = VERTEX_POINT ( 'NONE', #4181 ) ;
#407 = CARTESIAN_POINT ( 'NONE',  ( 23.85675555200000300, 0.0000000000000000000, 0.0000000000000000000 ) ) ;
#408 = ORIENTED_EDGE ( 'NONE', *, *, #497, .F. ) ;
#409 = DIRECTION ( 'NONE',  ( 0.0000000000000000000, 0.0000000000000000000, 1.000000000000000000 ) ) ;
#410 = DIRECTION ( 'NONE',  ( 0.0000000000000000000, -1.776356839400250500E-015, 1.000000000000000000 ) ) ;
#411 = VERTEX_POINT ( 'NONE', #4198 ) ;
#412 = DIRECTION ( 'NONE',  ( 0.0000000000000000000, 0.0000000000000000000, 1.000000000000000000 ) ) ;
#413 = VECTOR ( 'NONE', #4029, 1000.000000000000100 ) ;
#414 = ORIENTED_EDGE ( 'NONE', *, *, #3740, .T. ) ;
#415 = CARTESIAN_POINT ( 'NONE',  ( 20.80000000006439700, 5.881767712525862300, 1.185246208840850900 ) ) ;
#416 = EDGE_LOOP ( 'NONE', ( #3890, #4554, #4350, #4236 ) ) ;
#417 = CIRCLE ( 'NONE', #4429, 8.400000000000000400 ) ;
#418 = ORIENTED_EDGE ( 'NONE', *, *, #3675, .T. ) ;
#419 = ORIENTED_EDGE ( 'NONE', *, *, #65, .T. ) ;
#420 = DIRECTION ( 'NONE',  ( -1.000000000000000000, -0.0000000000000000000, -0.0000000000000000000 ) ) ;
#421 = AXIS2_PLACEMENT_3D ( 'NONE', #3442, #3450, #3467 ) ;
#422 = CARTESIAN_POINT ( 'NONE',  ( 23.92971661788773500, 1.173981858825504200, 4.575154923267754200 ) ) ;
#423 = CARTESIAN_POINT ( 'NONE',  ( 24.29774747481177100, 4.472461926520080200, -0.9582553651174212600 ) ) ;
#424 = ORIENTED_EDGE ( 'NONE', *, *, #26, .F. ) ;
#425 = FACE_OUTER_BOUND ( 'NONE', #3156, .T. ) ;
#426 = CARTESIAN_POINT ( 'NONE',  ( 21.77616053650269700, -5.477559180221593500, -1.194528138812214900 ) ) ;
#427 = DIRECTION ( 'NONE',  ( 1.000000000000000000, -0.0000000000000000000, -0.0000000000000000000 ) ) ;
#428 = CARTESIAN_POINT ( 'NONE',  ( 23.01962517909974400, 1.741079786723570800, 4.789264516460592700 ) ) ;
#429 = EDGE_CURVE ( 'NONE', #411, #2073, #1429, .T. ) ;
#430 = DIRECTION ( 'NONE',  ( 0.0000000000000000000, 0.0000000000000000000, 1.000000000000000000 ) ) ;
#431 = AXIS2_PLACEMENT_3D ( 'NONE', #2572, #3291, #3226 ) ;
#432 = DIRECTION ( 'NONE',  ( -5.808225924029487500E-017, 0.0000000000000000000, -1.000000000000000000 ) ) ;
#433 = CONICAL_SURFACE ( 'NONE', #3737, 2.200000000000000200, 0.3889568801790071500 ) ;
#434 = ORIENTED_EDGE ( 'NONE', *, *, #4452, .T. ) ;
#435 = CARTESIAN_POINT ( 'NONE',  ( 22.56952369435396100, 2.042772443360129300, 4.870071305518687100 ) ) ;
#436 = ORIENTED_EDGE ( 'NONE', *, *, #551, .F. ) ;
#437 = DIRECTION ( 'NONE',  ( 0.0000000000000000000, 0.0000000000000000000, -1.000000000000000000 ) ) ;
#438 = CIRCLE ( 'NONE', #208, 2.199999999999986000 ) ;
#439 = CYLINDRICAL_SURFACE ( 'NONE', #600, 8.400000000000000400 ) ;
#440 = EDGE_CURVE ( 'NONE', #1473, #2109, #298, .T. ) ;
#441 = CARTESIAN_POINT ( 'NONE',  ( -0.2914669718350984500, -5.680796371366219500, 5.160572056554626900 ) ) ;
#442 = AXIS2_PLACEMENT_3D ( 'NONE', #2998, #2980, #2968 ) ;
#443 = CARTESIAN_POINT ( 'NONE',  ( 0.4397459618446960500, 8.386618560172431500, -0.4739505497013434800 ) ) ;
#444 = CARTESIAN_POINT ( 'NONE',  ( 21.67762333990736000, 2.668055695359866400, 4.976125242961079400 ) ) ;
#445 = FACE_OUTER_BOUND ( 'NONE', #1662, .T. ) ;
#446 = CARTESIAN_POINT ( 'NONE',  ( 0.4397459619999999900, 8.400000000000000400, 0.0000000000000000000 ) ) ;
#447 = VERTEX_POINT ( 'NONE', #4525 ) ;
#448 = DIRECTION ( 'NONE',  ( -0.0000000000000000000, -0.1565238745999713600, 0.9876741753636227900 ) ) ;
#449 = EDGE_CURVE ( 'NONE', #3494, #1814, #527, .T. ) ;
#450 = AXIS2_PLACEMENT_3D ( 'NONE', #2480, #249, #2867 ) ;
#451 = CARTESIAN_POINT ( 'NONE',  ( 26.90000000000003400, 1.722334846595382300, -1.368781456699059000 ) ) ;
#452 = DIRECTION ( 'NONE',  ( -0.7071067811865452400, 0.0000000000000000000, 0.7071067811865499000 ) ) ;
#453 = CARTESIAN_POINT ( 'NONE',  ( 0.1698041099940341700, 4.903471434839175000, -6.506938340493006100 ) ) ;
#454 = CIRCLE ( 'NONE', #321, 8.400000000000000400 ) ;
#455 = ORIENTED_EDGE ( 'NONE', *, *, #3229, .T. ) ;
#456 = EDGE_LOOP ( 'NONE', ( #278, #169, #55, #2719 ) ) ;
#457 = DIRECTION ( 'NONE',  ( 1.000000000000000000, 0.0000000000000000000, 0.0000000000000000000 ) ) ;
#458 = CARTESIAN_POINT ( 'NONE',  ( 24.72142857099999700, -0.2375574500000000600, -2.164296997000000600 ) ) ;
#459 = ORIENTED_EDGE ( 'NONE', *, *, #2987, .T. ) ;
#460 = CARTESIAN_POINT ( 'NONE',  ( 24.19266915184588000, -7.767417622289962700, 1.546438034532282800 ) ) ;
#461 = DIRECTION ( 'NONE',  ( 7.930164461608261200E-015, 0.0000000000000000000, 1.000000000000000000 ) ) ;
#462 = AXIS2_PLACEMENT_3D ( 'NONE', #4211, #4243, #1169 ) ;
#463 = DIRECTION ( 'NONE',  ( -1.000000000000000000, 0.0000000000000000000, 0.0000000000000000000 ) ) ;
#464 = CARTESIAN_POINT ( 'NONE',  ( 20.80000000006439700, 3.320942204076293700, 4.997133465985093900 ) ) ;
#465 = PLANE ( 'NONE',  #2797 ) ;
#466 = DIRECTION ( 'NONE',  ( 0.0000000000000000000, 0.0000000000000000000, 1.000000000000000000 ) ) ;
#467 = DIRECTION ( 'NONE',  ( 0.0000000000000000000, -1.000000000000000000, 0.0000000000000000000 ) ) ;
#468 = EDGE_CURVE ( 'NONE', #3101, #3019, #673, .T. ) ;
#469 = ORIENTED_EDGE ( 'NONE', *, *, #2277, .T. ) ;
#470 = EDGE_LOOP ( 'NONE', ( #4250, #1373, #4096, #4051 ) ) ;
#471 = LINE ( 'NONE', #3908, #371 ) ;
#472 = CARTESIAN_POINT ( 'NONE',  ( 15.70000000000004700, 0.0000000000000000000, 0.0000000000000000000 ) ) ;
#473 = ORIENTED_EDGE ( 'NONE', *, *, #4281, .F. ) ;
#474 = DIRECTION ( 'NONE',  ( -0.0000000000000000000, 0.9876741753636227900, 0.1565238745999713600 ) ) ;
#475 = LINE ( 'NONE', #2397, #3328 ) ;
#476 = EDGE_CURVE ( 'NONE', #984, #2522, #1306, .T. ) ;
#477 = CARTESIAN_POINT ( 'NONE',  ( 0.0000000000000000000, 7.347880794884119700E-016, -6.000000000000000000 ) ) ;
#478 = ORIENTED_EDGE ( 'NONE', *, *, #2966, .T. ) ;
#479 = EDGE_CURVE ( 'NONE', #597, #406, #299, .T. ) ;
#480 = CARTESIAN_POINT ( 'NONE',  ( 12.90000000000000200, 0.0000000000000000000, 0.0000000000000000000 ) ) ;
#481 = LINE ( 'NONE', #1193, #3334 ) ;
#482 = CARTESIAN_POINT ( 'NONE',  ( 21.23700744238357200, 2.990617648362144700, 5.001612092229320800 ) ) ;
#483 = VERTEX_POINT ( 'NONE', #4549 ) ;
#484 = CARTESIAN_POINT ( 'NONE',  ( -0.5000000000000000000, -7.549777086000001500, -7.549777086000001500 ) ) ;
#485 = CARTESIAN_POINT ( 'NONE',  ( 10.30000000000000100, -8.386618560000002300, -0.4739505500000000300 ) ) ;
#486 = CARTESIAN_POINT ( 'NONE',  ( 26.37479858335776900, -1.615542731881449900, -1.801169693066303300 ) ) ;
#487 = B_SPLINE_CURVE_WITH_KNOTS ( 'NONE', 3,
 ( #2519, #2490, #2213, #2200, #2184, #2165, #2151, #2135, #2119, #1920 ),
 .UNSPECIFIED., .F., .F.,
 ( 4, 2, 2, 2, 4 ),
 ( 0.0000000000000000000, 0.001796284568902962900, 0.003592569137805925800, 0.005388853706708888300, 0.007185138275611851700 ),
 .UNSPECIFIED. ) ;
#488 = FACE_OUTER_BOUND ( 'NONE', #4302, .T. ) ;
#489 = CARTESIAN_POINT ( 'NONE',  ( 26.90000000000003400, -1.368781456875686900, -1.722334846455012100 ) ) ;
#490 = DIRECTION ( 'NONE',  ( 1.000000000000000000, 7.228014483236695800E-017, -0.0000000000000000000 ) ) ;
#491 = CONICAL_SURFACE ( 'NONE', #4474, 3.349999999999999600, 0.7853981633974516100 ) ;
#492 = ORIENTED_EDGE ( 'NONE', *, *, #3875, .F. ) ;
#493 = ORIENTED_EDGE ( 'NONE', *, *, #4642, .F. ) ;
#494 = EDGE_CURVE ( 'NONE', #1518, #1533, #993, .T. ) ;
#495 = CARTESIAN_POINT ( 'NONE',  ( -0.3726611679605931200, -1.301997501585934000, 7.500000000000000900 ) ) ;
#496 = CARTESIAN_POINT ( 'NONE',  ( 26.89999999999999900, -3.165705646173368600, 0.9413727946767115300 ) ) ;
#497 = EDGE_CURVE ( 'NONE', #2655, #723, #1061, .T. ) ;
#498 = ORIENTED_EDGE ( 'NONE', *, *, #3348, .F. ) ;
#499 = DIRECTION ( 'NONE',  ( 0.0000000000000000000, 0.7071067810560637300, 0.7071067813170313100 ) ) ;
#500 = CARTESIAN_POINT ( 'NONE',  ( 23.85675555209351700, 8.386618560172431500, -0.4739505497013434800 ) ) ;
#501 = CARTESIAN_POINT ( 'NONE',  ( 26.90000000000003400, -0.2499999999529218800, -2.185749299444809800 ) ) ;
#502 = CARTESIAN_POINT ( 'NONE',  ( 21.67319148900000100, 5.897833250999998900, 1.227549548999999900 ) ) ;
#503 = CARTESIAN_POINT ( 'NONE',  ( 25.85516583154991100, -1.877368421435760200, -1.847112999783276900 ) ) ;
#504 = MANIFOLD_SOLID_BREP ( 'Импортированный3', #1648 ) ;
#505 = VERTEX_POINT ( 'NONE', #2828 ) ;
#506 = CARTESIAN_POINT ( 'NONE',  ( 17.00000000000000000, 0.0000000000000000000, 0.0000000000000000000 ) ) ;
#507 = CARTESIAN_POINT ( 'NONE',  ( 26.89999999999999100, 3.123380155071364700, 1.067377084855905200 ) ) ;
#508 = EDGE_CURVE ( 'NONE', #505, #744, #2823, .T. ) ;
#509 = CARTESIAN_POINT ( 'NONE',  ( 26.90000000000000200, 0.6585106669462507100, 3.235375000375023500 ) ) ;
#510 = CARTESIAN_POINT ( 'NONE',  ( 23.85675555209352100, -8.386618560172431500, 0.4739505497013434800 ) ) ;
#511 = ORIENTED_EDGE ( 'NONE', *, *, #3794, .F. ) ;
#512 = PRESENTATION_LAYER_ASSIGNMENT (  '', '', ( #276 ) ) ;
#513 = CARTESIAN_POINT ( 'NONE',  ( 26.89999999999999900, -2.410294346788085700, 2.256982424888354500 ) ) ;
#514 = VECTOR ( 'NONE', #452, 1000.000000000000100 ) ;
#515 = DIRECTION ( 'NONE',  ( -1.000000000000000000, 0.0000000000000000000, 0.0000000000000000000 ) ) ;
#516 = CARTESIAN_POINT ( 'NONE',  ( 12.90000000000000000, 0.0000000000000000000, 0.0000000000000000000 ) ) ;
#517 = ORIENTED_EDGE ( 'NONE', *, *, #3575, .T. ) ;
#518 = ORIENTED_EDGE ( 'NONE', *, *, #3667, .T. ) ;
#519 = DIRECTION ( 'NONE',  ( 0.0000000000000000000, 0.0000000000000000000, 1.000000000000000000 ) ) ;
#520 = CARTESIAN_POINT ( 'NONE',  ( 4.699999999999999300, -8.386618560172431500, 0.4739505497013439300 ) ) ;
#521 = CARTESIAN_POINT ( 'NONE',  ( 24.82107097612850700, -2.420136342145589000, -1.867247636449919100 ) ) ;
#522 = DIRECTION ( 'NONE',  ( 0.0000000000000000000, 1.000000000000000000, 0.0000000000000000000 ) ) ;
#523 = ORIENTED_EDGE ( 'NONE', *, *, #2439, .T. ) ;
#524 = CARTESIAN_POINT ( 'NONE',  ( 26.90000000000001300, 3.015107438580074900, -1.344307449134012300 ) ) ;
#525 = ORIENTED_EDGE ( 'NONE', *, *, #4580, .T. ) ;
#526 = CARTESIAN_POINT ( 'NONE',  ( 26.90000000000000200, 1.540089081298251500, 2.920474320544465700 ) ) ;
#527 = CIRCLE ( 'NONE', #2423, 8.400000000000000400 ) ;
#528 = CARTESIAN_POINT ( 'NONE',  ( 20.80000000012879000, 3.989436168988253600, 0.8853547340529313000 ) ) ;
#529 = EDGE_LOOP ( 'NONE', ( #2659, #2075, #3163, #3335 ) ) ;
#530 = AXIS2_PLACEMENT_3D ( 'NONE', #4183, #3813, #3799 ) ;
#531 = ORIENTED_EDGE ( 'NONE', *, *, #3097, .F. ) ;
#532 = FACE_OUTER_BOUND ( 'NONE', #358, .T. ) ;
#533 = VERTEX_POINT ( 'NONE', #836 ) ;
#534 = CARTESIAN_POINT ( 'NONE',  ( 26.90000000000000200, -1.456566383541240600, 2.961171906141584200 ) ) ;
#535 = CARTESIAN_POINT ( 'NONE',  ( 28.39459064000000100, 0.0000000000000000000, 0.0000000000000000000 ) ) ;
#536 = DIRECTION ( 'NONE',  ( 0.0000000000000000000, 0.0000000000000000000, 1.000000000000000000 ) ) ;
#537 = CARTESIAN_POINT ( 'NONE',  ( 4.699999999999925600, 0.0000000000000000000, -6.499999999999926300 ) ) ;
#538 = VERTEX_POINT ( 'NONE', #489 ) ;
#539 = CARTESIAN_POINT ( 'NONE',  ( 4.700000000000000200, 0.0000000000000000000, -7.500000000000000000 ) ) ;
#540 = VECTOR ( 'NONE', #1505, 1000.000000000000000 ) ;
#541 = CARTESIAN_POINT ( 'NONE',  ( 26.90000000000003400, 0.0000000000000000000, 0.0000000000000000000 ) ) ;
#542 = CARTESIAN_POINT ( 'NONE',  ( 24.30660449740665300, -2.701353144082655700, -1.840550570478845400 ) ) ;
#543 = EDGE_LOOP ( 'NONE', ( #870, #649, #408, #243 ) ) ;
#544 = CARTESIAN_POINT ( 'NONE',  ( 26.89999999999992400, 0.0000000000000000000, 0.0000000000000000000 ) ) ;
#545 = CARTESIAN_POINT ( 'NONE',  ( 26.90000000000000600, 2.138665439475746100, -2.514378473709982600 ) ) ;
#546 = ORIENTED_EDGE ( 'NONE', *, *, #1386, .T. ) ;
#547 = EDGE_CURVE ( 'NONE', #2682, #4511, #815, .T. ) ;
#548 = AXIS2_PLACEMENT_3D ( 'NONE', #111, #2715, #461 ) ;
#549 = CARTESIAN_POINT ( 'NONE',  ( 26.90000000000000200, 2.349286947527488200, 2.318800978246444700 ) ) ;
#550 = FACE_OUTER_BOUND ( 'NONE', #177, .T. ) ;
#551 = EDGE_CURVE ( 'NONE', #831, #3700, #4612, .T. ) ;
#552 = VERTEX_POINT ( 'NONE', #909 ) ;
#553 = DIRECTION ( 'NONE',  ( -6.453584360032763900E-018, 1.000000000000000000, 0.0000000000000000000 ) ) ;
#554 = VECTOR ( 'NONE', #474, 1000.000000000000200 ) ;
#555 = CARTESIAN_POINT ( 'NONE',  ( -0.05486263464936846200, 7.781254138012911900, 1.522472485885310300 ) ) ;
#556 = LINE ( 'NONE', #4537, #4277 ) ;
#557 = CARTESIAN_POINT ( 'NONE',  ( 23.63214285699999500, 1.971346236999999900, -0.9563430680000000200 ) ) ;
#558 = CARTESIAN_POINT ( 'NONE',  ( 23.28937044938282600, -3.260788037875319600, -1.716559005205000600 ) ) ;
#559 = DIRECTION ( 'NONE',  ( 1.000000000000000000, -0.0000000000000000000, -0.0000000000000000000 ) ) ;
#560 = LINE ( 'NONE', #352, #790 ) ;
#561 = CARTESIAN_POINT ( 'NONE',  ( 26.89999999999999500, 1.233823445166258000, -3.063188824795328300 ) ) ;
#562 = ORIENTED_EDGE ( 'NONE', *, *, #825, .T. ) ;
#563 = CARTESIAN_POINT ( 'NONE',  ( 0.1698041103961852900, 8.086909621575642900, 0.9930616587885169300 ) ) ;
#564 = AXIS2_PLACEMENT_3D ( 'NONE', #1899, #1348, #1310 ) ;
#565 = CARTESIAN_POINT ( 'NONE',  ( 21.28699032818746400, -5.002124336757763200, 2.952836656942153600 ) ) ;
#566 = CARTESIAN_POINT ( 'NONE',  ( 26.90000000000000200, -1.424969174983133700, -2.976504923620704200 ) ) ;
#567 = CARTESIAN_POINT ( 'NONE',  ( 25.81071428600000000, 1.544860759999999500, 1.553770665999999700 ) ) ;
#568 = EDGE_CURVE ( 'NONE', #4511, #1759, #945, .T. ) ;
#569 = UNCERTAINTY_MEASURE_WITH_UNIT (LENGTH_MEASURE( 1.000000000000000100E-005 ), #674, 'distance_accuracy_value', 'NONE');
#570 = CARTESIAN_POINT ( 'NONE',  ( 21.67319148900000100, -5.775147704000001900, -1.714346506000000000 ) ) ;
#571 = VERTEX_POINT ( 'NONE', #1218 ) ;
#572 = CARTESIAN_POINT ( 'NONE',  ( 0.4397459618446960500, 8.386618560172431500, 0.4739505497013434800 ) ) ;
#573 = CARTESIAN_POINT ( 'NONE',  ( 15.19999999999999900, 0.0000000000000000000, -7.500000000000000000 ) ) ;
#574 = EDGE_CURVE ( 'NONE', #1020, #322, #3642, .T. ) ;
#575 =( NAMED_UNIT ( * ) PLANE_ANGLE_UNIT ( ) SI_UNIT ( $, .RADIAN. ) );
#576 = AXIS2_PLACEMENT_3D ( 'NONE', #926, #1083, #2404 ) ;
#577 = EDGE_LOOP ( 'NONE', ( #2392, #2048, #1829, #2223 ) ) ;
#578 = EDGE_CURVE ( 'NONE', #2167, #3991, #1380, .T. ) ;
#579 = EDGE_LOOP ( 'NONE', ( #1242, #140, #1136, #256 ) ) ;
#580 = DIRECTION ( 'NONE',  ( 0.0000000000000000000, 3.552713678800500900E-015, 1.000000000000000000 ) ) ;
#581 = CARTESIAN_POINT ( 'NONE',  ( 26.89999999999999900, -2.447852159841486900, -2.213190298050801800 ) ) ;
#582 = CARTESIAN_POINT ( 'NONE',  ( 26.89999999999999900, 0.0000000000000000000, 0.0000000000000000000 ) ) ;
#583 = ORIENTED_EDGE ( 'NONE', *, *, #1324, .T. ) ;
#584 = SURFACE_STYLE_FILL_AREA ( #1667 ) ;
#585 = DIRECTION ( 'NONE',  ( 0.0000000000000000000, 0.4999999998573345100, 0.8660254038668066000 ) ) ;
#586 = CARTESIAN_POINT ( 'NONE',  ( 4.200000000000000200, 0.0000000000000000000, -6.000000000000000000 ) ) ;
#587 = DIRECTION ( 'NONE',  ( -1.000000000000000000, -7.228014483236695800E-017, 0.0000000000000000000 ) ) ;
#588 = CARTESIAN_POINT ( 'NONE',  ( 21.78471948245630300, -4.085077415941974300, -1.349560553148274200 ) ) ;
#589 = AXIS2_PLACEMENT_3D ( 'NONE', #4278, #3870, #3720 ) ;
#590 = VERTEX_POINT ( 'NONE', #1462 ) ;
#591 = CLOSED_SHELL ( 'NONE', ( #1021, #858, #4394, #4137, #1349, #2528, #1258, #2925, #2348, #829, #1936, #4336, #1371, #2371, #966, #2092, #4129, #4034, #3910, #2399, #4248, #1043, #4091, #1558, #2427, #3972, #1902 ) ) ;
#592 = CIRCLE ( 'NONE', #4141, 8.750000000000000000 ) ;
#593 = CARTESIAN_POINT ( 'NONE',  ( 20.79999999955238400, -0.9815393000038535900, 4.596366021573171400 ) ) ;
#594 = CARTESIAN_POINT ( 'NONE',  ( 20.80000000000000400, 0.0000000000000000000, 0.0000000000000000000 ) ) ;
#595 = DIRECTION ( 'NONE',  ( 0.0000000000000000000, 0.0000000000000000000, 1.000000000000000000 ) ) ;
#596 = CARTESIAN_POINT ( 'NONE',  ( -0.2914669715550604600, 7.309584685198631200, 2.339427942467029900 ) ) ;
#597 = VERTEX_POINT ( 'NONE', #1449 ) ;
#598 = EDGE_LOOP ( 'NONE', ( #3530, #2460, #1774, #3598 ) ) ;
#599 = DIRECTION ( 'NONE',  ( 1.000000000000000000, -0.0000000000000000000, -0.0000000000000000000 ) ) ;
#600 = AXIS2_PLACEMENT_3D ( 'NONE', #3519, #3203, #990 ) ;
#601 = ORIENTED_EDGE ( 'NONE', *, *, #1243, .F. ) ;
#602 = DIRECTION ( 'NONE',  ( -0.0000000000000000000, 0.8660254037656688300, 0.5000000000325102200 ) ) ;
#603 = CIRCLE ( 'NONE', #576, 2.199999999999986000 ) ;
#604 = CARTESIAN_POINT ( 'NONE',  ( 2.081139542999999900, -4.603762496000000800, -7.026049450000000400 ) ) ;
#605 = DIRECTION ( 'NONE',  ( 1.000000000000000000, 3.226792180016382000E-018, -0.0000000000000000000 ) ) ;
#606 = VERTEX_POINT ( 'NONE', #1411 ) ;
#607 = CARTESIAN_POINT ( 'NONE',  ( -0.3535034339955074900, 7.150150824024517100, 2.615575490443536200 ) ) ;
#608 = CARTESIAN_POINT ( 'NONE',  ( 21.29082889277487900, -4.347772809770088300, -1.182424066492562500 ) ) ;
#609 = B_SPLINE_CURVE_WITH_KNOTS ( 'NONE', 3,
 ( #1979, #928, #736, #2736, #2417, #2555, #3127, #3621 ),
 .UNSPECIFIED., .F., .F.,
 ( 4, 2, 2, 4 ),
 ( 0.0000000000000000000, 0.001718385960269075900, 0.003436771920538151700, 0.006873543841076303400 ),
 .UNSPECIFIED. ) ;
#610 = FACE_OUTER_BOUND ( 'NONE', #1770, .T. ) ;
#611 = DIRECTION ( 'NONE',  ( 0.0000000000000000000, 0.0000000000000000000, 1.000000000000000000 ) ) ;
#612 = ORIENTED_EDGE ( 'NONE', *, *, #2999, .F. ) ;
#613 = DIRECTION ( 'NONE',  ( -1.000000000000000000, 0.0000000000000000000, 0.0000000000000000000 ) ) ;
#614 = EDGE_LOOP ( 'NONE', ( #241, #755 ) ) ;
#615 = CARTESIAN_POINT ( 'NONE',  ( 26.90000000000003400, 0.0000000000000000000, 0.0000000000000000000 ) ) ;
#616 = DIRECTION ( 'NONE',  ( -0.0000000000000000000, 0.5877120137375103600, 0.8090702002351837200 ) ) ;
#617 = EDGE_CURVE ( 'NONE', #3364, #571, #2577, .T. ) ;
#618 = CARTESIAN_POINT ( 'NONE',  ( 26.89999999999992400, 0.0000000000000000000, 0.0000000000000000000 ) ) ;
#619 = CIRCLE ( 'NONE', #3134, 6.000000000000000000 ) ;
#620 = AXIS2_PLACEMENT_3D ( 'NONE', #3347, #4351, #2257 ) ;
#621 = CARTESIAN_POINT ( 'NONE',  ( 25.81071428600000000, 3.958035223000000000, -4.559713155999999900 ) ) ;
#622 = FACE_BOUND ( 'NONE', #3080, .T. ) ;
#623 = CLOSED_SHELL ( 'NONE', ( #4319, #4415, #4071, #1685, #4517, #1208 ) ) ;
#624 = ORIENTED_EDGE ( 'NONE', *, *, #344, .F. ) ;
#625 = CARTESIAN_POINT ( 'NONE',  ( 26.90000000000001600, 1.722334846876129000, 1.368781456345807600 ) ) ;
#626 = DIRECTION ( 'NONE',  ( -1.000000000000000000, 0.0000000000000000000, 0.0000000000000000000 ) ) ;
#627 = EDGE_CURVE ( 'NONE', #2049, #2579, #703, .T. ) ;
#628 = DIRECTION ( 'NONE',  ( 0.0000000000000000000, 0.0000000000000000000, 1.000000000000000000 ) ) ;
#629 = VERTEX_POINT ( 'NONE', #1626 ) ;
#630 = SURFACE_SIDE_STYLE ('',( #712 ) ) ;
#631 = CARTESIAN_POINT ( 'NONE',  ( 25.81071428600000000, 0.4936997449999999100, 2.134726823999999500 ) ) ;
#632 = CARTESIAN_POINT ( 'NONE',  ( 0.0000000000000000000, 0.0000000000000000000, 6.000000000000000000 ) ) ;
#633 = CARTESIAN_POINT ( 'NONE',  ( 20.80000000012879000, -2.599452131958164300, -3.153141697534489000 ) ) ;
#634 = AXIS2_PLACEMENT_3D ( 'NONE', #2375, #2359, #2394 ) ;
#635 = VERTEX_POINT ( 'NONE', #1645 ) ;
#636 = CARTESIAN_POINT ( 'NONE',  ( 4.699999999999999300, -3.782856063937775300, 7.499999999999999100 ) ) ;
#637 = MANIFOLD_SOLID_BREP ( 'Импортированный4', #591 ) ;
#638 = CARTESIAN_POINT ( 'NONE',  ( 21.67319148900000100, 0.7741104029999998900, -2.044438691999999100 ) ) ;
#639 = EDGE_CURVE ( 'NONE', #1487, #716, #4399, .T. ) ;
#640 = CIRCLE ( 'NONE', #917, 3.349999999999999600 ) ;
#641 = CARTESIAN_POINT ( 'NONE',  ( 19.86766081150000200, -3.782856064000000200, -7.500000000000000000 ) ) ;
#642 = VERTEX_POINT ( 'NONE', #1747 ) ;
#643 = CARTESIAN_POINT ( 'NONE',  ( 0.4397459620000005500, 8.400000000000000400, 0.0000000000000000000 ) ) ;
#644 = CARTESIAN_POINT ( 'NONE',  ( 24.69999999999999900, 0.0000000000000000000, 0.0000000000000000000 ) ) ;
#645 = CIRCLE ( 'NONE', #3237, 3.500000000000031100 ) ;
#646 = B_SPLINE_CURVE_WITH_KNOTS ( 'NONE', 3,
 ( #1560, #1577, #1677, #1825, #1527, #1546, #1754, #1390, #1440, #1405 ),
 .UNSPECIFIED., .F., .F.,
 ( 4, 2, 2, 2, 4 ),
 ( 0.0000000000000000000, 0.001827478122411051100, 0.003654956244822102300, 0.005482434367233153200, 0.007309912489644204500 ),
 .UNSPECIFIED. ) ;
#647 = ORIENTED_EDGE ( 'NONE', *, *, #4258, .F. ) ;
#648 = CARTESIAN_POINT ( 'NONE',  ( 22.78364746185627600, -1.617458752579179300, 3.541570034392987200 ) ) ;
#649 = ORIENTED_EDGE ( 'NONE', *, *, #3317, .T. ) ;
#650 = CARTESIAN_POINT ( 'NONE',  ( 0.1705041598940107400, -3.184992677231562700, -7.499999999987405600 ) ) ;
#651 = EDGE_CURVE ( 'NONE', #3991, #2338, #3423, .T. ) ;
#652 = EDGE_CURVE ( 'NONE', #723, #2269, #603, .T. ) ;
#653 = VECTOR ( 'NONE', #3689, 999.9999999999998900 ) ;
#654 = CARTESIAN_POINT ( 'NONE',  ( 26.89999999999999900, -2.162895058999999800, -0.2500000000000000000 ) ) ;
#655 = CARTESIAN_POINT ( 'NONE',  ( -0.05486263504696202400, -5.209126918496797200, 5.977527513231857300 ) ) ;
#656 = ORIENTED_EDGE ( 'NONE', *, *, #1415, .T. ) ;
#657 = EDGE_LOOP ( 'NONE', ( #4615, #2826, #4519, #1716 ) ) ;
#658 = VECTOR ( 'NONE', #2166, 999.9999999999998900 ) ;
#659 = ORIENTED_EDGE ( 'NONE', *, *, #3427, .T. ) ;
#660 = CARTESIAN_POINT ( 'NONE',  ( 20.80000000006439700, 4.997133467304998100, -3.320942202090190900 ) ) ;
#661 = CARTESIAN_POINT ( 'NONE',  ( 20.79999999962091200, -4.596366021538464100, -0.9815393000318994900 ) ) ;
#662 = EDGE_LOOP ( 'NONE', ( #3791, #310, #2730 ) ) ;
#663 = SURFACE_STYLE_USAGE ( .BOTH. , #630 ) ;
#664 = ORIENTED_EDGE ( 'NONE', *, *, #1017, .T. ) ;
#665 = FACE_BOUND ( 'NONE', #330, .T. ) ;
#666 = CARTESIAN_POINT ( 'NONE',  ( -0.4379726024719217100, 6.826081447032275500, 3.176880116522632100 ) ) ;
#667 = ORIENTED_EDGE ( 'NONE', *, *, #4194, .T. ) ;
#668 = DIRECTION ( 'NONE',  ( -1.000000000000000000, -2.478176394252582100E-016, -0.0000000000000000000 ) ) ;
#669 = CYLINDRICAL_SURFACE ( 'NONE', #3290, 8.400000000000000400 ) ;
#670 = CARTESIAN_POINT ( 'NONE',  ( 26.89999999999999900, 0.2500000000000000000, 2.162895058999999800 ) ) ;
#671 = DIRECTION ( 'NONE',  ( 0.0000000000000000000, 0.0000000000000000000, 1.000000000000000000 ) ) ;
#672 = AXIS2_PLACEMENT_3D ( 'NONE', #3521, #3545, #3562 ) ;
#673 = B_SPLINE_CURVE_WITH_KNOTS ( 'NONE', 3,
 ( #593, #4540, #4305, #648, #3114, #893, #994, #1118, #4497, #4618 ),
 .UNSPECIFIED., .F., .F.,
 ( 4, 2, 2, 2, 4 ),
 ( 1.301824298286538000E-012, 0.001751156722163620600, 0.003502313443025415800, 0.005253470163887210800, 0.007004626884749005700 ),
 .UNSPECIFIED. ) ;
#674 =( LENGTH_UNIT ( ) NAMED_UNIT ( * ) SI_UNIT ( .MILLI., .METRE. ) );
#675 = CIRCLE ( 'NONE', #3500, 8.400000000000000400 ) ;
#676 = CARTESIAN_POINT ( 'NONE',  ( 20.80000000012879000, 4.067698105994805900, 0.3915176460539668300 ) ) ;
#677 = CIRCLE ( 'NONE', #4309, 6.000000000000000000 ) ;
#678 = CARTESIAN_POINT ( 'NONE',  ( -0.4601808444647665900, 6.659972976949939400, 3.464588426247829900 ) ) ;
#680 = EDGE_CURVE ( 'NONE', #1655, #3826, #4318, .T. ) ;
#679 = FACE_OUTER_BOUND ( 'NONE', #727, .T. ) ;
#681 = ORIENTED_EDGE ( 'NONE', *, *, #3534, .F. ) ;
#682 = DIRECTION ( 'NONE',  ( 0.0000000000000000000, 0.0000000000000000000, 1.000000000000000000 ) ) ;
#683 = AXIS2_PLACEMENT_3D ( 'NONE', #2923, #2956, #2970 ) ;
#684 = CARTESIAN_POINT ( 'NONE',  ( 12.90000000000000200, 8.386618560172431500, -0.4739505497013439300 ) ) ;
#685 = CARTESIAN_POINT ( 'NONE',  ( 0.4397459620000000500, 0.0000000000000000000, 0.0000000000000000000 ) ) ;
#686 = CARTESIAN_POINT ( 'NONE',  ( 20.80000000007299500, -2.556068487179473400, -3.944174677832872300 ) ) ;
#687 = CARTESIAN_POINT ( 'NONE',  ( 20.80000000000000400, -4.703277459999998900, 3.725477303000000400 ) ) ;
#688 = DIRECTION ( 'NONE',  ( 0.0000000000000000000, 0.5000000000325102200, 0.8660254037656688300 ) ) ;
#689 =( NAMED_UNIT ( * ) PLANE_ANGLE_UNIT ( ) SI_UNIT ( $, .RADIAN. ) );
#690 = CARTESIAN_POINT ( 'NONE',  ( 24.72142857099999700, 0.7250214070000001700, 2.053036530000000000 ) ) ;
#691 = ORIENTED_EDGE ( 'NONE', *, *, #3675, .F. ) ;
#692 = CARTESIAN_POINT ( 'NONE',  ( 0.4397459620280225700, -3.782856063937774400, -7.500000000000000000 ) ) ;
#693 = CARTESIAN_POINT ( 'NONE',  ( -0.4603998683370351700, 6.168130516000895900, 4.316484557857427800 ) ) ;
#694 = DIRECTION ( 'NONE',  ( 0.0000000000000000000, 0.8660254037656688300, -0.5000000000325102200 ) ) ;
#695 = EDGE_CURVE ( 'NONE', #2073, #362, #475, .T. ) ;
#696 = CARTESIAN_POINT ( 'NONE',  ( 21.78471948283927500, -3.842869361143423000, 1.934302523568599800 ) ) ;
#697 = AXIS2_PLACEMENT_3D ( 'NONE', #2608, #2590, #2571 ) ;
#698 = LINE ( 'NONE', #3309, #1927 ) ;
#699 = ORIENTED_EDGE ( 'NONE', *, *, #1568, .T. ) ;
#700 = EDGE_LOOP ( 'NONE', ( #2613, #2491, #2310, #2141 ) ) ;
#701 = CARTESIAN_POINT ( 'NONE',  ( 15.19999999999999900, 4.603762496000000800, -7.026049450000000400 ) ) ;
#702 = EDGE_LOOP ( 'NONE', ( #38, #3650, #3454, #4534 ) ) ;
#703 = LINE ( 'NONE', #1535, #1592 ) ;
#704 =( NAMED_UNIT ( * ) SI_UNIT ( $, .STERADIAN. ) SOLID_ANGLE_UNIT ( ) );
#705 = EDGE_CURVE ( 'NONE', #3683, #1983, #4205, .T. ) ;
#706 = CARTESIAN_POINT ( 'NONE',  ( 23.63214285699999500, 0.9563430680000000200, 1.971346236999999900 ) ) ;
#707 = CARTESIAN_POINT ( 'NONE',  ( 0.4397459620280225700, 3.782856063937774400, -7.500000000000000000 ) ) ;
#708 = AXIS2_PLACEMENT_3D ( 'NONE', #4192, #602, #3200 ) ;
#709 = CARTESIAN_POINT ( 'NONE',  ( -0.3736325258675073900, 5.846943827614504500, 4.872796220809221700 ) ) ;
#710 = ORIENTED_EDGE ( 'NONE', *, *, #814, .F. ) ;
#711 = ORIENTED_EDGE ( 'NONE', *, *, #4202, .T. ) ;
#712 = SURFACE_STYLE_FILL_AREA ( #16 ) ;
#713 = ORIENTED_EDGE ( 'NONE', *, *, #70, .T. ) ;
#714 = VERTEX_POINT ( 'NONE', #1614 ) ;
#715 = CARTESIAN_POINT ( 'NONE',  ( 0.0000000000000000000, 0.0000000000000000000, 0.0000000000000000000 ) ) ;
#716 = VERTEX_POINT ( 'NONE', #2487 ) ;
#717 = ORIENTED_EDGE ( 'NONE', *, *, #4580, .F. ) ;
#718 = CARTESIAN_POINT ( 'NONE',  ( 6.700000000000002000, -8.750000000000000000, 1.071565949253934100E-015 ) ) ;
#719 = VERTEX_POINT ( 'NONE', #4320 ) ;
#720 = DIRECTION ( 'NONE',  ( 0.0000000000000000000, 0.0000000000000000000, 1.000000000000000000 ) ) ;
#721 = ORIENTED_EDGE ( 'NONE', *, *, #963, .F. ) ;
#722 = AXIS2_PLACEMENT_3D ( 'NONE', #1065, #1086, #1108 ) ;
#723 = VERTEX_POINT ( 'NONE', #7 ) ;
#724 = CARTESIAN_POINT ( 'NONE',  ( 0.1701957972340427700, 3.184307944184993700, -7.500000000000000900 ) ) ;
#725 = CARTESIAN_POINT ( 'NONE',  ( 0.0000000000000000000, 7.041719095097280900E-016, 5.500000000000000000 ) ) ;
#726 = FACE_OUTER_BOUND ( 'NONE', #1796, .T. ) ;
#727 = EDGE_LOOP ( 'NONE', ( #79, #3445, #3572, #4385 ) ) ;
#728 = EDGE_CURVE ( 'NONE', #3950, #1657, #2345, .T. ) ;
#729 = CARTESIAN_POINT ( 'NONE',  ( 20.80000000006439700, -4.703277459427782900, 3.725477303557474000 ) ) ;
#730 = CIRCLE ( 'NONE', #2653, 6.000000000000000000 ) ;
#731 = CARTESIAN_POINT ( 'NONE',  ( 12.90000000000000200, -4.603762495782620900, -7.026049450376514300 ) ) ;
#732 = CIRCLE ( 'NONE', #4247, 3.750000000000000000 ) ;
#733 = EDGE_LOOP ( 'NONE', ( #2710, #2527, #2471, #4589, #3503, #4425, #3566, #3722, #4380, #3346 ) ) ;
#734 = ORIENTED_EDGE ( 'NONE', *, *, #4392, .F. ) ;
#735 = EDGE_CURVE ( 'NONE', #1745, #635, #4099, .T. ) ;
#736 = CARTESIAN_POINT ( 'NONE',  ( 25.85438030387487300, -2.580066440161571200, 0.5194979266212246300 ) ) ;
#737 = CARTESIAN_POINT ( 'NONE',  ( 22.54285714300000300, 1.163687211999999900, 1.840230178000000100 ) ) ;
#738 = CARTESIAN_POINT ( 'NONE',  ( -0.05754209411204326600, 2.564466416385722700, -7.500000000000000000 ) ) ;
#739 = EDGE_CURVE ( 'NONE', #2291, #2942, #1493, .T. ) ;
#740 = CARTESIAN_POINT ( 'NONE',  ( -0.05918398377399270600, 5.215446689126514100, 5.966581349409956700 ) ) ;
#741 = DIRECTION ( 'NONE',  ( -1.000000000000000000, 0.0000000000000000000, 0.0000000000000000000 ) ) ;
#742 = ORIENTED_EDGE ( 'NONE', *, *, #1235, .F. ) ;
#743 = CARTESIAN_POINT ( 'NONE',  ( 26.89999999999999900, 0.0000000000000000000, 0.0000000000000000000 ) ) ;
#744 = VERTEX_POINT ( 'NONE', #2537 ) ;
#745 = CARTESIAN_POINT ( 'NONE',  ( 24.82287172455931000, 2.690066217645678200, 1.446133829002984600 ) ) ;
#746 = CARTESIAN_POINT ( 'NONE',  ( 24.48036648299999700, 0.0000000000000000000, 5.489009164000001400 ) ) ;
#747 = DIRECTION ( 'NONE',  ( 0.0000000000000000000, 0.0000000000000000000, 1.000000000000000000 ) ) ;
#748 = VECTOR ( 'NONE', #3804, 1000.000000000000000 ) ;
#749 = ORIENTED_EDGE ( 'NONE', *, *, #4505, .F. ) ;
#750 = CARTESIAN_POINT ( 'NONE',  ( -0.3726611680108180600, 1.301997501307713200, -7.500000000000000900 ) ) ;
#751 = CARTESIAN_POINT ( 'NONE',  ( 7.699999999999998400, 0.0000000000000000000, 0.0000000000000000000 ) ) ;
#752 = CARTESIAN_POINT ( 'NONE',  ( 19.86201196850000300, -4.603762496000000800, 7.026049450000000400 ) ) ;
#753 = EDGE_CURVE ( 'NONE', #3255, #1066, #257, .T. ) ;
#754 = LINE ( 'NONE', #1007, #1640 ) ;
#755 = ORIENTED_EDGE ( 'NONE', *, *, #2561, .T. ) ;
#756 = ORIENTED_EDGE ( 'NONE', *, *, #2762, .T. ) ;
#757 = PLANE ( 'NONE',  #620 ) ;
#758 = EDGE_CURVE ( 'NONE', #4282, #375, #1253, .T. ) ;
#759 = CARTESIAN_POINT ( 'NONE',  ( 17.39999999999997000, 4.102566777143632800E-016, -3.349999999999999600 ) ) ;
#760 = CLOSED_SHELL ( 'NONE', ( #4436, #4539, #2249, #2779, #1777, #2366, #941, #2041, #4158, #1484, #2699, #1122, #2295, #4055, #1707, #4496, #1225, #1266, #1962, #2139, #1073, #1576, #1161 ) ) ;
#761 = EDGE_LOOP ( 'NONE', ( #87, #2946, #3745, #1843, #2588, #368, #3094, #3899, #2889, #2766, #4459, #3470 ) ) ;
#762 = ORIENTED_EDGE ( 'NONE', *, *, #2716, .F. ) ;
#763 = CARTESIAN_POINT ( 'NONE',  ( 26.89999999999992400, 3.491060010902318700, -0.2500000005578423800 ) ) ;
#764 = ORIENTED_EDGE ( 'NONE', *, *, #4287, .F. ) ;
#765 = CARTESIAN_POINT ( 'NONE',  ( 21.67319148900000100, 1.329226958999999900, 1.735549531000000000 ) ) ;
#766 = FACE_OUTER_BOUND ( 'NONE', #1018, .T. ) ;
#767 = EDGE_LOOP ( 'NONE', ( #498, #4491, #4146, #2585 ) ) ;
#768 = MECHANICAL_DESIGN_GEOMETRIC_PRESENTATION_REPRESENTATION (  '', ( #276 ), #1034 ) ;
#769 = CARTESIAN_POINT ( 'NONE',  ( 0.1691770267590966300, 4.904167668049979900, 6.505732429198077100 ) ) ;
#770 = VERTEX_POINT ( 'NONE', #2740 ) ;
#771 = CARTESIAN_POINT ( 'NONE',  ( 12.90000000000000200, 0.0000000000000000000, 0.0000000000000000000 ) ) ;
#772 = VERTEX_POINT ( 'NONE', #520 ) ;
#773 = CIRCLE ( 'NONE', #4458, 8.400000000000000400 ) ;
#774 = CARTESIAN_POINT ( 'NONE',  ( 20.80000000012879000, 3.446997704529120900, -2.194917031954264800 ) ) ;
#775 = ORIENTED_EDGE ( 'NONE', *, *, #2121, .F. ) ;
#776 = CARTESIAN_POINT ( 'NONE',  ( 24.48036648299999700, 10.97801832699999900, 5.489009164000001400 ) ) ;
#777 = ORIENTED_EDGE ( 'NONE', *, *, #2556, .T. ) ;
#778 = PRESENTATION_STYLE_ASSIGNMENT (( #2088 ) ) ;
#779 = DIRECTION ( 'NONE',  ( -1.000000000000000000, -2.065146995210484400E-016, -0.0000000000000000000 ) ) ;
#780 = ORIENTED_EDGE ( 'NONE', *, *, #1851, .T. ) ;
#781 = AXIS2_PLACEMENT_3D ( 'NONE', #4516, #4501, #4485 ) ;
#782 = CARTESIAN_POINT ( 'NONE',  ( 20.80000000000000400, 1.473426960999999900, 1.603005935000000100 ) ) ;
#783 = DIRECTION ( 'NONE',  ( 0.0000000000000000000, 0.0000000000000000000, 1.000000000000000000 ) ) ;
#784 = CONICAL_SURFACE ( 'NONE', #2294, 2.200000000000000200, 0.3889568801790071500 ) ;
#785 = CARTESIAN_POINT ( 'NONE',  ( 0.4397459618042095500, 4.603762495782620900, 7.026049450376514300 ) ) ;
#786 = CARTESIAN_POINT ( 'NONE',  ( -0.05486263473483483200, 5.209126918018895900, -5.977527514059607600 ) ) ;
#787 = CIRCLE ( 'NONE', #2278, 8.400000000000000400 ) ;
#788 = LINE ( 'NONE', #10, #4486 ) ;
#789 = CARTESIAN_POINT ( 'NONE',  ( 12.90000000000000000, 0.0000000000000000000, 0.0000000000000000000 ) ) ;
#790 = VECTOR ( 'NONE', #370, 1000.000000000000000 ) ;
#791 = DIRECTION ( 'NONE',  ( 1.000000000000000000, 0.0000000000000000000, 0.0000000000000000000 ) ) ;
#792 = EDGE_LOOP ( 'NONE', ( #1765, #1428, #1082, #2458 ) ) ;
#793 = CARTESIAN_POINT ( 'NONE',  ( 24.48036648299999700, 10.97801832699999900, -5.489009164000001400 ) ) ;
#794 = CARTESIAN_POINT ( 'NONE',  ( 25.84607949042381800, 3.935375146048625300, -0.1657440380932776700 ) ) ;
#795 = EDGE_CURVE ( 'NONE', #3999, #3482, #3099, .T. ) ;
#796 = AXIS2_PLACEMENT_3D ( 'NONE', #3400, #3752, #826 ) ;
#797 = CARTESIAN_POINT ( 'NONE',  ( 26.89999999999999900, 0.2500000000000000000, 5.994789404000000500 ) ) ;
#798 = EDGE_CURVE ( 'NONE', #3256, #3474, #2236, .T. ) ;
#799 = CARTESIAN_POINT ( 'NONE',  ( 24.48036648299999700, 0.0000000000000000000, -5.489009164000001400 ) ) ;
#800 = EDGE_LOOP ( 'NONE', ( #3738, #4144, #1543, #4357 ) ) ;
#801 = UNCERTAINTY_MEASURE_WITH_UNIT (LENGTH_MEASURE( 1.000000000000000100E-005 ), #3637, 'distance_accuracy_value', 'NONE');
#802 = VECTOR ( 'NONE', #1627, 1000.000000000000000 ) ;
#803 = AXIS2_PLACEMENT_3D ( 'NONE', #4388, #4381, #4395 ) ;
#804 = CARTESIAN_POINT ( 'NONE',  ( 25.97611828299999800, 0.0000000000000000000, 5.639084929999999200 ) ) ;
#805 = LINE ( 'NONE', #3869, #2566 ) ;
#806 = ORIENTED_EDGE ( 'NONE', *, *, #3102, .T. ) ;
#807 = DIRECTION ( 'NONE',  ( -1.000000000000000000, -2.478176394252582100E-016, -0.0000000000000000000 ) ) ;
#808 = AXIS2_PLACEMENT_3D ( 'NONE', #977, #927, #910 ) ;
#809 = VERTEX_POINT ( 'NONE', #2250 ) ;
#810 = DIRECTION ( 'NONE',  ( 0.0000000000000000000, 1.000000000000000000, 0.0000000000000000000 ) ) ;
#811 = CARTESIAN_POINT ( 'NONE',  ( 22.76936971457162800, -4.945937684380557400, -1.604682268053513500 ) ) ;
#812 = CARTESIAN_POINT ( 'NONE',  ( 25.97611828300000200, 11.27816985999999800, 5.639084929999999200 ) ) ;
#813 = ORIENTED_EDGE ( 'NONE', *, *, #2987, .F. ) ;
#814 = EDGE_CURVE ( 'NONE', #3101, #4611, #144, .T. ) ;
#815 = LINE ( 'NONE', #485, #4515 ) ;
#816 = ORIENTED_EDGE ( 'NONE', *, *, #2801, .T. ) ;
#817 = DIRECTION ( 'NONE',  ( -0.0000000000000000000, 0.8090702002351837200, -0.5877120137375103600 ) ) ;
#818 = ORIENTED_EDGE ( 'NONE', *, *, #3766, .F. ) ;
#819 = LINE ( 'NONE', #4438, #3647 ) ;
#820 = CARTESIAN_POINT ( 'NONE',  ( 7.699999999999999300, 8.386618560172431500, 0.4739505497013428200 ) ) ;
#821 = EDGE_CURVE ( 'NONE', #2025, #2054, #1142, .T. ) ;
#822 = AXIS2_PLACEMENT_3D ( 'NONE', #2381, #2450, #2473 ) ;
#823 = CARTESIAN_POINT ( 'NONE',  ( 25.97611828300000200, 11.27816985999999800, -5.639084929999999200 ) ) ;
#824 = ORIENTED_EDGE ( 'NONE', *, *, #3589, .F. ) ;
#825 = EDGE_CURVE ( 'NONE', #714, #2403, #2761, .T. ) ;
#826 = DIRECTION ( 'NONE',  ( 0.0000000000000000000, 0.0000000000000000000, -1.000000000000000000 ) ) ;
#827 = EDGE_LOOP ( 'NONE', ( #296, #1478, #2574, #1366 ) ) ;
#828 = CYLINDRICAL_SURFACE ( 'NONE', #2191, 8.400000000000000400 ) ;
#829 = ADVANCED_FACE ( 'NONE', ( #39 ), #200, .T. ) ;
#830 = DIRECTION ( 'NONE',  ( -0.0000000000000000000, 0.1565238745999718600, -0.9876741753636226800 ) ) ;
#831 = VERTEX_POINT ( 'NONE', #2724 ) ;
#832 = CARTESIAN_POINT ( 'NONE',  ( 23.27323163471534100, -4.665076304429710800, -1.777092914415854500 ) ) ;
#833 = CARTESIAN_POINT ( 'NONE',  ( 25.97611828299999800, 0.0000000000000000000, -5.639084929999999200 ) ) ;
#834 = CARTESIAN_POINT ( 'NONE',  ( 20.79999999974777900, 2.556068487344226500, 3.944174677797300800 ) ) ;
#835 = ORIENTED_EDGE ( 'NONE', *, *, #2115, .T. ) ;
#836 = CARTESIAN_POINT ( 'NONE',  ( 20.80000000006439700, -5.960029649695691500, -0.6914091223230725000 ) ) ;
#837 = AXIS2_PLACEMENT_3D ( 'NONE', #4045, #4134, #4000 ) ;
#838 = CARTESIAN_POINT ( 'NONE',  ( 22.54285714300000300, -0.7132027779999999800, -2.057172047000000800 ) ) ;
#839 = VECTOR ( 'NONE', #3357, 1000.000000000000200 ) ;
#840 = ORIENTED_EDGE ( 'NONE', *, *, #4224, .T. ) ;
#841 = DIRECTION ( 'NONE',  ( 0.0000000000000000000, 1.000000000000000000, 0.0000000000000000000 ) ) ;
#842 = CARTESIAN_POINT ( 'NONE',  ( 27.03908493000000500, 0.0000000000000000000, 4.576118283000000500 ) ) ;
#843 = ORIENTED_EDGE ( 'NONE', *, *, #1848, .T. ) ;
#844 = CARTESIAN_POINT ( 'NONE',  ( 15.19999999999999900, 8.386618563523198200, -0.4739505449999990000 ) ) ;
#845 = CIRCLE ( 'NONE', #1199, 6.000000000000000000 ) ;
#846 = VECTOR ( 'NONE', #3996, 1000.000000000000000 ) ;
#847 = AXIS2_PLACEMENT_3D ( 'NONE', #2512, #282, #2904 ) ;
#848 = CARTESIAN_POINT ( 'NONE',  ( 25.81071428600000000, 0.9254505459999999900, 5.966621169000000600 ) ) ;
#849 = CARTESIAN_POINT ( 'NONE',  ( 27.03908493000000500, 9.152236567000002800, 4.576118282999999600 ) ) ;
#850 = CIRCLE ( 'NONE', #2636, 8.400000000000000400 ) ;
#851 = CARTESIAN_POINT ( 'NONE',  ( 10.30000000000000100, 3.782856064000000200, -7.500000000000000000 ) ) ;
#852 = ORIENTED_EDGE ( 'NONE', *, *, #4642, .T. ) ;
#853 = CARTESIAN_POINT ( 'NONE',  ( 7.700000000000000200, -8.386618560000002300, -0.4739505500000000300 ) ) ;
#854 = ADVANCED_FACE ( 'NONE', ( #3802 ), #2674, .T. ) ;
#855 = VERTEX_POINT ( 'NONE', #323 ) ;
#856 = DIRECTION ( 'NONE',  ( -8.831319514063745400E-015, 0.0000000000000000000, 1.000000000000000000 ) ) ;
#857 = DIRECTION ( 'NONE',  ( 1.000000000000000000, 3.226792180016382000E-018, -0.0000000000000000000 ) ) ;
#858 = ADVANCED_FACE ( 'NONE', ( #2004 ), #4573, .F. ) ;
#859 = DIRECTION ( 'NONE',  ( -1.000000000000000000, 0.0000000000000000000, 0.0000000000000000000 ) ) ;
#860 = EDGE_CURVE ( 'NONE', #1853, #533, #3003, .T. ) ;
#861 = ORIENTED_EDGE ( 'NONE', *, *, #1022, .F. ) ;
#862 = CARTESIAN_POINT ( 'NONE',  ( 24.72142857099999700, 1.577698114999999800, 5.788857284000000500 ) ) ;
#863 = CARTESIAN_POINT ( 'NONE',  ( 27.03908493000000500, 9.152236567000002800, -4.576118282999999600 ) ) ;
#864 = CARTESIAN_POINT ( 'NONE',  ( 7.700000000000000200, 0.0000000000000000000, 0.0000000000000000000 ) ) ;
#865 = DIRECTION ( 'NONE',  ( -1.000000000000000000, -0.0000000000000000000, -0.0000000000000000000 ) ) ;
#866 = CARTESIAN_POINT ( 'NONE',  ( 0.0000000000000000000, 0.0000000000000000000, 0.0000000000000000000 ) ) ;
#867 = UNCERTAINTY_MEASURE_WITH_UNIT (LENGTH_MEASURE( 1.000000000000000100E-005 ), #2794, 'distance_accuracy_value', 'NONE');
#868 = CIRCLE ( 'NONE', #3300, 6.000000000000000000 ) ;
#869 = B_SPLINE_CURVE_WITH_KNOTS ( 'NONE', 3,
 ( #1399, #1464, #750, #738, #724, #707 ),
 .UNSPECIFIED., .F., .F.,
 ( 4, 2, 4 ),
 ( 0.003893655337353577100, 0.005839329981547757000, 0.007785004625741937300 ),
 .UNSPECIFIED. ) ;
#870 = ORIENTED_EDGE ( 'NONE', *, *, #440, .T. ) ;
#871 = DIRECTION ( 'NONE',  ( 1.000000000000000000, -0.0000000000000000000, -0.0000000000000000000 ) ) ;
#872 = CARTESIAN_POINT ( 'NONE',  ( 26.90000000000000200, 2.447852159841405600, 2.213190298050880400 ) ) ;
#873 = VECTOR ( 'NONE', #626, 1000.000000000000000 ) ;
#874 = DIRECTION ( 'NONE',  ( -1.445602896647339200E-016, 1.000000000000000000, 0.0000000000000000000 ) ) ;
#875 = VERTEX_POINT ( 'NONE', #2880 ) ;
#876 = ORIENTED_EDGE ( 'NONE', *, *, #2966, .F. ) ;
#877 = CARTESIAN_POINT ( 'NONE',  ( 4.699999999999999300, 1.374695441470161400E-017, 0.0000000000000000000 ) ) ;
#878 = CARTESIAN_POINT ( 'NONE',  ( 0.1701957977510287500, -3.184307945493065200, 7.500000000000000900 ) ) ;
#879 = AXIS2_PLACEMENT_3D ( 'NONE', #1782, #2144, #2238 ) ;
#880 = CARTESIAN_POINT ( 'NONE',  ( 26.89999999999999900, -3.015107438579870200, 1.344307449134387800 ) ) ;
#881 = ADVANCED_FACE ( 'NONE', ( #1901 ), #3539, .F. ) ;
#882 = ORIENTED_EDGE ( 'NONE', *, *, #3547, .T. ) ;
#883 = CARTESIAN_POINT ( 'NONE',  ( 26.89999999999999900, -4.078842231500000400, -0.2500000000000000000 ) ) ;
#884 = CARTESIAN_POINT ( 'NONE',  ( 23.63214285699999500, 2.229945683999999600, 5.611093399000002300 ) ) ;
#885 = CARTESIAN_POINT ( 'NONE',  ( 26.89999999999999900, -0.2500000000000000000, -4.078842231500000400 ) ) ;
#886 = CARTESIAN_POINT ( 'NONE',  ( 15.19999999999999900, -8.386618560000002300, -0.4739505500000000300 ) ) ;
#887 = ORIENTED_EDGE ( 'NONE', *, *, #1620, .T. ) ;
#888 = CARTESIAN_POINT ( 'NONE',  ( 15.69999999999999900, 0.0000000000000000000, 0.0000000000000000000 ) ) ;
#889 = ADVANCED_FACE ( 'NONE', ( #2897 ), #2515, .T. ) ;
#890 = ORIENTED_EDGE ( 'NONE', *, *, #2873, .F. ) ;
#891 = VERTEX_POINT ( 'NONE', #274 ) ;
#892 = LINE ( 'NONE', #586, #658 ) ;
#893 = CARTESIAN_POINT ( 'NONE',  ( 24.30660449752699000, -1.840550570489106500, 2.701353144016749800 ) ) ;
#894 = ORIENTED_EDGE ( 'NONE', *, *, #2062, .T. ) ;
#895 = CARTESIAN_POINT ( 'NONE',  ( 26.46961529240157400, -0.08876844382486437400, 3.676387175358627200 ) ) ;
#896 = CARTESIAN_POINT ( 'NONE',  ( 26.90000000000000600, 3.181549935876233800, 0.8788513591767184200 ) ) ;
#897 = CARTESIAN_POINT ( 'NONE',  ( 26.90000000000000200, 0.8578783335941655400, 3.186648437869375300 ) ) ;
#898 = ORIENTED_EDGE ( 'NONE', *, *, #3071, .F. ) ;
#899 = VECTOR ( 'NONE', #327, 1000.000000000000000 ) ;
#900 = EDGE_CURVE ( 'NONE', #3037, #984, #1783, .T. ) ;
#901 = CARTESIAN_POINT ( 'NONE',  ( 0.0000000000000000000, 7.347880794884119700E-016, 6.000000000000000000 ) ) ;
#902 = ORIENTED_EDGE ( 'NONE', *, *, #3806, .T. ) ;
#903 = EDGE_CURVE ( 'NONE', #3653, #4310, #773, .T. ) ;
#904 = CARTESIAN_POINT ( 'NONE',  ( 26.90000000000000200, -2.138665439475787400, 2.514378473709936800 ) ) ;
#905 = CARTESIAN_POINT ( 'NONE',  ( 24.28986129290670000, -4.092122275218596200, -2.047917016238687700 ) ) ;
#906 = CARTESIAN_POINT ( 'NONE',  ( 27.03908493000000500, 0.0000000000000000000, -4.576118283000000500 ) ) ;
#907 = ORIENTED_EDGE ( 'NONE', *, *, #311, .F. ) ;
#908 = CARTESIAN_POINT ( 'NONE',  ( 23.85675555199995300, 0.0000000000000000000, 0.0000000000000000000 ) ) ;
#909 = CARTESIAN_POINT ( 'NONE',  ( 0.4397459618042095500, -4.603762495782620900, 7.026049450376514300 ) ) ;
#910 = DIRECTION ( 'NONE',  ( 0.0000000000000000000, 1.000000000000000000, 0.0000000000000000000 ) ) ;
#911 = LINE ( 'NONE', #4473, #1909 ) ;
#912 = CARTESIAN_POINT ( 'NONE',  ( 20.80000000012879000, -0.8853547340529313000, 3.989436168988253600 ) ) ;
#913 = AXIS2_PLACEMENT_3D ( 'NONE', #3157, #3339, #3034 ) ;
#914 = CARTESIAN_POINT ( 'NONE',  ( 26.90000000000000200, 2.942699974520571500, -1.493858995364140600 ) ) ;
#915 = CARTESIAN_POINT ( 'NONE',  ( 26.89999999999999900, 1.830875346119575500, 2.746409062442579000 ) ) ;
#916 = VECTOR ( 'NONE', #2882, 1000.000000000000000 ) ;
#917 = AXIS2_PLACEMENT_3D ( 'NONE', #3066, #3051, #3012 ) ;
#918 = VECTOR ( 'NONE', #44, 999.9999999999998900 ) ;
#919 = ADVANCED_FACE ( 'NONE', ( #4471, #3701 ), #355, .F. ) ;
#920 = DIRECTION ( 'NONE',  ( 0.0000000000000000000, 0.7071067810560637300, -0.7071067813170313100 ) ) ;
#921 = CARTESIAN_POINT ( 'NONE',  ( 26.89999999999999900, -1.233823445164006000, 3.063188824796214200 ) ) ;
#922 = CYLINDRICAL_SURFACE ( 'NONE', #4188, 8.400000000000000400 ) ;
#923 = ORIENTED_EDGE ( 'NONE', *, *, #1213, .T. ) ;
#924 = CARTESIAN_POINT ( 'NONE',  ( 20.80000000000004000, 0.0000000000000000000, 0.0000000000000000000 ) ) ;
#925 = DIRECTION ( 'NONE',  ( 5.782411586589356500E-015, 0.0000000000000000000, 1.000000000000000000 ) ) ;
#926 = CARTESIAN_POINT ( 'NONE',  ( 26.90000000000003400, 0.0000000000000000000, 0.0000000000000000000 ) ) ;
#927 = DIRECTION ( 'NONE',  ( 1.000000000000000000, 3.226792180016382000E-018, -0.0000000000000000000 ) ) ;
#928 = CARTESIAN_POINT ( 'NONE',  ( 26.37392023555083800, -2.389157388700127600, 0.3689405009556057700 ) ) ;
#929 = CARTESIAN_POINT ( 'NONE',  ( 26.89999999999999900, 2.026052841811922800, -2.604861227064301200 ) ) ;
#930 = STYLED_ITEM ( 'NONE', ( #28 ), #305 ) ;
#931 = ORIENTED_EDGE ( 'NONE', *, *, #4230, .F. ) ;
#932 = CARTESIAN_POINT ( 'NONE',  ( 20.80000000006439700, 0.6914091199542686800, -5.960029649970491200 ) ) ;
#933 = CIRCLE ( 'NONE', #4499, 6.000000000000000000 ) ;
#934 = CARTESIAN_POINT ( 'NONE',  ( 26.89999999999999900, -0.6585106669457380100, -3.235375000375023500 ) ) ;
#935 = CARTESIAN_POINT ( 'NONE',  ( 26.89999999999999900, 4.062179543999999300, 4.415732935000000300 ) ) ;
#936 = VECTOR ( 'NONE', #3517, 1000.000000000000000 ) ;
#937 = ORIENTED_EDGE ( 'NONE', *, *, #3986, .T. ) ;
#938 = ORIENTED_EDGE ( 'NONE', *, *, #3681, .T. ) ;
#939 = DIRECTION ( 'NONE',  ( 0.0000000000000000000, -0.8660254037656688300, -0.5000000000325102200 ) ) ;
#940 = CARTESIAN_POINT ( 'NONE',  ( 21.67319148900000100, 1.735549531000000000, -1.329226958999999900 ) ) ;
#941 = ADVANCED_FACE ( 'NONE', ( #665, #1664 ), #306, .T. ) ;
#942 = EDGE_LOOP ( 'NONE', ( #835, #1950, #3052, #3959 ) ) ;
#943 = CARTESIAN_POINT ( 'NONE',  ( 26.89999999999999500, 1.002446633787800400, -3.144206908809879400 ) ) ;
#944 = DIRECTION ( 'NONE',  ( -1.000000000000000000, 0.0000000000000000000, 0.0000000000000000000 ) ) ;
#945 = LINE ( 'NONE', #853, #1713 ) ;
#946 = DIRECTION ( 'NONE',  ( -5.808225924029487500E-017, 0.0000000000000000000, -1.000000000000000000 ) ) ;
#947 = EDGE_CURVE ( 'NONE', #3599, #3037, #2149, .T. ) ;
#948 = ORIENTED_EDGE ( 'NONE', *, *, #1494, .F. ) ;
#949 = CARTESIAN_POINT ( 'NONE',  ( 26.90000000000000200, -1.540089081298543500, -2.920474320544277800 ) ) ;
#950 = AXIS2_PLACEMENT_3D ( 'NONE', #1855, #1834, #1815 ) ;
#951 = ORIENTED_EDGE ( 'NONE', *, *, #3986, .F. ) ;
#952 = LINE ( 'NONE', #604, #4616 ) ;
#953 = CARTESIAN_POINT ( 'NONE',  ( 23.63214285699999500, 1.851874374999999500, 1.171050532000000200 ) ) ;
#954 = ORIENTED_EDGE ( 'NONE', *, *, #3789, .T. ) ;
#955 = CARTESIAN_POINT ( 'NONE',  ( 26.88900916400000400, 0.0000000000000000000, 3.080366483000000200 ) ) ;
#956 = EDGE_LOOP ( 'NONE', ( #2695, #2224, #4449, #4344 ) ) ;
#957 = DIRECTION ( 'NONE',  ( 0.0000000000000000000, 0.5000000000325102200, -0.8660254037656688300 ) ) ;
#958 = FACE_OUTER_BOUND ( 'NONE', #4407, .T. ) ;
#959 = ORIENTED_EDGE ( 'NONE', *, *, #4484, .F. ) ;
#960 = DIRECTION ( 'NONE',  ( 0.0000000000000000000, 0.0000000000000000000, -1.000000000000000000 ) ) ;
#961 = ORIENTED_EDGE ( 'NONE', *, *, #4560, .F. ) ;
#962 = ORIENTED_EDGE ( 'NONE', *, *, #3768, .T. ) ;
#963 = EDGE_CURVE ( 'NONE', #770, #2647, #4364, .T. ) ;
#964 = DIRECTION ( 'NONE',  ( -1.000000000000000000, -0.0000000000000000000, -0.0000000000000000000 ) ) ;
#965 = AXIS2_PLACEMENT_3D ( 'NONE', #3937, #1807, #4264 ) ;
#966 = ADVANCED_FACE ( 'NONE', ( #3602 ), #465, .T. ) ;
#967 = CARTESIAN_POINT ( 'NONE',  ( 26.89999999999999900, -2.475981099785492700, -2.181684520143910300 ) ) ;
#968 = FACE_OUTER_BOUND ( 'NONE', #3833, .T. ) ;
#969 = ORIENTED_EDGE ( 'NONE', *, *, #1564, .F. ) ;
#970 = CARTESIAN_POINT ( 'NONE',  ( 0.1698041093965560200, -4.903471435649303000, 6.506938339520142600 ) ) ;
#972 = ORIENTED_EDGE ( 'NONE', *, *, #2324, .F. ) ;
#971 = CARTESIAN_POINT ( 'NONE',  ( 26.89999999999999900, -0.2500000000000000000, 2.606697429000000000 ) ) ;
#973 = CIRCLE ( 'NONE', #1710, 6.000000000000000000 ) ;
#974 = DIRECTION ( 'NONE',  ( 0.0000000000000000000, 0.0000000000000000000, 1.000000000000000000 ) ) ;
#975 = FACE_OUTER_BOUND ( 'NONE', #4133, .T. ) ;
#976 = DIRECTION ( 'NONE',  ( -1.000000000000000000, 0.0000000000000000000, 0.0000000000000000000 ) ) ;
#977 = CARTESIAN_POINT ( 'NONE',  ( 4.699999999999999300, 1.374695441470161400E-017, 0.0000000000000000000 ) ) ;
#978 = DIRECTION ( 'NONE',  ( 1.000000000000000000, 0.0000000000000000000, 0.0000000000000000000 ) ) ;
#979 = FACE_OUTER_BOUND ( 'NONE', #1721, .T. ) ;
#980 = CARTESIAN_POINT ( 'NONE',  ( 22.54285714300000300, 2.826283858999999700, 5.292647688000000600 ) ) ;
#981 = PRODUCT_CONTEXT ( 'NONE', #3860, 'mechanical' ) ;
#982 = CARTESIAN_POINT ( 'NONE',  ( 4.699999999999999300, 4.603762495782620900, 7.026049450376514300 ) ) ;
#983 = CARTESIAN_POINT ( 'NONE',  ( 0.4397459620000005500, 0.0000000000000000000, 0.0000000000000000000 ) ) ;
#984 = VERTEX_POINT ( 'NONE', #982 ) ;
#985 = EDGE_CURVE ( 'NONE', #4443, #4500, #2179, .T. ) ;
#986 = DIRECTION ( 'NONE',  ( 0.0000000000000000000, 0.0000000000000000000, 1.000000000000000000 ) ) ;
#987 = CARTESIAN_POINT ( 'NONE',  ( 26.88900916400000100, 6.160732966999998600, 3.080366482999999700 ) ) ;
#988 = EDGE_LOOP ( 'NONE', ( #1806, #1917, #2248, #2364 ) ) ;
#989 = CARTESIAN_POINT ( 'NONE',  ( 21.29044133008495300, 2.238490521645721800, 3.910466350078904500 ) ) ;
#990 = DIRECTION ( 'NONE',  ( 0.0000000000000000000, -1.000000000000000000, 0.0000000000000000000 ) ) ;
#991 = DIRECTION ( 'NONE',  ( 0.0000000000000000000, -0.5000000000325102200, -0.8660254037656688300 ) ) ;
#992 = ADVANCED_FACE ( 'NONE', ( #2652 ), #4259, .T. ) ;
#993 = B_SPLINE_CURVE_WITH_KNOTS ( 'NONE', 3,
 ( #3787, #3076, #3747, #4414, #2908, #2938 ),
 .UNSPECIFIED., .F., .F.,
 ( 4, 2, 4 ),
 ( -0.003821499303454081600, -1.669558588601738300E-013, 0.003821499303120169900 ),
 .UNSPECIFIED. ) ;
#994 = CARTESIAN_POINT ( 'NONE',  ( 24.82107097627815100, -1.867247636455280400, 2.420136342064520600 ) ) ;
#995 = DIRECTION ( 'NONE',  ( -1.000000000000000000, 0.0000000000000000000, 0.0000000000000000000 ) ) ;
#996 = CARTESIAN_POINT ( 'NONE',  ( 21.78393953763341200, 1.934782595309340900, 3.842975835666145600 ) ) ;
#997 = CIRCLE ( 'NONE', #3055, 6.499999999999926300 ) ;
#998 = EDGE_CURVE ( 'NONE', #3902, #2338, #2486, .T. ) ;
#999 = EDGE_LOOP ( 'NONE', ( #1913, #1691, #1401, #1279, #1160 ) ) ;
#1000 = CARTESIAN_POINT ( 'NONE',  ( 20.80000000000004000, 4.776122516674657600E-016, -3.899999999999984400 ) ) ;
#1001 = EDGE_CURVE ( 'NONE', #121, #714, #1551, .T. ) ;
#1002 = VECTOR ( 'NONE', #1918, 1000.000000000000200 ) ;
#1003 = ORIENTED_EDGE ( 'NONE', *, *, #2298, .T. ) ;
#1004 = CARTESIAN_POINT ( 'NONE',  ( 26.89999999999999900, -5.994789404000000500, -0.2500000000000000000 ) ) ;
#1005 = ORIENTED_EDGE ( 'NONE', *, *, #652, .T. ) ;
#1006 = ORIENTED_EDGE ( 'NONE', *, *, #4258, .T. ) ;
#1007 = CARTESIAN_POINT ( 'NONE',  ( 15.19999999999999900, -8.386618563523198200, 0.4739505449999990000 ) ) ;
#1008 = CARTESIAN_POINT ( 'NONE',  ( 4.699999999999925600, 7.960204194457704800E-016, 6.499999999999926300 ) ) ;
#1009 = DIRECTION ( 'NONE',  ( 0.0000000000000000000, -0.8660254037656688300, 0.5000000000325102200 ) ) ;
#1010 = AXIS2_PLACEMENT_3D ( 'NONE', #1973, #1964, #1956 ) ;
#1011 = ORIENTED_EDGE ( 'NONE', *, *, #1044, .F. ) ;
#1012 = CARTESIAN_POINT ( 'NONE',  ( 4.699999999999925600, 0.0000000000000000000, 0.0000000000000000000 ) ) ;
#1013 = DIRECTION ( 'NONE',  ( -1.000000000000000000, 0.0000000000000000000, 0.0000000000000000000 ) ) ;
#1014 = CARTESIAN_POINT ( 'NONE',  ( 20.80000000000000400, 0.0000000000000000000, 0.0000000000000000000 ) ) ;
#1015 = ORIENTED_EDGE ( 'NONE', *, *, #2873, .T. ) ;
#1016 = CARTESIAN_POINT ( 'NONE',  ( 22.78206113822717100, 1.361431244108928000, 3.648339302358732300 ) ) ;
#1017 = EDGE_CURVE ( 'NONE', #1447, #2995, #3480, .T. ) ;
#1018 = EDGE_LOOP ( 'NONE', ( #902, #2950, #4533, #2845 ) ) ;
#1019 = CONICAL_SURFACE ( 'NONE', #4298, 5.500000000000000000, 0.7853981633974500600 ) ;
#1020 = VERTEX_POINT ( 'NONE', #1556 ) ;
#1021 = ADVANCED_FACE ( 'NONE', ( #425 ), #1320, .F. ) ;
#1022 = EDGE_CURVE ( 'NONE', #2655, #1473, #1438, .T. ) ;
#1023 = CARTESIAN_POINT ( 'NONE',  ( 26.88900916400000400, 0.0000000000000000000, -3.080366483000000200 ) ) ;
#1024 = ORIENTED_EDGE ( 'NONE', *, *, #42, .F. ) ;
#1025 = CARTESIAN_POINT ( 'NONE',  ( 0.0000000000000000000, 0.0000000000000000000, -5.500000000000000000 ) ) ;
#1026 = DIRECTION ( 'NONE',  ( 1.000000000000000000, 0.0000000000000000000, 0.0000000000000000000 ) ) ;
#1027 = DIRECTION ( 'NONE',  ( 1.000000000000000000, 0.0000000000000000000, 0.0000000000000000000 ) ) ;
#1028 = AXIS2_PLACEMENT_3D ( 'NONE', #1214, #1198, #1038 ) ;
#1029 = B_SPLINE_CURVE_WITH_KNOTS ( 'NONE', 3,
 ( #1155, #1132, #1284, #1305, #1364, #1382, #1398, #1407 ),
 .UNSPECIFIED., .F., .F.,
 ( 4, 2, 2, 4 ),
 ( -0.003895633794216913500, -0.001947816898017800500, -0.0009739084499182440500, -1.818687561661036500E-012 ),
 .UNSPECIFIED. ) ;
#1030 = DIRECTION ( 'NONE',  ( -1.000000000000000000, 0.0000000000000000000, 0.0000000000000000000 ) ) ;
#1031 = CARTESIAN_POINT ( 'NONE',  ( 24.80512508011731000, -3.797549937042873100, -2.149242891931195200 ) ) ;
#1032 = CARTESIAN_POINT ( 'NONE',  ( 23.28735619344386300, 1.092952209657585000, 3.520072197635316000 ) ) ;
#1033 = VECTOR ( 'NONE', #2026, 1000.000000000000000 ) ;
#1034 =( GEOMETRIC_REPRESENTATION_CONTEXT ( 3 ) GLOBAL_UNCERTAINTY_ASSIGNED_CONTEXT ( ( #3716 ) ) GLOBAL_UNIT_ASSIGNED_CONTEXT ( ( #4527, #2453, #229 ) ) REPRESENTATION_CONTEXT ( 'NONE', 'WORKASPACE' ) );
#1035 = CARTESIAN_POINT ( 'NONE',  ( 24.72142857099999700, -2.164296997000000600, 0.2375574500000000600 ) ) ;
#1036 = LINE ( 'NONE', #3227, #53 ) ;
#1037 = ORIENTED_EDGE ( 'NONE', *, *, #4281, .T. ) ;
#1038 = DIRECTION ( 'NONE',  ( 0.0000000000000000000, 0.0000000000000000000, 1.000000000000000000 ) ) ;
#1039 = CARTESIAN_POINT ( 'NONE',  ( 26.88900916400000100, 6.160732966999998600, -3.080366482999999700 ) ) ;
#1040 = DIRECTION ( 'NONE',  ( 0.0000000000000000000, 0.0000000000000000000, 1.000000000000000000 ) ) ;
#1041 = CARTESIAN_POINT ( 'NONE',  ( 24.39957771587957700, 6.807061558693737500, 3.209823529476405900 ) ) ;
#1042 = VECTOR ( 'NONE', #4227, 1000.000000000000100 ) ;
#1043 = ADVANCED_FACE ( 'NONE', ( #2288 ), #4054, .T. ) ;
#1044 = EDGE_CURVE ( 'NONE', #297, #4315, #316, .T. ) ;
#1045 = ORIENTED_EDGE ( 'NONE', *, *, #3043, .F. ) ;
#1046 = DIRECTION ( 'NONE',  ( 0.0000000000000000000, 0.0000000000000000000, 1.000000000000000000 ) ) ;
#1047 = CARTESIAN_POINT ( 'NONE',  ( 15.70000000000004700, 6.735557395310442000E-016, 5.500000000000000000 ) ) ;
#1048 = CARTESIAN_POINT ( 'NONE',  ( 26.89999999993860100, 2.291775512136605900, 2.645328902451857800 ) ) ;
#1049 = CARTESIAN_POINT ( 'NONE',  ( 24.30525461392628700, 0.6092603425519032000, 3.212072675004666900 ) ) ;
#1050 = EDGE_CURVE ( 'NONE', #855, #3658, #2554, .T. ) ;
#1051 = AXIS2_PLACEMENT_3D ( 'NONE', #3905, #4118, #4237 ) ;
#1052 = CARTESIAN_POINT ( 'NONE',  ( 26.89999999999999900, 0.0000000000000000000, 0.0000000000000000000 ) ) ;
#1053 = ORIENTED_EDGE ( 'NONE', *, *, #1581, .T. ) ;
#1054 = CIRCLE ( 'NONE', #808, 8.400000000000000400 ) ;
#1055 = DIRECTION ( 'NONE',  ( -1.000000000000000000, 0.0000000000000000000, 0.0000000000000000000 ) ) ;
#1056 = CARTESIAN_POINT ( 'NONE',  ( 26.89999999999943400, -2.291775512100066700, -2.645328902446545200 ) ) ;
#1057 = CARTESIAN_POINT ( 'NONE',  ( 26.89999999999999900, 0.0000000000000000000, 0.0000000000000000000 ) ) ;
#1058 = CARTESIAN_POINT ( 'NONE',  ( 24.72142857099999700, -2.053036530000000000, 0.7250214070000001700 ) ) ;
#1059 = CARTESIAN_POINT ( 'NONE',  ( 19.86201196850000300, -4.603762496000000800, -7.026049450000000400 ) ) ;
#1060 = LINE ( 'NONE', #3464, #936 ) ;
#1061 = B_SPLINE_CURVE_WITH_KNOTS ( 'NONE', 3,
 ( #2517, #2756, #3081, #2349, #1363, #2197, #2132, #2034, #1832, #1646 ),
 .UNSPECIFIED., .F., .F.,
 ( 4, 2, 2, 2, 4 ),
 ( 9.732342340348028200E-014, 0.001751156720768211200, 0.003502313441439099200, 0.005253470162109986600, 0.007004626882780874400 ),
 .UNSPECIFIED. ) ;
#1062 = ORIENTED_EDGE ( 'NONE', *, *, #1564, .T. ) ;
#1063 = CARTESIAN_POINT ( 'NONE',  ( 26.89999999999999900, 2.694222958124177000E-016, -2.200000000000000200 ) ) ;
#1064 = EDGE_CURVE ( 'NONE', #3465, #606, #4151, .T. ) ;
#1065 = CARTESIAN_POINT ( 'NONE',  ( 7.700000000000000200, 0.0000000000000000000, 0.0000000000000000000 ) ) ;
#1066 = VERTEX_POINT ( 'NONE', #3874 ) ;
#1067 = DIRECTION ( 'NONE',  ( 0.0000000000000000000, 0.0000000000000000000, 1.000000000000000000 ) ) ;
#1068 = AXIS2_PLACEMENT_3D ( 'NONE', #2312, #2698, #4391 ) ;
#1069 = CARTESIAN_POINT ( 'NONE',  ( 24.81911034364370000, 0.3917358636485233100, 3.032348259311858900 ) ) ;
#1070 = EDGE_CURVE ( 'NONE', #2120, #2505, #2183, .T. ) ;
#1071 = ORIENTED_EDGE ( 'NONE', *, *, #497, .T. ) ;
#1072 = ORIENTED_EDGE ( 'NONE', *, *, #468, .T. ) ;
#1073 = ADVANCED_FACE ( 'NONE', ( #205 ), #3044, .T. ) ;
#1074 = CARTESIAN_POINT ( 'NONE',  ( 22.78364746199439500, 3.647984239553213400, -1.360552135103095800 ) ) ;
#1075 = CARTESIAN_POINT ( 'NONE',  ( 7.700000000000000200, 0.0000000000000000000, 7.500000000000000000 ) ) ;
#1076 = CARTESIAN_POINT ( 'NONE',  ( 7.699999999999998400, 0.0000000000000000000, 0.0000000000000000000 ) ) ;
#1077 = CARTESIAN_POINT ( 'NONE',  ( 26.36887822942057700, -2.591416392202016400, -2.673735716910624800 ) ) ;
#1078 = ORIENTED_EDGE ( 'NONE', *, *, #1050, .F. ) ;
#1079 = LINE ( 'NONE', #883, #81 ) ;
#1080 = CARTESIAN_POINT ( 'NONE',  ( 0.4397459618042095500, 4.603762495782620900, -7.026049450376514300 ) ) ;
#1081 = AXIS2_PLACEMENT_3D ( 'NONE', #2618, #72, #116 ) ;
#1082 = ORIENTED_EDGE ( 'NONE', *, *, #1945, .F. ) ;
#1083 = DIRECTION ( 'NONE',  ( 1.000000000000000000, -0.0000000000000000000, -0.0000000000000000000 ) ) ;
#1084 = AXIS2_PLACEMENT_3D ( 'NONE', #866, #356, #2982 ) ;
#1085 = ORIENTED_EDGE ( 'NONE', *, *, #154, .T. ) ;
#1086 = DIRECTION ( 'NONE',  ( 1.000000000000000000, -0.0000000000000000000, -0.0000000000000000000 ) ) ;
#1087 = CIRCLE ( 'NONE', #683, 6.000000000000000000 ) ;
#1088 = DIRECTION ( 'NONE',  ( -1.000000000000000000, 0.0000000000000000000, 0.0000000000000000000 ) ) ;
#1089 = DIRECTION ( 'NONE',  ( 0.0000000000000000000, 0.0000000000000000000, 1.000000000000000000 ) ) ;
#1090 = ORIENTED_EDGE ( 'NONE', *, *, #494, .F. ) ;
#1091 = EDGE_CURVE ( 'NONE', #1887, #831, #3370, .T. ) ;
#1092 = ORIENTED_EDGE ( 'NONE', *, *, #311, .T. ) ;
#1093 = DIRECTION ( 'NONE',  ( -1.000000000000000000, 0.0000000000000000000, 0.0000000000000000000 ) ) ;
#1094 = ORIENTED_EDGE ( 'NONE', *, *, #6, .F. ) ;
#1095 = CARTESIAN_POINT ( 'NONE',  ( 10.30000000000000100, -3.782856064000000200, 7.500000000000000000 ) ) ;
#1096 = CARTESIAN_POINT ( 'NONE',  ( 25.84607949032153600, -2.899929185828202800, -2.665531718783052300 ) ) ;
#1097 = FACE_OUTER_BOUND ( 'NONE', #4252, .T. ) ;
#1098 = CARTESIAN_POINT ( 'NONE',  ( 20.80000000000000400, 0.0000000000000000000, 0.0000000000000000000 ) ) ;
#1099 = PLANE ( 'NONE',  #2313 ) ;
#1100 = ORIENTED_EDGE ( 'NONE', *, *, #508, .F. ) ;
#1101 = ADVANCED_FACE ( 'NONE', ( #2067 ), #1944, .F. ) ;
#1102 = EDGE_CURVE ( 'NONE', #2437, #4430, #2875, .T. ) ;
#1103 = AXIS2_PLACEMENT_3D ( 'NONE', #1012, #978, #960 ) ;
#1104 = VERTEX_POINT ( 'NONE', #2226 ) ;
#1105 = EDGE_CURVE ( 'NONE', #4611, #1500, #88, .T. ) ;
#1106 = DIRECTION ( 'NONE',  ( -1.000000000000000000, 0.0000000000000000000, 0.0000000000000000000 ) ) ;
#1107 = LINE ( 'NONE', #1555, #4634 ) ;
#1108 = DIRECTION ( 'NONE',  ( 0.0000000000000000000, 0.0000000000000000000, 1.000000000000000000 ) ) ;
#1109 = CARTESIAN_POINT ( 'NONE',  ( 12.90000000000000200, 0.0000000000000000000, 0.0000000000000000000 ) ) ;
#1110 = CIRCLE ( 'NONE', #1372, 3.500000000000031100 ) ;
#1111 = DIRECTION ( 'NONE',  ( -1.000000000000000000, 0.0000000000000000000, 0.0000000000000000000 ) ) ;
#1112 = DIRECTION ( 'NONE',  ( 1.000000000000000000, -0.0000000000000000000, -0.0000000000000000000 ) ) ;
#1113 = LINE ( 'NONE', #3020, #224 ) ;
#1114 = CARTESIAN_POINT ( 'NONE',  ( 26.89999999999996300, -3.491060010976027300, 0.2499999995283417600 ) ) ;
#1115 = CARTESIAN_POINT ( 'NONE',  ( 24.81101423703961500, -3.523850612421459700, -2.571572685552594900 ) ) ;
#1116 = CARTESIAN_POINT ( 'NONE',  ( 6.700000000000001100, -6.000000000000000000, 7.347880794884119700E-016 ) ) ;
#1117 = CARTESIAN_POINT ( 'NONE',  ( 20.80000000000000400, 0.0000000000000000000, 0.0000000000000000000 ) ) ;
#1118 = CARTESIAN_POINT ( 'NONE',  ( 25.85516583175703800, -1.847112999770965000, 1.877368421329563600 ) ) ;
#1119 = PLANE ( 'NONE',  #1486 ) ;
#1120 = CARTESIAN_POINT ( 'NONE',  ( 20.80000000006455400, 3.650318670893256500, -2.960603587224743800 ) ) ;
#1121 = AXIS2_PLACEMENT_3D ( 'NONE', #3218, #3573, #1394 ) ;
#1122 = ADVANCED_FACE ( 'NONE', ( #2947 ), #2448, .T. ) ;
#1123 = FACE_OUTER_BOUND ( 'NONE', #2646, .T. ) ;
#1124 = EDGE_LOOP ( 'NONE', ( #2602, #1389, #2014, #1024 ) ) ;
#1125 = EDGE_CURVE ( 'NONE', #1740, #1400, #3954, .T. ) ;
#1126 = CARTESIAN_POINT ( 'NONE',  ( 24.29774747444945100, -3.840097023985420000, -2.484919289769307300 ) ) ;
#1127 = CIRCLE ( 'NONE', #1511, 6.000000000000000000 ) ;
#1128 = VERTEX_POINT ( 'NONE', #2735 ) ;
#1129 = EDGE_LOOP ( 'NONE', ( #2870, #2751, #3030, #4559 ) ) ;
#1130 = VERTEX_POINT ( 'NONE', #2830 ) ;
#1131 = EDGE_CURVE ( 'NONE', #1473, #3658, #1087, .T. ) ;
#1132 = CARTESIAN_POINT ( 'NONE',  ( 0.1705041592381992000, 3.184992675557718900, 7.499999999999999100 ) ) ;
#1133 = AXIS2_PLACEMENT_3D ( 'NONE', #3396, #1209, #3748 ) ;
#1134 = CARTESIAN_POINT ( 'NONE',  ( 25.85321687159683900, 0.02200680126937972600, 2.634400762877994000 ) ) ;
#1135 = VECTOR ( 'NONE', #3144, 1000.000000000000000 ) ;
#1136 = ORIENTED_EDGE ( 'NONE', *, *, #3294, .T. ) ;
#1137 = ORIENTED_EDGE ( 'NONE', *, *, #391, .F. ) ;
#1138 = CONICAL_SURFACE ( 'NONE', #4072, 3.500000000000000000, 0.3889568801790071500 ) ;
#1139 = ORIENTED_EDGE ( 'NONE', *, *, #4094, .T. ) ;
#1140 = CARTESIAN_POINT ( 'NONE',  ( 23.27787460206520400, -4.461795703324503900, -2.237335697753926000 ) ) ;
#1141 = DIRECTION ( 'NONE',  ( 0.0000000000000000000, 0.0000000000000000000, 1.000000000000000000 ) ) ;
#1142 = LINE ( 'NONE', #2307, #2126 ) ;
#1143 = ADVANCED_FACE ( 'NONE', ( #958 ), #2913, .T. ) ;
#1144 = CARTESIAN_POINT ( 'NONE',  ( 20.80000000000000400, 0.0000000000000000000, 0.0000000000000000000 ) ) ;
#1145 = ORIENTED_EDGE ( 'NONE', *, *, #963, .T. ) ;
#1146 = DIRECTION ( 'NONE',  ( 0.0000000000000000000, 0.0000000000000000000, 1.000000000000000000 ) ) ;
#1147 = CARTESIAN_POINT ( 'NONE',  ( 26.37513139631287400, -0.1313333283719970400, 2.415834630668503500 ) ) ;
#1148 = ORIENTED_EDGE ( 'NONE', *, *, #3875, .T. ) ;
#1149 = CONICAL_SURFACE ( 'NONE', #796, 7.460254038519214400, 0.7853981633974492800 ) ;
#1150 = CARTESIAN_POINT ( 'NONE',  ( 22.77514619265484100, -4.766188140496001100, -2.075365636107137800 ) ) ;
#1151 = VECTOR ( 'NONE', #3614, 1000.000000000000000 ) ;
#1152 = AXIS2_PLACEMENT_3D ( 'NONE', #1846, #2583, #348 ) ;
#1153 = VERTEX_POINT ( 'NONE', #3036 ) ;
#1154 = EDGE_CURVE ( 'NONE', #1745, #505, #3852, .T. ) ;
#1155 = CARTESIAN_POINT ( 'NONE',  ( 0.4397459620280225700, 3.782856063937774400, 7.500000000000000000 ) ) ;
#1156 = DIRECTION ( 'NONE',  ( 0.0000000000000000000, -5.329070518200752200E-015, 1.000000000000000000 ) ) ;
#1157 = FACE_OUTER_BOUND ( 'NONE', #313, .T. ) ;
#1158 = CARTESIAN_POINT ( 'NONE',  ( 26.89999999982154600, -0.2499999999596498000, 2.185749299517669300 ) ) ;
#1159 = CARTESIAN_POINT ( 'NONE',  ( -0.2914669716330894300, 5.680796370891357600, -5.160572057377113900 ) ) ;
#1160 = ORIENTED_EDGE ( 'NONE', *, *, #2482, .T. ) ;
#1161 = ADVANCED_FACE ( 'NONE', ( #4622 ), #828, .T. ) ;
#1162 = PLANE ( 'NONE',  #1387 ) ;
#1163 = AXIS2_PLACEMENT_3D ( 'NONE', #2888, #4063, #2918 ) ;
#1164 = CARTESIAN_POINT ( 'NONE',  ( 0.1691770276219103900, -8.086213388956466000, 0.9942675690587065000 ) ) ;
#1165 = CARTESIAN_POINT ( 'NONE',  ( 20.80000000006441100, -5.881767712768952300, -1.185246207634487800 ) ) ;
#1166 = EDGE_LOOP ( 'NONE', ( #734, #923, #1045, #1274 ) ) ;
#1167 = CYLINDRICAL_SURFACE ( 'NONE', #324, 8.750000000000000000 ) ;
#1168 = CARTESIAN_POINT ( 'NONE',  ( 17.00000000000000000, 0.0000000000000000000, 3.750000000000000000 ) ) ;
#1169 = DIRECTION ( 'NONE',  ( 0.0000000000000000000, 0.5000000000325102200, 0.8660254037656688300 ) ) ;
#1170 = DIRECTION ( 'NONE',  ( 1.000000000000000000, -0.0000000000000000000, -0.0000000000000000000 ) ) ;
#1171 = CARTESIAN_POINT ( 'NONE',  ( 15.69999999999999900, 0.0000000000000000000, 0.0000000000000000000 ) ) ;
#1172 = VECTOR ( 'NONE', #3800, 1000.000000000000000 ) ;
#1173 = ORIENTED_EDGE ( 'NONE', *, *, #3317, .F. ) ;
#1174 = ORIENTED_EDGE ( 'NONE', *, *, #651, .F. ) ;
#1175 = MANIFOLD_SOLID_BREP ( 'Импортированный5', #760 ) ;
#1176 = CARTESIAN_POINT ( 'NONE',  ( 0.0000000000000000000, 0.0000000000000000000, 0.0000000000000000000 ) ) ;
#1177 = EDGE_LOOP ( 'NONE', ( #1437, #1550, #4363, #3601 ) ) ;
#1178 = EDGE_LOOP ( 'NONE', ( #4393, #3140, #1062, #2509 ) ) ;
#1179 = PRESENTATION_LAYER_ASSIGNMENT (  '', '', ( #930 ) ) ;
#1180 = CARTESIAN_POINT ( 'NONE',  ( 21.28699032757541000, -5.625006862971804200, -1.449065214310713400 ) ) ;
#1181 = CARTESIAN_POINT ( 'NONE',  ( 26.89999999997929700, 3.491060010951276400, 0.2499999999925242600 ) ) ;
#1182 = ADVANCED_FACE ( 'NONE', ( #3160 ), #2341, .T. ) ;
#1183 = ORIENTED_EDGE ( 'NONE', *, *, #3274, .F. ) ;
#1184 = VERTEX_POINT ( 'NONE', #3354 ) ;
#1185 = CIRCLE ( 'NONE', #1028, 6.000000000000000000 ) ;
#1186 = CARTESIAN_POINT ( 'NONE',  ( 21.77845964069704000, -5.348766841682212300, -1.679780332598710600 ) ) ;
#1187 = CARTESIAN_POINT ( 'NONE',  ( 17.00000000000000000, 0.0000000000000000000, 0.0000000000000000000 ) ) ;
#1188 = DIRECTION ( 'NONE',  ( 0.0000000000000000000, 0.0000000000000000000, -1.000000000000000000 ) ) ;
#1189 = ORIENTED_EDGE ( 'NONE', *, *, #4006, .F. ) ;
#1190 = ORIENTED_EDGE ( 'NONE', *, *, #96, .F. ) ;
#1191 = VECTOR ( 'NONE', #2153, 1000.000000000000000 ) ;
#1192 = AXIS2_PLACEMENT_3D ( 'NONE', #3093, #3126, #3141 ) ;
#1193 = CARTESIAN_POINT ( 'NONE',  ( 6.700000000000001100, -6.000000000000000000, 7.347880794884119700E-016 ) ) ;
#1194 = ORIENTED_EDGE ( 'NONE', *, *, #1630, .F. ) ;
#1195 = ORIENTED_EDGE ( 'NONE', *, *, #245, .F. ) ;
#1196 = CARTESIAN_POINT ( 'NONE',  ( 24.69999999999999900, 0.0000000000000000000, 0.0000000000000000000 ) ) ;
#1197 = EDGE_CURVE ( 'NONE', #4053, #2682, #3323, .T. ) ;
#1198 = DIRECTION ( 'NONE',  ( 1.000000000000000000, -0.0000000000000000000, -0.0000000000000000000 ) ) ;
#1199 = AXIS2_PLACEMENT_3D ( 'NONE', #1384, #1170, #1156 ) ;
#1200 = CARTESIAN_POINT ( 'NONE',  ( 25.84458230006469400, -3.214349474673404000, -2.275196556194094600 ) ) ;
#1201 = FACE_OUTER_BOUND ( 'NONE', #1296, .T. ) ;
#1202 = CARTESIAN_POINT ( 'NONE',  ( 23.85675555199995300, -8.386618560172431500, -0.4739505497013434800 ) ) ;
#1203 = ORIENTED_EDGE ( 'NONE', *, *, #3102, .F. ) ;
#1204 = EDGE_LOOP ( 'NONE', ( #2495, #2617 ) ) ;
#1205 = CIRCLE ( 'NONE', #697, 8.400000000000000400 ) ;
#1206 = CIRCLE ( 'NONE', #2866, 3.500000000000031100 ) ;
#1207 = DIRECTION ( 'NONE',  ( 0.0000000000000000000, -1.000000000000000000, 0.0000000000000000000 ) ) ;
#1208 = ADVANCED_FACE ( 'NONE', ( #1489 ), #3211, .F. ) ;
#1209 = DIRECTION ( 'NONE',  ( -1.000000000000000000, 0.0000000000000000000, 0.0000000000000000000 ) ) ;
#1210 = CIRCLE ( 'NONE', #634, 5.500000000000000000 ) ;
#1211 = DIRECTION ( 'NONE',  ( 0.0000000000000000000, 0.0000000000000000000, -1.000000000000000000 ) ) ;
#1212 = CARTESIAN_POINT ( 'NONE',  ( 24.02510651997755200, -8.076291507785963800, -1.011452771351194500 ) ) ;
#1213 = EDGE_CURVE ( 'NONE', #60, #297, #471, .T. ) ;
#1214 = CARTESIAN_POINT ( 'NONE',  ( 0.0000000000000000000, 0.0000000000000000000, 0.0000000000000000000 ) ) ;
#1215 = CARTESIAN_POINT ( 'NONE',  ( 24.16192098277508300, -7.763254938277943200, -1.553648014319148900 ) ) ;
#1216 = DIRECTION ( 'NONE',  ( 0.0000000000000000000, 1.000000000000000000, 0.0000000000000000000 ) ) ;
#1217 = ORIENTED_EDGE ( 'NONE', *, *, #3475, .F. ) ;
#1218 = CARTESIAN_POINT ( 'NONE',  ( 20.80000000000004000, 0.0000000000000000000, 3.899999999999984400 ) ) ;
#1219 = CARTESIAN_POINT ( 'NONE',  ( 20.80000000000000400, -1.068891860999999600, -1.896861941999999900 ) ) ;
#1220 = DIRECTION ( 'NONE',  ( -1.000000000000000000, -0.0000000000000000000, -0.0000000000000000000 ) ) ;
#1221 = LINE ( 'NONE', #446, #3984 ) ;
#1222 = DIRECTION ( 'NONE',  ( 0.0000000000000000000, -0.4999999998573344000, -0.8660254038668067100 ) ) ;
#1223 = AXIS2_PLACEMENT_3D ( 'NONE', #3270, #3138, #3205 ) ;
#1224 = VERTEX_POINT ( 'NONE', #3487 ) ;
#1225 = ADVANCED_FACE ( 'NONE', ( #1376, #2468 ), #4196, .T. ) ;
#1226 = CARTESIAN_POINT ( 'NONE',  ( 0.4397459618446960500, -8.386618560172431500, 0.4739505497013434800 ) ) ;
#1227 = DIRECTION ( 'NONE',  ( 1.000000000000000000, 0.0000000000000000000, 0.0000000000000000000 ) ) ;
#1228 = ORIENTED_EDGE ( 'NONE', *, *, #1265, .T. ) ;
#1229 = CARTESIAN_POINT ( 'NONE',  ( 22.54285714300000300, -5.575812022000000000, -2.215924254000000400 ) ) ;
#1230 = ORIENTED_EDGE ( 'NONE', *, *, #4115, .F. ) ;
#1231 = ORIENTED_EDGE ( 'NONE', *, *, #947, .T. ) ;
#1232 = DIRECTION ( 'NONE',  ( -1.000000000000000000, 0.0000000000000000000, 0.0000000000000000000 ) ) ;
#1233 = DIRECTION ( 'NONE',  ( 0.0000000000000000000, 0.0000000000000000000, 1.000000000000000000 ) ) ;
#1234 = CARTESIAN_POINT ( 'NONE',  ( 15.19999999999999900, 0.0000000000000000000, 7.500000000000000000 ) ) ;
#1235 = EDGE_CURVE ( 'NONE', #3636, #4297, #4093, .T. ) ;
#1236 =( BOUNDED_SURFACE ( )  B_SPLINE_SURFACE ( 1, 2, ( 
 ( #1004, #4232, #3554, #4571, #2508, #279, #2900 ),
 ( #654, #3243, #1035, #3600, #1420, #3922, #1788 ) ),
 .UNSPECIFIED., .F., .F., .F. ) 
 B_SPLINE_SURFACE_WITH_KNOTS ( ( 2, 2 ),
 ( 3, 2, 2, 3 ),
 ( 0.0000000000000000000, 0.7107636051733420300 ),
 ( 0.0000000000000000000, 0.03571428571428570500, 0.07142857142857142500, 0.09997839300211182300 ),
 .UNSPECIFIED. ) 
 GEOMETRIC_REPRESENTATION_ITEM ( )  RATIONAL_B_SPLINE_SURFACE ( (
 ( 1.000000000000000000, 0.9937122098932428300, 1.000000000000000000, 0.9937122098932428300, 1.000000000000000000, 0.9949735720020860300, 0.9979833468637628900),
 ( 1.000000000000000000, 0.9937122098932428300, 1.000000000000000000, 0.9937122098932428300, 1.000000000000000000, 0.9949735720020860300, 0.9979833468637628900) ) ) 
 REPRESENTATION_ITEM ( '' )  SURFACE ( )  );
#1237 = ADVANCED_FACE ( 'NONE', ( #1246 ), #1138, .T. ) ;
#1238 = ORIENTED_EDGE ( 'NONE', *, *, #739, .T. ) ;
#1239 = CARTESIAN_POINT ( 'NONE',  ( 6.700000000000000200, 0.0000000000000000000, 0.0000000000000000000 ) ) ;
#1240 = CIRCLE ( 'NONE', #3712, 5.500000000000000000 ) ;
#1241 = CARTESIAN_POINT ( 'NONE',  ( 0.0000000000000000000, 0.0000000000000000000, 0.0000000000000000000 ) ) ;
#1242 = ORIENTED_EDGE ( 'NONE', *, *, #985, .T. ) ;
#1243 = EDGE_CURVE ( 'NONE', #3068, #1954, #2389, .T. ) ;
#1244 = DIRECTION ( 'NONE',  ( -1.000000000000000000, 0.0000000000000000000, 0.0000000000000000000 ) ) ;
#1245 = VERTEX_POINT ( 'NONE', #3692 ) ;
#1246 = FACE_OUTER_BOUND ( 'NONE', #2492, .T. ) ;
#1247 = EDGE_CURVE ( 'NONE', #2263, #770, #3417, .T. ) ;
#1248 = ORIENTED_EDGE ( 'NONE', *, *, #1291, .T. ) ;
#1249 = CARTESIAN_POINT ( 'NONE',  ( 19.86766081150000200, -3.782856064000000200, 7.500000000000000000 ) ) ;
#1250 = CARTESIAN_POINT ( 'NONE',  ( 21.28597509094291200, -5.728528052163424500, -0.9585963263580604700 ) ) ;
#1251 = CARTESIAN_POINT ( 'NONE',  ( 24.34956427119917100, -7.129794184195395300, -2.650834224895897200 ) ) ;
#1252 = CARTESIAN_POINT ( 'NONE',  ( 21.67319148900000100, 5.295872144000000500, -2.871420063999999600 ) ) ;
#1253 = CIRCLE ( 'NONE', #1590, 4.700000000000001100 ) ;
#1254 = CARTESIAN_POINT ( 'NONE',  ( 12.90000000000000200, 0.0000000000000000000, 0.0000000000000000000 ) ) ;
#1255 = CARTESIAN_POINT ( 'NONE',  ( 7.700000000000000200, 8.386618560000002300, 0.4739505500000000300 ) ) ;
#1256 = B_SPLINE_CURVE_WITH_KNOTS ( 'NONE', 3,
 ( #692, #650, #385, #372, #354, #345, #326, #303 ),
 .UNSPECIFIED., .F., .F.,
 ( 4, 2, 2, 4 ),
 ( 4.058387861116868200E-013, 0.001946827668879708300, 0.002920241503116642600, 0.003893655337353577100 ),
 .UNSPECIFIED. ) ;
#1257 = DIRECTION ( 'NONE',  ( -0.5159546978308545700, -0.8566158706131188300, 0.0000000000000000000 ) ) ;
#1258 = ADVANCED_FACE ( 'NONE', ( #254 ), #1019, .F. ) ;
#1259 = AXIS2_PLACEMENT_3D ( 'NONE', #2094, #1993, #2013 ) ;
#1260 = CARTESIAN_POINT ( 'NONE',  ( 26.90000000000000900, 2.475981099785509600, 2.181684520143890800 ) ) ;
#1261 = CARTESIAN_POINT ( 'NONE',  ( 20.80000000000000400, 0.0000000000000000000, 0.0000000000000000000 ) ) ;
#1262 = LINE ( 'NONE', #3428, #3222 ) ;
#1263 = ORIENTED_EDGE ( 'NONE', *, *, #4224, .F. ) ;
#1264 = CARTESIAN_POINT ( 'NONE',  ( 7.699999999999999300, -3.782856063937774400, 7.500000000000000000 ) ) ;
#1265 = EDGE_CURVE ( 'NONE', #3158, #447, #1999, .T. ) ;
#1266 = ADVANCED_FACE ( 'NONE', ( #2997 ), #3795, .T. ) ;
#1267 = LINE ( 'NONE', #2325, #4015 ) ;
#1268 = CARTESIAN_POINT ( 'NONE',  ( 26.90000000000000200, -2.942699974520499600, 1.493858995364275100 ) ) ;
#1269 = EDGE_CURVE ( 'NONE', #1742, #3255, #32, .T. ) ;
#1270 = CARTESIAN_POINT ( 'NONE',  ( -0.4984079890000001600, -3.782856064000000200, -7.500000000000000000 ) ) ;
#1271 = CARTESIAN_POINT ( 'NONE',  ( 24.39957771584212800, -6.807061559067963500, -3.209823528828228000 ) ) ;
#1272 = LINE ( 'NONE', #3567, #1151 ) ;
#1273 = CARTESIAN_POINT ( 'NONE',  ( 20.80000000000000400, 0.0000000000000000000, 0.0000000000000000000 ) ) ;
#1274 = ORIENTED_EDGE ( 'NONE', *, *, #1812, .F. ) ;
#1275 = DIRECTION ( 'NONE',  ( 0.0000000000000000000, -0.5000000000325101100, 0.8660254037656688300 ) ) ;
#1276 = FACE_OUTER_BOUND ( 'NONE', #2164, .T. ) ;
#1277 = CARTESIAN_POINT ( 'NONE',  ( 26.89999999999999900, 3.299954228179358600, 0.2746361903431042100 ) ) ;
#1278 = AXIS2_PLACEMENT_3D ( 'NONE', #1076, #1055, #986 ) ;
#1279 = ORIENTED_EDGE ( 'NONE', *, *, #639, .T. ) ;
#1280 = CARTESIAN_POINT ( 'NONE',  ( 26.89999999999999500, 0.9051260002505581200, 3.173457031617846500 ) ) ;
#1281 = CARTESIAN_POINT ( 'NONE',  ( 26.90000000000003400, 0.0000000000000000000, 0.0000000000000000000 ) ) ;
#1282 = CARTESIAN_POINT ( 'NONE',  ( 26.89999999999999100, -2.026052841811934800, 2.604861227064283500 ) ) ;
#1283 = ADVANCED_FACE ( 'NONE', ( #2234 ), #2358, .T. ) ;
#1284 = CARTESIAN_POINT ( 'NONE',  ( -0.05420442387132289700, 2.574346105849261200, 7.499999999999999100 ) ) ;
#1285 = CARTESIAN_POINT ( 'NONE',  ( 24.39734293322110800, -5.849649578974300800, -4.868109721981814400 ) ) ;
#1286 = DIRECTION ( 'NONE',  ( 1.000000000000000000, 0.0000000000000000000, 0.0000000000000000000 ) ) ;
#1287 = VECTOR ( 'NONE', #2333, 1000.000000000000000 ) ;
#1288 = ADVANCED_FACE ( 'NONE', ( #4568 ), #3697, .F. ) ;
#1289 = ORIENTED_EDGE ( 'NONE', *, *, #1445, .F. ) ;
#1290 = DIRECTION ( 'NONE',  ( -1.000000000000000000, 0.0000000000000000000, 0.0000000000000000000 ) ) ;
#1291 = EDGE_CURVE ( 'NONE', #3494, #606, #138, .T. ) ;
#1292 = CARTESIAN_POINT ( 'NONE',  ( 26.90000000000000900, 2.852704291129580100, -1.663721304158099800 ) ) ;
#1293 = CONICAL_SURFACE ( 'NONE', #4352, 3.750722645000000200, 0.3889568801917945900 ) ;
#1294 = CARTESIAN_POINT ( 'NONE',  ( 26.89999999999999900, 1.937825471349916100, 2.671138576099773700 ) ) ;
#1295 = ORIENTED_EDGE ( 'NONE', *, *, #2539, .T. ) ;
#1296 = EDGE_LOOP ( 'NONE', ( #217, #2017, #1238, #3664 ) ) ;
#1297 = EDGE_CURVE ( 'NONE', #3658, #4282, #2890, .T. ) ;
#1298 = CARTESIAN_POINT ( 'NONE',  ( 20.80000000006589600, -2.960603587229049300, -3.650318670898889300 ) ) ;
#1299 = AXIS2_PLACEMENT_3D ( 'NONE', #4231, #4213, #4200 ) ;
#1300 = CARTESIAN_POINT ( 'NONE',  ( 26.90000000000000600, -1.002446633786814300, 3.144206908810267500 ) ) ;
#1301 = ORIENTED_EDGE ( 'NONE', *, *, #652, .F. ) ;
#1302 = ORIENTED_EDGE ( 'NONE', *, *, #4059, .T. ) ;
#1303 =( BOUNDED_SURFACE ( )  B_SPLINE_SURFACE ( 1, 2, ( 
 ( #4532, #621, #3570, #1388, #3895, #1752, #4216 ),
 ( #2125, #4558, #2496, #264, #2885, #638, #3230 ) ),
 .UNSPECIFIED., .F., .F., .T. ) 
 B_SPLINE_SURFACE_WITH_KNOTS ( ( 2, 2 ),
 ( 3, 2, 2, 3 ),
 ( 0.0000000000000000000, 0.7107636051733861000 ),
 ( 0.0000000000000000000, 0.03571428571428570500, 0.07142857142857142500, 0.09997839300211192000 ),
 .UNSPECIFIED. ) 
 GEOMETRIC_REPRESENTATION_ITEM ( )  RATIONAL_B_SPLINE_SURFACE ( (
 ( 1.000000000000000000, 0.9937122098932428300, 1.000000000000000000, 0.9937122098932428300, 1.000000000000000000, 0.9949735720020860300, 0.9979833468637628900),
 ( 1.000000000000000000, 0.9937122098932418300, 1.000000000000000000, 0.9937122098932418300, 1.000000000000000000, 0.9949735720020860300, 0.9979833468637628900) ) ) 
 REPRESENTATION_ITEM ( '' )  SURFACE ( )  );
#1304 = DIRECTION ( 'NONE',  ( 1.000000000000000000, 0.0000000000000000000, 0.0000000000000000000 ) ) ;
#1305 = CARTESIAN_POINT ( 'NONE',  ( -0.2912942132025360100, 1.629679151632864100, 7.500000000000000000 ) ) ;
#1306 = CIRCLE ( 'NONE', #2679, 8.400000000000000400 ) ;
#1307 = DIRECTION ( 'NONE',  ( 0.0000000000000000000, 0.0000000000000000000, 1.000000000000000000 ) ) ;
#1308 = CARTESIAN_POINT ( 'NONE',  ( 24.28986129283601900, 4.341663419680263500, -1.445471401026734400 ) ) ;
#1309 = ORIENTED_EDGE ( 'NONE', *, *, #4230, .T. ) ;
#1310 = DIRECTION ( 'NONE',  ( 0.0000000000000000000, -0.5000000000325102200, -0.8660254037656688300 ) ) ;
#1311 = EDGE_LOOP ( 'NONE', ( #260, #377, #546, #667 ) ) ;
#1312 = CONICAL_SURFACE ( 'NONE', #3993, 5.500000000000000000, 0.7853981633974487200 ) ;
#1313 = ORIENTED_EDGE ( 'NONE', *, *, #1091, .T. ) ;
#1314 = CARTESIAN_POINT ( 'NONE',  ( 24.80512508002276900, 4.205017535649598200, -1.165529089326653000 ) ) ;
#1315 = ORIENTED_EDGE ( 'NONE', *, *, #1001, .F. ) ;
#1316 = CARTESIAN_POINT ( 'NONE',  ( 26.89999999999999900, 1.990457899874330100, -2.632154000427609400 ) ) ;
#1317 = ORIENTED_EDGE ( 'NONE', *, *, #3589, .T. ) ;
#1318 = EDGE_LOOP ( 'NONE', ( #3212, #2187, #2069, #2836 ) ) ;
#1319 = EDGE_CURVE ( 'NONE', #1130, #3356, #2767, .T. ) ;
#1320 = CONICAL_SURFACE ( 'NONE', #3023, 5.500000000000000000, 0.7853981633974500600 ) ;
#1321 = AXIS2_PLACEMENT_3D ( 'NONE', #1958, #3414, #3767 ) ;
#1322 = ADVANCED_FACE ( 'NONE', ( #766 ), #1658, .F. ) ;
#1323 = CARTESIAN_POINT ( 'NONE',  ( 26.90000000000000200, -0.8578783335940044500, -3.186648437869375800 ) ) ;
#1324 = EDGE_CURVE ( 'NONE', #3369, #3028, #2645, .T. ) ;
#1325 = DIRECTION ( 'NONE',  ( -1.000000000000000000, -0.0000000000000000000, -0.0000000000000000000 ) ) ;
#1326 = CARTESIAN_POINT ( 'NONE',  ( 20.80000000012879400, 0.8853547340529337500, -3.989436168988253200 ) ) ;
#1327 = EDGE_LOOP ( 'NONE', ( #523, #816, #1183, #882 ) ) ;
#1328 = CARTESIAN_POINT ( 'NONE',  ( 25.85438030390156100, 2.580066440152800400, -0.5194979266116241900 ) ) ;
#1329 = CARTESIAN_POINT ( 'NONE',  ( 26.89999999999999900, 5.994789404000000500, -0.2500000000000000000 ) ) ;
#1330 = FACE_OUTER_BOUND ( 'NONE', #2060, .T. ) ;
#1331 = CARTESIAN_POINT ( 'NONE',  ( 22.76936971434051700, 4.631987789479285100, -2.362624362482395500 ) ) ;
#1332 = ORIENTED_EDGE ( 'NONE', *, *, #4484, .T. ) ;
#1333 = CARTESIAN_POINT ( 'NONE',  ( 26.90000000000000200, 0.9464840935657854400, -3.161374095803380200 ) ) ;
#1334 = CARTESIAN_POINT ( 'NONE',  ( 26.37392023562015100, 2.389157388702994200, -0.3689405009384127400 ) ) ;
#1335 = ORIENTED_EDGE ( 'NONE', *, *, #3702, .T. ) ;
#1336 = LINE ( 'NONE', #3690, #4066 ) ;
#1337 = AXIS2_PLACEMENT_3D ( 'NONE', #2952, #1871, #1836 ) ;
#1338 = DIRECTION ( 'NONE',  ( 0.0000000000000000000, 0.0000000000000000000, 1.000000000000000000 ) ) ;
#1339 = CONICAL_SURFACE ( 'NONE', #357, 3.500000000000000000, 0.3889568801790071500 ) ;
#1340 = CARTESIAN_POINT ( 'NONE',  ( 26.89999999999999900, -1.830875346119959200, -2.746409062442333800 ) ) ;
#1341 = CARTESIAN_POINT ( 'NONE',  ( 21.67319148900000100, 2.044438691999999100, 0.7741104029999998900 ) ) ;
#1342 = FACE_OUTER_BOUND ( 'NONE', #1508, .T. ) ;
#1343 = EDGE_CURVE ( 'NONE', #2054, #1657, #892, .T. ) ;
#1344 = ORIENTED_EDGE ( 'NONE', *, *, #301, .T. ) ;
#1345 = CARTESIAN_POINT ( 'NONE',  ( 4.699999999999999300, 8.386618560172431500, 0.4739505497013439300 ) ) ;
#1346 = CARTESIAN_POINT ( 'NONE',  ( 24.19266915184968500, -5.222963434118784500, -5.953561965176932700 ) ) ;
#1347 = CARTESIAN_POINT ( 'NONE',  ( 26.89999999999999900, 1.711722495999999900, 0.2500000000000000000 ) ) ;
#1348 = DIRECTION ( 'NONE',  ( 0.0000000000000000000, -0.8660254037656688300, 0.5000000000325102200 ) ) ;
#1349 = ADVANCED_FACE ( 'NONE', ( #4460 ), #4359, .T. ) ;
#1350 = CARTESIAN_POINT ( 'NONE',  ( 23.27323163460625100, 4.555301540167664400, -2.042112639200293100 ) ) ;
#1351 = EDGE_CURVE ( 'NONE', #1939, #3381, #3471, .T. ) ;
#1352 = AXIS2_PLACEMENT_3D ( 'NONE', #1254, #1290, #1994 ) ;
#1353 = CARTESIAN_POINT ( 'NONE',  ( 26.90000000000003400, 2.185749299470447500, -0.2499999997287697700 ) ) ;
#1354 = EDGE_CURVE ( 'NONE', #3528, #533, #2524, .T. ) ;
#1355 = CARTESIAN_POINT ( 'NONE',  ( 26.89999999999999500, -2.683968077885492900, -1.927246697575006900 ) ) ;
#1356 = CYLINDRICAL_SURFACE ( 'NONE', #803, 3.500000000000000000 ) ;
#1357 = DIRECTION ( 'NONE',  ( 0.0000000000000000000, 0.0000000000000000000, -1.000000000000000000 ) ) ;
#1358 = ORIENTED_EDGE ( 'NONE', *, *, #3274, .T. ) ;
#1359 = DIRECTION ( 'NONE',  ( -1.000000000000000000, 0.0000000000000000000, 0.0000000000000000000 ) ) ;
#1360 = DIRECTION ( 'NONE',  ( 0.0000000000000000000, 0.0000000000000000000, 1.000000000000000000 ) ) ;
#1361 = AXIS2_PLACEMENT_3D ( 'NONE', #1273, #1359, #1307 ) ;
#1362 = EDGE_LOOP ( 'NONE', ( #1370, #4086, #2542, #3710 ) ) ;
#1363 = CARTESIAN_POINT ( 'NONE',  ( 23.28937044968894600, -1.091934820397723000, -3.519515846451725800 ) ) ;
#1364 = CARTESIAN_POINT ( 'NONE',  ( -0.3535508235642895200, 1.309975414831734400, 7.500000000000000900 ) ) ;
#1365 = ORIENTED_EDGE ( 'NONE', *, *, #1688, .F. ) ;
#1366 = ORIENTED_EDGE ( 'NONE', *, *, #3909, .F. ) ;
#1367 = APPLICATION_PROTOCOL_DEFINITION ( 'draft international standard', 'automotive_design', 1998, #3548 ) ;
#1368 = DIRECTION ( 'NONE',  ( 0.0000000000000000000, 0.0000000000000000000, 1.000000000000000000 ) ) ;
#1369 = CARTESIAN_POINT ( 'NONE',  ( 26.89999999999999900, 0.2500000000000000000, -4.078842231500000400 ) ) ;
#1370 = ORIENTED_EDGE ( 'NONE', *, *, #4337, .F. ) ;
#1371 = ADVANCED_FACE ( 'NONE', ( #532 ), #3815, .T. ) ;
#1372 = AXIS2_PLACEMENT_3D ( 'NONE', #294, #2919, #671 ) ;
#1373 = ORIENTED_EDGE ( 'NONE', *, *, #1880, .T. ) ;
#1374 = DIRECTION ( 'NONE',  ( 1.000000000000000000, -0.0000000000000000000, 0.0000000000000000000 ) ) ;
#1375 = ORIENTED_EDGE ( 'NONE', *, *, #1466, .T. ) ;
#1376 = FACE_BOUND ( 'NONE', #3687, .T. ) ;
#1377 = DIRECTION ( 'NONE',  ( 0.0000000000000000000, 0.0000000000000000000, 1.000000000000000000 ) ) ;
#1378 = EDGE_CURVE ( 'NONE', #3889, #4443, #3597, .T. ) ;
#1379 = ORIENTED_EDGE ( 'NONE', *, *, #4159, .F. ) ;
#1380 = B_SPLINE_CURVE_WITH_KNOTS ( 'NONE', 3,
 ( #763, #2778, #2332, #1314, #1308, #1350, #1331, #1396, #1381, #1430 ),
 .UNSPECIFIED., .F., .F.,
 ( 4, 2, 2, 2, 4 ),
 ( 6.878503917274947500E-014, 0.001796284568738702400, 0.003592569137408620000, 0.005388853706078535800, 0.007185138274748452900 ),
 .UNSPECIFIED. ) ;
#1381 = CARTESIAN_POINT ( 'NONE',  ( 21.28597509061693000, 4.728510995153675000, -3.372851068703508500 ) ) ;
#1382 = CARTESIAN_POINT ( 'NONE',  ( -0.4382617885690762700, 0.6591427731955258300, 7.500000000000000000 ) ) ;
#1383 = VECTOR ( 'NONE', #1106, 1000.000000000000000 ) ;
#1384 = CARTESIAN_POINT ( 'NONE',  ( 20.80000000000000400, 0.0000000000000000000, 0.0000000000000000000 ) ) ;
#1385 = CARTESIAN_POINT ( 'NONE',  ( 24.82287172466886500, 2.924735101162502900, -0.8795930277562523700 ) ) ;
#1386 = EDGE_CURVE ( 'NONE', #33, #483, #3365, .T. ) ;
#1387 = AXIS2_PLACEMENT_3D ( 'NONE', #3708, #61, #2660 ) ;
#1388 = CARTESIAN_POINT ( 'NONE',  ( 23.63214285699999500, 2.844167385999999600, -5.326137321999999200 ) ) ;
#1389 = ORIENTED_EDGE ( 'NONE', *, *, #2350, .F. ) ;
#1390 = CARTESIAN_POINT ( 'NONE',  ( 25.84607949039199000, 2.665531718784206500, -2.899929185786621400 ) ) ;
#1391 = CARTESIAN_POINT ( 'NONE',  ( 23.85675555215760500, 8.386618560054303700, 0.4739505499059470400 ) ) ;
#1392 = CIRCLE ( 'NONE', #4487, 5.500000000000000000 ) ;
#1393 = CARTESIAN_POINT ( 'NONE',  ( 23.63214285699999500, -2.844167385999999600, 5.326137321999999200 ) ) ;
#1394 = DIRECTION ( 'NONE',  ( 0.0000000000000000000, 0.0000000000000000000, 1.000000000000000000 ) ) ;
#1395 = ADVANCED_FACE ( 'NONE', ( #1544 ), #1312, .T. ) ;
#1396 = CARTESIAN_POINT ( 'NONE',  ( 21.77616053618689300, 4.717878188320299600, -3.028560293073418100 ) ) ;
#1397 = LINE ( 'NONE', #3877, #2247 ) ;
#1398 = CARTESIAN_POINT ( 'NONE',  ( -0.4602540380810973800, 0.3294989433385709400, 7.500000000000000900 ) ) ;
#1399 = CARTESIAN_POINT ( 'NONE',  ( -0.4602540379999997000, 0.0000000000000000000, -7.500000000000000000 ) ) ;
#1400 = VERTEX_POINT ( 'NONE', #4220 ) ;
#1401 = ORIENTED_EDGE ( 'NONE', *, *, #3978, .T. ) ;
#1402 = CARTESIAN_POINT ( 'NONE',  ( 24.30984629982781800, 3.078480836200583800, -1.090153744289436200 ) ) ;
#1403 = AXIS2_PLACEMENT_3D ( 'NONE', #2327, #2589, #2314 ) ;
#1404 = ORIENTED_EDGE ( 'NONE', *, *, #4562, .T. ) ;
#1405 = CARTESIAN_POINT ( 'NONE',  ( 26.89999999999906400, 2.645328902445121000, -2.291775512098733500 ) ) ;
#1406 = CARTESIAN_POINT ( 'NONE',  ( 23.85675555184569800, -3.782856064444330500, -7.500000000000000000 ) ) ;
#1407 = CARTESIAN_POINT ( 'NONE',  ( -0.4602540379999997000, 9.184850993723149700E-016, 7.500000000000000000 ) ) ;
#1408 = DIRECTION ( 'NONE',  ( 0.0000000000000000000, 0.0000000000000000000, -1.000000000000000000 ) ) ;
#1409 = DIRECTION ( 'NONE',  ( -1.000000000000000000, -0.0000000000000000000, -0.0000000000000000000 ) ) ;
#1410 = B_SPLINE_CURVE_WITH_KNOTS ( 'NONE', 3,
 ( #510, #460, #231, #220, #204, #186, #171, #153 ),
 .UNSPECIFIED., .F., .F.,
 ( 4, 2, 2, 4 ),
 ( 0.0000000000000000000, 0.003805479762188142100, 0.005708219643282213600, 0.007610959524376285900 ),
 .UNSPECIFIED. ) ;
#1411 = CARTESIAN_POINT ( 'NONE',  ( 4.699999999999999300, -3.782856063937775300, -7.499999999999999100 ) ) ;
#1412 = AXIS2_PLACEMENT_3D ( 'NONE', #2600, #365, #2974 ) ;
#1413 = CARTESIAN_POINT ( 'NONE',  ( 22.77975589656279000, 3.467123821679487500, -1.792160912117589000 ) ) ;
#1414 = LINE ( 'NONE', #2872, #2628 ) ;
#1415 = EDGE_CURVE ( 'NONE', #401, #552, #2281, .T. ) ;
#1416 = ORIENTED_EDGE ( 'NONE', *, *, #900, .T. ) ;
#1417 = ADVANCED_FACE ( 'NONE', ( #1434 ), #4304, .F. ) ;
#1418 = FACE_OUTER_BOUND ( 'NONE', #662, .T. ) ;
#1419 = ORIENTED_EDGE ( 'NONE', *, *, #3071, .T. ) ;
#1420 = CARTESIAN_POINT ( 'NONE',  ( 22.54285714300000300, -2.057172047000000800, 0.7132027779999999800 ) ) ;
#1421 = EDGE_LOOP ( 'NONE', ( #91, #4557, #4080, #3943 ) ) ;
#1422 = PLANE ( 'NONE',  #2757 ) ;
#1423 = CARTESIAN_POINT ( 'NONE',  ( 12.90000000000000200, -8.386618560172431500, -0.4739505497013439300 ) ) ;
#1424 = CARTESIAN_POINT ( 'NONE',  ( 24.16192098291896800, 7.763254937908377500, 1.553648014959256400 ) ) ;
#1425 = PLANE ( 'NONE',  #564 ) ;
#1426 = AXIS2_PLACEMENT_3D ( 'NONE', #2713, #3724, #3685 ) ;
#1427 = EDGE_LOOP ( 'NONE', ( #2832, #1943, #3850, #2065 ) ) ;
#1428 = ORIENTED_EDGE ( 'NONE', *, *, #120, .T. ) ;
#1429 = LINE ( 'NONE', #4226, #3257 ) ;
#1430 = CARTESIAN_POINT ( 'NONE',  ( 20.80000000006439400, 4.703277460191889000, -3.725477302592818500 ) ) ;
#1431 = CARTESIAN_POINT ( 'NONE',  ( 12.90000000000000200, 3.782856063937775300, -7.499999999999999100 ) ) ;
#1432 = CARTESIAN_POINT ( 'NONE',  ( 21.78082501720383100, 3.623781977283681700, -2.355177480889253600 ) ) ;
#1433 = VERTEX_POINT ( 'NONE', #4087 ) ;
#1434 = FACE_OUTER_BOUND ( 'NONE', #579, .T. ) ;
#1435 = ORIENTED_EDGE ( 'NONE', *, *, #4176, .T. ) ;
#1436 = DIRECTION ( 'NONE',  ( 4.956352788505163300E-016, -1.000000000000000000, 0.0000000000000000000 ) ) ;
#1437 = ORIENTED_EDGE ( 'NONE', *, *, #1802, .F. ) ;
#1438 = LINE ( 'NONE', #1681, #3271 ) ;
#1439 = CARTESIAN_POINT ( 'NONE',  ( 24.28986129262418800, 2.047917016180467600, -4.092122275379400900 ) ) ;
#1440 = CARTESIAN_POINT ( 'NONE',  ( 26.36887822945591300, 2.673735716905930400, -2.591416392178925100 ) ) ;
#1441 = DIRECTION ( 'NONE',  ( -1.000000000000000000, -0.0000000000000000000, -0.0000000000000000000 ) ) ;
#1442 = CARTESIAN_POINT ( 'NONE',  ( 22.54285714300000300, -1.840230178000000100, 1.163687211999999900 ) ) ;
#1443 = DIRECTION ( 'NONE',  ( -1.000000000000000000, 0.0000000000000000000, 0.0000000000000000000 ) ) ;
#1444 = ADVANCED_FACE ( 'NONE', ( #4145 ), #2303, .T. ) ;
#1445 = EDGE_CURVE ( 'NONE', #2269, #2133, #2907, .T. ) ;
#1446 = MECHANICAL_DESIGN_GEOMETRIC_PRESENTATION_REPRESENTATION (  '', ( #930 ), #1690 ) ;
#1447 = VERTEX_POINT ( 'NONE', #2680 ) ;
#1448 = B_SPLINE_CURVE_WITH_KNOTS ( 'NONE', 3,
 ( #4136, #3819, #3772, #3744, #3721, #3706, #3693, #3680, #3672, #3662 ),
 .UNSPECIFIED., .F., .F.,
 ( 4, 2, 2, 2, 4 ),
 ( 2.215269845882853800E-014, 0.001796284568650059800, 0.003592569137277967100, 0.005388853705905874400, 0.007185138274533782600 ),
 .UNSPECIFIED. ) ;
#1449 = CARTESIAN_POINT ( 'NONE',  ( 15.20000000000000100, 3.782856063937773500, -7.500000000000000000 ) ) ;
#1450 = CARTESIAN_POINT ( 'NONE',  ( 20.80000000006455400, 3.650318670893256500, -2.960603587224743800 ) ) ;
#1451 = CIRCLE ( 'NONE', #4174, 2.199999999999986000 ) ;
#1452 = ORIENTED_EDGE ( 'NONE', *, *, #2352, .F. ) ;
#1453 = CARTESIAN_POINT ( 'NONE',  ( 24.30660449743599500, 3.211610916138763400, -0.6086793366346340300 ) ) ;
#1454 = CIRCLE ( 'NONE', #442, 3.500000000000000000 ) ;
#1455 = VECTOR ( 'NONE', #4548, 1000.000000000000200 ) ;
#1456 = AXIS2_PLACEMENT_3D ( 'NONE', #2752, #2981, #3000 ) ;
#1457 = CARTESIAN_POINT ( 'NONE',  ( 25.84458230000386100, 2.275196556193343200, -3.214349474706605900 ) ) ;
#1458 = CARTESIAN_POINT ( 'NONE',  ( 7.700000000000000200, -8.855000000000002200, 8.855000000000002200 ) ) ;
#1459 = DIRECTION ( 'NONE',  ( -1.445602896647339200E-016, 1.000000000000000000, 0.0000000000000000000 ) ) ;
#1460 = CIRCLE ( 'NONE', #4331, 8.400000000000000400 ) ;
#1461 = ORIENTED_EDGE ( 'NONE', *, *, #3509, .T. ) ;
#1462 = CARTESIAN_POINT ( 'NONE',  ( 26.89999999999906400, 2.645328902445121000, -2.291775512098733500 ) ) ;
#1463 = PLANE ( 'NONE',  #4553 ) ;
#1464 = CARTESIAN_POINT ( 'NONE',  ( -0.4602540380236557200, 0.6586075935456955400, -7.500000000000000000 ) ) ;
#1465 = CARTESIAN_POINT ( 'NONE',  ( 15.69999999999999900, 0.0000000000000000000, -5.500000000000000000 ) ) ;
#1466 = EDGE_CURVE ( 'NONE', #3599, #2630, #417, .T. ) ;
#1467 = AXIS2_PLACEMENT_3D ( 'NONE', #1109, #1088, #1067 ) ;
#1468 = ADVANCED_FACE ( 'NONE', ( #309 ), #2983, .F. ) ;
#1469 = CARTESIAN_POINT ( 'NONE',  ( 24.80512507995591400, -2.149242891904302500, 3.797549937134460800 ) ) ;
#1470 = DIRECTION ( 'NONE',  ( 0.0000000000000000000, 0.0000000000000000000, 1.000000000000000000 ) ) ;
#1471 = CARTESIAN_POINT ( 'NONE',  ( 15.19999999999999800, 3.782856063937773500, 7.500000000000000000 ) ) ;
#1472 = VECTOR ( 'NONE', #1491, 1000.000000000000100 ) ;
#1473 = VERTEX_POINT ( 'NONE', #2081 ) ;
#1474 = EDGE_CURVE ( 'NONE', #642, #1433, #3153, .T. ) ;
#1475 = CARTESIAN_POINT ( 'NONE',  ( 15.20000000000000100, -1.787747271648447500E-015, 0.0000000000000000000 ) ) ;
#1476 = ORIENTED_EDGE ( 'NONE', *, *, #2421, .T. ) ;
#1477 = CARTESIAN_POINT ( 'NONE',  ( 12.90000000000000200, 8.386618560172431500, 0.4739505497013439300 ) ) ;
#1478 = ORIENTED_EDGE ( 'NONE', *, *, #268, .F. ) ;
#1479 = CARTESIAN_POINT ( 'NONE',  ( 12.90000000000000000, 0.0000000000000000000, 0.0000000000000000000 ) ) ;
#1480 = CARTESIAN_POINT ( 'NONE',  ( 23.85675555211790700, -4.603762495782620900, -7.026049450376514300 ) ) ;
#1481 = CARTESIAN_POINT ( 'NONE',  ( 17.39999999999997000, 0.0000000000000000000, 0.0000000000000000000 ) ) ;
#1482 = CARTESIAN_POINT ( 'NONE',  ( 20.79999999999996500, -2.693808852861990800E-010, 6.000000000000007100 ) ) ;
#1483 = ORIENTED_EDGE ( 'NONE', *, *, #2745, .T. ) ;
#1484 = ADVANCED_FACE ( 'NONE', ( #3886 ), #3783, .F. ) ;
#1485 = ORIENTED_EDGE ( 'NONE', *, *, #259, .F. ) ;
#1486 = AXIS2_PLACEMENT_3D ( 'NONE', #271, #1146, #1227 ) ;
#1487 = VERTEX_POINT ( 'NONE', #1932 ) ;
#1488 = DIRECTION ( 'NONE',  ( -1.000000000000000000, -2.065146995210484400E-016, -0.0000000000000000000 ) ) ;
#1489 = FACE_OUTER_BOUND ( 'NONE', #2895, .T. ) ;
#1490 = ORIENTED_EDGE ( 'NONE', *, *, #2293, .T. ) ;
#1491 = DIRECTION ( 'NONE',  ( -0.0000000000000000000, -0.9876741753636223400, -0.1565238745999743800 ) ) ;
#1492 = ORIENTED_EDGE ( 'NONE', *, *, #3978, .F. ) ;
#1493 = CIRCLE ( 'NONE', #1352, 8.400000000000000400 ) ;
#1494 = EDGE_CURVE ( 'NONE', #4443, #184, #18, .T. ) ;
#1495 = CARTESIAN_POINT ( 'NONE',  ( 20.79999999974777900, 2.556068487344226500, 3.944174677797300800 ) ) ;
#1496 = ORIENTED_EDGE ( 'NONE', *, *, #3581, .F. ) ;
#1497 = CARTESIAN_POINT ( 'NONE',  ( 19.86201196850000300, 4.603762496000000800, -7.026049450000000400 ) ) ;
#1498 = CIRCLE ( 'NONE', #2124, 6.000000000000000000 ) ;
#1499 = CARTESIAN_POINT ( 'NONE',  ( 26.89999999999999900, 3.060953696500000400, 2.707400305999999800 ) ) ;
#1500 = VERTEX_POINT ( 'NONE', #1876 ) ;
#1501 = EDGE_CURVE ( 'NONE', #1853, #3658, #1127, .T. ) ;
#1502 = DIRECTION ( 'NONE',  ( -1.000000000000000000, -0.0000000000000000000, -0.0000000000000000000 ) ) ;
#1503 = CONICAL_SURFACE ( 'NONE', #3361, 2.200000000000000200, 0.3889568801790071500 ) ;
#1504 = EDGE_CURVE ( 'NONE', #1184, #3209, #1980, .T. ) ;
#1505 = DIRECTION ( 'NONE',  ( 1.000000000000000000, 0.0000000000000000000, 0.0000000000000000000 ) ) ;
#1506 = CARTESIAN_POINT ( 'NONE',  ( 2.100796005499999900, -3.782856064000000200, -7.500000000000000000 ) ) ;
#1507 = FACE_BOUND ( 'NONE', #4163, .T. ) ;
#1508 = EDGE_LOOP ( 'NONE', ( #1072, #3592, #3896, #1015 ) ) ;
#1509 = ADVANCED_FACE ( 'NONE', ( #2105 ), #2747, .F. ) ;
#1510 = ORIENTED_EDGE ( 'NONE', *, *, #680, .F. ) ;
#1511 = AXIS2_PLACEMENT_3D ( 'NONE', #1792, #1771, #1755 ) ;
#1512 = CARTESIAN_POINT ( 'NONE',  ( 25.85438030384884900, 2.191722982340669600, 1.457041969241682100 ) ) ;
#1513 = VERTEX_POINT ( 'NONE', #1609 ) ;
#1514 = CARTESIAN_POINT ( 'NONE',  ( 20.80000000006589600, -2.960603587229049300, -3.650318670898889300 ) ) ;
#1515 = DIRECTION ( 'NONE',  ( 1.000000000000000000, 3.226792180016382000E-018, -0.0000000000000000000 ) ) ;
#1516 = CARTESIAN_POINT ( 'NONE',  ( 20.80000000000004000, 0.0000000000000000000, 0.0000000000000000000 ) ) ;
#1517 = DIRECTION ( 'NONE',  ( 2.065146995210484400E-016, -1.000000000000000000, 0.0000000000000000000 ) ) ;
#1518 = VERTEX_POINT ( 'NONE', #1599 ) ;
#1519 = DIRECTION ( 'NONE',  ( -1.000000000000000000, 0.0000000000000000000, 0.0000000000000000000 ) ) ;
#1520 = CARTESIAN_POINT ( 'NONE',  ( 26.89999999999999900, 4.078842231500000400, 0.2500000000000000000 ) ) ;
#1521 = CARTESIAN_POINT ( 'NONE',  ( 20.80000000012881900, -3.989436168988251400, -0.8853547340529439600 ) ) ;
#1522 = EDGE_CURVE ( 'NONE', #1583, #4282, #2937, .T. ) ;
#1523 = FACE_OUTER_BOUND ( 'NONE', #237, .T. ) ;
#1524 = EDGE_LOOP ( 'NONE', ( #3784, #3936, #3523, #2567 ) ) ;
#1525 = CARTESIAN_POINT ( 'NONE',  ( 23.85675555199995300, 0.0000000000000000000, 0.0000000000000000000 ) ) ;
#1526 = VERTEX_POINT ( 'NONE', #1625 ) ;
#1527 = CARTESIAN_POINT ( 'NONE',  ( 23.27787460229881600, 2.237335697820793000, -4.461795703182761300 ) ) ;
#1528 = EDGE_CURVE ( 'NONE', #2178, #78, #3686, .T. ) ;
#1529 = AXIS2_PLACEMENT_3D ( 'NONE', #480, #515, #2142 ) ;
#1530 = CARTESIAN_POINT ( 'NONE',  ( 21.78082501719750400, -2.355177480902800500, -3.623781977295645900 ) ) ;
#1531 = LINE ( 'NONE', #971, #1172 ) ;
#1532 = ORIENTED_EDGE ( 'NONE', *, *, #1820, .T. ) ;
#1533 = VERTEX_POINT ( 'NONE', #1406 ) ;
#1534 = ADVANCED_FACE ( 'NONE', ( #4556, #122 ), #1422, .T. ) ;
#1535 = CARTESIAN_POINT ( 'NONE',  ( 26.89999999999999900, -4.078842231500000400, 0.2500000000000000000 ) ) ;
#1536 = DIRECTION ( 'NONE',  ( 0.0000000000000000000, 0.0000000000000000000, -1.000000000000000000 ) ) ;
#1537 = CARTESIAN_POINT ( 'NONE',  ( 7.700000000000000200, 7.347880794884119700E-016, -6.000000000000000000 ) ) ;
#1538 = DIRECTION ( 'NONE',  ( 0.0000000000000000000, -1.000000000000000000, 0.0000000000000000000 ) ) ;
#1539 = ORIENTED_EDGE ( 'NONE', *, *, #1125, .F. ) ;
#1540 = ORIENTED_EDGE ( 'NONE', *, *, #2231, .F. ) ;
#1541 = CIRCLE ( 'NONE', #1926, 5.500000000000000000 ) ;
#1542 = AXIS2_PLACEMENT_3D ( 'NONE', #374, #238, #430 ) ;
#1543 = ORIENTED_EDGE ( 'NONE', *, *, #2087, .T. ) ;
#1544 = FACE_OUTER_BOUND ( 'NONE', #3948, .T. ) ;
#1545 = ORIENTED_EDGE ( 'NONE', *, *, #2686, .T. ) ;
#1546 = CARTESIAN_POINT ( 'NONE',  ( 24.29774747461510700, 2.484919289799375300, -3.840097023883766600 ) ) ;
#1547 = EDGE_CURVE ( 'NONE', #3313, #4295, #3191, .T. ) ;
#1548 = CARTESIAN_POINT ( 'NONE',  ( 22.77975589654309000, -1.792160912128590000, -3.467123821682689800 ) ) ;
#1549 = CARTESIAN_POINT ( 'NONE',  ( 4.700000000000000200, -6.495190528000001100, -3.750000000000000400 ) ) ;
#1550 = ORIENTED_EDGE ( 'NONE', *, *, #1976, .T. ) ;
#1551 = LINE ( 'NONE', #1465, #540 ) ;
#1552 = EDGE_CURVE ( 'NONE', #1853, #1760, #3282, .T. ) ;
#1553 = AXIS2_PLACEMENT_3D ( 'NONE', #4112, #4098, #4082 ) ;
#1554 = DIRECTION ( 'NONE',  ( -1.000000000000000000, 0.0000000000000000000, 0.0000000000000000000 ) ) ;
#1555 = CARTESIAN_POINT ( 'NONE',  ( 10.30000000000000100, -3.782856064000000200, -7.500000000000000000 ) ) ;
#1556 = CARTESIAN_POINT ( 'NONE',  ( 26.90000000000003400, 0.2499999995046174600, 2.185749299496085700 ) ) ;
#1557 = CARTESIAN_POINT ( 'NONE',  ( 0.4397459618446960500, 8.386618560172431500, -0.4739505497013434800 ) ) ;
#1558 = ADVANCED_FACE ( 'NONE', ( #4447 ), #2243, .F. ) ;
#1559 = LINE ( 'NONE', #3879, #3379 ) ;
#1560 = CARTESIAN_POINT ( 'NONE',  ( 20.80000000006439700, 1.185246208237667800, -5.881767712647409500 ) ) ;
#1561 = CARTESIAN_POINT ( 'NONE',  ( 24.30984629979372300, -1.090153744304102700, -3.078480836210150300 ) ) ;
#1562 = PLANE ( 'NONE',  #4261 ) ;
#1563 = CIRCLE ( 'NONE', #3947, 3.750000000000000000 ) ;
#1564 = EDGE_CURVE ( 'NONE', #1533, #406, #3583, .T. ) ;
#1565 = FACE_OUTER_BOUND ( 'NONE', #3979, .T. ) ;
#1566 = AXIS2_PLACEMENT_3D ( 'NONE', #3088, #859, #3431 ) ;
#1567 = DIRECTION ( 'NONE',  ( 0.0000000000000000000, 1.000000000000000000, 0.0000000000000000000 ) ) ;
#1568 = EDGE_CURVE ( 'NONE', #1971, #809, #754, .T. ) ;
#1569 = CARTESIAN_POINT ( 'NONE',  ( 24.82287172462925500, -0.8795930277718770900, -2.924735101174732700 ) ) ;
#1570 = EDGE_LOOP ( 'NONE', ( #3533, #3324, #3319, #2886 ) ) ;
#1571 = AXIS2_PLACEMENT_3D ( 'NONE', #349, #346, #339 ) ;
#1572 = CARTESIAN_POINT ( 'NONE',  ( 26.90000000000003400, -0.2499999999529218800, -2.185749299444809800 ) ) ;
#1573 = CARTESIAN_POINT ( 'NONE',  ( 15.70000000000004700, 0.0000000000000000000, 0.0000000000000000000 ) ) ;
#1574 = AXIS2_PLACEMENT_3D ( 'NONE', #888, #1027, #1188 ) ;
#1575 = VERTEX_POINT ( 'NONE', #1391 ) ;
#1576 = ADVANCED_FACE ( 'NONE', ( #2874 ), #2506, .T. ) ;
#1577 = CARTESIAN_POINT ( 'NONE',  ( 21.28699032820313500, 1.449065214652593100, -5.625006862857139500 ) ) ;
#1578 = CARTESIAN_POINT ( 'NONE',  ( 6.700000000000001100, 6.000000000000000000, 0.0000000000000000000 ) ) ;
#1579 = DIRECTION ( 'NONE',  ( -1.000000000000000000, 0.0000000000000000000, 0.0000000000000000000 ) ) ;
#1580 = PLANE ( 'NONE',  #1828 ) ;
#1581 = EDGE_CURVE ( 'NONE', #184, #1998, #3544, .T. ) ;
#1582 = FACE_OUTER_BOUND ( 'NONE', #1129, .T. ) ;
#1583 = VERTEX_POINT ( 'NONE', #501 ) ;
#1584 = EDGE_LOOP ( 'NONE', ( #624, #562, #493, #394 ) ) ;
#1585 = DIRECTION ( 'NONE',  ( 0.0000000000000000000, 0.0000000000000000000, 1.000000000000000000 ) ) ;
#1586 = CARTESIAN_POINT ( 'NONE',  ( 24.72142857099999700, -1.090234159000000000, -5.900117750999999800 ) ) ;
#1587 = ORIENTED_EDGE ( 'NONE', *, *, #1812, .T. ) ;
#1588 = CARTESIAN_POINT ( 'NONE',  ( 23.85675555211790700, -4.603762495782620900, -7.026049450376514300 ) ) ;
#1589 = EDGE_CURVE ( 'NONE', #3734, #322, #645, .T. ) ;
#1590 = AXIS2_PLACEMENT_3D ( 'NONE', #1144, #1030, #1046 ) ;
#1591 = CARTESIAN_POINT ( 'NONE',  ( 26.37392023555735000, -0.3689405009531243600, -2.389157388702987600 ) ) ;
#1592 = VECTOR ( 'NONE', #1207, 1000.000000000000000 ) ;
#1593 = EDGE_CURVE ( 'NONE', #1473, #3262, #3458, .T. ) ;
#1594 = DIRECTION ( 'NONE',  ( 1.000000000000000000, 0.0000000000000000000, 0.0000000000000000000 ) ) ;
#1595 = ORIENTED_EDGE ( 'NONE', *, *, #2762, .F. ) ;
#1596 = VERTEX_POINT ( 'NONE', #293 ) ;
#1597 = CARTESIAN_POINT ( 'NONE',  ( 4.699999999999999300, 8.400000000000000400, 0.0000000000000000000 ) ) ;
#1598 = CIRCLE ( 'NONE', #2258, 8.400000000000000400 ) ;
#1599 = CARTESIAN_POINT ( 'NONE',  ( 23.85675555198309900, 3.782856063937774400, -7.500000000000000000 ) ) ;
#1600 = CARTESIAN_POINT ( 'NONE',  ( 0.1691770270968956900, 8.086213388292945200, -0.9942675702079741800 ) ) ;
#1601 = ORIENTED_EDGE ( 'NONE', *, *, #1688, .T. ) ;
#1602 = B_SPLINE_CURVE_WITH_KNOTS ( 'NONE', 3,
 ( #3293, #4609, #696, #307, #4546, #4206, #3881, #3555, #3215, #2854 ),
 .UNSPECIFIED., .F., .F.,
 ( 4, 2, 2, 2, 4 ),
 ( 0.0000000000000000000, 0.001751156720685384900, 0.003502313441370769700, 0.005253470162056154600, 0.007004626882741539500 ),
 .UNSPECIFIED. ) ;
#1603 = ORIENTED_EDGE ( 'NONE', *, *, #3031, .T. ) ;
#1604 = DIRECTION ( 'NONE',  ( 1.000000000000000000, -0.0000000000000000000, -0.0000000000000000000 ) ) ;
#1605 = ORIENTED_EDGE ( 'NONE', *, *, #617, .T. ) ;
#1606 = AXIS2_PLACEMENT_3D ( 'NONE', #2564, #338, #2951 ) ;
#1607 = CARTESIAN_POINT ( 'NONE',  ( 0.4397459620280225700, -3.782856063937774400, -7.500000000000000000 ) ) ;
#1608 = CIRCLE ( 'NONE', #1133, 5.999999999999897000 ) ;
#1609 = CARTESIAN_POINT ( 'NONE',  ( 15.19999999999999800, 4.603762497715679900, 7.026049449109891000 ) ) ;
#1610 = ORIENTED_EDGE ( 'NONE', *, *, #2456, .T. ) ;
#1611 = DIRECTION ( 'NONE',  ( -1.000000000000000000, -2.065146995210484400E-016, -0.0000000000000000000 ) ) ;
#1612 = CARTESIAN_POINT ( 'NONE',  ( -0.05918398351438040200, 7.774934367189862500, -1.533418650042071500 ) ) ;
#1613 = LINE ( 'NONE', #1549, #3558 ) ;
#1614 = CARTESIAN_POINT ( 'NONE',  ( 24.70000000039486600, -4.938649563580315600E-010, -5.500000000164916100 ) ) ;
#1615 = EDGE_CURVE ( 'NONE', #2505, #33, #4348, .T. ) ;
#1616 = CIRCLE ( 'NONE', #4030, 4.700000000000001100 ) ;
#1617 = CARTESIAN_POINT ( 'NONE',  ( 26.90000000000001600, 1.368781456522436100, 1.722334846735758200 ) ) ;
#1618 = ORIENTED_EDGE ( 'NONE', *, *, #2079, .F. ) ;
#1619 = ORIENTED_EDGE ( 'NONE', *, *, #3249, .F. ) ;
#1620 = EDGE_CURVE ( 'NONE', #2853, #772, #2632, .T. ) ;
#1621 = AXIS2_PLACEMENT_3D ( 'NONE', #76, #2676, #432 ) ;
#1622 = CARTESIAN_POINT ( 'NONE',  ( 26.89999999999999900, -3.299954228179355900, -0.2746361903437590800 ) ) ;
#1623 = ORIENTED_EDGE ( 'NONE', *, *, #156, .T. ) ;
#1624 = CARTESIAN_POINT ( 'NONE',  ( 20.80000000000000400, 3.725477303000000400, 4.703277459999998900 ) ) ;
#1625 = CARTESIAN_POINT ( 'NONE',  ( 15.19999999999999800, -3.782856063937775300, 7.500000000000000000 ) ) ;
#1626 = CARTESIAN_POINT ( 'NONE',  ( 20.79999999967464000, -3.944174677711240300, 2.556068487319507200 ) ) ;
#1627 = DIRECTION ( 'NONE',  ( -1.000000000000000000, -0.0000000000000000000, -0.0000000000000000000 ) ) ;
#1628 = B_SPLINE_CURVE_WITH_KNOTS ( 'NONE', 3,
 ( #625, #2464, #1512, #745, #4042, #4408, #4441, #2687 ),
 .UNSPECIFIED., .F., .F.,
 ( 4, 2, 2, 4 ),
 ( 0.0000000000000000000, 0.001718385960426590300, 0.003436771920853180500, 0.006873543841706351500 ),
 .UNSPECIFIED. ) ;
#1629 = ORIENTED_EDGE ( 'NONE', *, *, #2293, .F. ) ;
#1630 = EDGE_CURVE ( 'NONE', #2178, #1518, #4240, .T. ) ;
#1631 = FILL_AREA_STYLE_COLOUR ( '', #2697 ) ;
#1632 = CARTESIAN_POINT ( 'NONE',  ( 26.89999999999999900, 2.683968077885278800, 1.927246697575317700 ) ) ;
#1633 = DIRECTION ( 'NONE',  ( 0.0000000000000000000, 0.0000000000000000000, 1.000000000000000000 ) ) ;
#1634 = CARTESIAN_POINT ( 'NONE',  ( 26.37479858348661900, 1.615542731818055300, 1.801169693052157900 ) ) ;
#1635 = FACE_OUTER_BOUND ( 'NONE', #1311, .T. ) ;
#1636 = CARTESIAN_POINT ( 'NONE',  ( 26.89999999999999900, 0.0000000000000000000, 0.0000000000000000000 ) ) ;
#1637 = AXIS2_PLACEMENT_3D ( 'NONE', #2012, #2548, #409 ) ;
#1638 = ORIENTED_EDGE ( 'NONE', *, *, #795, .T. ) ;
#1639 = CARTESIAN_POINT ( 'NONE',  ( 26.90000000000000200, -2.852704291129578800, 1.663721304158099400 ) ) ;
#1640 = VECTOR ( 'NONE', #585, 1000.000000000000200 ) ;
#1641 = CARTESIAN_POINT ( 'NONE',  ( 23.85675555211790700, 4.603762495782620900, 7.026049450376514300 ) ) ;
#1642 = ORIENTED_EDGE ( 'NONE', *, *, #2317, .T. ) ;
#1643 = CARTESIAN_POINT ( 'NONE',  ( 0.4397459620000005500, 0.0000000000000000000, 0.0000000000000000000 ) ) ;
#1644 = ORIENTED_EDGE ( 'NONE', *, *, #3214, .T. ) ;
#1645 = CARTESIAN_POINT ( 'NONE',  ( 20.80000000000004000, 5.755839955992540900E-016, -4.699999999999985100 ) ) ;
#1646 = CARTESIAN_POINT ( 'NONE',  ( 26.90000000000001600, 0.2500000001491872200, -2.185749299422368600 ) ) ;
#1647 = CARTESIAN_POINT ( 'NONE',  ( 26.89999999999999900, 3.287347744293302100, -0.3418451281004464300 ) ) ;
#1648 = CLOSED_SHELL ( 'NONE', ( #2270, #2009, #2188, #4108, #1534, #4641 ) ) ;
#1649 = CARTESIAN_POINT ( 'NONE',  ( 26.90000000000000200, 1.013713968044248600, 3.141848527350888700 ) ) ;
#1650 = LINE ( 'NONE', #3284, #653 ) ;
#1651 = CARTESIAN_POINT ( 'NONE',  ( 25.85516583168021400, 1.877368421369228500, 1.847112999774639800 ) ) ;
#1652 = AXIS2_PLACEMENT_3D ( 'NONE', #3688, #1515, #4010 ) ;
#1653 = ORIENTED_EDGE ( 'NONE', *, *, #4446, .T. ) ;
#1654 = ADVANCED_FACE ( 'NONE', ( #1418 ), #1293, .T. ) ;
#1655 = VERTEX_POINT ( 'NONE', #125 ) ;
#1656 = DIRECTION ( 'NONE',  ( 0.0000000000000000000, 0.0000000000000000000, 1.000000000000000000 ) ) ;
#1657 = VERTEX_POINT ( 'NONE', #537 ) ;
#1658 = CYLINDRICAL_SURFACE ( 'NONE', #2596, 3.750000000000000000 ) ;
#1659 = VERTEX_POINT ( 'NONE', #2631 ) ;
#1660 = CARTESIAN_POINT ( 'NONE',  ( 26.89999999999999900, -1.990457899874388300, 2.632154000427563600 ) ) ;
#1661 =( BOUNDED_SURFACE ( )  B_SPLINE_SURFACE ( 1, 2, ( 
 ( #670, #631, #690, #706, #737, #765, #782 ),
 ( #797, #848, #862, #884, #980, #1734, #1624 ) ),
 .UNSPECIFIED., .F., .F., .F. ) 
 B_SPLINE_SURFACE_WITH_KNOTS ( ( 2, 2 ),
 ( 3, 2, 2, 3 ),
 ( 0.2892363948265819800, 1.000000000000000000 ),
 ( 0.0000000000000000000, 0.03571428571428570500, 0.07142857142857142500, 0.09997839300211182300 ),
 .UNSPECIFIED. ) 
 GEOMETRIC_REPRESENTATION_ITEM ( )  RATIONAL_B_SPLINE_SURFACE ( (
 ( 1.000000000000000000, 0.9937122098932418300, 1.000000000000000000, 0.9937122098932418300, 1.000000000000000000, 0.9949735720020860300, 0.9979833468637628900),
 ( 1.000000000000000000, 0.9937122098932428300, 1.000000000000000000, 0.9937122098932428300, 1.000000000000000000, 0.9949735720020860300, 0.9979833468637628900) ) ) 
 REPRESENTATION_ITEM ( '' )  SURFACE ( )  );
#1662 = EDGE_LOOP ( 'NONE', ( #2235, #2536 ) ) ;
#1663 = DIRECTION ( 'NONE',  ( 0.0000000000000000000, -1.000000000000000000, 0.0000000000000000000 ) ) ;
#1664 = FACE_OUTER_BOUND ( 'NONE', #2690, .T. ) ;
#1665 = SURFACE_SIDE_STYLE ('',( #584 ) ) ;
#1666 = CARTESIAN_POINT ( 'NONE',  ( 23.85675555223899000, 4.603762496005821900, -7.026049449989918600 ) ) ;
#1667 = FILL_AREA_STYLE ('',( #1631 ) ) ;
#1668 = AXIS2_PLACEMENT_3D ( 'NONE', #3064, #3072, #3980 ) ;
#1669 = CARTESIAN_POINT ( 'NONE',  ( 26.89999999999999900, 2.625948152962413100, -2.000374743515434400 ) ) ;
#1670 = CARTESIAN_POINT ( 'NONE',  ( 26.89999999999999900, 1.968437121040402100, 2.648669313558981400 ) ) ;
#1671 = EDGE_LOOP ( 'NONE', ( #4402, #711, #3646, #818 ) ) ;
#1672 = AXIS2_PLACEMENT_3D ( 'NONE', #3219, #3657, #3292 ) ;
#1673 = CARTESIAN_POINT ( 'NONE',  ( 24.82107097626104100, 2.420136342074161700, 1.867247636453434100 ) ) ;
#1674 = PLANE ( 'NONE',  #3512 ) ;
#1675 = FACE_OUTER_BOUND ( 'NONE', #1785, .T. ) ;
#1676 = CARTESIAN_POINT ( 'NONE',  ( 26.89999999999999500, -0.9464840935654740300, 3.161374095803501000 ) ) ;
#1677 = CARTESIAN_POINT ( 'NONE',  ( 21.77845964102498000, 1.679780332743033200, -5.348766841494926500 ) ) ;
#1678 = CARTESIAN_POINT ( 'NONE',  ( 15.19999999999999800, -1.787747271648448300E-015, 0.0000000000000000000 ) ) ;
#1679 = DIRECTION ( 'NONE',  ( 0.0000000000000000000, 0.0000000000000000000, 1.000000000000000000 ) ) ;
#1680 = CIRCLE ( 'NONE', #3032, 8.400000000000000400 ) ;
#1681 = CARTESIAN_POINT ( 'NONE',  ( 20.80000000012879000, -2.194917031954264800, -3.446997704529120900 ) ) ;
#1682 =( LENGTH_UNIT ( ) NAMED_UNIT ( * ) SI_UNIT ( .MILLI., .METRE. ) );
#1683 = CIRCLE ( 'NONE', #3402, 6.000000000000000000 ) ;
#1684 = DIRECTION ( 'NONE',  ( 1.000000000000000000, 4.956352788505163400E-017, -0.0000000000000000000 ) ) ;
#1685 = ADVANCED_FACE ( 'NONE', ( #405, #3251 ), #2580, .F. ) ;
#1686 = SURFACE_STYLE_USAGE ( .BOTH. , #1665 ) ;
#1687 = CIRCLE ( 'NONE', #1223, 8.400000000000000400 ) ;
#1688 = EDGE_CURVE ( 'NONE', #1583, #855, #2267, .T. ) ;
#1689 = CARTESIAN_POINT ( 'NONE',  ( 26.89999999999999900, 1.766847836608346700, -2.790630515462306800 ) ) ;
#1690 =( GEOMETRIC_REPRESENTATION_CONTEXT ( 3 ) GLOBAL_UNCERTAINTY_ASSIGNED_CONTEXT ( ( #801 ) ) GLOBAL_UNIT_ASSIGNED_CONTEXT ( ( #3637, #3652, #3666 ) ) REPRESENTATION_CONTEXT ( 'NONE', 'WORKASPACE' ) );
#1691 = ORIENTED_EDGE ( 'NONE', *, *, #1269, .T. ) ;
#1692 = CARTESIAN_POINT ( 'NONE',  ( 24.30660449754125800, 2.701353144009039500, 1.840550570488768400 ) ) ;
#1693 = CARTESIAN_POINT ( 'NONE',  ( 26.90000000000000900, -0.9051260002505110400, -3.173457031617847900 ) ) ;
#1694 = CARTESIAN_POINT ( 'NONE',  ( 25.81071428600000000, 4.559713155999999900, 3.958035223000000000 ) ) ;
#1695 = DIRECTION ( 'NONE',  ( -1.000000000000000000, 0.0000000000000000000, 0.0000000000000000000 ) ) ;
#1696 = ORIENTED_EDGE ( 'NONE', *, *, #3344, .F. ) ;
#1697 = DIRECTION ( 'NONE',  ( -0.0000000000000000000, -0.5877120137375104700, -0.8090702002351836100 ) ) ;
#1698 = CARTESIAN_POINT ( 'NONE',  ( 24.72142857099999700, 5.788857284000000500, -1.577698114999999800 ) ) ;
#1699 = PRESENTATION_LAYER_ASSIGNMENT (  '', '', ( #1937 ) ) ;
#1700 = VECTOR ( 'NONE', #3110, 1000.000000000000000 ) ;
#1701 = CARTESIAN_POINT ( 'NONE',  ( 26.89999999999999900, 0.6224597917677605600, -3.256000000377413400 ) ) ;
#1702 = DIRECTION ( 'NONE',  ( 0.0000000000000000000, -1.000000000000000000, 0.0000000000000000000 ) ) ;
#1703 = CONICAL_SURFACE ( 'NONE', #1163, 3.500000000000000000, 0.3889568801790071500 ) ;
#1704 = ORIENTED_EDGE ( 'NONE', *, *, #3964, .F. ) ;
#1705 = ORIENTED_EDGE ( 'NONE', *, *, #2935, .T. ) ;
#1706 = CARTESIAN_POINT ( 'NONE',  ( 23.28937044951992200, 3.260788037799519300, 1.716559005228196300 ) ) ;
#1707 = ADVANCED_FACE ( 'NONE', ( #4130 ), #4628, .T. ) ;
#1708 = EDGE_CURVE ( 'NONE', #3700, #3757, #3137, .T. ) ;
#1709 = CARTESIAN_POINT ( 'NONE',  ( 26.89999999999999900, -1.937825471350049300, -2.671138576099686600 ) ) ;
#1710 = AXIS2_PLACEMENT_3D ( 'NONE', #1014, #995, #783 ) ;
#1711 = ORIENTED_EDGE ( 'NONE', *, *, #120, .F. ) ;
#1712 = ORIENTED_EDGE ( 'NONE', *, *, #798, .F. ) ;
#1713 = VECTOR ( 'NONE', #2085, 1000.000000000000200 ) ;
#1714 = CARTESIAN_POINT ( 'NONE',  ( -0.4999999999999444900, 0.0000000000000000000, 0.0000000000000000000 ) ) ;
#1715 = CARTESIAN_POINT ( 'NONE',  ( 6.700000000000000200, 0.0000000000000000000, 0.0000000000000000000 ) ) ;
#1716 = ORIENTED_EDGE ( 'NONE', *, *, #85, .T. ) ;
#1717 = VECTOR ( 'NONE', #830, 1000.000000000000100 ) ;
#1718 = ORIENTED_EDGE ( 'NONE', *, *, #3760, .T. ) ;
#1719 = FILL_AREA_STYLE ('',( #2369 ) ) ;
#1720 = CARTESIAN_POINT ( 'NONE',  ( 23.85675555200000300, 0.0000000000000000000, 0.0000000000000000000 ) ) ;
#1721 = EDGE_LOOP ( 'NONE', ( #1217, #691, #4373, #3174 ) ) ;
#1722 = ORIENTED_EDGE ( 'NONE', *, *, #651, .T. ) ;
#1723 = EDGE_CURVE ( 'NONE', #4139, #4500, #1531, .T. ) ;
#1724 = CARTESIAN_POINT ( 'NONE',  ( 22.78364746195762400, 3.541570034336785500, 1.617458752600312400 ) ) ;
#1725 = CARTESIAN_POINT ( 'NONE',  ( 26.90000000000000200, -2.850685196478730500, -1.662720949429529900 ) ) ;
#1726 = ORIENTED_EDGE ( 'NONE', *, *, #1766, .F. ) ;
#1727 = ORIENTED_EDGE ( 'NONE', *, *, #1528, .F. ) ;
#1728 = CARTESIAN_POINT ( 'NONE',  ( 17.39999999999999900, 0.0000000000000000000, 0.0000000000000000000 ) ) ;
#1729 = CARTESIAN_POINT ( 'NONE',  ( 26.36869308871246500, -0.4418583025934286200, -3.695627102661414900 ) ) ;
#1730 = CARTESIAN_POINT ( 'NONE',  ( 26.90000000000001600, 1.368781456169179300, -1.722334847016499900 ) ) ;
#1731 = ADVANCED_FACE ( 'NONE', ( #4037 ), #3756, .T. ) ;
#1732 = FACE_OUTER_BOUND ( 'NONE', #1933, .T. ) ;
#1733 =( NAMED_UNIT ( * ) SI_UNIT ( $, .STERADIAN. ) SOLID_ANGLE_UNIT ( ) );
#1734 = CARTESIAN_POINT ( 'NONE',  ( 21.67319148900000100, 3.302389274999999900, 5.038406497000001300 ) ) ;
#1735 = AXIS2_PLACEMENT_3D ( 'NONE', #594, #613, #628 ) ;
#1736 = CARTESIAN_POINT ( 'NONE',  ( 21.78471948259686600, 4.085077415866626500, 1.349560553192442800 ) ) ;
#1737 = CIRCLE ( 'NONE', #1652, 8.400000000000000400 ) ;
#1738 = DIRECTION ( 'NONE',  ( -1.000000000000000000, -0.0000000000000000000, -0.0000000000000000000 ) ) ;
#1739 = CIRCLE ( 'NONE', #2137, 8.400000000000000400 ) ;
#1740 = VERTEX_POINT ( 'NONE', #3741 ) ;
#1741 = EDGE_CURVE ( 'NONE', #447, #3028, #3935, .T. ) ;
#1742 = VERTEX_POINT ( 'NONE', #3659 ) ;
#1743 = DIRECTION ( 'NONE',  ( -0.0000000000000000000, 0.1565238745999705800, -0.9876741753636229000 ) ) ;
#1744 = CARTESIAN_POINT ( 'NONE',  ( 24.69999999999994600, 7.000000000000000000, 9.429780353591462300E-016 ) ) ;
#1745 = VERTEX_POINT ( 'NONE', #3571 ) ;
#1746 = B_SPLINE_CURVE_WITH_KNOTS ( 'NONE', 3,
 ( #2862, #2878, #3217, #2771, #2790, #2733, #2748, #2717, #2669, #2684 ),
 .UNSPECIFIED., .F., .F.,
 ( 4, 2, 2, 2, 4 ),
 ( 4.582017719795296900E-014, 0.001827478122395150000, 0.003654956244744479900, 0.005482434367093809800, 0.007309912489443139700 ),
 .UNSPECIFIED. ) ;
#1747 = CARTESIAN_POINT ( 'NONE',  ( 12.90000000000000000, 0.0000000000000000000, 6.000000000000000000 ) ) ;
#1748 = DIRECTION ( 'NONE',  ( -1.000000000000000000, -2.065146995210484400E-016, -0.0000000000000000000 ) ) ;
#1749 = VERTEX_POINT ( 'NONE', #3630 ) ;
#1750 = EDGE_CURVE ( 'NONE', #3028, #2942, #3830, .T. ) ;
#1751 = ADVANCED_FACE ( 'NONE', ( #73 ), #183, .F. ) ;
#1752 = CARTESIAN_POINT ( 'NONE',  ( 21.67319148900000100, 1.714346506000000000, -5.775147704000001900 ) ) ;
#1753 = LINE ( 'NONE', #3856, #748 ) ;
#1754 = CARTESIAN_POINT ( 'NONE',  ( 24.81101423717558800, 2.571572685570176800, -3.523850612338610000 ) ) ;
#1755 = DIRECTION ( 'NONE',  ( 0.0000000000000000000, 0.0000000000000000000, 1.000000000000000000 ) ) ;
#1756 = ORIENTED_EDGE ( 'NONE', *, *, #2621, .F. ) ;
#1757 = DIRECTION ( 'NONE',  ( 2.065146995210484400E-016, -1.000000000000000000, 0.0000000000000000000 ) ) ;
#1758 = AXIS2_PLACEMENT_3D ( 'NONE', #1714, #1695, #1679 ) ;
#1759 = VERTEX_POINT ( 'NONE', #3435 ) ;
#1760 = VERTEX_POINT ( 'NONE', #3448 ) ;
#1761 = DIRECTION ( 'NONE',  ( -1.000000000000000000, -0.0000000000000000000, -0.0000000000000000000 ) ) ;
#1762 = CARTESIAN_POINT ( 'NONE',  ( 7.699999999999998400, 4.956352788505155400E-017, 0.0000000000000000000 ) ) ;
#1763 = EDGE_CURVE ( 'NONE', #121, #3256, #1060, .T. ) ;
#1764 = CARTESIAN_POINT ( 'NONE',  ( 20.79999999975791900, 4.596366021469075100, 0.9815393000879727400 ) ) ;
#1765 = ORIENTED_EDGE ( 'NONE', *, *, #1552, .T. ) ;
#1766 = EDGE_CURVE ( 'NONE', #4295, #1066, #2160, .T. ) ;
#1767 = DIRECTION ( 'NONE',  ( 0.7071067811865468000, 0.0000000000000000000, -0.7071067811865483500 ) ) ;
#1768 = ORIENTED_EDGE ( 'NONE', *, *, #1763, .T. ) ;
#1769 = ORIENTED_EDGE ( 'NONE', *, *, #1522, .F. ) ;
#1770 = EDGE_LOOP ( 'NONE', ( #2504, #3742, #3801, #898 ) ) ;
#1771 = DIRECTION ( 'NONE',  ( 1.000000000000000000, -0.0000000000000000000, -0.0000000000000000000 ) ) ;
#1772 = ORIENTED_EDGE ( 'NONE', *, *, #2056, .F. ) ;
#1773 = VECTOR ( 'NONE', #616, 1000.000000000000100 ) ;
#1774 = ORIENTED_EDGE ( 'NONE', *, *, #547, .T. ) ;
#1775 = PLANE ( 'NONE',  #879 ) ;
#1776 = CARTESIAN_POINT ( 'NONE',  ( 6.700000000000000200, 0.0000000000000000000, 0.0000000000000000000 ) ) ;
#1777 = ADVANCED_FACE ( 'NONE', ( #3027 ), #1821, .T. ) ;
#1778 = AXIS2_PLACEMENT_3D ( 'NONE', #535, #420, #191 ) ;
#1779 = B_SPLINE_CURVE_WITH_KNOTS ( 'NONE', 3,
 ( #3278, #3628, #1457, #3955, #1439, #3940, #1808, #4265, #2170, #4597 ),
 .UNSPECIFIED., .F., .F.,
 ( 4, 2, 2, 2, 4 ),
 ( 1.366663449236766800E-014, 0.001796284568930744500, 0.003592569137847822500, 0.005388853706764899900, 0.007185138275681977000 ),
 .UNSPECIFIED. ) ;
#1780 =( NAMED_UNIT ( * ) PLANE_ANGLE_UNIT ( ) SI_UNIT ( $, .RADIAN. ) );
#1781 = ORIENTED_EDGE ( 'NONE', *, *, #4106, .T. ) ;
#1782 = CARTESIAN_POINT ( 'NONE',  ( 0.0000000000000000000, -5.565999999999999800, 5.565999999999999800 ) ) ;
#1783 = LINE ( 'NONE', #287, #899 ) ;
#1784 = CARTESIAN_POINT ( 'NONE',  ( 22.54285714300000300, 5.509589557999999200, -2.375799424999999900 ) ) ;
#1785 = EDGE_LOOP ( 'NONE', ( #1301, #1173, #937, #647 ) ) ;
#1786 = AXIS2_PLACEMENT_3D ( 'NONE', #150, #595, #3193 ) ;
#1787 = SURFACE_STYLE_FILL_AREA ( #1719 ) ;
#1788 = CARTESIAN_POINT ( 'NONE',  ( 20.80000000000000400, -1.896861941999999900, 1.068891860999999600 ) ) ;
#1789 = ORIENTED_EDGE ( 'NONE', *, *, #1960, .F. ) ;
#1790 = AXIS2_PLACEMENT_3D ( 'NONE', #908, #1111, #925 ) ;
#1791 = CARTESIAN_POINT ( 'NONE',  ( 20.80000000012879000, -0.3915176460539668300, 4.067698105994805900 ) ) ;
#1792 = CARTESIAN_POINT ( 'NONE',  ( 20.80000000000000400, 0.0000000000000000000, 0.0000000000000000000 ) ) ;
#1793 = CIRCLE ( 'NONE', #2559, 1.399999999999985700 ) ;
#1794 = CARTESIAN_POINT ( 'NONE',  ( 23.85675555215760500, 8.386618560054303700, 0.4739505499059470400 ) ) ;
#1795 = CARTESIAN_POINT ( 'NONE',  ( 20.79999999967926900, 3.944174677802013000, -2.556068487388591000 ) ) ;
#1796 = EDGE_LOOP ( 'NONE', ( #780, #1148 ) ) ;
#1797 = DIRECTION ( 'NONE',  ( 0.0000000000000000000, -1.000000000000000000, 0.0000000000000000000 ) ) ;
#1798 = LINE ( 'NONE', #1791, #3714 ) ;
#1799 = CARTESIAN_POINT ( 'NONE',  ( 20.80000000012809700, -3.725477303028919400, -4.703277459813143000 ) ) ;
#1800 = VECTOR ( 'NONE', #3275, 1000.000000000000100 ) ;
#1801 = DIRECTION ( 'NONE',  ( 1.000000000000000000, 4.956352788505163400E-017, -0.0000000000000000000 ) ) ;
#1802 = EDGE_CURVE ( 'NONE', #2630, #2614, #3731, .T. ) ;
#1803 = AXIS2_PLACEMENT_3D ( 'NONE', #3863, #3851, #3834 ) ;
#1804 = CYLINDRICAL_SURFACE ( 'NONE', #230, 3.500000000000000000 ) ;
#1805 = ADVANCED_FACE ( 'NONE', ( #4602 ), #1703, .T. ) ;
#1806 = ORIENTED_EDGE ( 'NONE', *, *, #4562, .F. ) ;
#1807 = DIRECTION ( 'NONE',  ( -1.000000000000000000, -4.956352788505163400E-017, 0.0000000000000000000 ) ) ;
#1808 = CARTESIAN_POINT ( 'NONE',  ( 22.76936971407930700, 1.604682267875472600, -4.945937684652715700 ) ) ;
#1809 = CARTESIAN_POINT ( 'NONE',  ( 20.80000000000000400, -1.603005935000000100, 1.473426960999999900 ) ) ;
#1810 =( BOUNDED_SURFACE ( )  B_SPLINE_SURFACE ( 1, 2, ( 
 ( #2499, #2316, #2302, #2266, #2255, #2228, #2222 ),
 ( #2216, #2203, #2194, #2186, #2176, #2157, #2146 ) ),
 .UNSPECIFIED., .F., .F., .T. ) 
 B_SPLINE_SURFACE_WITH_KNOTS ( ( 2, 2 ),
 ( 3, 2, 2, 3 ),
 ( 0.2892363948265809800, 1.000000000000000000 ),
 ( 0.0000000000000000000, 0.03571428571428570500, 0.07142857142857142500, 0.09997839300211182300 ),
 .UNSPECIFIED. ) 
 GEOMETRIC_REPRESENTATION_ITEM ( )  RATIONAL_B_SPLINE_SURFACE ( (
 ( 1.000000000000000000, 0.9937122098932418300, 1.000000000000000000, 0.9937122098932418300, 1.000000000000000000, 0.9949735720020860300, 0.9979833468637628900),
 ( 1.000000000000000000, 0.9937122098932428300, 1.000000000000000000, 0.9937122098932428300, 1.000000000000000000, 0.9949735720020860300, 0.9979833468637628900) ) ) 
 REPRESENTATION_ITEM ( '' )  SURFACE ( )  );
#1811 = B_SPLINE_CURVE_WITH_KNOTS ( 'NONE', 3,
 ( #2438, #2493, #2457, #2425, #2410, #2387, #2370, #2353 ),
 .UNSPECIFIED., .F., .F.,
 ( 4, 2, 2, 4 ),
 ( 0.0000000000000000000, 0.001718385960463305000, 0.003436771920926610100, 0.006873543841853220100 ),
 .UNSPECIFIED. ) ;
#1812 = EDGE_CURVE ( 'NONE', #1596, #4315, #2689, .T. ) ;
#1813 = CARTESIAN_POINT ( 'NONE',  ( 20.80000000000000400, 0.0000000000000000000, 0.0000000000000000000 ) ) ;
#1814 = VERTEX_POINT ( 'NONE', #4007 ) ;
#1815 = DIRECTION ( 'NONE',  ( 0.0000000000000000000, 0.0000000000000000000, 1.000000000000000000 ) ) ;
#1816 = AXIS2_PLACEMENT_3D ( 'NONE', #2731, #1244, #3779 ) ;
#1817 = DIRECTION ( 'NONE',  ( -9.912705577010326800E-017, 1.000000000000000000, 0.0000000000000000000 ) ) ;
#1818 = FACE_OUTER_BOUND ( 'NONE', #3876, .T. ) ;
#1819 = CARTESIAN_POINT ( 'NONE',  ( 26.25550371171659200, 4.810138033419589700E-009, 3.764137823026231000 ) ) ;
#1820 = EDGE_CURVE ( 'NONE', #1760, #855, #3634, .T. ) ;
#1821 = CYLINDRICAL_SURFACE ( 'NONE', #2405, 8.400000000000000400 ) ;
#1822 = ORIENTED_EDGE ( 'NONE', *, *, #1741, .T. ) ;
#1823 = CARTESIAN_POINT ( 'NONE',  ( 25.85516583161366500, 2.633606069318792800, -0.02139381346759212900 ) ) ;
#1824 = ORIENTED_EDGE ( 'NONE', *, *, #2780, .T. ) ;
#1825 = CARTESIAN_POINT ( 'NONE',  ( 22.77514619291866200, 2.075365636197689300, -4.766188140337386700 ) ) ;
#1826 = CARTESIAN_POINT ( 'NONE',  ( 23.63214285699999500, -5.326137321999999200, -2.844167385999999600 ) ) ;
#1827 = DIRECTION ( 'NONE',  ( -9.912705577010326800E-017, 1.000000000000000000, 0.0000000000000000000 ) ) ;
#1828 = AXIS2_PLACEMENT_3D ( 'NONE', #701, #694, #688 ) ;
#1829 = ORIENTED_EDGE ( 'NONE', *, *, #2211, .T. ) ;
#1830 = ADVANCED_FACE ( 'NONE', ( #2813 ), #2949, .F. ) ;
#1831 = VECTOR ( 'NONE', #2346, 1000.000000000000200 ) ;
#1832 = CARTESIAN_POINT ( 'NONE',  ( 26.37479858344180500, 0.1312580832619624800, -2.415980525010619200 ) ) ;
#1833 = DIRECTION ( 'NONE',  ( -1.000000000000000000, 0.0000000000000000000, 0.0000000000000000000 ) ) ;
#1834 = DIRECTION ( 'NONE',  ( -1.000000000000000000, 0.0000000000000000000, 0.0000000000000000000 ) ) ;
#1835 = CARTESIAN_POINT ( 'NONE',  ( 20.80000000000000400, 0.0000000000000000000, 3.349999999999999600 ) ) ;
#1836 = DIRECTION ( 'NONE',  ( 0.0000000000000000000, 0.0000000000000000000, 1.000000000000000000 ) ) ;
#1837 = ORIENTED_EDGE ( 'NONE', *, *, #1297, .T. ) ;
#1838 = EDGE_LOOP ( 'NONE', ( #2326, #1978 ) ) ;
#1839 = CIRCLE ( 'NONE', #1778, 3.500000000000000000 ) ;
#1840 = EDGE_CURVE ( 'NONE', #4297, #3595, #698, .T. ) ;
#1841 = EDGE_LOOP ( 'NONE', ( #1781, #664, #2530, #2409 ) ) ;
#1842 = CARTESIAN_POINT ( 'NONE',  ( 23.27323163452238900, -1.777092914355633800, 4.665076304537631600 ) ) ;
#1843 = ORIENTED_EDGE ( 'NONE', *, *, #52, .F. ) ;
#1844 = SURFACE_STYLE_FILL_AREA ( #3194 ) ;
#1845 =( BOUNDED_SURFACE ( )  B_SPLINE_SURFACE ( 1, 2, ( 
 ( #3668, #3717, #8, #1393, #43, #56, #69 ),
 ( #98, #113, #142, #159, #175, #192, #2489 ) ),
 .UNSPECIFIED., .F., .F., .F. ) 
 B_SPLINE_SURFACE_WITH_KNOTS ( ( 2, 2 ),
 ( 3, 2, 2, 3 ),
 ( 0.0000000000000000000, 0.7107636051733861000 ),
 ( 0.0000000000000000000, 0.03571428571428570500, 0.07142857142857142500, 0.09997839300211182300 ),
 .UNSPECIFIED. ) 
 GEOMETRIC_REPRESENTATION_ITEM ( )  RATIONAL_B_SPLINE_SURFACE ( (
 ( 1.000000000000000000, 0.9937122098932428300, 1.000000000000000000, 0.9937122098932428300, 1.000000000000000000, 0.9949735720020860300, 0.9979833468637628900),
 ( 1.000000000000000000, 0.9937122098932418300, 1.000000000000000000, 0.9937122098932418300, 1.000000000000000000, 0.9949735720020860300, 0.9979833468637628900) ) ) 
 REPRESENTATION_ITEM ( '' )  SURFACE ( )  );
#1846 = CARTESIAN_POINT ( 'NONE',  ( 12.90000000000000000, -3.782856064000000200, -7.500000000000000000 ) ) ;
#1847 = DIRECTION ( 'NONE',  ( 0.0000000000000000000, 0.0000000000000000000, 1.000000000000000000 ) ) ;
#1848 = EDGE_CURVE ( 'NONE', #3734, #1906, #805, .T. ) ;
#1849 = AXIS2_PLACEMENT_3D ( 'NONE', #541, #2606, #2620 ) ;
#1850 = ORIENTED_EDGE ( 'NONE', *, *, #1630, .T. ) ;
#1851 = EDGE_CURVE ( 'NONE', #744, #635, #4389, .T. ) ;
#1852 = CARTESIAN_POINT ( 'NONE',  ( 24.69999999999999900, 0.0000000000000000000, -3.300000000019893200 ) ) ;
#1853 = VERTEX_POINT ( 'NONE', #2991 ) ;
#1854 = CARTESIAN_POINT ( 'NONE',  ( 0.0000000000000000000, 4.592425496802574000E-016, -3.750000000000000000 ) ) ;
#1855 = CARTESIAN_POINT ( 'NONE',  ( 12.90000000000000200, 0.0000000000000000000, 0.0000000000000000000 ) ) ;
#1856 = CARTESIAN_POINT ( 'NONE',  ( 25.84458230010634600, -0.6640813974102083300, -3.881695224014140200 ) ) ;
#1857 = DIRECTION ( 'NONE',  ( 1.000000000000000000, -0.0000000000000000000, -0.0000000000000000000 ) ) ;
#1858 = CIRCLE ( 'NONE', #4322, 8.400000000000000400 ) ;
#1859 = ORIENTED_EDGE ( 'NONE', *, *, #3625, .T. ) ;
#1860 = ADVANCED_FACE ( 'NONE', ( #3516 ), #22, .T. ) ;
#1861 = ORIENTED_EDGE ( 'NONE', *, *, #3789, .F. ) ;
#1862 = CARTESIAN_POINT ( 'NONE',  ( 25.84458230005525800, -3.881695224032158300, 0.6640813974320256600 ) ) ;
#1863 = CIRCLE ( 'NONE', #1946, 2.199999999999986000 ) ;
#1864 = LINE ( 'NONE', #1499, #846 ) ;
#1865 = DIRECTION ( 'NONE',  ( -1.000000000000000000, 0.0000000000000000000, 0.0000000000000000000 ) ) ;
#1866 = DIRECTION ( 'NONE',  ( 8.285246452426541800E-015, 0.0000000000000000000, 1.000000000000000000 ) ) ;
#1867 = LINE ( 'NONE', #2451, #3673 ) ;
#1868 = DIRECTION ( 'NONE',  ( 0.0000000000000000000, 0.0000000000000000000, -1.000000000000000000 ) ) ;
#1869 = CARTESIAN_POINT ( 'NONE',  ( 26.90000000000003400, 0.2499999995046174600, 2.185749299496085700 ) ) ;
#1870 = CARTESIAN_POINT ( 'NONE',  ( 24.80512508006701500, -1.165529089302043400, -4.205017535638297100 ) ) ;
#1871 = DIRECTION ( 'NONE',  ( 1.000000000000000000, -0.0000000000000000000, -0.0000000000000000000 ) ) ;
#1872 = ORIENTED_EDGE ( 'NONE', *, *, #3766, .T. ) ;
#1873 = ORIENTED_EDGE ( 'NONE', *, *, #65, .F. ) ;
#1874 = CARTESIAN_POINT ( 'NONE',  ( 26.89999999999999900, 2.162895058999999800, -0.2500000000000000000 ) ) ;
#1875 = EDGE_CURVE ( 'NONE', #552, #3343, #4294, .T. ) ;
#1876 = CARTESIAN_POINT ( 'NONE',  ( 20.80000000006439700, -4.703277459427782900, 3.725477303557474000 ) ) ;
#1877 = CARTESIAN_POINT ( 'NONE',  ( -0.4984079890000001600, 3.782856064000000200, 7.500000000000000000 ) ) ;
#1878 = ADVANCED_FACE ( 'NONE', ( #2443 ), #2323, .T. ) ;
#1879 = LINE ( 'NONE', #4179, #119 ) ;
#1880 = EDGE_CURVE ( 'NONE', #1906, #1020, #3306, .T. ) ;
#1881 = EDGE_LOOP ( 'NONE', ( #2304, #1957, #1335, #436 ) ) ;
#1882 = CARTESIAN_POINT ( 'NONE',  ( 7.699999999999999300, 3.782856063937774400, 7.500000000000000000 ) ) ;
#1883 = AXIS2_PLACEMENT_3D ( 'NONE', #1176, #3025, #3371 ) ;
#1884 = CARTESIAN_POINT ( 'NONE',  ( 24.28986129284236400, -1.445471401022070600, -4.341663419680070700 ) ) ;
#1885 = CARTESIAN_POINT ( 'NONE',  ( 0.0000000000000000000, 0.0000000000000000000, 0.0000000000000000000 ) ) ;
#1886 = VECTOR ( 'NONE', #1441, 1000.000000000000000 ) ;
#1887 = VERTEX_POINT ( 'NONE', #4353 ) ;
#1888 = ORIENTED_EDGE ( 'NONE', *, *, #3846, .F. ) ;
#1889 = PLANE ( 'NONE',  #4544 ) ;
#1890 = ORIENTED_EDGE ( 'NONE', *, *, #3384, .F. ) ;
#1891 = CARTESIAN_POINT ( 'NONE',  ( 25.85438030385126900, -0.5194979266273837000, -2.580066440170615900 ) ) ;
#1892 = CARTESIAN_POINT ( 'NONE',  ( 20.80000000006439700, 5.960029649899587900, 0.6914091205654788700 ) ) ;
#1893 = DIRECTION ( 'NONE',  ( -0.0000000000000000000, -0.8090702002351832800, 0.5877120137375111400 ) ) ;
#1894 = ORIENTED_EDGE ( 'NONE', *, *, #4437, .F. ) ;
#1895 = CARTESIAN_POINT ( 'NONE',  ( 24.30984629986572500, 1.090153744273178600, 3.078480836189917200 ) ) ;
#1896 = VECTOR ( 'NONE', #4638, 1000.000000000000000 ) ;
#1897 = CARTESIAN_POINT ( 'NONE',  ( 2.081139542999999900, 8.386618560000002300, 0.4739505500000000300 ) ) ;
#1898 = CARTESIAN_POINT ( 'NONE',  ( 23.27323163453895600, -2.042112639240728300, -4.555301540180670000 ) ) ;
#1899 = CARTESIAN_POINT ( 'NONE',  ( -0.5377209140000001100, -4.603762496000000800, 7.026049450000000400 ) ) ;
#1900 = ORIENTED_EDGE ( 'NONE', *, *, #4039, .T. ) ;
#1901 = FACE_OUTER_BOUND ( 'NONE', #4150, .T. ) ;
#1902 = ADVANCED_FACE ( 'NONE', ( #4186 ), #1356, .F. ) ;
#1903 =( BOUNDED_SURFACE ( )  B_SPLINE_SURFACE ( 1, 2, ( 
 ( #2892, #2858, #2905, #3588, #3631, #2843, #2825 ),
 ( #2809, #2776, #2753, #2737, #2688, #2672, #2657 ) ),
 .UNSPECIFIED., .F., .F., .F. ) 
 B_SPLINE_SURFACE_WITH_KNOTS ( ( 2, 2 ),
 ( 3, 2, 2, 3 ),
 ( 0.0000000000000000000, 0.7107636051733871000 ),
 ( 0.0000000000000000000, 0.03571428571428570500, 0.07142857142857142500, 0.09997839300211182300 ),
 .UNSPECIFIED. ) 
 GEOMETRIC_REPRESENTATION_ITEM ( )  RATIONAL_B_SPLINE_SURFACE ( (
 ( 1.000000000000000000, 0.9937122098932428300, 1.000000000000000000, 0.9937122098932428300, 1.000000000000000000, 0.9949735720020860300, 0.9979833468637628900),
 ( 1.000000000000000000, 0.9937122098932418300, 1.000000000000000000, 0.9937122098932418300, 1.000000000000000000, 0.9949735720020860300, 0.9979833468637628900) ) ) 
 REPRESENTATION_ITEM ( '' )  SURFACE ( )  );
#1904 = DIRECTION ( 'NONE',  ( 5.782411586589356500E-015, 0.0000000000000000000, 1.000000000000000000 ) ) ;
#1905 = CARTESIAN_POINT ( 'NONE',  ( 20.80000000000000400, 0.0000000000000000000, 0.0000000000000000000 ) ) ;
#1906 = VERTEX_POINT ( 'NONE', #2649 ) ;
#1907 = CARTESIAN_POINT ( 'NONE',  ( 22.77975589658840900, 1.792160912103579500, 3.467123821675069300 ) ) ;
#1908 = CARTESIAN_POINT ( 'NONE',  ( 2.081139542999999900, 4.603762496000000800, -7.026049450000000400 ) ) ;
#1909 = VECTOR ( 'NONE', #3461, 1000.000000000000000 ) ;
#1910 = CARTESIAN_POINT ( 'NONE',  ( 22.76936971423672800, -2.362624362549063900, -4.631987789494212700 ) ) ;
#1911 = LINE ( 'NONE', #3056, #916 ) ;
#1912 = LINE ( 'NONE', #632, #918 ) ;
#1913 = ORIENTED_EDGE ( 'NONE', *, *, #4215, .F. ) ;
#1914 = CARTESIAN_POINT ( 'NONE',  ( 23.85675555199995300, 0.0000000000000000000, 0.0000000000000000000 ) ) ;
#1915 = CIRCLE ( 'NONE', #3975, 3.500000000000000000 ) ;
#1916 = AXIS2_PLACEMENT_3D ( 'NONE', #3504, #3603, #3556 ) ;
#1917 = ORIENTED_EDGE ( 'NONE', *, *, #3883, .T. ) ;
#1918 = DIRECTION ( 'NONE',  ( -0.0000000000000000000, 0.5877120137375104700, 0.8090702002351836100 ) ) ;
#1919 = ADVANCED_FACE ( 'NONE', ( #3398 ), #4299, .F. ) ;
#1920 = CARTESIAN_POINT ( 'NONE',  ( 20.80000000006439700, 5.960029649899587900, 0.6914091205654788700 ) ) ;
#1921 = CARTESIAN_POINT ( 'NONE',  ( 21.77616053601277500, -3.028560293193082000, -4.717878188329409600 ) ) ;
#1922 = DIRECTION ( 'NONE',  ( 0.0000000000000000000, 0.0000000000000000000, -1.000000000000000000 ) ) ;
#1923 = ORIENTED_EDGE ( 'NONE', *, *, #1494, .T. ) ;
#1924 = LINE ( 'NONE', #1234, #2040 ) ;
#1925 = EDGE_CURVE ( 'NONE', #2831, #2849, #454, .T. ) ;
#1926 = AXIS2_PLACEMENT_3D ( 'NONE', #3904, #3916, #3928 ) ;
#1927 = VECTOR ( 'NONE', #2804, 1000.000000000000000 ) ;
#1928 = ORIENTED_EDGE ( 'NONE', *, *, #3736, .F. ) ;
#1929 = DIRECTION ( 'NONE',  ( 0.0000000000000000000, 0.0000000000000000000, -1.000000000000000000 ) ) ;
#1930 = VERTEX_POINT ( 'NONE', #102 ) ;
#1931 = CARTESIAN_POINT ( 'NONE',  ( 21.78082501732653500, 2.355177480816757400, 3.623781977268852600 ) ) ;
#1932 = CARTESIAN_POINT ( 'NONE',  ( 24.69999999999991800, 0.0000000000000000000, -6.999999999909286800 ) ) ;
#1933 = EDGE_LOOP ( 'NONE', ( #1317, #518, #469, #1644 ) ) ;
#1934 = CARTESIAN_POINT ( 'NONE',  ( 21.28597509040867700, -3.372851068850836000, -4.728510995154880300 ) ) ;
#1935 = CARTESIAN_POINT ( 'NONE',  ( 23.85675555198309900, -3.782856063937774400, 7.500000000000000000 ) ) ;
#1936 = ADVANCED_FACE ( 'NONE', ( #1582 ), #1580, .T. ) ;
#1937 = STYLED_ITEM ( 'NONE', ( #3746 ), #1175 ) ;
#1938 = DIRECTION ( 'NONE',  ( 1.000000000000000000, 0.0000000000000000000, 0.0000000000000000000 ) ) ;
#1939 = VERTEX_POINT ( 'NONE', #4284 ) ;
#1940 = LINE ( 'NONE', #4024, #2827 ) ;
#1941 = EDGE_LOOP ( 'NONE', ( #1037, #852 ) ) ;
#1942 = DIRECTION ( 'NONE',  ( -8.831319514063745400E-015, 0.0000000000000000000, 1.000000000000000000 ) ) ;
#1943 = ORIENTED_EDGE ( 'NONE', *, *, #331, .T. ) ;
#1944 = CONICAL_SURFACE ( 'NONE', #4154, 2.200000000000000200, 0.3889568801790071500 ) ;
#1945 = EDGE_CURVE ( 'NONE', #375, #538, #3606, .T. ) ;
#1946 = AXIS2_PLACEMENT_3D ( 'NONE', #615, #427, #410 ) ;
#1947 = ORIENTED_EDGE ( 'NONE', *, *, #3691, .F. ) ;
#1948 = CARTESIAN_POINT ( 'NONE',  ( 20.80000000012809700, -3.725477303028919400, -4.703277459813143000 ) ) ;
#1949 = CARTESIAN_POINT ( 'NONE',  ( 26.89999999999999900, 0.0000000000000000000, 0.0000000000000000000 ) ) ;
#1950 = ORIENTED_EDGE ( 'NONE', *, *, #3097, .T. ) ;
#1951 = CARTESIAN_POINT ( 'NONE',  ( 20.80000000012878700, 3.153141697534487300, -2.599452131958166500 ) ) ;
#1952 = CARTESIAN_POINT ( 'NONE',  ( 22.54285714300000300, -2.375799424999999900, -5.509589557999999200 ) ) ;
#1953 = CONICAL_SURFACE ( 'NONE', #2969, 1.399999999999999900, 0.3889568801790071500 ) ;
#1954 = VERTEX_POINT ( 'NONE', #399 ) ;
#1955 = CARTESIAN_POINT ( 'NONE',  ( 20.80000000006441100, -0.4877022120746202200, 4.674627958681780300 ) ) ;
#1956 = DIRECTION ( 'NONE',  ( 0.0000000000000000000, 0.0000000000000000000, 1.000000000000000000 ) ) ;
#1957 = ORIENTED_EDGE ( 'NONE', *, *, #1265, .F. ) ;
#1958 = CARTESIAN_POINT ( 'NONE',  ( 0.0000000000000000000, 0.0000000000000000000, 0.0000000000000000000 ) ) ;
#1959 = VECTOR ( 'NONE', #1761, 1000.000000000000000 ) ;
#1960 = EDGE_CURVE ( 'NONE', #590, #2167, #4077, .T. ) ;
#1961 = FACE_OUTER_BOUND ( 'NONE', #2340, .T. ) ;
#1962 = ADVANCED_FACE ( 'NONE', ( #3195 ), #235, .T. ) ;
#1963 = CARTESIAN_POINT ( 'NONE',  ( -0.4999999994808042000, 9.136176229098647900E-016, 7.460254038519194900 ) ) ;
#1964 = DIRECTION ( 'NONE',  ( 1.000000000000000000, -0.0000000000000000000, -0.0000000000000000000 ) ) ;
#1965 = VECTOR ( 'NONE', #2199, 1000.000000000000000 ) ;
#1966 = DIRECTION ( 'NONE',  ( 1.000000000000000000, -0.0000000000000000000, -0.0000000000000000000 ) ) ;
#1967 = DIRECTION ( 'NONE',  ( 1.000000000000000000, 0.0000000000000000000, 0.0000000000000000000 ) ) ;
#1968 = B_SPLINE_CURVE_WITH_KNOTS ( 'NONE', 3,
 ( #1819, #895, #258, #2051 ),
 .UNSPECIFIED., .F., .F.,
 ( 4, 4 ),
 ( 4.880244826671300200E-016, 0.0007432677575891739400 ),
 .UNSPECIFIED. ) ;
#1969 = DIRECTION ( 'NONE',  ( -1.000000000000000000, 0.0000000000000000000, 0.0000000000000000000 ) ) ;
#1970 = CARTESIAN_POINT ( 'NONE',  ( 21.78082501727242400, -0.8970388415739069000, 4.227762777416339500 ) ) ;
#1971 = VERTEX_POINT ( 'NONE', #295 ) ;
#1972 = CARTESIAN_POINT ( 'NONE',  ( 0.4999999999999449300, 0.0000000000000000000, 6.000000000000000000 ) ) ;
#1973 = CARTESIAN_POINT ( 'NONE',  ( 12.90000000000000000, 0.0000000000000000000, 0.0000000000000000000 ) ) ;
#1974 = CARTESIAN_POINT ( 'NONE',  ( 24.70000000000000300, -7.000000000000000000, 0.0000000000000000000 ) ) ;
#1975 = DIRECTION ( 'NONE',  ( -0.0000000000000000000, -0.5877120137375103600, -0.8090702002351837200 ) ) ;
#1976 = EDGE_CURVE ( 'NONE', #2630, #2707, #1221, .T. ) ;
#1977 = FACE_OUTER_BOUND ( 'NONE', #2328, .T. ) ;
#1978 = ORIENTED_EDGE ( 'NONE', *, *, #4620, .F. ) ;
#1979 = CARTESIAN_POINT ( 'NONE',  ( 26.90000000000001600, -2.185749299419178700, 0.2500000001770746900 ) ) ;
#1980 = CIRCLE ( 'NONE', #1758, 6.499999999999944900 ) ;
#1981 = DIRECTION ( 'NONE',  ( -1.000000000000000000, 0.0000000000000000000, 0.0000000000000000000 ) ) ;
#1982 = ORIENTED_EDGE ( 'NONE', *, *, #1750, .T. ) ;
#1983 = VERTEX_POINT ( 'NONE', #320 ) ;
#1984 = VERTEX_POINT ( 'NONE', #227 ) ;
#1985 = CARTESIAN_POINT ( 'NONE',  ( 22.77975589649654300, -1.184377631527262900, 3.718875899535184300 ) ) ;
#1986 = ADVANCED_FACE ( 'NONE', ( #2217 ), #283, .F. ) ;
#1987 = CARTESIAN_POINT ( 'NONE',  ( -0.4602540378379005300, -0.6586075956503425500, 7.500000000000000000 ) ) ;
#1988 = EDGE_CURVE ( 'NONE', #1983, #3001, #3078, .T. ) ;
#1989 = CARTESIAN_POINT ( 'NONE',  ( 26.89999999999999900, -3.287347744293301200, 0.3418451281010200800 ) ) ;
#1990 = VERTEX_POINT ( 'NONE', #1482 ) ;
#1991 = CARTESIAN_POINT ( 'NONE',  ( 26.89999999999992400, -2.645328902651646900, -2.291775511867611300 ) ) ;
#1992 = CIRCLE ( 'NONE', #672, 6.000000000000000000 ) ;
#1993 = DIRECTION ( 'NONE',  ( 1.000000000000000000, 0.0000000000000000000, 0.0000000000000000000 ) ) ;
#1994 = DIRECTION ( 'NONE',  ( 0.0000000000000000000, 0.0000000000000000000, 1.000000000000000000 ) ) ;
#1995 = CARTESIAN_POINT ( 'NONE',  ( 20.80000000012878700, 2.599452131958163800, 3.153141697534488600 ) ) ;
#1996 = VERTEX_POINT ( 'NONE', #725 ) ;
#1997 = B_SPLINE_CURVE_WITH_KNOTS ( 'NONE', 3,
 ( #2145, #4575, #3247, #1041, #3604, #1424, #3923, #1794 ),
 .UNSPECIFIED., .F., .F.,
 ( 4, 2, 2, 4 ),
 ( 0.0000000000000000000, 0.003805479762181576600, 0.005708219643272364700, 0.007610959524363153200 ),
 .UNSPECIFIED. ) ;
#1998 = VERTEX_POINT ( 'NONE', #3827 ) ;
#1999 = LINE ( 'NONE', #3987, #3900 ) ;
#2000 = AXIS2_PLACEMENT_3D ( 'NONE', #1728, #1865, #2032 ) ;
#2001 = CARTESIAN_POINT ( 'NONE',  ( 26.89999999999999500, 2.850685196478624400, 1.662720949429680200 ) ) ;
#2002 = CARTESIAN_POINT ( 'NONE',  ( 26.90000000019789900, 0.0000000000000000000, 3.299999999381764100 ) ) ;
#2003 = CARTESIAN_POINT ( 'NONE',  ( 24.30984629973297500, -1.405959570251016600, 2.947669780041420700 ) ) ;
#2004 = FACE_OUTER_BOUND ( 'NONE', #3283, .T. ) ;
#2005 = EDGE_CURVE ( 'NONE', #2647, #2178, #3635, .T. ) ;
#2006 = CARTESIAN_POINT ( 'NONE',  ( 24.69999999999999900, 4.041334437210628000E-016, 3.300000000019893200 ) ) ;
#2007 = ORIENTED_EDGE ( 'NONE', *, *, #617, .F. ) ;
#2008 = CARTESIAN_POINT ( 'NONE',  ( 26.89999999999999900, -2.625948152962411800, 2.000374743515434000 ) ) ;
#2009 = ADVANCED_FACE ( 'NONE', ( #1123 ), #3880, .F. ) ;
#2010 = EDGE_CURVE ( 'NONE', #375, #1853, #350, .T. ) ;
#2011 = CARTESIAN_POINT ( 'NONE',  ( 25.85516583160635000, 1.847112999779490800, -1.877368421406957700 ) ) ;
#2012 = CARTESIAN_POINT ( 'NONE',  ( 26.89999999999999900, -3.501672361999999900, -2.304026165000000200 ) ) ;
#2013 = DIRECTION ( 'NONE',  ( 0.0000000000000000000, 0.0000000000000000000, -1.000000000000000000 ) ) ;
#2014 = ORIENTED_EDGE ( 'NONE', *, *, #4512, .T. ) ;
#2015 = ADVANCED_FACE ( 'NONE', ( #2102 ), #13, .T. ) ;
#2016 = VECTOR ( 'NONE', #2339, 999.9999999999998900 ) ;
#2017 = ORIENTED_EDGE ( 'NONE', *, *, #3229, .F. ) ;
#2018 = EDGE_CURVE ( 'NONE', #1657, #3950, #997, .T. ) ;
#2019 = DIRECTION ( 'NONE',  ( 0.0000000000000000000, 0.0000000000000000000, 1.000000000000000000 ) ) ;
#2020 = CARTESIAN_POINT ( 'NONE',  ( 26.89999999999999900, 3.229682772754743200, -0.6785544505585283700 ) ) ;
#2021 = AXIS2_PLACEMENT_3D ( 'NONE', #2648, #2546, #62 ) ;
#2022 = CARTESIAN_POINT ( 'NONE',  ( 26.89999999999999900, 1.297345088667235300, 3.034923383033076800 ) ) ;
#2023 = VECTOR ( 'NONE', #3150, 999.9999999999998900 ) ;
#2024 = CARTESIAN_POINT ( 'NONE',  ( 24.82287172457331400, -1.446133829004155700, 2.690066217638628700 ) ) ;
#2025 = VERTEX_POINT ( 'NONE', #2470 ) ;
#2026 = DIRECTION ( 'NONE',  ( -1.000000000000000000, -0.0000000000000000000, -0.0000000000000000000 ) ) ;
#2027 = PRODUCT_DEFINITION ( 'UNKNOWN', '', #2265, #3648 ) ;
#2028 = CARTESIAN_POINT ( 'NONE',  ( 26.90000000000000200, -1.766847836607520400, 2.790630515462947600 ) ) ;
#2029 = FACE_OUTER_BOUND ( 'NONE', #3441, .T. ) ;
#2030 = ORIENTED_EDGE ( 'NONE', *, *, #2239, .T. ) ;
#2031 = DIRECTION ( 'NONE',  ( 0.0000000000000000000, 0.0000000000000000000, 1.000000000000000000 ) ) ;
#2032 = DIRECTION ( 'NONE',  ( 0.0000000000000000000, 0.0000000000000000000, 1.000000000000000000 ) ) ;
#2033 = AXIS2_PLACEMENT_3D ( 'NONE', #484, #387, #519 ) ;
#2034 = CARTESIAN_POINT ( 'NONE',  ( 25.85516583161948000, -0.02139381346740983800, -2.633606069315549600 ) ) ;
#2035 = EDGE_CURVE ( 'NONE', #3262, #1433, #3778, .T. ) ;
#2036 = CARTESIAN_POINT ( 'NONE',  ( 26.90000000000000600, 2.527218822669735400, -2.122121840968132400 ) ) ;
#2037 = CARTESIAN_POINT ( 'NONE',  ( 26.89999999999999900, 2.205167984584524900, 2.459862491469962300 ) ) ;
#2038 = EDGE_LOOP ( 'NONE', ( #2800, #2915 ) ) ;
#2039 = CARTESIAN_POINT ( 'NONE',  ( 26.90000000000003400, -1.368781456677084800, 1.722334846612846100 ) ) ;
#2040 = VECTOR ( 'NONE', #1216, 1000.000000000000000 ) ;
#2041 = ADVANCED_FACE ( 'NONE', ( #1977 ), #4552, .F. ) ;
#2042 = EDGE_CURVE ( 'NONE', #2942, #3158, #1879, .T. ) ;
#2043 = DIRECTION ( 'NONE',  ( -1.000000000000000000, 0.0000000000000000000, 0.0000000000000000000 ) ) ;
#2044 = AXIS2_PLACEMENT_3D ( 'NONE', #3210, #3197, #3184 ) ;
#2045 = CARTESIAN_POINT ( 'NONE',  ( 26.90000000000000600, -0.6224597917662562100, 3.256000000377414800 ) ) ;
#2046 = VECTOR ( 'NONE', #3645, 1000.000000000000200 ) ;
#2047 = PLANE ( 'NONE',  #1051 ) ;
#2048 = ORIENTED_EDGE ( 'NONE', *, *, #3983, .T. ) ;
#2049 = VERTEX_POINT ( 'NONE', #4197 ) ;
#2050 = CARTESIAN_POINT ( 'NONE',  ( 4.699999999999999300, 1.374695441470161400E-017, 0.0000000000000000000 ) ) ;
#2051 = CARTESIAN_POINT ( 'NONE',  ( 26.89999999999992400, -0.2500000005133027300, 3.491060010905508100 ) ) ;
#2052 = CARTESIAN_POINT ( 'NONE',  ( -0.4999999994807851100, 0.0000000000000000000, 0.0000000000000000000 ) ) ;
#2053 = DIRECTION ( 'NONE',  ( 5.782411586589356500E-015, 0.0000000000000000000, 1.000000000000000000 ) ) ;
#2054 = VERTEX_POINT ( 'NONE', #4153 ) ;
#2055 = CARTESIAN_POINT ( 'NONE',  ( 26.89999999999999900, 1.528009973660811000, -2.925128378802190500 ) ) ;
#2056 = EDGE_CURVE ( 'NONE', #2603, #875, #2975, .T. ) ;
#2057 = DIRECTION ( 'NONE',  ( 0.0000000000000000000, 0.0000000000000000000, 1.000000000000000000 ) ) ;
#2058 = AXIS2_PLACEMENT_3D ( 'NONE', #2006, #4451, #2372 ) ;
#2059 = CARTESIAN_POINT ( 'NONE',  ( 26.89999999999999900, -1.013713968044101600, -3.141848527351000600 ) ) ;
#2060 = EDGE_LOOP ( 'NONE', ( #3269, #2287, #1190, #1085 ) ) ;
#2061 = VECTOR ( 'NONE', #791, 1000.000000000000000 ) ;
#2062 = EDGE_CURVE ( 'NONE', #3415, #2773, #3927, .T. ) ;
#2063 = CARTESIAN_POINT ( 'NONE',  ( 23.63214285699999500, 5.326137321999999200, 2.844167385999999600 ) ) ;
#2064 = ORIENTED_EDGE ( 'NONE', *, *, #4608, .F. ) ;
#2065 = ORIENTED_EDGE ( 'NONE', *, *, #1343, .F. ) ;
#2066 = CARTESIAN_POINT ( 'NONE',  ( 20.80000000000000400, 5.960029650000000100, 0.6914091210000000700 ) ) ;
#2067 = FACE_OUTER_BOUND ( 'NONE', #2268, .T. ) ;
#2068 = CARTESIAN_POINT ( 'NONE',  ( 22.54285714300000300, 5.292647688000000600, -2.826283858999999700 ) ) ;
#2069 = ORIENTED_EDGE ( 'NONE', *, *, #4345, .T. ) ;
#2070 = AXIS2_PLACEMENT_3D ( 'NONE', #3958, #3914, #3901 ) ;
#2071 = CARTESIAN_POINT ( 'NONE',  ( 26.90000000019789900, 0.0000000000000000000, -3.299999999381765000 ) ) ;
#2072 = DIRECTION ( 'NONE',  ( 1.000000000000000000, 3.226792180016382000E-018, -0.0000000000000000000 ) ) ;
#2073 = VERTEX_POINT ( 'NONE', #3962 ) ;
#2074 = AXIS2_PLACEMENT_3D ( 'NONE', #4586, #4576, #130 ) ;
#2075 = ORIENTED_EDGE ( 'NONE', *, *, #705, .T. ) ;
#2076 = DIRECTION ( 'NONE',  ( -1.000000000000000000, 0.0000000000000000000, 0.0000000000000000000 ) ) ;
#2077 = CARTESIAN_POINT ( 'NONE',  ( 26.89999999999999500, -1.968437121040378200, -2.648669313559000900 ) ) ;
#2078 = CYLINDRICAL_SURFACE ( 'NONE', #3878, 8.400000000000000400 ) ;
#2079 = EDGE_CURVE ( 'NONE', #322, #719, #1448, .T. ) ;
#2080 = CARTESIAN_POINT ( 'NONE',  ( 24.82107097618786200, 1.867247636451449200, -2.420136342113612800 ) ) ;
#2082 = ORIENTED_EDGE ( 'NONE', *, *, #2838, .T. ) ;
#2081 = CARTESIAN_POINT ( 'NONE',  ( 20.80000000000158500, -3.320942202658779600, -4.997133466974295500 ) ) ;
#2083 = VECTOR ( 'NONE', #2863, 1000.000000000000200 ) ;
#2084 = DIRECTION ( 'NONE',  ( -1.000000000000000000, 0.0000000000000000000, 0.0000000000000000000 ) ) ;
#2085 = DIRECTION ( 'NONE',  ( 0.0000000000000000000, 0.5000000000325101100, -0.8660254037656688300 ) ) ;
#2086 = LINE ( 'NONE', #2212, #1965 ) ;
#2087 = EDGE_CURVE ( 'NONE', #4203, #2054, #868, .T. ) ;
#2088 = SURFACE_STYLE_USAGE ( .BOTH. , #4184 ) ;
#2089 = AXIS2_PLACEMENT_3D ( 'NONE', #2709, #2692, #466 ) ;
#2090 = EDGE_CURVE ( 'NONE', #1971, #1153, #1753, .T. ) ;
#2091 = CARTESIAN_POINT ( 'NONE',  ( 7.699999999999998400, 0.0000000000000000000, 0.0000000000000000000 ) ) ;
#2092 = ADVANCED_FACE ( 'NONE', ( #3682 ), #2100, .F. ) ;
#2093 = CARTESIAN_POINT ( 'NONE',  ( 26.90000000000000200, -2.896094600451822700, -1.582311529820850800 ) ) ;
#2094 = CARTESIAN_POINT ( 'NONE',  ( 4.200000000000000200, 0.0000000000000000000, 0.0000000000000000000 ) ) ;
#2095 = ORIENTED_EDGE ( 'NONE', *, *, #2421, .F. ) ;
#2096 = DIRECTION ( 'NONE',  ( 0.0000000000000000000, -0.7071067813170313100, 0.7071067810560637300 ) ) ;
#2097 = AXIS2_PLACEMENT_3D ( 'NONE', #4593, #4624, #4229 ) ;
#2098 = DIRECTION ( 'NONE',  ( -1.000000000000000000, 0.0000000000000000000, 0.0000000000000000000 ) ) ;
#2099 = DIRECTION ( 'NONE',  ( 0.0000000000000000000, 0.0000000000000000000, 1.000000000000000000 ) ) ;
#2100 =( BOUNDED_SURFACE ( )  B_SPLINE_SURFACE ( 3, 3, ( 
 ( #3605, #3730, #3574, #3560 ),
 ( #3541, #3520, #3506, #3488 ),
 ( #3451, #3439, #3425, #3383 ),
 ( #2721, #2796, #3406, #3368 ) ),
 .UNSPECIFIED., .F., .F., .F. ) 
 B_SPLINE_SURFACE_WITH_KNOTS ( ( 4, 4 ),
 ( 4, 4 ),
 ( 0.0000000000000000000, 1.000000000000000000 ),
 ( 0.0000000000000000000, 1.000000000000000000 ),
 .UNSPECIFIED. ) 
 GEOMETRIC_REPRESENTATION_ITEM ( )  RATIONAL_B_SPLINE_SURFACE ( (
 ( 1.000000000000000000, 0.3333333333333330400, 0.3333333333333330400, 1.000000000000000000),
 ( 0.7553208711179720800, 0.2517736237059909900, 0.2517736237059909900, 0.7553208711179720800),
 ( 0.7553208711179720800, 0.2517736237059909900, 0.2517736237059909900, 0.7553208711179720800),
 ( 1.000000000000000000, 0.3333333333333330400, 0.3333333333333330400, 1.000000000000000000) ) ) 
 REPRESENTATION_ITEM ( '' )  SURFACE ( )  );
#2101 = DIRECTION ( 'NONE',  ( 0.0000000000000000000, 1.000000000000000000, 0.0000000000000000000 ) ) ;
#2102 = FACE_OUTER_BOUND ( 'NONE', #3468, .T. ) ;
#2103 = ORIENTED_EDGE ( 'NONE', *, *, #2678, .T. ) ;
#2104 = CARTESIAN_POINT ( 'NONE',  ( 25.85438030388122900, -1.457041969241000400, 2.191722982325317000 ) ) ;
#2105 = FACE_OUTER_BOUND ( 'NONE', #1524, .T. ) ;
#2106 = AXIS2_PLACEMENT_3D ( 'NONE', #1098, #3649, #1470 ) ;
#2107 = ORIENTED_EDGE ( 'NONE', *, *, #3547, .F. ) ;
#2108 = CARTESIAN_POINT ( 'NONE',  ( 7.700000000000000200, 0.0000000000000000000, 6.000000000000000000 ) ) ;
#2109 = VERTEX_POINT ( 'NONE', #3266 ) ;
#2110 = ORIENTED_EDGE ( 'NONE', *, *, #219, .F. ) ;
#2111 = DIRECTION ( 'NONE',  ( 1.000000000000000000, 0.0000000000000000000, 0.0000000000000000000 ) ) ;
#2112 = DIRECTION ( 'NONE',  ( -5.808225924029487500E-017, 1.865174681370263300E-014, -1.000000000000000000 ) ) ;
#2113 = DIRECTION ( 'NONE',  ( -1.000000000000000000, 0.0000000000000000000, 0.0000000000000000000 ) ) ;
#2114 = ADVANCED_FACE ( 'NONE', ( #1635 ), #4342, .F. ) ;
#2115 = EDGE_CURVE ( 'NONE', #2120, #3608, #640, .T. ) ;
#2116 = B_SPLINE_CURVE_WITH_KNOTS ( 'NONE', 3,
 ( #1869, #4254, #4275, #4285, #1895, #1907, #1931, #3287 ),
 .UNSPECIFIED., .F., .F.,
 ( 4, 2, 2, 4 ),
 ( 0.0000000000000000000, 0.001718385960395817800, 0.003436771920791635600, 0.006873543841583271100 ),
 .UNSPECIFIED. ) ;
#2117 = CIRCLE ( 'NONE', #4588, 8.400000000000000400 ) ;
#2118 = CARTESIAN_POINT ( 'NONE',  ( 23.85675555199995300, 0.0000000000000000000, 0.0000000000000000000 ) ) ;
#2119 = CARTESIAN_POINT ( 'NONE',  ( 21.28597509030833400, 5.728528052482476900, 0.9585963260413027400 ) ) ;
#2120 = VERTEX_POINT ( 'NONE', #3128 ) ;
#2121 = EDGE_CURVE ( 'NONE', #4430, #2282, #3452, .T. ) ;
#2122 = CARTESIAN_POINT ( 'NONE',  ( 26.37392023562927400, -1.428509060954078000, 1.950269720805635900 ) ) ;
#2123 = VECTOR ( 'NONE', #3920, 1000.000000000000100 ) ;
#2124 = AXIS2_PLACEMENT_3D ( 'NONE', #4060, #1938, #4387 ) ;
#2125 = CARTESIAN_POINT ( 'NONE',  ( 26.89999999999999900, 1.706174458000000000, -1.352621067999999900 ) ) ;
#2126 = VECTOR ( 'NONE', #457, 1000.000000000000000 ) ;
#2127 = CARTESIAN_POINT ( 'NONE',  ( 24.30660449746795100, 1.840550570483320300, -2.701353144049135000 ) ) ;
#2128 = DIRECTION ( 'NONE',  ( -1.000000000000000000, -0.0000000000000000000, -0.0000000000000000000 ) ) ;
#2129 = CARTESIAN_POINT ( 'NONE',  ( 19.86201196850000300, 8.386618560000002300, -0.4739505500000000300 ) ) ;
#2130 = CARTESIAN_POINT ( 'NONE',  ( -0.3535034340659057300, 5.840230232084943300, -4.884424509366881200 ) ) ;
#2131 = COLOUR_RGB ( '',0.7921568627450980000, 0.8196078431372548800, 0.9333333333333333500 ) ;
#2132 = CARTESIAN_POINT ( 'NONE',  ( 24.82107097617831900, -0.3909513524315875700, -3.031638284867866700 ) ) ;
#2133 = VERTEX_POINT ( 'NONE', #2964 ) ;
#2134 = CARTESIAN_POINT ( 'NONE',  ( 26.89999999999999900, 1.352621067999999900, -1.706174458000000000 ) ) ;
#2135 = CARTESIAN_POINT ( 'NONE',  ( 21.77616053593024500, 5.477559180520171500, 1.194528138552882300 ) ) ;
#2136 = DIRECTION ( 'NONE',  ( -6.453584360032763900E-018, 1.000000000000000000, 0.0000000000000000000 ) ) ;
#2137 = AXIS2_PLACEMENT_3D ( 'NONE', #3484, #3546, #3929 ) ;
#2138 = CIRCLE ( 'NONE', #548, 7.000000000000000000 ) ;
#2139 = ADVANCED_FACE ( 'NONE', ( #3580 ), #4234, .T. ) ;
#2140 = LINE ( 'NONE', #3527, #3917 ) ;
#2141 = ORIENTED_EDGE ( 'NONE', *, *, #147, .F. ) ;
#2142 = DIRECTION ( 'NONE',  ( 0.0000000000000000000, 0.0000000000000000000, 1.000000000000000000 ) ) ;
#2143 = CARTESIAN_POINT ( 'NONE',  ( 0.4397459620000005500, 0.0000000000000000000, 0.0000000000000000000 ) ) ;
#2144 = DIRECTION ( 'NONE',  ( 1.000000000000000000, -0.0000000000000000000, 0.0000000000000000000 ) ) ;
#2145 = CARTESIAN_POINT ( 'NONE',  ( 23.85675555211790700, 4.603762495782620900, 7.026049450376514300 ) ) ;
#2146 = CARTESIAN_POINT ( 'NONE',  ( 20.80000000000000400, -3.725477303000000400, -4.703277459999998900 ) ) ;
#2147 = LINE ( 'NONE', #3333, #2253 ) ;
#2148 = ORIENTED_EDGE ( 'NONE', *, *, #2838, .F. ) ;
#2149 = B_SPLINE_CURVE_WITH_KNOTS ( 'NONE', 3,
 ( #572, #563, #555, #596, #607, #666, #678, #693, #709, #740, #769, #785 ),
 .UNSPECIFIED., .F., .F.,
 ( 4, 2, 2, 2, 2, 4 ),
 ( 1.240627644080098200E-012, 0.001944996281038747200, 0.002917494420937808100, 0.003889992560836868800, 0.005834988840634989700, 0.007779985120433111100 ),
 .UNSPECIFIED. ) ;
#2150 = CARTESIAN_POINT ( 'NONE',  ( 20.80000000017777500, -3.650318670909153500, 2.960603587130026200 ) ) ;
#2151 = CARTESIAN_POINT ( 'NONE',  ( 22.76936971412776200, 4.945937684625982400, 1.604682267893146100 ) ) ;
#2152 = AXIS2_PLACEMENT_3D ( 'NONE', #5, #3661, #4316 ) ;
#2153 = DIRECTION ( 'NONE',  ( -1.000000000000000000, 0.0000000000000000000, 0.0000000000000000000 ) ) ;
#2154 = ORIENTED_EDGE ( 'NONE', *, *, #429, .F. ) ;
#2155 = LINE ( 'NONE', #1995, #3350 ) ;
#2156 = CARTESIAN_POINT ( 'NONE',  ( 26.89999999999999900, 0.0000000000000000000, 0.0000000000000000000 ) ) ;
#2157 = CARTESIAN_POINT ( 'NONE',  ( 21.67319148900000100, -3.302389274999999900, -5.038406497000001300 ) ) ;
#2158 = AXIS2_PLACEMENT_3D ( 'NONE', #3956, #4207, #4195 ) ;
#2159 = ADVANCED_FACE ( 'NONE', ( #1523 ), #1903, .T. ) ;
#2160 = CIRCLE ( 'NONE', #1668, 8.400000000000000400 ) ;
#2161 = EDGE_LOOP ( 'NONE', ( #95, #41, #4448, #4390 ) ) ;
#2162 = AXIS2_PLACEMENT_3D ( 'NONE', #1885, #1857, #1847 ) ;
#2163 = DIRECTION ( 'NONE',  ( -1.000000000000000000, 0.0000000000000000000, 0.0000000000000000000 ) ) ;
#2164 = EDGE_LOOP ( 'NONE', ( #3707, #4627, #962, #1145, #2413 ) ) ;
#2165 = CARTESIAN_POINT ( 'NONE',  ( 23.27323163433741700, 4.665076304641290900, 1.777092914300169700 ) ) ;
#2166 = DIRECTION ( 'NONE',  ( 0.7071067811865469100, 0.0000000000000000000, -0.7071067811865482400 ) ) ;
#2167 = VERTEX_POINT ( 'NONE', #3311 ) ;
#2168 = ORIENTED_EDGE ( 'NONE', *, *, #1378, .F. ) ;
#2169 = SURFACE_STYLE_FILL_AREA ( #2335 ) ;
#2170 = CARTESIAN_POINT ( 'NONE',  ( 21.28597509025735900, 0.9585963260172050100, -5.728528052530363900 ) ) ;
#2171 = DIRECTION ( 'NONE',  ( -1.000000000000000000, 0.0000000000000000000, 0.0000000000000000000 ) ) ;
#2172 = ORIENTED_EDGE ( 'NONE', *, *, #1552, .F. ) ;
#2173 = LINE ( 'NONE', #1095, #3039 ) ;
#2174 = DIRECTION ( 'NONE',  ( 0.0000000000000000000, 0.0000000000000000000, 1.000000000000000000 ) ) ;
#2175 = CARTESIAN_POINT ( 'NONE',  ( 25.81071428600000000, -5.966621169000000600, 0.9254505459999999900 ) ) ;
#2176 = CARTESIAN_POINT ( 'NONE',  ( 22.54285714300000300, -2.826283858999999700, -5.292647688000000600 ) ) ;
#2177 = AXIS2_PLACEMENT_3D ( 'NONE', #4256, #4273, #4289 ) ;
#2178 = VERTEX_POINT ( 'NONE', #1666 ) ;
#2179 = B_SPLINE_CURVE_WITH_KNOTS ( 'NONE', 3,
 ( #834, #989, #996, #1016, #1032, #1049, #1069, #1134, #1147, #1158 ),
 .UNSPECIFIED., .F., .F.,
 ( 4, 2, 2, 2, 4 ),
 ( 6.417618277643343400E-013, 0.001749773991035587200, 0.003499547981429412600, 0.005249321971823237700, 0.006999095962217063300 ),
 .UNSPECIFIED. ) ;
#2180 = CARTESIAN_POINT ( 'NONE',  ( 7.700000000000000200, 7.347880794884119700E-016, -6.000000000000000000 ) ) ;
#2181 = EDGE_LOOP ( 'NONE', ( #66, #4632, #3861, #3665 ) ) ;
#2182 = PLANE ( 'NONE',  #2373 ) ;
#2183 = LINE ( 'NONE', #1835, #1191 ) ;
#2184 = CARTESIAN_POINT ( 'NONE',  ( 24.28986129266309000, 4.092122275357287900, 2.047917016188795200 ) ) ;
#2185 = DIRECTION ( 'NONE',  ( 1.000000000000000000, 3.226792180016382000E-018, -0.0000000000000000000 ) ) ;
#2186 = CARTESIAN_POINT ( 'NONE',  ( 23.63214285699999500, -2.229945683999999600, -5.611093399000002300 ) ) ;
#2187 = ORIENTED_EDGE ( 'NONE', *, *, #3897, .F. ) ;
#2188 = ADVANCED_FACE ( 'NONE', ( #2379 ), #400, .T. ) ;
#2189 = EDGE_LOOP ( 'NONE', ( #951, #2362, #3362, #343, #2447 ) ) ;
#2190 = CARTESIAN_POINT ( 'NONE',  ( 26.90000000000001600, 2.185749299396730900, 0.2500000003733398000 ) ) ;
#2191 = AXIS2_PLACEMENT_3D ( 'NONE', #3021, #3050, #3168 ) ;
#2192 = DIRECTION ( 'NONE',  ( 0.0000000000000000000, 0.0000000000000000000, 1.000000000000000000 ) ) ;
#2193 = LINE ( 'NONE', #2529, #329 ) ;
#2194 = CARTESIAN_POINT ( 'NONE',  ( 24.72142857099999700, -1.577698114999999800, -5.788857284000000500 ) ) ;
#2195 = ORIENTED_EDGE ( 'NONE', *, *, #4013, .T. ) ;
#2196 = EDGE_LOOP ( 'NONE', ( #3123, #4113 ) ) ;
#2197 = CARTESIAN_POINT ( 'NONE',  ( 24.30660449755876200, -0.6086793365820654100, -3.211610916096532300 ) ) ;
#2198 = VECTOR ( 'NONE', #2940, 1000.000000000000000 ) ;
#2199 = DIRECTION ( 'NONE',  ( -0.0000000000000000000, 1.000000000000000000, -0.0000000000000000000 ) ) ;
#2200 = CARTESIAN_POINT ( 'NONE',  ( 24.80512507994279000, 3.797549937141495600, 2.149242891904989500 ) ) ;
#2201 = CYLINDRICAL_SURFACE ( 'NONE', #1121, 6.000000000000000000 ) ;
#2202 = CARTESIAN_POINT ( 'NONE',  ( 15.69999999999999900, 0.0000000000000000000, 0.0000000000000000000 ) ) ;
#2203 = CARTESIAN_POINT ( 'NONE',  ( 25.81071428600000000, -0.9254505459999999900, -5.966621169000000600 ) ) ;
#2204 = EDGE_CURVE ( 'NONE', #1066, #290, #1414, .T. ) ;
#2205 = AXIS2_PLACEMENT_3D ( 'NONE', #3946, #3640, #3624 ) ;
#2206 = CONICAL_SURFACE ( 'NONE', #2977, 2.200000000000000200, 0.3889568801790071500 ) ;
#2207 = CARTESIAN_POINT ( 'NONE',  ( 21.77616053627966500, -1.194528138710499800, 5.477559180337688200 ) ) ;
#2208 = DIRECTION ( 'NONE',  ( 1.000000000000000000, -0.0000000000000000000, -0.0000000000000000000 ) ) ;
#2209 = CARTESIAN_POINT ( 'NONE',  ( -0.4379726025156236400, 6.164299609116215000, -4.323119883220180700 ) ) ;
#2210 = ADVANCED_FACE ( 'NONE', ( #3244 ), #4035, .F. ) ;
#2211 = EDGE_CURVE ( 'NONE', #1575, #1749, #4125, .T. ) ;
#2212 = CARTESIAN_POINT ( 'NONE',  ( 4.700000000000000200, 0.0000000000000000000, 7.500000000000000000 ) ) ;
#2213 = CARTESIAN_POINT ( 'NONE',  ( 25.84458230003215100, 3.214349474690950400, 2.275196556195205200 ) ) ;
#2214 = AXIS2_PLACEMENT_3D ( 'NONE', #3611, #668, #1436 ) ;
#2215 = CARTESIAN_POINT ( 'NONE',  ( 0.4397459620000000500, 0.0000000000000000000, 0.0000000000000000000 ) ) ;
#2216 = CARTESIAN_POINT ( 'NONE',  ( 26.89999999999999900, -0.2500000000000000000, -5.994789404000000500 ) ) ;
#2217 = FACE_OUTER_BOUND ( 'NONE', #250, .T. ) ;
#2218 = CARTESIAN_POINT ( 'NONE',  ( 24.28986129273021200, -4.341663419708545700, 1.445471401083821900 ) ) ;
#2219 = ORIENTED_EDGE ( 'NONE', *, *, #1213, .F. ) ;
#2220 = CARTESIAN_POINT ( 'NONE',  ( 20.80000000012879000, 2.194917031954264800, 3.446997704529120900 ) ) ;
#2221 = ORIENTED_EDGE ( 'NONE', *, *, #2042, .T. ) ;
#2222 = CARTESIAN_POINT ( 'NONE',  ( 20.80000000000000400, -1.473426960999999900, -1.603005935000000100 ) ) ;
#2223 = ORIENTED_EDGE ( 'NONE', *, *, #3048, .F. ) ;
#2224 = ORIENTED_EDGE ( 'NONE', *, *, #1017, .F. ) ;
#2225 = DIRECTION ( 'NONE',  ( -0.0000000000000000000, 0.9876741753636227900, 0.1565238745999711400 ) ) ;
#2226 = CARTESIAN_POINT ( 'NONE',  ( 26.90000000000003400, 0.0000000000000000000, 1.399999999999985700 ) ) ;
#2227 = EDGE_LOOP ( 'NONE', ( #1610, #3 ) ) ;
#2228 = CARTESIAN_POINT ( 'NONE',  ( 21.67319148900000100, -1.329226958999999900, -1.735549531000000000 ) ) ;
#2229 = CIRCLE ( 'NONE', #182, 3.899999999999984400 ) ;
#2230 = ADVANCED_FACE ( 'NONE', ( #2261 ), #1810, .T. ) ;
#2231 = EDGE_CURVE ( 'NONE', #719, #1740, #2155, .T. ) ;
#2232 = CARTESIAN_POINT ( 'NONE',  ( 7.700000000000000200, -4.603762496000000800, 7.026049450000000400 ) ) ;
#2233 = ORIENTED_EDGE ( 'NONE', *, *, #4009, .F. ) ;
#2234 = FACE_OUTER_BOUND ( 'NONE', #1841, .T. ) ;
#2235 = ORIENTED_EDGE ( 'NONE', *, *, #245, .T. ) ;
#2236 = CIRCLE ( 'NONE', #2089, 5.999999999999897000 ) ;
#2237 =( NAMED_UNIT ( * ) PLANE_ANGLE_UNIT ( ) SI_UNIT ( $, .RADIAN. ) );
#2238 = DIRECTION ( 'NONE',  ( 0.0000000000000000000, 0.0000000000000000000, -1.000000000000000000 ) ) ;
#2239 = EDGE_CURVE ( 'NONE', #2025, #4225, #2742, .T. ) ;
#2240 = CARTESIAN_POINT ( 'NONE',  ( 23.63214285699999500, 5.777277863000000100, -1.755017772000000200 ) ) ;
#2241 = CARTESIAN_POINT ( 'NONE',  ( -0.4601808444889473600, 6.330408079217938200, -4.035411573461402700 ) ) ;
#2242 = ORIENTED_EDGE ( 'NONE', *, *, #2354, .F. ) ;
#2243 =( BOUNDED_SURFACE ( )  B_SPLINE_SURFACE ( 3, 3, ( 
 ( #1023, #1039, #987, #955 ),
 ( #906, #863, #849, #842 ),
 ( #833, #823, #812, #804 ),
 ( #799, #793, #776, #746 ) ),
 .UNSPECIFIED., .F., .F., .T. ) 
 B_SPLINE_SURFACE_WITH_KNOTS ( ( 4, 4 ),
 ( 4, 4 ),
 ( 0.0000000000000000000, 1.000000000000000000 ),
 ( 0.0000000000000000000, 1.000000000000000000 ),
 .UNSPECIFIED. ) 
 GEOMETRIC_REPRESENTATION_ITEM ( )  RATIONAL_B_SPLINE_SURFACE ( (
 ( 1.000000000000000000, 0.3333333333333330400, 0.3333333333333330400, 1.000000000000000000),
 ( 0.7553208711179720800, 0.2517736237059909900, 0.2517736237059909900, 0.7553208711179720800),
 ( 0.7553208711179720800, 0.2517736237059909900, 0.2517736237059909900, 0.7553208711179720800),
 ( 1.000000000000000000, 0.3333333333333330400, 0.3333333333333330400, 1.000000000000000000) ) ) 
 REPRESENTATION_ITEM ( '' )  SURFACE ( )  );
#2244 = DIRECTION ( 'NONE',  ( 1.000000000000000000, 0.0000000000000000000, 0.0000000000000000000 ) ) ;
#2245 = FACE_OUTER_BOUND ( 'NONE', #733, .T. ) ;
#2246 = CARTESIAN_POINT ( 'NONE',  ( 20.79999999999993000, 0.0000000000000000000, 0.0000000000000000000 ) ) ;
#2247 = VECTOR ( 'NONE', #4173, 1000.000000000000100 ) ;
#2248 = ORIENTED_EDGE ( 'NONE', *, *, #3249, .T. ) ;
#2249 = ADVANCED_FACE ( 'NONE', ( #3135 ), #68, .T. ) ;
#2250 = CARTESIAN_POINT ( 'NONE',  ( 15.19999999999999800, -4.603762497715677200, 7.026049449109894600 ) ) ;
#2251 = DIRECTION ( 'NONE',  ( 0.0000000000000000000, 0.0000000000000000000, 1.000000000000000000 ) ) ;
#2252 = CARTESIAN_POINT ( 'NONE',  ( 26.89999999999999900, 0.0000000000000000000, -3.500000000000000000 ) ) ;
#2253 = VECTOR ( 'NONE', #84, 1000.000000000000100 ) ;
#2254 = CARTESIAN_POINT ( 'NONE',  ( 7.699999999999998400, 0.0000000000000000000, 0.0000000000000000000 ) ) ;
#2255 = CARTESIAN_POINT ( 'NONE',  ( 22.54285714300000300, -1.163687211999999900, -1.840230178000000100 ) ) ;
#2256 = ORIENTED_EDGE ( 'NONE', *, *, #4202, .F. ) ;
#2257 = DIRECTION ( 'NONE',  ( 0.0000000000000000000, 0.5000000000325102200, 0.8660254037656688300 ) ) ;
#2258 = AXIS2_PLACEMENT_3D ( 'NONE', #2118, #2098, #2053 ) ;
#2259 = CARTESIAN_POINT ( 'NONE',  ( 20.80000000006638300, 0.4877022122699006300, -4.674627958671976600 ) ) ;
#2260 = DIRECTION ( 'NONE',  ( 0.0000000000000000000, 0.0000000000000000000, 1.000000000000000000 ) ) ;
#2261 = FACE_OUTER_BOUND ( 'NONE', #3326, .T. ) ;
#2262 = CARTESIAN_POINT ( 'NONE',  ( 26.36869308874418400, -2.925643987106259400, -2.300761983104899300 ) ) ;
#2263 = VERTEX_POINT ( 'NONE', #1744 ) ;
#2264 = CARTESIAN_POINT ( 'NONE',  ( 0.4397459618446960500, 8.386618560172431500, 0.4739505497013434800 ) ) ;
#2265 = PRODUCT_DEFINITION_FORMATION_WITH_SPECIFIED_SOURCE ( 'ANY', '', #3453, .NOT_KNOWN. ) ;
#2266 = CARTESIAN_POINT ( 'NONE',  ( 23.63214285699999500, -0.9563430680000000200, -1.971346236999999900 ) ) ;
#2267 = LINE ( 'NONE', #885, #289 ) ;
#2268 = EDGE_LOOP ( 'NONE', ( #4040, #1638, #1358, #1653 ) ) ;
#2269 = VERTEX_POINT ( 'NONE', #1730 ) ;
#2270 = ADVANCED_FACE ( 'NONE', ( #3024 ), #1167, .T. ) ;
#2271 = DIRECTION ( 'NONE',  ( 5.782411586589356500E-015, 0.0000000000000000000, 1.000000000000000000 ) ) ;
#2272 = ORIENTED_EDGE ( 'NONE', *, *, #2056, .T. ) ;
#2273 = CARTESIAN_POINT ( 'NONE',  ( 23.28937044944713400, 1.716559005215836600, -3.260788037839773800 ) ) ;
#2274 = CARTESIAN_POINT ( 'NONE',  ( 21.78082501724857400, 0.8970388415625337700, -4.227762777413032900 ) ) ;
#2275 = PRESENTATION_STYLE_ASSIGNMENT (( #2798 ) ) ;
#2276 = CARTESIAN_POINT ( 'NONE',  ( 21.77845964145279100, 4.969933368813894200, -2.594365239982479000 ) ) ;
#2277 = EDGE_CURVE ( 'NONE', #2934, #2614, #3903, .T. ) ;
#2278 = AXIS2_PLACEMENT_3D ( 'NONE', #2091, #2076, #2057 ) ;
#2279 = ORIENTED_EDGE ( 'NONE', *, *, #4620, .T. ) ;
#2280 = CARTESIAN_POINT ( 'NONE',  ( 15.19999999999999900, -1.787747271648447900E-015, 0.0000000000000000000 ) ) ;
#2281 = LINE ( 'NONE', #2824, #3263 ) ;
#2282 = VERTEX_POINT ( 'NONE', #1471 ) ;
#2283 = DIRECTION ( 'NONE',  ( -1.000000000000000000, 0.0000000000000000000, 0.0000000000000000000 ) ) ;
#2284 = ORIENTED_EDGE ( 'NONE', *, *, #3514, .T. ) ;
#2285 = CARTESIAN_POINT ( 'NONE',  ( 20.80000000000000400, 0.0000000000000000000, 0.0000000000000000000 ) ) ;
#2286 = EDGE_LOOP ( 'NONE', ( #3232, #3018, #2912, #2729 ) ) ;
#2287 = ORIENTED_EDGE ( 'NONE', *, *, #3909, .T. ) ;
#2288 = FACE_OUTER_BOUND ( 'NONE', #1124, .T. ) ;
#2289 = CARTESIAN_POINT ( 'NONE',  ( 22.77975589650876400, 1.184377631528177100, -3.718875899529057600 ) ) ;
#2290 = ORIENTED_EDGE ( 'NONE', *, *, #2035, .T. ) ;
#2291 = VERTEX_POINT ( 'NONE', #1477 ) ;
#2292 = CARTESIAN_POINT ( 'NONE',  ( 7.700000000000000200, -8.500799999999999900, 7.500000000000000000 ) ) ;
#2293 = EDGE_CURVE ( 'NONE', #606, #2712, #180, .T. ) ;
#2294 = AXIS2_PLACEMENT_3D ( 'NONE', #1636, #2743, #3792 ) ;
#2295 = ADVANCED_FACE ( 'NONE', ( #3933 ), #1425, .T. ) ;
#2296 = DIRECTION ( 'NONE',  ( -1.000000000000000000, 0.0000000000000000000, 0.0000000000000000000 ) ) ;
#2297 = VECTOR ( 'NONE', #4545, 1000.000000000000000 ) ;
#2298 = EDGE_CURVE ( 'NONE', #1526, #2282, #1924, .T. ) ;
#2299 = CARTESIAN_POINT ( 'NONE',  ( 24.30984629971273800, 1.405959570248515700, -2.947669780051601400 ) ) ;
#2300 = ORIENTED_EDGE ( 'NONE', *, *, #1851, .F. ) ;
#2301 = DIRECTION ( 'NONE',  ( 0.0000000000000000000, 1.000000000000000000, 0.0000000000000000000 ) ) ;
#2302 = CARTESIAN_POINT ( 'NONE',  ( 24.72142857099999700, -0.7250214070000001700, -2.053036530000000000 ) ) ;
#2303 =( BOUNDED_SURFACE ( )  B_SPLINE_SURFACE ( 1, 2, ( 
 ( #4036, #2791, #2315, #1826, #1229, #570, #2547 ),
 ( #2533, #2510, #2497, #2483, #2465, #2446, #2432 ) ),
 .UNSPECIFIED., .F., .F., .F. ) 
 B_SPLINE_SURFACE_WITH_KNOTS ( ( 2, 2 ),
 ( 3, 2, 2, 3 ),
 ( 0.0000000000000000000, 0.7107636051733861000 ),
 ( 0.0000000000000000000, 0.03571428571428570500, 0.07142857142857142500, 0.09997839300211232300 ),
 .UNSPECIFIED. ) 
 GEOMETRIC_REPRESENTATION_ITEM ( )  RATIONAL_B_SPLINE_SURFACE ( (
 ( 1.000000000000000000, 0.9937122098932428300, 1.000000000000000000, 0.9937122098932428300, 1.000000000000000000, 0.9949735720020860300, 0.9979833468637628900),
 ( 1.000000000000000000, 0.9937122098932418300, 1.000000000000000000, 0.9937122098932418300, 1.000000000000000000, 0.9949735720020860300, 0.9979833468637628900) ) ) 
 REPRESENTATION_ITEM ( '' )  SURFACE ( )  );
#2304 = ORIENTED_EDGE ( 'NONE', *, *, #23, .F. ) ;
#2305 = LINE ( 'NONE', #2955, #218 ) ;
#2306 = LINE ( 'NONE', #3559, #4166 ) ;
#2307 = CARTESIAN_POINT ( 'NONE',  ( 0.0000000000000000000, 0.0000000000000000000, -6.000000000000000000 ) ) ;
#2308 = CARTESIAN_POINT ( 'NONE',  ( 25.81071428600000000, -0.4254505460000000400, -6.022957638999998600 ) ) ;
#2309 = FACE_OUTER_BOUND ( 'NONE', #2181, .T. ) ;
#2310 = ORIENTED_EDGE ( 'NONE', *, *, #3067, .T. ) ;
#2311 = CARTESIAN_POINT ( 'NONE',  ( 24.82287172454114800, 1.446133829001891000, -2.690066217654703000 ) ) ;
#2312 = CARTESIAN_POINT ( 'NONE',  ( 23.85675555200000300, 0.0000000000000000000, 0.0000000000000000000 ) ) ;
#2313 = AXIS2_PLACEMENT_3D ( 'NONE', #3002, #1009, #991 ) ;
#2314 = DIRECTION ( 'NONE',  ( 0.0000000000000000000, 0.0000000000000000000, -1.000000000000000000 ) ) ;
#2315 = CARTESIAN_POINT ( 'NONE',  ( 24.72142857099999700, -4.942925238999999100, -3.401101305000000100 ) ) ;
#2316 = CARTESIAN_POINT ( 'NONE',  ( 25.81071428600000000, -0.4936997449999999100, -2.134726823999999500 ) ) ;
#2317 = EDGE_CURVE ( 'NONE', #3369, #4310, #2924, .T. ) ;
#2318 = ORIENTED_EDGE ( 'NONE', *, *, #1620, .F. ) ;
#2319 = CARTESIAN_POINT ( 'NONE',  ( 26.89999999999999900, 0.2500000000000000000, 4.078842231499999500 ) ) ;
#2320 = CARTESIAN_POINT ( 'NONE',  ( 20.80000000000000400, -3.320942202999999500, -4.997133466999999400 ) ) ;
#2321 = CARTESIAN_POINT ( 'NONE',  ( 21.29082889337487900, 4.347772809640114000, 1.182424066740055000 ) ) ;
#2322 = EDGE_CURVE ( 'NONE', #3262, #3356, #933, .T. ) ;
#2323 = CONICAL_SURFACE ( 'NONE', #4050, 3.500000000000000000, 0.3889568801790071500 ) ;
#2324 = EDGE_CURVE ( 'NONE', #3366, #401, #1054, .T. ) ;
#2325 = CARTESIAN_POINT ( 'NONE',  ( 2.100796005499999900, 3.782856064000000200, -7.500000000000000000 ) ) ;
#2326 = ORIENTED_EDGE ( 'NONE', *, *, #2115, .F. ) ;
#2327 = CARTESIAN_POINT ( 'NONE',  ( 4.200000000000000200, 0.0000000000000000000, 0.0000000000000000000 ) ) ;
#2328 = EDGE_LOOP ( 'NONE', ( #3565, #4171, #3182, #3014 ) ) ;
#2329 = CARTESIAN_POINT ( 'NONE',  ( 26.90000000000001600, 1.368781456169179300, -1.722334847016499900 ) ) ;
#2330 = ORIENTED_EDGE ( 'NONE', *, *, #3777, .T. ) ;
#2331 = CARTESIAN_POINT ( 'NONE',  ( 7.700000000000000200, 0.0000000000000000000, -7.500000000000000000 ) ) ;
#2332 = CARTESIAN_POINT ( 'NONE',  ( 25.84458229998480800, 3.881695224054403600, -0.6640813974655720400 ) ) ;
#2333 = DIRECTION ( 'NONE',  ( -1.000000000000000000, -0.0000000000000000000, -0.0000000000000000000 ) ) ;
#2334 = B_SPLINE_CURVE_WITH_KNOTS ( 'NONE', 3,
 ( #3713, #3360, #2276, #64, #2665, #423, #3029, #794, #3375, #1181 ),
 .UNSPECIFIED., .F., .F.,
 ( 4, 2, 2, 2, 4 ),
 ( 2.256741819949423600E-013, 0.001827478122448563200, 0.003654956244671452400, 0.005482434366894341700, 0.007309912489117231100 ),
 .UNSPECIFIED. ) ;
#2335 = FILL_AREA_STYLE ('',( #2775 ) ) ;
#2336 = AXIS2_PLACEMENT_3D ( 'NONE', #2254, #2283, #4606 ) ;
#2337 = CARTESIAN_POINT ( 'NONE',  ( 7.700000000000000200, 0.0000000000000000000, 0.0000000000000000000 ) ) ;
#2338 = VERTEX_POINT ( 'NONE', #1120 ) ;
#2339 = DIRECTION ( 'NONE',  ( -0.7071067811865472400, 8.659560562354937800E-017, -0.7071067811865479100 ) ) ;
#2340 = EDGE_LOOP ( 'NONE', ( #3472, #4253, #418, #1313 ) ) ;
#2341 = CONICAL_SURFACE ( 'NONE', #2948, 3.500000000000000000, 0.3889568801790071500 ) ;
#2342 = ORIENTED_EDGE ( 'NONE', *, *, #2881, .F. ) ;
#2343 = CARTESIAN_POINT ( 'NONE',  ( 12.90000000000000000, 0.0000000000000000000, 0.0000000000000000000 ) ) ;
#2344 = DIRECTION ( 'NONE',  ( -1.000000000000000000, 0.0000000000000000000, 0.0000000000000000000 ) ) ;
#2345 = CIRCLE ( 'NONE', #1103, 6.499999999999926300 ) ;
#2346 = DIRECTION ( 'NONE',  ( -0.9253051386606718800, 0.0000000000000000000, 0.3792234174838821100 ) ) ;
#2347 = CARTESIAN_POINT ( 'NONE',  ( -0.4603998682890422800, 6.822250540219343400, -3.183515441761113800 ) ) ;
#2348 = ADVANCED_FACE ( 'NONE', ( #1818 ), #3629, .F. ) ;
#2349 = CARTESIAN_POINT ( 'NONE',  ( 22.78364746222890200, -1.360552134975762800, -3.647984239497002300 ) ) ;
#2350 = EDGE_CURVE ( 'NONE', #3938, #809, #2810, .T. ) ;
#2351 = FACE_OUTER_BOUND ( 'NONE', #529, .T. ) ;
#2352 = EDGE_CURVE ( 'NONE', #2744, #3313, #4502, .T. ) ;
#2353 = CARTESIAN_POINT ( 'NONE',  ( 20.80000000006804200, -4.674627958680678900, -0.4877022122710617500 ) ) ;
#2354 = EDGE_CURVE ( 'NONE', #75, #1104, #2683, .T. ) ;
#2355 = CYLINDRICAL_SURFACE ( 'NONE', #1068, 8.400000000000000400 ) ;
#2356 = AXIS2_PLACEMENT_3D ( 'NONE', #789, #4047, #4378 ) ;
#2357 = CARTESIAN_POINT ( 'NONE',  ( 26.89999999999999900, -3.229682772754742800, 0.6785544505588039200 ) ) ;
#2358 =( BOUNDED_SURFACE ( )  B_SPLINE_SURFACE ( 1, 2, ( 
 ( #4165, #4185, #4075, #2240, #1784, #1252, #4292 ),
 ( #4307, #4323, #4333, #4346, #4398, #4423, #4514 ) ),
 .UNSPECIFIED., .F., .F., .F. ) 
 B_SPLINE_SURFACE_WITH_KNOTS ( ( 2, 2 ),
 ( 3, 2, 2, 3 ),
 ( 0.0000000000000000000, 0.7107636051733731100 ),
 ( 0.0000000000000000000, 0.03571428571428570500, 0.07142857142857142500, 0.09997839300211182300 ),
 .UNSPECIFIED. ) 
 GEOMETRIC_REPRESENTATION_ITEM ( )  RATIONAL_B_SPLINE_SURFACE ( (
 ( 1.000000000000000000, 0.9937122098932428300, 1.000000000000000000, 0.9937122098932428300, 1.000000000000000000, 0.9949735720020860300, 0.9979833468637628900),
 ( 1.000000000000000000, 0.9937122098932428300, 1.000000000000000000, 0.9937122098932428300, 1.000000000000000000, 0.9949735720020860300, 0.9979833468637628900) ) ) 
 REPRESENTATION_ITEM ( '' )  SURFACE ( )  );
#2359 = DIRECTION ( 'NONE',  ( 1.000000000000000000, 0.0000000000000000000, 0.0000000000000000000 ) ) ;
#2360 = CARTESIAN_POINT ( 'NONE',  ( 25.85438030382619000, 1.457041969242342900, -2.191722982351369100 ) ) ;
#2361 = VECTOR ( 'NONE', #317, 1000.000000000000000 ) ;
#2362 = ORIENTED_EDGE ( 'NONE', *, *, #440, .F. ) ;
#2363 = DIRECTION ( 'NONE',  ( 0.0000000000000000000, 0.0000000000000000000, 1.000000000000000000 ) ) ;
#2364 = ORIENTED_EDGE ( 'NONE', *, *, #284, .F. ) ;
#2365 = B_SPLINE_CURVE_WITH_KNOTS ( 'NONE', 3,
 ( #4433, #1987, #495, #3100, #878, #3444 ),
 .UNSPECIFIED., .F., .F.,
 ( 4, 2, 4 ),
 ( -1.818687778501471000E-012, 0.001946663284855806600, 0.003893326571530301300 ),
 .UNSPECIFIED. ) ;
#2366 = ADVANCED_FACE ( 'NONE', ( #4386 ), #277, .F. ) ;
#2367 = CARTESIAN_POINT ( 'NONE',  ( 26.89999999999999900, 2.896094600451868000, 1.582311529820752400 ) ) ;
#2368 = VERTEX_POINT ( 'NONE', #1795 ) ;
#2369 = FILL_AREA_STYLE_COLOUR ( '', #2131 ) ;
#2370 = CARTESIAN_POINT ( 'NONE',  ( 21.78082501727629600, -4.227762777419171900, -0.8970388415759849000 ) ) ;
#2371 = ADVANCED_FACE ( 'NONE', ( #4023 ), #1099, .T. ) ;
#2372 = DIRECTION ( 'NONE',  ( 0.0000000000000000000, 1.224646799147353200E-016, 1.000000000000000000 ) ) ;
#2373 = AXIS2_PLACEMENT_3D ( 'NONE', #3591, #2296, #2251 ) ;
#2374 = CARTESIAN_POINT ( 'NONE',  ( 26.89999999999999900, -2.527218822669735000, 2.122121840968131100 ) ) ;
#2375 = CARTESIAN_POINT ( 'NONE',  ( 24.69999999999999900, 0.0000000000000000000, 0.0000000000000000000 ) ) ;
#2376 = CARTESIAN_POINT ( 'NONE',  ( 26.89999999999999900, 0.0000000000000000000, 0.0000000000000000000 ) ) ;
#2377 = DIRECTION ( 'NONE',  ( -0.9253051386606718800, 4.644147443833566600E-017, -0.3792234174838821100 ) ) ;
#2378 = CARTESIAN_POINT ( 'NONE',  ( 19.86201196850000300, 8.386618560000002300, 0.4739505500000000300 ) ) ;
#2379 = FACE_OUTER_BOUND ( 'NONE', #3678, .T. ) ;
#2380 = ORIENTED_EDGE ( 'NONE', *, *, #476, .T. ) ;
#2381 = CARTESIAN_POINT ( 'NONE',  ( 7.699999999999998400, 7.228014483236683500E-017, 0.0000000000000000000 ) ) ;
#2382 = CARTESIAN_POINT ( 'NONE',  ( 26.89999999999999900, 3.206650512597063200, -0.7800414168332063800 ) ) ;
#2383 = VECTOR ( 'NONE', #3769, 1000.000000000000000 ) ;
#2384 = CARTESIAN_POINT ( 'NONE',  ( 26.89999999999999900, 1.403807588574300900, 2.986542715866475500 ) ) ;
#2385 = ORIENTED_EDGE ( 'NONE', *, *, #1741, .F. ) ;
#2386 = EDGE_LOOP ( 'NONE', ( #1203, #775, #2777, #4413 ) ) ;
#2387 = CARTESIAN_POINT ( 'NONE',  ( 22.77975589655695300, -3.718875899504502600, -1.184377631541829700 ) ) ;
#2388 = AXIS2_PLACEMENT_3D ( 'NONE', #1877, #20, #2619 ) ;
#2389 =( BOUNDED_CURVE ( )  B_SPLINE_CURVE ( 3, ( #3758, #3743, #3705, #3770 ),
 .UNSPECIFIED., .F., .T. ) 
 B_SPLINE_CURVE_WITH_KNOTS ( ( 4, 4 ),
 ( 0.06314145700000004000, 0.9368585430665340400 ),
 .UNSPECIFIED. ) 
 CURVE ( )  GEOMETRIC_REPRESENTATION_ITEM ( )  RATIONAL_B_SPLINE_CURVE ( ( 0.9565783021659930400, 0.7697947703817507000, 0.7697947703959743300, 0.9565783022086641300 ) ) 
 REPRESENTATION_ITEM ( '' )  );
#2390 = EDGE_CURVE ( 'NONE', #2133, #2655, #3236, .T. ) ;
#2391 = CARTESIAN_POINT ( 'NONE',  ( 26.89999999999999900, -1.528009973660449100, 2.925128378802470200 ) ) ;
#2392 = ORIENTED_EDGE ( 'NONE', *, *, #369, .T. ) ;
#2393 = ORIENTED_EDGE ( 'NONE', *, *, #379, .T. ) ;
#2394 = DIRECTION ( 'NONE',  ( 0.0000000000000000000, 0.0000000000000000000, -1.000000000000000000 ) ) ;
#2395 = VECTOR ( 'NONE', #3974, 1000.000000000000000 ) ;
#2396 = CARTESIAN_POINT ( 'NONE',  ( 24.39884126837932900, -1.286845766006157000, 7.499999999709301000 ) ) ;
#2397 = CARTESIAN_POINT ( 'NONE',  ( 12.90000000000000000, -6.495190528000001100, 3.750000000000000400 ) ) ;
#2398 = CARTESIAN_POINT ( 'NONE',  ( -0.3736325257540406600, 7.143437228638569000, -2.627203778752448900 ) ) ;
#2399 = ADVANCED_FACE ( 'NONE', ( #1276 ), #167, .T. ) ;
#2400 = ORIENTED_EDGE ( 'NONE', *, *, #3314, .F. ) ;
#2401 = ORIENTED_EDGE ( 'NONE', *, *, #2439, .F. ) ;
#2402 = VECTOR ( 'NONE', #3298, 1000.000000000000000 ) ;
#2403 = VERTEX_POINT ( 'NONE', #4625 ) ;
#2404 = DIRECTION ( 'NONE',  ( 0.0000000000000000000, 0.0000000000000000000, 1.000000000000000000 ) ) ;
#2405 = AXIS2_PLACEMENT_3D ( 'NONE', #3261, #3486, #3404 ) ;
#2406 = ORIENTED_EDGE ( 'NONE', *, *, #96, .T. ) ;
#2407 = CARTESIAN_POINT ( 'NONE',  ( 26.90000000000000200, 2.495802248491431700, -2.158973087582866800 ) ) ;
#2408 = AXIS2_PLACEMENT_3D ( 'NONE', #2932, #3617, #3162 ) ;
#2409 = ORIENTED_EDGE ( 'NONE', *, *, #4505, .T. ) ;
#2410 = CARTESIAN_POINT ( 'NONE',  ( 24.30984629979875700, -2.947669780008383500, -1.405959570257640600 ) ) ;
#2411 = VECTOR ( 'NONE', #1538, 1000.000000000000000 ) ;
#2412 = CARTESIAN_POINT ( 'NONE',  ( 26.89999999999999900, -0.1570557461526878600, -3.300000000382513800 ) ) ;
#2413 = ORIENTED_EDGE ( 'NONE', *, *, #3960, .F. ) ;
#2414 = CARTESIAN_POINT ( 'NONE',  ( 26.90000000019789900, 0.0000000000000000000, 3.299999999381764100 ) ) ;
#2415 = ORIENTED_EDGE ( 'NONE', *, *, #3196, .F. ) ;
#2416 = CARTESIAN_POINT ( 'NONE',  ( 24.19274937488753000, -2.544158430660852200, 7.499999999620707800 ) ) ;
#2417 = CARTESIAN_POINT ( 'NONE',  ( 24.30984629990312100, -3.078480836178161300, 1.090153744258468600 ) ) ;
#2418 = DIRECTION ( 'NONE',  ( 1.000000000000000000, 7.228014483236695800E-017, -0.0000000000000000000 ) ) ;
#2419 = CIRCLE ( 'NONE', #450, 8.400000000000000400 ) ;
#2420 = ORIENTED_EDGE ( 'NONE', *, *, #735, .T. ) ;
#2421 = EDGE_CURVE ( 'NONE', #3356, #2133, #2147, .T. ) ;
#2422 = CARTESIAN_POINT ( 'NONE',  ( 26.90000000000000600, 1.469604393443982200, -2.954727608251204200 ) ) ;
#2423 = AXIS2_PLACEMENT_3D ( 'NONE', #4590, #4633, #522 ) ;
#2424 = CIRCLE ( 'NONE', #4610, 6.000000000000000000 ) ;
#2425 = CARTESIAN_POINT ( 'NONE',  ( 24.82287172464154800, -2.690066217604785100, -1.446133829007991500 ) ) ;
#2426 = FACE_OUTER_BOUND ( 'NONE', #3985, .T. ) ;
#2427 = ADVANCED_FACE ( 'NONE', ( #3122, #1157 ), #25, .F. ) ;
#2428 = CARTESIAN_POINT ( 'NONE',  ( 26.89999999999999900, -1.297345088667041500, -3.034923383033221200 ) ) ;
#2429 = CARTESIAN_POINT ( 'NONE',  ( 21.67319148900000100, 5.775147704000001900, 1.714346506000000000 ) ) ;
#2430 = FACE_OUTER_BOUND ( 'NONE', #3073, .T. ) ;
#2431 = ORIENTED_EDGE ( 'NONE', *, *, #4287, .T. ) ;
#2432 = CARTESIAN_POINT ( 'NONE',  ( 20.80000000000000400, -2.097104625000000100, -0.5854632589999997400 ) ) ;
#2433 = CARTESIAN_POINT ( 'NONE',  ( 20.80000000000000400, 4.703277459999998900, -3.725477303000000400 ) ) ;
#2434 = MECHANICAL_DESIGN_GEOMETRIC_PRESENTATION_REPRESENTATION (  '', ( #1937 ), #2693 ) ;
#2435 = DIRECTION ( 'NONE',  ( -0.0000000000000000000, 0.5000000000325102200, 0.8660254037656688300 ) ) ;
#2436 = CARTESIAN_POINT ( 'NONE',  ( 23.85675555198309900, -3.782856063937774400, 7.500000000000000000 ) ) ;
#2437 = VERTEX_POINT ( 'NONE', #1935 ) ;
#2438 = CARTESIAN_POINT ( 'NONE',  ( 26.90000000000003400, -1.722334846472475000, -1.368781456853713100 ) ) ;
#2439 = EDGE_CURVE ( 'NONE', #875, #533, #3872, .T. ) ;
#2440 = CARTESIAN_POINT ( 'NONE',  ( 26.89999999999999900, -2.205167984584834900, -2.459862491469664700 ) ) ;
#2441 = AXIS2_PLACEMENT_3D ( 'NONE', #3456, #3115, #2019 ) ;
#2442 = CARTESIAN_POINT ( 'NONE',  ( 26.89999999999999900, 4.286263797015736600E-016, 3.500000000000000000 ) ) ;
#2443 = FACE_OUTER_BOUND ( 'NONE', #4469, .T. ) ;
#2444 = CARTESIAN_POINT ( 'NONE',  ( 22.78364746188523100, 1.617458752584253400, -3.541570034376754000 ) ) ;
#2445 = ORIENTED_EDGE ( 'NONE', *, *, #35, .F. ) ;
#2446 = CARTESIAN_POINT ( 'NONE',  ( 21.67319148900000100, -2.044438691999999100, -0.7741104029999998900 ) ) ;
#2447 = ORIENTED_EDGE ( 'NONE', *, *, #2935, .F. ) ;
#2448 = PLANE ( 'NONE',  #431 ) ;
#2449 = ADVANCED_FACE ( 'NONE', ( #2029 ), #3820, .T. ) ;
#2450 = DIRECTION ( 'NONE',  ( -1.000000000000000000, -7.228014483236695800E-017, 0.0000000000000000000 ) ) ;
#2451 = CARTESIAN_POINT ( 'NONE',  ( 15.69999999999999900, 0.0000000000000000000, 5.500000000000000000 ) ) ;
#2452 = EDGE_LOOP ( 'NONE', ( #601, #473, #265, #152 ) ) ;
#2453 =( NAMED_UNIT ( * ) PLANE_ANGLE_UNIT ( ) SI_UNIT ( $, .RADIAN. ) );
#2454 = UNCERTAINTY_MEASURE_WITH_UNIT (LENGTH_MEASURE( 1.000000000000000100E-005 ), #3242, 'distance_accuracy_value', 'NONE');
#2455 = CARTESIAN_POINT ( 'NONE',  ( 24.39884126843500000, 1.286845765467395300, 7.499999999709299200 ) ) ;
#2456 = EDGE_CURVE ( 'NONE', #505, #1745, #57, .T. ) ;
#2457 = CARTESIAN_POINT ( 'NONE',  ( 25.85438030395415200, -2.191722982290961900, -1.457041969238654500 ) ) ;
#2458 = ORIENTED_EDGE ( 'NONE', *, *, #2010, .T. ) ;
#2459 = CARTESIAN_POINT ( 'NONE',  ( 26.89999999999999900, -3.057292554174408500, -1.254769518927712600 ) ) ;
#2460 = ORIENTED_EDGE ( 'NONE', *, *, #1197, .T. ) ;
#2461 = CARTESIAN_POINT ( 'NONE',  ( 26.90000000000003400, 0.0000000000000000000, 0.0000000000000000000 ) ) ;
#2462 = ORIENTED_EDGE ( 'NONE', *, *, #1269, .F. ) ;
#2463 = ORIENTED_EDGE ( 'NONE', *, *, #449, .T. ) ;
#2464 = CARTESIAN_POINT ( 'NONE',  ( 26.37392023558770400, 1.950269720824712400, 1.428509060956826900 ) ) ;
#2465 = CARTESIAN_POINT ( 'NONE',  ( 22.54285714300000300, -1.958950826000000400, -0.9503297840000000100 ) ) ;
#2466 = ORIENTED_EDGE ( 'NONE', *, *, #2277, .F. ) ;
#2467 = CARTESIAN_POINT ( 'NONE',  ( 24.19274937518038400, 2.544158430333291600, 7.500000000000000900 ) ) ;
#2468 = FACE_OUTER_BOUND ( 'NONE', #4396, .T. ) ;
#2469 = CARTESIAN_POINT ( 'NONE',  ( 7.700000000000000200, 0.0000000000000000000, 0.0000000000000000000 ) ) ;
#2470 = CARTESIAN_POINT ( 'NONE',  ( 0.0000000000000000000, 0.0000000000000000000, -6.000000000000000000 ) ) ;
#2471 = ORIENTED_EDGE ( 'NONE', *, *, #4382, .T. ) ;
#2472 = ORIENTED_EDGE ( 'NONE', *, *, #2616, .F. ) ;
#2473 = DIRECTION ( 'NONE',  ( 0.0000000000000000000, 1.000000000000000000, 0.0000000000000000000 ) ) ;
#2474 = PLANE ( 'NONE',  #1637 ) ;
#2475 = VECTOR ( 'NONE', #1893, 1000.000000000000000 ) ;
#2476 = CARTESIAN_POINT ( 'NONE',  ( 23.85675555194286100, 3.782856064086116200, 7.500000000000000000 ) ) ;
#2477 = CARTESIAN_POINT ( 'NONE',  ( 0.4397459620280225700, -3.782856063937774400, 7.500000000000000000 ) ) ;
#2478 = ADVANCED_FACE ( 'NONE', ( #3921 ), #922, .T. ) ;
#2479 = CYLINDRICAL_SURFACE ( 'NONE', #1883, 6.000000000000000000 ) ;
#2480 = CARTESIAN_POINT ( 'NONE',  ( 12.90000000000000200, 0.0000000000000000000, 0.0000000000000000000 ) ) ;
#2481 = ORIENTED_EDGE ( 'NONE', *, *, #3338, .F. ) ;
#2482 = EDGE_CURVE ( 'NONE', #716, #3595, #1915, .T. ) ;
#2483 = CARTESIAN_POINT ( 'NONE',  ( 23.63214285699999500, -1.851874374999999500, -1.171050532000000200 ) ) ;
#2484 = FACE_BOUND ( 'NONE', #614, .T. ) ;
#2485 = CARTESIAN_POINT ( 'NONE',  ( 20.80000000012879000, -3.446997704529120900, 2.194917031954264800 ) ) ;
#2486 = B_SPLINE_CURVE_WITH_KNOTS ( 'NONE', 3,
 ( #1353, #1334, #1328, #1385, #1402, #1413, #1432, #1450 ),
 .UNSPECIFIED., .F., .F.,
 ( 4, 2, 2, 4 ),
 ( 0.0000000000000000000, 0.001718385960381368200, 0.003436771920762736400, 0.006873543841525472800 ),
 .UNSPECIFIED. ) ;
#2487 = CARTESIAN_POINT ( 'NONE',  ( 28.39459064000000100, 0.0000000000000000000, -3.500000000000000000 ) ) ;
#2488 = FACE_OUTER_BOUND ( 'NONE', #761, .T. ) ;
#2489 = CARTESIAN_POINT ( 'NONE',  ( 20.80000000000000400, -0.5854632589999997400, 2.097104625000000100 ) ) ;
#2490 = CARTESIAN_POINT ( 'NONE',  ( 26.36869308870218000, 2.925643987075144700, 2.300761983064161200 ) ) ;
#2491 = ORIENTED_EDGE ( 'NONE', *, *, #3534, .T. ) ;
#2492 = EDGE_LOOP ( 'NONE', ( #2233, #1137, #31, #1894 ) ) ;
#2493 = CARTESIAN_POINT ( 'NONE',  ( 26.37392023571515800, -1.950269720793688100, -1.428509060969876300 ) ) ;
#2494 = EDGE_CURVE ( 'NONE', #2263, #1742, #2914, .T. ) ;
#2495 = ORIENTED_EDGE ( 'NONE', *, *, #680, .T. ) ;
#2496 = CARTESIAN_POINT ( 'NONE',  ( 24.72142857099999700, 1.362410599000000200, -1.698367568000000500 ) ) ;
#2497 = CARTESIAN_POINT ( 'NONE',  ( 24.72142857099999700, -1.698367568000000500, -1.362410599000000200 ) ) ;
#2498 = ORIENTED_EDGE ( 'NONE', *, *, #3031, .F. ) ;
#2499 = CARTESIAN_POINT ( 'NONE',  ( 26.89999999999999900, -0.2500000000000000000, -2.162895058999999800 ) ) ;
#2500 = AXIS2_PLACEMENT_3D ( 'NONE', #176, #160, #143 ) ;
#2501 = DIRECTION ( 'NONE',  ( -1.000000000000000000, -2.065146995210484400E-016, -0.0000000000000000000 ) ) ;
#2502 = CARTESIAN_POINT ( 'NONE',  ( 28.39459064000000100, 4.286263797015736600E-016, 3.500000000000000000 ) ) ;
#2503 = VECTOR ( 'NONE', #2941, 1000.000000000000000 ) ;
#2504 = ORIENTED_EDGE ( 'NONE', *, *, #903, .F. ) ;
#2505 = VERTEX_POINT ( 'NONE', #4604 ) ;
#2506 = CYLINDRICAL_SURFACE ( 'NONE', #3915, 8.400000000000000400 ) ;
#2507 = EDGE_LOOP ( 'NONE', ( #2642, #2706, #2406, #2284 ) ) ;
#2508 = CARTESIAN_POINT ( 'NONE',  ( 22.54285714300000300, -5.509589557999999200, 2.375799424999999900 ) ) ;
#2509 = ORIENTED_EDGE ( 'NONE', *, *, #479, .F. ) ;
#2510 = CARTESIAN_POINT ( 'NONE',  ( 25.81071428600000000, -1.544860759999999500, -1.553770665999999700 ) ) ;
#2511 = CARTESIAN_POINT ( 'NONE',  ( 20.80000000012879000, -4.067698105994805900, -0.3915176460539694900 ) ) ;
#2512 = CARTESIAN_POINT ( 'NONE',  ( 24.69999999999994600, 0.0000000000000000000, 0.0000000000000000000 ) ) ;
#2513 = ORIENTED_EDGE ( 'NONE', *, *, #35, .T. ) ;
#2514 = AXIS2_PLACEMENT_3D ( 'NONE', #544, #559, #611 ) ;
#2515 =( BOUNDED_SURFACE ( )  B_SPLINE_SURFACE ( 1, 2, ( 
 ( #46, #12, #3557, #58, #71, #83, #101 ),
 ( #114, #128, #162, #178, #194, #212, #216 ) ),
 .UNSPECIFIED., .F., .F., .F. ) 
 B_SPLINE_SURFACE_WITH_KNOTS ( ( 2, 2 ),
 ( 3, 2, 2, 3 ),
 ( 0.2892363948265849700, 1.000000000000000000 ),
 ( 0.0000000000000000000, 0.03571428571428570500, 0.07142857142857142500, 0.09997839300211182300 ),
 .UNSPECIFIED. ) 
 GEOMETRIC_REPRESENTATION_ITEM ( )  RATIONAL_B_SPLINE_SURFACE ( (
 ( 1.000000000000000000, 0.9937122098932428300, 1.000000000000000000, 0.9937122098932428300, 1.000000000000000000, 0.9949735720020860300, 0.9979833468637628900),
 ( 1.000000000000000000, 0.9937122098932428300, 1.000000000000000000, 0.9937122098932428300, 1.000000000000000000, 0.9949735720020860300, 0.9979833468637628900) ) ) 
 REPRESENTATION_ITEM ( '' )  SURFACE ( )  );
#2516 = VECTOR ( 'NONE', #3803, 999.9999999999998900 ) ;
#2517 = CARTESIAN_POINT ( 'NONE',  ( 20.80000000007299500, -2.556068487179473400, -3.944174677832872300 ) ) ;
#2518 = CARTESIAN_POINT ( 'NONE',  ( 0.0000000000000000000, 7.347880794884119700E-016, 6.000000000000000000 ) ) ;
#2519 = CARTESIAN_POINT ( 'NONE',  ( 26.89999999999996300, 2.645328902181585100, 2.291775512410165700 ) ) ;
#2520 = ORIENTED_EDGE ( 'NONE', *, *, #753, .F. ) ;
#2521 = ORIENTED_EDGE ( 'NONE', *, *, #1064, .T. ) ;
#2522 = VERTEX_POINT ( 'NONE', #4526 ) ;
#2523 = ORIENTED_EDGE ( 'NONE', *, *, #1354, .T. ) ;
#2524 = CIRCLE ( 'NONE', #3082, 6.000000000000000000 ) ;
#2525 = ORIENTED_EDGE ( 'NONE', *, *, #578, .F. ) ;
#2526 = PRODUCT_RELATED_PRODUCT_CATEGORY ( 'part', '', ( #3453 ) ) ;
#2527 = ORIENTED_EDGE ( 'NONE', *, *, #246, .F. ) ;
#2528 = ADVANCED_FACE ( 'NONE', ( #4587 ), #1804, .F. ) ;
#2529 = CARTESIAN_POINT ( 'NONE',  ( -0.4999999994807851100, 0.0000000000000000000, -7.460254038519214400 ) ) ;
#2530 = ORIENTED_EDGE ( 'NONE', *, *, #4412, .F. ) ;
#2531 = VECTOR ( 'NONE', #2301, 1000.000000000000000 ) ;
#2532 = AXIS2_PLACEMENT_3D ( 'NONE', #2050, #2072, #2101 ) ;
#2533 = CARTESIAN_POINT ( 'NONE',  ( 26.89999999999999900, -1.352621067999999900, -1.706174458000000000 ) ) ;
#2534 = DIRECTION ( 'NONE',  ( 0.0000000000000000000, 0.0000000000000000000, 1.000000000000000000 ) ) ;
#2535 = CARTESIAN_POINT ( 'NONE',  ( 26.89999999999999900, -2.162895058999999800, 0.2500000000000000000 ) ) ;
#2536 = ORIENTED_EDGE ( 'NONE', *, *, #3338, .T. ) ;
#2537 = CARTESIAN_POINT ( 'NONE',  ( 20.80000000000004000, 0.0000000000000000000, 4.699999999999985100 ) ) ;
#2538 = DIRECTION ( 'NONE',  ( 0.0000000000000000000, 0.0000000000000000000, 1.000000000000000000 ) ) ;
#2539 = EDGE_CURVE ( 'NONE', #2849, #2291, #3719, .T. ) ;
#2540 = AXIS2_PLACEMENT_3D ( 'NONE', #1241, #1220, #1211 ) ;
#2541 = FACE_OUTER_BOUND ( 'NONE', #3761, .T. ) ;
#2542 = ORIENTED_EDGE ( 'NONE', *, *, #900, .F. ) ;
#2543 = CARTESIAN_POINT ( 'NONE',  ( 21.29082889305951200, 3.910439712579124800, -2.238239560962628400 ) ) ;
#2544 = LINE ( 'NONE', #528, #554 ) ;
#2545 = FACE_OUTER_BOUND ( 'NONE', #2189, .T. ) ;
#2546 = DIRECTION ( 'NONE',  ( -1.000000000000000000, 0.0000000000000000000, 0.0000000000000000000 ) ) ;
#2547 = CARTESIAN_POINT ( 'NONE',  ( 20.80000000000000400, -5.881767713000001200, -1.185246209000000200 ) ) ;
#2548 = DIRECTION ( 'NONE',  ( -1.000000000000000000, 0.0000000000000000000, 0.0000000000000000000 ) ) ;
#2549 = CARTESIAN_POINT ( 'NONE',  ( 23.63214285699999500, -5.611093399000002300, 2.229945683999999600 ) ) ;
#2550 = DIRECTION ( 'NONE',  ( 0.0000000000000000000, 0.0000000000000000000, 1.000000000000000000 ) ) ;
#2551 = LINE ( 'NONE', #3703, #3388 ) ;
#2552 = ADVANCED_FACE ( 'NONE', ( #3016 ), #4409, .T. ) ;
#2553 = ORIENTED_EDGE ( 'NONE', *, *, #246, .T. ) ;
#2554 = B_SPLINE_CURVE_WITH_KNOTS ( 'NONE', 3,
 ( #4018, #1729, #1856, #1870, #1884, #1898, #1910, #1921, #1934, #1948 ),
 .UNSPECIFIED., .F., .F.,
 ( 4, 2, 2, 2, 4 ),
 ( 0.0000000000000000000, 0.001796284568799182700, 0.003592569137598365300, 0.005388853706397548000, 0.007185138275196730600 ),
 .UNSPECIFIED. ) ;
#2555 = CARTESIAN_POINT ( 'NONE',  ( 22.77975589673342000, -3.467123821642755100, 1.792160912032150400 ) ) ;
#2556 = EDGE_CURVE ( 'NONE', #1433, #642, #4490, .T. ) ;
#2557 = DIRECTION ( 'NONE',  ( 0.0000000000000000000, 0.0000000000000000000, 1.000000000000000000 ) ) ;
#2558 = CARTESIAN_POINT ( 'NONE',  ( 20.80000000000000400, 4.102566777143632800E-016, -3.349999999999999600 ) ) ;
#2559 = AXIS2_PLACEMENT_3D ( 'NONE', #1281, #3810, #1656 ) ;
#2560 = DIRECTION ( 'NONE',  ( -1.000000000000000000, 0.0000000000000000000, 0.0000000000000000000 ) ) ;
#2561 = EDGE_CURVE ( 'NONE', #3683, #1128, #3618, .T. ) ;
#2562 = DIRECTION ( 'NONE',  ( -1.000000000000000000, 0.0000000000000000000, 0.0000000000000000000 ) ) ;
#2563 = ORIENTED_EDGE ( 'NONE', *, *, #985, .F. ) ;
#2564 = CARTESIAN_POINT ( 'NONE',  ( 17.39999999999997000, 0.0000000000000000000, 0.0000000000000000000 ) ) ;
#2565 = AXIS2_PLACEMENT_3D ( 'NONE', #376, #388, #366 ) ;
#2566 = VECTOR ( 'NONE', #3912, 1000.000000000000000 ) ;
#2567 = ORIENTED_EDGE ( 'NONE', *, *, #3440, .F. ) ;
#2568 =( NAMED_UNIT ( * ) SI_UNIT ( $, .STERADIAN. ) SOLID_ANGLE_UNIT ( ) );
#2569 = AXIS2_PLACEMENT_3D ( 'NONE', #4343, #4306, #4290 ) ;
#2570 = ORIENTED_EDGE ( 'NONE', *, *, #1474, .T. ) ;
#2571 = DIRECTION ( 'NONE',  ( 2.065146995210484400E-016, -1.000000000000000000, 0.0000000000000000000 ) ) ;
#2572 = CARTESIAN_POINT ( 'NONE',  ( -0.5377209140000001100, -8.386618560000002300, -0.4739505500000000300 ) ) ;
#2573 = DIRECTION ( 'NONE',  ( -9.912705577010326800E-017, 1.000000000000000000, 0.0000000000000000000 ) ) ;
#2574 = ORIENTED_EDGE ( 'NONE', *, *, #3514, .F. ) ;
#2575 = ADVANCED_FACE ( 'NONE', ( #2670 ), #1119, .T. ) ;
#2576 = EDGE_CURVE ( 'NONE', #4189, #2707, #1687, .T. ) ;
#2577 = CIRCLE ( 'NONE', #3848, 3.899999999999984400 ) ;
#2578 = CARTESIAN_POINT ( 'NONE',  ( 20.80000000006439700, -0.6914091217118594200, 5.960029649766598300 ) ) ;
#2579 = VERTEX_POINT ( 'NONE', #3233 ) ;
#2580 = PLANE ( 'NONE',  #402 ) ;
#2581 = EDGE_LOOP ( 'NONE', ( #2899, #1605 ) ) ;
#2582 = VECTOR ( 'NONE', #3378, 1000.000000000000000 ) ;
#2583 = DIRECTION ( 'NONE',  ( 0.0000000000000000000, 0.0000000000000000000, -1.000000000000000000 ) ) ;
#2584 = CARTESIAN_POINT ( 'NONE',  ( 24.39734293309041000, 7.140731477545901200, -2.631890277117173000 ) ) ;
#2585 = ORIENTED_EDGE ( 'NONE', *, *, #3625, .F. ) ;
#2586 = EDGE_CURVE ( 'NONE', #4225, #4203, #4379, .T. ) ;
#2587 = ORIENTED_EDGE ( 'NONE', *, *, #4084, .F. ) ;
#2588 = ORIENTED_EDGE ( 'NONE', *, *, #1708, .F. ) ;
#2589 = DIRECTION ( 'NONE',  ( 1.000000000000000000, 0.0000000000000000000, 0.0000000000000000000 ) ) ;
#2590 = DIRECTION ( 'NONE',  ( -1.000000000000000000, -2.065146995210484400E-016, -0.0000000000000000000 ) ) ;
#2591 = CARTESIAN_POINT ( 'NONE',  ( 20.80000000000000400, 0.0000000000000000000, 0.0000000000000000000 ) ) ;
#2592 = EDGE_LOOP ( 'NONE', ( #2195, #434, #3380, #3550 ) ) ;
#2593 = DIRECTION ( 'NONE',  ( -1.000000000000000000, -2.065146995210484400E-016, -0.0000000000000000000 ) ) ;
#2594 = ORIENTED_EDGE ( 'NONE', *, *, #753, .T. ) ;
#2595 = CARTESIAN_POINT ( 'NONE',  ( 22.76936971406716400, -4.631987789516922600, 2.362624362658805500 ) ) ;
#2596 = AXIS2_PLACEMENT_3D ( 'NONE', #1187, #944, #4361 ) ;
#2597 = CARTESIAN_POINT ( 'NONE',  ( 26.89999999999980300, -2.645328902447969400, 2.291775512101400300 ) ) ;
#2598 = DIRECTION ( 'NONE',  ( -1.000000000000000000, 0.0000000000000000000, 0.0000000000000000000 ) ) ;
#2599 = FACE_OUTER_BOUND ( 'NONE', #543, .T. ) ;
#2600 = CARTESIAN_POINT ( 'NONE',  ( 26.90000000000003400, 0.0000000000000000000, 0.0000000000000000000 ) ) ;
#2601 = DIRECTION ( 'NONE',  ( 1.000000000000000000, 4.956352788505163400E-017, -0.0000000000000000000 ) ) ;
#2602 = ORIENTED_EDGE ( 'NONE', *, *, #3575, .F. ) ;
#2603 = VERTEX_POINT ( 'NONE', #3265 ) ;
#2604 = ADVANCED_FACE ( 'NONE', ( #679 ), #1845, .T. ) ;
#2605 = EDGE_CURVE ( 'NONE', #4397, #3469, #560, .T. ) ;
#2606 = DIRECTION ( 'NONE',  ( 1.000000000000000000, -0.0000000000000000000, -0.0000000000000000000 ) ) ;
#2607 = DIRECTION ( 'NONE',  ( -0.0000000000000000000, 0.5000000000325102200, -0.8660254037656688300 ) ) ;
#2608 = CARTESIAN_POINT ( 'NONE',  ( 15.19999999999999800, -1.787747271648448300E-015, 0.0000000000000000000 ) ) ;
#2609 = FACE_BOUND ( 'NONE', #2196, .T. ) ;
#2610 = DIRECTION ( 'NONE',  ( 1.000000000000000000, -0.0000000000000000000, -0.0000000000000000000 ) ) ;
#2611 = CARTESIAN_POINT ( 'NONE',  ( 0.1691770272273337400, -4.904167667450079400, -6.505732430237132200 ) ) ;
#2612 = FACE_OUTER_BOUND ( 'NONE', #2592, .T. ) ;
#2613 = ORIENTED_EDGE ( 'NONE', *, *, #1840, .F. ) ;
#2614 = VERTEX_POINT ( 'NONE', #443 ) ;
#2615 = CARTESIAN_POINT ( 'NONE',  ( 20.80000000000000400, 0.0000000000000000000, 0.0000000000000000000 ) ) ;
#2616 = EDGE_CURVE ( 'NONE', #75, #3364, #2551, .T. ) ;
#2617 = ORIENTED_EDGE ( 'NONE', *, *, #284, .T. ) ;
#2618 = CARTESIAN_POINT ( 'NONE',  ( 26.89999999999999900, 1.711722495999999900, -2.304026165000000200 ) ) ;
#2619 = DIRECTION ( 'NONE',  ( 0.0000000000000000000, -1.000000000000000000, 0.0000000000000000000 ) ) ;
#2620 = DIRECTION ( 'NONE',  ( 0.0000000000000000000, 0.0000000000000000000, 1.000000000000000000 ) ) ;
#2621 = EDGE_CURVE ( 'NONE', #2338, #1659, #4280, .T. ) ;
#2622 = CARTESIAN_POINT ( 'NONE',  ( 0.4397459618042095500, -4.603762495782620900, -7.026049450376514300 ) ) ;
#2623 = ORIENTED_EDGE ( 'NONE', *, *, #1319, .F. ) ;
#2624 = DIRECTION ( 'NONE',  ( -0.0000000000000000000, -0.5000000000325102200, -0.8660254037656688300 ) ) ;
#2625 = AXIS2_PLACEMENT_3D ( 'NONE', #472, #3083, #856 ) ;
#2626 = CARTESIAN_POINT ( 'NONE',  ( 22.54285714300000300, 5.740951552999999500, 1.743982588000000400 ) ) ;
#2627 = ADVANCED_FACE ( 'NONE', ( #2430 ), #3295, .T. ) ;
#2628 = VECTOR ( 'NONE', #2593, 1000.000000000000000 ) ;
#2629 = DIRECTION ( 'NONE',  ( 0.0000000000000000000, -0.8660254037656688300, 0.5000000000325102200 ) ) ;
#2630 = VERTEX_POINT ( 'NONE', #643 ) ;
#2631 = CARTESIAN_POINT ( 'NONE',  ( 20.79999999968941500, 0.9815393000599343900, -4.596366021503771800 ) ) ;
#2632 = LINE ( 'NONE', #110, #3355 ) ;
#2633 = VERTEX_POINT ( 'NONE', #660 ) ;
#2634 = DIRECTION ( 'NONE',  ( 1.214306433183765000E-014, 0.0000000000000000000, 1.000000000000000000 ) ) ;
#2635 = ORIENTED_EDGE ( 'NONE', *, *, #1001, .T. ) ;
#2636 = AXIS2_PLACEMENT_3D ( 'NONE', #2280, #2501, #3403 ) ;
#2637 = DIRECTION ( 'NONE',  ( -0.7071067811865463500, 0.0000000000000000000, 0.7071067811865487900 ) ) ;
#2638 = CARTESIAN_POINT ( 'NONE',  ( 4.700000000000000200, 6.495190528000001100, -3.750000000000000400 ) ) ;
#2639 = DIRECTION ( 'NONE',  ( 0.0000000000000000000, 0.0000000000000000000, 1.000000000000000000 ) ) ;
#2640 = ORIENTED_EDGE ( 'NONE', *, *, #3782, .F. ) ;
#2641 = LINE ( 'NONE', #3786, #4354 ) ;
#2642 = ORIENTED_EDGE ( 'NONE', *, *, #998, .T. ) ;
#2643 = CARTESIAN_POINT ( 'NONE',  ( 26.89999999982154600, -0.2499999999596498000, 2.185749299517669300 ) ) ;
#2644 = ORIENTED_EDGE ( 'NONE', *, *, #3401, .F. ) ;
#2645 = CIRCLE ( 'NONE', #2336, 8.400000000000000400 ) ;
#2646 = EDGE_LOOP ( 'NONE', ( #1344, #1404, #1510, #1619 ) ) ;
#2647 = VERTEX_POINT ( 'NONE', #500 ) ;
#2648 = CARTESIAN_POINT ( 'NONE',  ( -0.4999999999999444900, 0.0000000000000000000, 0.0000000000000000000 ) ) ;
#2649 = CARTESIAN_POINT ( 'NONE',  ( 26.90000000000001600, 1.368781456522436100, 1.722334846735758200 ) ) ;
#2650 = DIRECTION ( 'NONE',  ( 0.0000000000000000000, -1.000000000000000000, 0.0000000000000000000 ) ) ;
#2651 = ORIENTED_EDGE ( 'NONE', *, *, #1351, .F. ) ;
#2652 = FACE_OUTER_BOUND ( 'NONE', #1318, .T. ) ;
#2653 = AXIS2_PLACEMENT_3D ( 'NONE', #2246, #37, #2634 ) ;
#2654 = ADVANCED_FACE ( 'NONE', ( #2309 ), #1661, .T. ) ;
#2655 = VERTEX_POINT ( 'NONE', #686 ) ;
#2656 = CARTESIAN_POINT ( 'NONE',  ( 26.89999999999999900, 0.0000000000000000000, 1.399999999999999900 ) ) ;
#2657 = CARTESIAN_POINT ( 'NONE',  ( 20.80000000000000400, 1.068891860999999600, 1.896861941999999900 ) ) ;
#2658 = VERTEX_POINT ( 'NONE', #1025 ) ;
#2659 = ORIENTED_EDGE ( 'NONE', *, *, #2561, .F. ) ;
#2660 = DIRECTION ( 'NONE',  ( 0.0000000000000000000, 0.0000000000000000000, 1.000000000000000000 ) ) ;
#2661 = LINE ( 'NONE', #3481, #2787 ) ;
#2662 = VERTEX_POINT ( 'NONE', #1047 ) ;
#2663 = AXIS2_PLACEMENT_3D ( 'NONE', #4102, #4119, #4132 ) ;
#2664 = CARTESIAN_POINT ( 'NONE',  ( 21.67319148900000100, -0.2873134459999999700, 2.167124238000001300 ) ) ;
#2665 = CARTESIAN_POINT ( 'NONE',  ( 23.27787460262927500, 4.737001241670001600, -1.572930753967324500 ) ) ;
#2666 = VECTOR ( 'NONE', #1338, 1000.000000000000000 ) ;
#2667 = AXIS2_PLACEMENT_3D ( 'NONE', #1949, #2560, #2550 ) ;
#2668 = FACE_OUTER_BOUND ( 'NONE', #2953, .T. ) ;
#2669 = CARTESIAN_POINT ( 'NONE',  ( 26.36887822935189600, 2.591416392247401800, 2.673735716912720500 ) ) ;
#2670 = FACE_OUTER_BOUND ( 'NONE', #203, .T. ) ;
#2671 = CARTESIAN_POINT ( 'NONE',  ( 24.69999999999999900, 0.0000000000000000000, 0.0000000000000000000 ) ) ;
#2672 = CARTESIAN_POINT ( 'NONE',  ( 21.67319148900000100, 0.8982577479999999100, 1.993015178000000100 ) ) ;
#2673 = ORIENTED_EDGE ( 'NONE', *, *, #1504, .F. ) ;
#2674 =( BOUNDED_SURFACE ( )  B_SPLINE_SURFACE ( 1, 2, ( 
 ( #179, #163, #148, #145, #132, #129, #118 ),
 ( #115, #106, #40, #24, #2626, #502, #2066 ) ),
 .UNSPECIFIED., .F., .F., .F. ) 
 B_SPLINE_SURFACE_WITH_KNOTS ( ( 2, 2 ),
 ( 3, 2, 2, 3 ),
 ( 0.2892363948265849700, 1.000000000000000000 ),
 ( 0.0000000000000000000, 0.03571428571428570500, 0.07142857142857142500, 0.09997839300211171200 ),
 .UNSPECIFIED. ) 
 GEOMETRIC_REPRESENTATION_ITEM ( )  RATIONAL_B_SPLINE_SURFACE ( (
 ( 1.000000000000000000, 0.9937122098932428300, 1.000000000000000000, 0.9937122098932428300, 1.000000000000000000, 0.9949735720020860300, 0.9979833468637628900),
 ( 1.000000000000000000, 0.9937122098932428300, 1.000000000000000000, 0.9937122098932428300, 1.000000000000000000, 0.9949735720020860300, 0.9979833468637628900) ) ) 
 REPRESENTATION_ITEM ( '' )  SURFACE ( )  );
#2675 = ADVANCED_FACE ( 'NONE', ( #1342 ), #2206, .F. ) ;
#2676 = DIRECTION ( 'NONE',  ( -1.000000000000000000, -0.0000000000000000000, -0.0000000000000000000 ) ) ;
#2677 = CARTESIAN_POINT ( 'NONE',  ( 20.79999999968941500, 0.9815393000599343900, -4.596366021503771800 ) ) ;
#2678 = EDGE_CURVE ( 'NONE', #201, #4567, #1029, .T. ) ;
#2679 = AXIS2_PLACEMENT_3D ( 'NONE', #3873, #3455, #3771 ) ;
#2680 = CARTESIAN_POINT ( 'NONE',  ( 26.89999999997929700, 3.491060010951276400, 0.2499999999925242600 ) ) ;
#2681 = PLANE ( 'NONE',  #67 ) ;
#2682 = VERTEX_POINT ( 'NONE', #1423 ) ;
#2683 = CIRCLE ( 'NONE', #1337, 1.399999999999985700 ) ;
#2684 = CARTESIAN_POINT ( 'NONE',  ( 26.89999999993860100, 2.291775512136605900, 2.645328902451857800 ) ) ;
#2685 = CARTESIAN_POINT ( 'NONE',  ( 26.89999999999999900, -4.062179543999999300, 4.415732935000000300 ) ) ;
#2686 = EDGE_CURVE ( 'NONE', #78, #597, #4069, .T. ) ;
#2687 = CARTESIAN_POINT ( 'NONE',  ( 20.80000000006472400, 4.674627958663281300, 0.4877022122687391100 ) ) ;
#2688 = CARTESIAN_POINT ( 'NONE',  ( 22.54285714300000300, 0.7132027779999999800, 2.057172047000000800 ) ) ;
#2689 = LINE ( 'NONE', #4026, #4506 ) ;
#2690 = EDGE_LOOP ( 'NONE', ( #2553, #2431 ) ) ;
#2691 = ORIENTED_EDGE ( 'NONE', *, *, #4419, .F. ) ;
#2692 = DIRECTION ( 'NONE',  ( -1.000000000000000000, 0.0000000000000000000, 0.0000000000000000000 ) ) ;
#2693 =( GEOMETRIC_REPRESENTATION_CONTEXT ( 3 ) GLOBAL_UNCERTAINTY_ASSIGNED_CONTEXT ( ( #2454 ) ) GLOBAL_UNIT_ASSIGNED_CONTEXT ( ( #3242, #3254, #3273 ) ) REPRESENTATION_CONTEXT ( 'NONE', 'WORKASPACE' ) );
#2694 = ORIENTED_EDGE ( 'NONE', *, *, #795, .F. ) ;
#2695 = ORIENTED_EDGE ( 'NONE', *, *, #3446, .F. ) ;
#2696 = CARTESIAN_POINT ( 'NONE',  ( 20.80000000000000400, -0.09162617100000006200, 2.175366562000000200 ) ) ;
#2697 = COLOUR_RGB ( '',0.7921568627450980000, 0.8196078431372548800, 0.9333333333333333500 ) ;
#2698 = DIRECTION ( 'NONE',  ( -1.000000000000000000, -2.065146995210484400E-016, -0.0000000000000000000 ) ) ;
#2699 = ADVANCED_FACE ( 'NONE', ( #340 ), #1463, .T. ) ;
#2700 = EDGE_CURVE ( 'NONE', #891, #290, #1460, .T. ) ;
#2701 = ORIENTED_EDGE ( 'NONE', *, *, #4094, .F. ) ;
#2702 = AXIS2_PLACEMENT_3D ( 'NONE', #506, #4005, #3684 ) ;
#2703 = VERTEX_POINT ( 'NONE', #1641 ) ;
#2704 = CIRCLE ( 'NONE', #2021, 6.499999999999944900 ) ;
#2705 = CARTESIAN_POINT ( 'NONE',  ( 22.54285714300000300, -0.4783881190000001100, 2.124090357000000500 ) ) ;
#2706 = ORIENTED_EDGE ( 'NONE', *, *, #2621, .T. ) ;
#2707 = VERTEX_POINT ( 'NONE', #1597 ) ;
#2708 = ORIENTED_EDGE ( 'NONE', *, *, #4382, .F. ) ;
#2709 = CARTESIAN_POINT ( 'NONE',  ( 15.20000000000010200, 0.0000000000000000000, 0.0000000000000000000 ) ) ;
#2710 = ORIENTED_EDGE ( 'NONE', *, *, #3165, .F. ) ;
#2711 = CARTESIAN_POINT ( 'NONE',  ( 25.81071428600000000, 0.006300255000000001100, -2.191063293999999700 ) ) ;
#2712 = VERTEX_POINT ( 'NONE', #1607 ) ;
#2713 = CARTESIAN_POINT ( 'NONE',  ( 7.700000000000000200, -8.386618560000002300, -0.4739505500000000300 ) ) ;
#2714 = CLOSED_SHELL ( 'NONE', ( #4180, #4594, #1322, #2883, #1751, #3951, #1395, #2725, #992, #2114, #4114, #1509, #2575, #1143, #2552, #4011, #1731, #4472, #1288, #2906, #2627, #4555, #4442, #2478, #2811, #2449, #919, #2015, #4204, #1468, #4223, #1417, #2675, #1101, #2210, #4085, #1654, #4617, #1182, #2860, #3925, #1805, #4463, #1237, #3865, #4356, #1283, #854, #4293, #2654, #2159, #2604, #3992, #4376, #889, #1444, #2230, #4577, #2834, #1878, #881, #3885, #1919, #4272, #1986, #2754, #2785, #1860, #1830 ) ) ;
#2715 = DIRECTION ( 'NONE',  ( 1.000000000000000000, -0.0000000000000000000, -0.0000000000000000000 ) ) ;
#2716 = EDGE_CURVE ( 'NONE', #4611, #1930, #4169, .T. ) ;
#2717 = CARTESIAN_POINT ( 'NONE',  ( 25.84607949030188600, 2.899929185840301100, 2.665531718779787800 ) ) ;
#2718 = CONICAL_SURFACE ( 'NONE', #3418, 3.500000000000000000, 0.3889568801790071500 ) ;
#2719 = ORIENTED_EDGE ( 'NONE', *, *, #269, .F. ) ;
#2720 = EDGE_LOOP ( 'NONE', ( #164, #273, #392, #492 ) ) ;
#2721 = CARTESIAN_POINT ( 'NONE',  ( 24.48036648299999700, 0.0000000000000000000, 5.489009164000001400 ) ) ;
#2722 = B_SPLINE_CURVE_WITH_KNOTS ( 'NONE', 3,
 ( #187, #2412, #3151, #934, #3499, #1323, #3835, #1693, #4160, #2059, #4503, #2428, #207, #2819, #566, #3171, #949, #3513, #1340, #3853, #1709, #4175, #2077, #4518, #2440, #222, #2835, #581, #3185, #967, #3529, #1355, #3866, #1725, #4191, #2093, #4529, #2459, #232, #2989, #166, #3781, #1622, #4100, #1989, #4435, #2357, #139, #2746, #496, #3104, #880, #3447, #1268, #3797, #1639, #4116, #2008, #4454, #2374, #157, #2769, #513, #3121, #904, #3462, #1282, #3812, #1660, #4128, #2028, #4475, #2391, #174, #2788, #534, #3136, #921, #3483, #1300, #3825, #1676, #4147, #2045, #4489, #2414 ),
 .UNSPECIFIED., .F., .F.,
 ( 4, 1, 1, 1, 1, 2, 2, 1, 1, 1, 2, 2, 1, 1, 1, 2, 2, 1, 1, 1, 2, 2, 1, 1, 2, 2, 1, 2, 2, 2, 1, 1, 2, 2, 1, 1, 2, 2, 1, 1, 1, 2, 2, 1, 1, 1, 2, 2, 1, 1, 1, 2, 2, 1, 1, 1, 2, 2, 4 ),
 ( 0.0000000000000000000, 0.06249999999999859800, 0.09374999999999789100, 0.1093749999999975300, 0.1171874999999973600, 0.1210937499999972800, 0.1249999999999972200, 0.1562499999999965600, 0.1718749999999962500, 0.1796874999999961400, 0.1835937499999960900, 0.1874999999999960000, 0.2187499999999952000, 0.2343749999999947800, 0.2421874999999945000, 0.2460937499999944200, 0.2499999999999943900, 0.2812499999999938900, 0.2968749999999937300, 0.3046874999999936200, 0.3085937499999935600, 0.3124999999999935600, 0.3437499999999936200, 0.3593749999999936700, 0.3671874999999937300, 0.3749999999999937300, 0.4062499999999938400, 0.4218749999999939500, 0.4374999999999939500, 0.4999999999999942300, 0.5312499999999943400, 0.5468749999999944500, 0.5546874999999944500, 0.5624999999999944500, 0.5937499999999945600, 0.6093749999999946700, 0.6171874999999946700, 0.6249999999999947800, 0.6562499999999948900, 0.6718749999999950000, 0.6796874999999951200, 0.6835937499999951200, 0.6874999999999951200, 0.7187499999999947800, 0.7343749999999946700, 0.7421874999999945600, 0.7460937499999944500, 0.7499999999999943400, 0.7812499999999942300, 0.7968749999999942300, 0.8046874999999942300, 0.8085937499999943400, 0.8124999999999943400, 0.8437499999999947800, 0.8593749999999950000, 0.8671874999999952300, 0.8710937499999953400, 0.8749999999999954500, 1.000000000000000000 ),
 .UNSPECIFIED. ) ;
#2723 = CYLINDRICAL_SURFACE ( 'NONE', #4041, 8.400000000000000400 ) ;
#2724 = CARTESIAN_POINT ( 'NONE',  ( 7.699999999999999300, 3.782856063937774400, -7.500000000000000000 ) ) ;
#2725 = ADVANCED_FACE ( 'NONE', ( #3180, #445 ), #1775, .F. ) ;
#2726 = DIRECTION ( 'NONE',  ( 0.0000000000000000000, 0.0000000000000000000, 1.000000000000000000 ) ) ;
#2727 = FACE_OUTER_BOUND ( 'NONE', #4193, .T. ) ;
#2728 = CARTESIAN_POINT ( 'NONE',  ( 15.20000000000010200, 7.347880794883994500E-016, -5.999999999999897900 ) ) ;
#2729 = ORIENTED_EDGE ( 'NONE', *, *, #3067, .F. ) ;
#2730 = ORIENTED_EDGE ( 'NONE', *, *, #341, .F. ) ;
#2731 = CARTESIAN_POINT ( 'NONE',  ( 26.89999999999999900, 0.0000000000000000000, 0.0000000000000000000 ) ) ;
#2732 = VERTEX_POINT ( 'NONE', #1854 ) ;
#2733 = CARTESIAN_POINT ( 'NONE',  ( 24.29774747457264200, 3.840097023909739600, 2.484919289790400700 ) ) ;
#2734 = CARTESIAN_POINT ( 'NONE',  ( 23.63214285699999500, -0.7177156240000002200, 2.070188960999999500 ) ) ;
#2735 = CARTESIAN_POINT ( 'NONE',  ( 7.700000000000000200, 0.0000000000000000000, 6.000000000000000000 ) ) ;
#2736 = CARTESIAN_POINT ( 'NONE',  ( 24.82287172470958900, -2.924735101149062100, 0.8795930277417618500 ) ) ;
#2737 = CARTESIAN_POINT ( 'NONE',  ( 23.63214285699999500, 0.4814151560000000100, 2.137530701000000600 ) ) ;
#2738 = EDGE_CURVE ( 'NONE', #1020, #1740, #2116, .T. ) ;
#2739 = VERTEX_POINT ( 'NONE', #1578 ) ;
#2740 = CARTESIAN_POINT ( 'NONE',  ( 23.85675555199995300, 8.400000000000073200, 1.028703311283785900E-015 ) ) ;
#2741 = CARTESIAN_POINT ( 'NONE',  ( 24.69999999999994600, -7.000000000000000000, 0.0000000000000000000 ) ) ;
#2742 = CIRCLE ( 'NONE', #2162, 6.000000000000000000 ) ;
#2743 = DIRECTION ( 'NONE',  ( -1.000000000000000000, 0.0000000000000000000, 0.0000000000000000000 ) ) ;
#2744 = VERTEX_POINT ( 'NONE', #3353 ) ;
#2745 = EDGE_CURVE ( 'NONE', #1954, #714, #1210, .T. ) ;
#2746 = CARTESIAN_POINT ( 'NONE',  ( 26.89999999999999900, -3.206650512597099700, 0.7800414168331335500 ) ) ;
#2747 = CONICAL_SURFACE ( 'NONE', #2000, 3.349999999999999600, 0.7853981633974516100 ) ;
#2748 = CARTESIAN_POINT ( 'NONE',  ( 24.81101423711760400, 3.523850612374199700, 2.571572685561154700 ) ) ;
#2749 = VERTEX_POINT ( 'NONE', #1963 ) ;
#2750 = DIRECTION ( 'NONE',  ( -1.000000000000000000, 0.0000000000000000000, 0.0000000000000000000 ) ) ;
#2751 = ORIENTED_EDGE ( 'NONE', *, *, #2005, .T. ) ;
#2752 = CARTESIAN_POINT ( 'NONE',  ( 7.700000000000000200, 8.386618560000002300, 0.4739505500000000300 ) ) ;
#2753 = CARTESIAN_POINT ( 'NONE',  ( 24.72142857099999700, 0.2375574500000000600, 2.164296997000000600 ) ) ;
#2754 = ADVANCED_FACE ( 'NONE', ( #3065 ), #2474, .F. ) ;
#2755 = B_SPLINE_CURVE_WITH_KNOTS ( 'NONE', 3,
 ( #314, #2543, #3277, #1074, #3626, #1453, #3952, #1823, #4283, #2190 ),
 .UNSPECIFIED., .F., .F.,
 ( 4, 2, 2, 2, 4 ),
 ( 8.765267639812649500E-013, 0.001751156721673027100, 0.003502313442469527600, 0.005253470163266028000, 0.007004626884062528800 ),
 .UNSPECIFIED. ) ;
#2756 = CARTESIAN_POINT ( 'NONE',  ( 21.29082889417884400, -2.238239560470001600, -3.910439712739074200 ) ) ;
#2757 = AXIS2_PLACEMENT_3D ( 'NONE', #1458, #1374, #1357 ) ;
#2758 = CARTESIAN_POINT ( 'NONE',  ( 26.89999999999999100, 3.057292554174092700, 1.254769518928402100 ) ) ;
#2759 = CARTESIAN_POINT ( 'NONE',  ( 26.89999999999999900, 0.3903475557986099700, 3.283500000380600500 ) ) ;
#2760 = EDGE_LOOP ( 'NONE', ( #3695, #2513, #2640, #2764 ) ) ;
#2761 =( BOUNDED_CURVE ( )  B_SPLINE_CURVE ( 3, ( #367, #383, #300, #285 ),
 .UNSPECIFIED., .F., .T. ) 
 B_SPLINE_CURVE_WITH_KNOTS ( ( 4, 4 ),
 ( 0.06314145695564293800, 0.9368585430000000400 ),
 .UNSPECIFIED. ) 
 CURVE ( )  GEOMETRIC_REPRESENTATION_ITEM ( )  RATIONAL_B_SPLINE_CURVE ( ( 0.9565783021944409500, 0.7697947703959743300, 0.7697947703864915800, 0.9565783021659930400 ) ) 
 REPRESENTATION_ITEM ( '' )  );
#2762 = EDGE_CURVE ( 'NONE', #984, #74, #1113, .T. ) ;
#2763 = ORIENTED_EDGE ( 'NONE', *, *, #3945, .F. ) ;
#2764 = ORIENTED_EDGE ( 'NONE', *, *, #3945, .T. ) ;
#2765 = CARTESIAN_POINT ( 'NONE',  ( 2.081139542999999900, -8.386618560000002300, -0.4739505500000000300 ) ) ;
#2766 = ORIENTED_EDGE ( 'NONE', *, *, #1925, .F. ) ;
#2767 = CIRCLE ( 'NONE', #1361, 6.000000000000000000 ) ;
#2768 = VERTEX_POINT ( 'NONE', #2150 ) ;
#2769 = CARTESIAN_POINT ( 'NONE',  ( 26.89999999999999900, -2.495802248491426400, 2.158973087582870300 ) ) ;
#2770 = ORIENTED_EDGE ( 'NONE', *, *, #206, .F. ) ;
#2771 = CARTESIAN_POINT ( 'NONE',  ( 22.77514619292375600, 4.766188140334109300, 2.075365636198724900 ) ) ;
#2772 = CARTESIAN_POINT ( 'NONE',  ( 24.72142857099999700, -2.977739205000000200, 5.208941276999999200 ) ) ;
#2773 = VERTEX_POINT ( 'NONE', #2622 ) ;
#2774 = CARTESIAN_POINT ( 'NONE',  ( 20.80000000000000400, 0.0000000000000000000, 0.0000000000000000000 ) ) ;
#2775 = FILL_AREA_STYLE_COLOUR ( '', #3149 ) ;
#2776 = CARTESIAN_POINT ( 'NONE',  ( 25.81071428600000000, -0.006300255000000001100, 2.191063293999999200 ) ) ;
#2777 = ORIENTED_EDGE ( 'NONE', *, *, #2847, .T. ) ;
#2778 = CARTESIAN_POINT ( 'NONE',  ( 26.36869308864383000, 3.695627102789535100, -0.4418583026335528600 ) ) ;
#2779 = ADVANCED_FACE ( 'NONE', ( #108 ), #4640, .F. ) ;
#2780 = EDGE_CURVE ( 'NONE', #3366, #2522, #2086, .T. ) ;
#2781 = CARTESIAN_POINT ( 'NONE',  ( 26.89999999999999500, 3.105301622237465900, -1.130750806913449300 ) ) ;
#2782 = STYLED_ITEM ( 'NONE', ( #4311 ), #225 ) ;
#2783 = CARTESIAN_POINT ( 'NONE',  ( 26.89999999999999900, 1.434314707967096600, 2.972019362004148400 ) ) ;
#2784 = CARTESIAN_POINT ( 'NONE',  ( -0.4602540379999997000, 0.0000000000000000000, -7.500000000000000000 ) ) ;
#2785 = ADVANCED_FACE ( 'NONE', ( #3970 ), #2182, .F. ) ;
#2786 = DIRECTION ( 'NONE',  ( -1.000000000000000000, -2.065146995210484400E-016, -0.0000000000000000000 ) ) ;
#2787 = VECTOR ( 'NONE', #920, 1000.000000000000000 ) ;
#2788 = CARTESIAN_POINT ( 'NONE',  ( 26.89999999999999900, -1.469604393443866300, 2.954727608251290800 ) ) ;
#2789 = CARTESIAN_POINT ( 'NONE',  ( 20.80000000006439700, 3.320942204076293700, 4.997133465985093900 ) ) ;
#2790 = CARTESIAN_POINT ( 'NONE',  ( 23.27787460228855200, 4.461795703188922600, 2.237335697816957000 ) ) ;
#2791 = CARTESIAN_POINT ( 'NONE',  ( 25.81071428600000000, -4.559713155999999900, -3.958035223000000000 ) ) ;
#2792 = VECTOR ( 'NONE', #2817, 1000.000000000000000 ) ;
#2793 = DIRECTION ( 'NONE',  ( -1.000000000000000000, 0.0000000000000000000, 0.0000000000000000000 ) ) ;
#2794 =( LENGTH_UNIT ( ) NAMED_UNIT ( * ) SI_UNIT ( .MILLI., .METRE. ) );
#2795 = LINE ( 'NONE', #4279, #1800 ) ;
#2796 = CARTESIAN_POINT ( 'NONE',  ( 24.48036648299999700, -10.97801832699999900, 5.489009164000001400 ) ) ;
#2797 = AXIS2_PLACEMENT_3D ( 'NONE', #886, #939, #957 ) ;
#2798 = SURFACE_STYLE_USAGE ( .BOTH. , #2807 ) ;
#2799 = CARTESIAN_POINT ( 'NONE',  ( 26.89999999999999900, 2.290001407736091700, -2.381089106386553100 ) ) ;
#2800 = ORIENTED_EDGE ( 'NONE', *, *, #3043, .T. ) ;
#2801 = EDGE_CURVE ( 'NONE', #533, #4521, #3868, .T. ) ;
#2802 = AXIS2_PLACEMENT_3D ( 'NONE', #983, #964, #946 ) ;
#2803 = DIRECTION ( 'NONE',  ( -1.000000000000000000, 0.0000000000000000000, 0.0000000000000000000 ) ) ;
#2804 = DIRECTION ( 'NONE',  ( 1.000000000000000000, 0.0000000000000000000, 0.0000000000000000000 ) ) ;
#2805 = ORIENTED_EDGE ( 'NONE', *, *, #4340, .T. ) ;
#2806 = DIRECTION ( 'NONE',  ( 0.0000000000000000000, 0.0000000000000000000, 1.000000000000000000 ) ) ;
#2807 = SURFACE_SIDE_STYLE ('',( #2169 ) ) ;
#2808 = CARTESIAN_POINT ( 'NONE',  ( 24.72142857099999700, 2.053036530000000000, -0.7250214070000001700 ) ) ;
#2809 = CARTESIAN_POINT ( 'NONE',  ( 26.89999999999999900, -0.2500000000000000000, 2.162895058999999800 ) ) ;
#2810 = LINE ( 'NONE', #752, #802 ) ;
#2811 = ADVANCED_FACE ( 'NONE', ( #979 ), #4541, .T. ) ;
#2812 = CARTESIAN_POINT ( 'NONE',  ( 26.90000000000000200, 1.362075676706377700, -3.007253967444463600 ) ) ;
#2813 = FACE_OUTER_BOUND ( 'NONE', #2161, .T. ) ;
#2814 = ORIENTED_EDGE ( 'NONE', *, *, #2390, .T. ) ;
#2815 = EDGE_CURVE ( 'NONE', #406, #2744, #850, .T. ) ;
#2816 = ORIENTED_EDGE ( 'NONE', *, *, #3934, .T. ) ;
#2817 = DIRECTION ( 'NONE',  ( 1.000000000000000000, 7.228014483236695800E-017, -0.0000000000000000000 ) ) ;
#2818 = AXIS2_PLACEMENT_3D ( 'NONE', #3501, #1325, #3836 ) ;
#2819 = CARTESIAN_POINT ( 'NONE',  ( 26.90000000000000600, -1.403807588574232500, -2.986542715866527000 ) ) ;
#2820 = EDGE_CURVE ( 'NONE', #2662, #3474, #1867, .T. ) ;
#2821 = CARTESIAN_POINT ( 'NONE',  ( 26.89999999999999900, 1.352621067999999900, 1.706174458000000000 ) ) ;
#2822 = VERTEX_POINT ( 'NONE', #3421 ) ;
#2823 = LINE ( 'NONE', #3239, #1831 ) ;
#2824 = CARTESIAN_POINT ( 'NONE',  ( 2.081139542999999900, -4.603762496000000800, 7.026049450000000400 ) ) ;
#2825 = CARTESIAN_POINT ( 'NONE',  ( 20.80000000000000400, 3.320942202999999500, 4.997133466999999400 ) ) ;
#2826 = ORIENTED_EDGE ( 'NONE', *, *, #695, .T. ) ;
#2827 = VECTOR ( 'NONE', #3855, 1000.000000000000200 ) ;
#2828 = CARTESIAN_POINT ( 'NONE',  ( 26.90000000000003400, 0.0000000000000000000, 2.199999999999986000 ) ) ;
#2829 = AXIS2_PLACEMENT_3D ( 'NONE', #4538, #4631, #1360 ) ;
#2830 = CARTESIAN_POINT ( 'NONE',  ( 20.80000000006439700, 1.185246208237667800, -5.881767712647409500 ) ) ;
#2831 = VERTEX_POINT ( 'NONE', #3224 ) ;
#2832 = ORIENTED_EDGE ( 'NONE', *, *, #2087, .F. ) ;
#2833 = COLOUR_RGB ( '',0.7921568627450980000, 0.8196078431372548800, 0.9333333333333333500 ) ;
#2834 = ADVANCED_FACE ( 'NONE', ( #3764 ), #4155, .T. ) ;
#2835 = CARTESIAN_POINT ( 'NONE',  ( 26.89999999999999900, -2.418682226519331300, -2.245316552482262500 ) ) ;
#2836 = ORIENTED_EDGE ( 'NONE', *, *, #4560, .T. ) ;
#2837 = CARTESIAN_POINT ( 'NONE',  ( 7.699999999999999300, 4.603762495782620000, 7.026049450376513400 ) ) ;
#2838 = EDGE_CURVE ( 'NONE', #4535, #3734, #1746, .T. ) ;
#2839 = CARTESIAN_POINT ( 'NONE',  ( 26.89999999999999900, -3.060953696500000400, 2.707400305999999800 ) ) ;
#2840 = VERTEX_POINT ( 'NONE', #2896 ) ;
#2841 = DIRECTION ( 'NONE',  ( 0.0000000000000000000, -1.000000000000000000, 0.0000000000000000000 ) ) ;
#2842 = CARTESIAN_POINT ( 'NONE',  ( 6.700000000000001100, 6.269303203099677500E-032, 0.0000000000000000000 ) ) ;
#2843 = CARTESIAN_POINT ( 'NONE',  ( 21.67319148900000100, 2.871420063999999600, 5.295872144000000500 ) ) ;
#2844 = LINE ( 'NONE', #4338, #4531 ) ;
#2845 = ORIENTED_EDGE ( 'NONE', *, *, #1386, .F. ) ;
#2846 = DIRECTION ( 'NONE',  ( -1.000000000000000000, 0.0000000000000000000, 0.0000000000000000000 ) ) ;
#2847 = EDGE_CURVE ( 'NONE', #4430, #2703, #1739, .T. ) ;
#2848 = DIRECTION ( 'NONE',  ( 0.0000000000000000000, 0.0000000000000000000, -1.000000000000000000 ) ) ;
#2849 = VERTEX_POINT ( 'NONE', #396 ) ;
#2850 = VECTOR ( 'NONE', #1502, 1000.000000000000000 ) ;
#2851 = FACE_OUTER_BOUND ( 'NONE', #2720, .T. ) ;
#2852 = DIRECTION ( 'NONE',  ( 0.0000000000000000000, 0.0000000000000000000, 1.000000000000000000 ) ) ;
#2853 = VERTEX_POINT ( 'NONE', #3941 ) ;
#2854 = CARTESIAN_POINT ( 'NONE',  ( 26.90000000000003400, -2.185749299447999200, -0.2499999999250363300 ) ) ;
#2855 = CARTESIAN_POINT ( 'NONE',  ( 26.89999999999999900, 0.0000000000000000000, 0.0000000000000000000 ) ) ;
#2856 = CARTESIAN_POINT ( 'NONE',  ( 26.89999999999999900, 0.2500000000000000000, 1.711722495999999900 ) ) ;
#2857 = DIRECTION ( 'NONE',  ( 0.0000000000000000000, 0.0000000000000000000, 1.000000000000000000 ) ) ;
#2858 = CARTESIAN_POINT ( 'NONE',  ( 25.81071428600000000, 0.4254505460000000400, 6.022957638999998600 ) ) ;
#2859 = AXIS2_PLACEMENT_3D ( 'NONE', #2671, #1286, #3729 ) ;
#2860 = ADVANCED_FACE ( 'NONE', ( #3563 ), #4328, .T. ) ;
#2861 = ORIENTED_EDGE ( 'NONE', *, *, #156, .F. ) ;
#2862 = CARTESIAN_POINT ( 'NONE',  ( 20.80000000006439700, 5.881767712525862300, 1.185246208840850900 ) ) ;
#2863 = DIRECTION ( 'NONE',  ( -0.9253051386606718800, 0.0000000000000000000, 0.3792234174838820500 ) ) ;
#2864 = EDGE_LOOP ( 'NONE', ( #4427, #3919 ) ) ;
#2865 = DIRECTION ( 'NONE',  ( -1.000000000000000000, -0.0000000000000000000, -0.0000000000000000000 ) ) ;
#2866 = AXIS2_PLACEMENT_3D ( 'NONE', #4300, #2208, #4630 ) ;
#2867 = DIRECTION ( 'NONE',  ( 0.0000000000000000000, 0.0000000000000000000, 1.000000000000000000 ) ) ;
#2868 = VECTOR ( 'NONE', #4286, 1000.000000000000000 ) ;
#2869 = CARTESIAN_POINT ( 'NONE',  ( 25.99096460200000500, 0.0000000000000000000, 0.0000000000000000000 ) ) ;
#2870 = ORIENTED_EDGE ( 'NONE', *, *, #3960, .T. ) ;
#2871 = CARTESIAN_POINT ( 'NONE',  ( 23.85675555214182700, -4.603762495826715400, 7.026049450300140700 ) ) ;
#2872 = CARTESIAN_POINT ( 'NONE',  ( 23.85675555200000300, -8.400000000000000400, 0.0000000000000000000 ) ) ;
#2873 = EDGE_CURVE ( 'NONE', #2768, #3101, #1616, .T. ) ;
#2874 = FACE_OUTER_BOUND ( 'NONE', #1362, .T. ) ;
#2875 = B_SPLINE_CURVE_WITH_KNOTS ( 'NONE', 3,
 ( #2436, #2416, #2396, #2455, #2467, #2476 ),
 .UNSPECIFIED., .F., .F.,
 ( 4, 2, 4 ),
 ( -0.003821499302968256300, 3.296425632459687400E-013, 0.003821499303627541400 ),
 .UNSPECIFIED. ) ;
#2876 = ORIENTED_EDGE ( 'NONE', *, *, #2298, .F. ) ;
#2877 = CARTESIAN_POINT ( 'NONE',  ( 0.0000000000000000000, 0.0000000000000000000, 0.0000000000000000000 ) ) ;
#2878 = CARTESIAN_POINT ( 'NONE',  ( 21.28699032816921000, 5.625006862722849600, 1.449065214614256400 ) ) ;
#2879 = ORIENTED_EDGE ( 'NONE', *, *, #4061, .T. ) ;
#2880 = CARTESIAN_POINT ( 'NONE',  ( 26.89999999999992400, -2.645328902651646900, -2.291775511867611300 ) ) ;
#2881 = EDGE_CURVE ( 'NONE', #2732, #483, #732, .T. ) ;
#2882 = DIRECTION ( 'NONE',  ( 1.000000000000000000, 0.0000000000000000000, 0.0000000000000000000 ) ) ;
#2883 = ADVANCED_FACE ( 'NONE', ( #2612 ), #491, .F. ) ;
#2884 = ORIENTED_EDGE ( 'NONE', *, *, #4437, .T. ) ;
#2885 = CARTESIAN_POINT ( 'NONE',  ( 22.54285714300000300, 0.9503297840000000100, -1.958950826000000400 ) ) ;
#2886 = ORIENTED_EDGE ( 'NONE', *, *, #2018, .T. ) ;
#2887 = ORIENTED_EDGE ( 'NONE', *, *, #4608, .T. ) ;
#2888 = CARTESIAN_POINT ( 'NONE',  ( 26.89999999999999900, 0.0000000000000000000, 0.0000000000000000000 ) ) ;
#2889 = ORIENTED_EDGE ( 'NONE', *, *, #2539, .F. ) ;
#2890 = LINE ( 'NONE', #633, #1773 ) ;
#2891 = CARTESIAN_POINT ( 'NONE',  ( 15.69999999999999900, 6.735557395310442000E-016, 5.500000000000000000 ) ) ;
#2892 = CARTESIAN_POINT ( 'NONE',  ( 26.89999999999999900, -0.2500000000000000000, 5.994789404000000500 ) ) ;
#2893 = ORIENTED_EDGE ( 'NONE', *, *, #3794, .T. ) ;
#2894 = DIRECTION ( 'NONE',  ( -1.000000000000000000, -0.0000000000000000000, -0.0000000000000000000 ) ) ;
#2895 = EDGE_LOOP ( 'NONE', ( #2472, #3004, #3805, #2007 ) ) ;
#2896 = CARTESIAN_POINT ( 'NONE',  ( 26.89999999999996300, 2.291775512138882800, -2.645328902416610900 ) ) ;
#2897 = FACE_OUTER_BOUND ( 'NONE', #1327, .T. ) ;
#2898 = AXIS2_PLACEMENT_3D ( 'NONE', #2343, #2163, #2099 ) ;
#2899 = ORIENTED_EDGE ( 'NONE', *, *, #275, .T. ) ;
#2900 = CARTESIAN_POINT ( 'NONE',  ( 20.80000000000000400, -4.997133466999999400, 3.320942202999999500 ) ) ;
#2901 = VERTEX_POINT ( 'NONE', #4358 ) ;
#2902 = DIRECTION ( 'NONE',  ( 1.000000000000000000, 4.956352788505163400E-017, -0.0000000000000000000 ) ) ;
#2903 = LINE ( 'NONE', #2765, #1033 ) ;
#2904 = DIRECTION ( 'NONE',  ( 7.930164461608261200E-015, 0.0000000000000000000, 1.000000000000000000 ) ) ;
#2905 = CARTESIAN_POINT ( 'NONE',  ( 24.72142857099999700, 1.090234159000000000, 5.900117750999999800 ) ) ;
#2906 = ADVANCED_FACE ( 'NONE', ( #1507, #2488 ), #3754, .F. ) ;
#2907 = B_SPLINE_CURVE_WITH_KNOTS ( 'NONE', 3,
 ( #2329, #3994, #2360, #2311, #2299, #2289, #2274, #2259 ),
 .UNSPECIFIED., .F., .F.,
 ( 4, 2, 2, 4 ),
 ( 0.0000000000000000000, 0.001718385960419440800, 0.003436771920838881600, 0.006873543841677763300 ),
 .UNSPECIFIED. ) ;
#2908 = CARTESIAN_POINT ( 'NONE',  ( 24.19274937502202100, -2.544158431116362100, -7.500000000000000900 ) ) ;
#2909 = VECTOR ( 'NONE', #2865, 1000.000000000000000 ) ;
#2910 = CIRCLE ( 'NONE', #2205, 8.400000000000000400 ) ;
#2911 = AXIS2_PLACEMENT_3D ( 'NONE', #4341, #382, #747 ) ;
#2912 = ORIENTED_EDGE ( 'NONE', *, *, #2482, .F. ) ;
#2913 = PLANE ( 'NONE',  #1456 ) ;
#2914 = CIRCLE ( 'NONE', #2569, 7.000000000000000000 ) ;
#2915 = ORIENTED_EDGE ( 'NONE', *, *, #1044, .T. ) ;
#2916 =( BOUNDED_SURFACE ( )  B_SPLINE_SURFACE ( 1, 2, ( 
 ( #90, #2308, #1586, #4073, #1952, #4401, #2320 ),
 ( #107, #2711, #458, #3069, #838, #3410, #1219 ) ),
 .UNSPECIFIED., .F., .F., .F. ) 
 B_SPLINE_SURFACE_WITH_KNOTS ( ( 2, 2 ),
 ( 3, 2, 2, 3 ),
 ( 0.0000000000000000000, 0.7107636051733871000 ),
 ( 0.0000000000000000000, 0.03571428571428570500, 0.07142857142857142500, 0.09997839300211182300 ),
 .UNSPECIFIED. ) 
 GEOMETRIC_REPRESENTATION_ITEM ( )  RATIONAL_B_SPLINE_SURFACE ( (
 ( 1.000000000000000000, 0.9937122098932428300, 1.000000000000000000, 0.9937122098932428300, 1.000000000000000000, 0.9949735720020860300, 0.9979833468637628900),
 ( 1.000000000000000000, 0.9937122098932428300, 1.000000000000000000, 0.9937122098932428300, 1.000000000000000000, 0.9949735720020860300, 0.9979833468637628900) ) ) 
 REPRESENTATION_ITEM ( '' )  SURFACE ( )  );
#2917 = CARTESIAN_POINT ( 'NONE',  ( 10.30000000000000100, 8.386618560000002300, 0.4739505500000000300 ) ) ;
#2918 = DIRECTION ( 'NONE',  ( 0.0000000000000000000, 0.0000000000000000000, 1.000000000000000000 ) ) ;
#2919 = DIRECTION ( 'NONE',  ( 1.000000000000000000, -0.0000000000000000000, -0.0000000000000000000 ) ) ;
#2920 = DIRECTION ( 'NONE',  ( 0.0000000000000000000, 0.0000000000000000000, -1.000000000000000000 ) ) ;
#2921 = CARTESIAN_POINT ( 'NONE',  ( 21.67319148900000100, 1.227549548999999900, -5.897833250999998900 ) ) ;
#2922 = ORIENTED_EDGE ( 'NONE', *, *, #4543, .F. ) ;
#2923 = CARTESIAN_POINT ( 'NONE',  ( 20.80000000000000400, 0.0000000000000000000, 0.0000000000000000000 ) ) ;
#2924 = LINE ( 'NONE', #1255, #4598 ) ;
#2925 = ADVANCED_FACE ( 'NONE', ( #622, #2727 ), #2047, .T. ) ;
#2926 = VECTOR ( 'NONE', #3537, 1000.000000000000000 ) ;
#2927 = ORIENTED_EDGE ( 'NONE', *, *, #627, .F. ) ;
#2928 = EDGE_LOOP ( 'NONE', ( #332, #972, #1861, #2960 ) ) ;
#2929 = CARTESIAN_POINT ( 'NONE',  ( 0.4397459618042095500, 4.603762495782620900, -7.026049450376514300 ) ) ;
#2930 = CARTESIAN_POINT ( 'NONE',  ( 20.80000000000000400, 0.6914091210000000700, -5.960029650000000100 ) ) ;
#2931 = CARTESIAN_POINT ( 'NONE',  ( 21.67319148900000100, -5.038406497000001300, 3.302389274999999900 ) ) ;
#2932 = CARTESIAN_POINT ( 'NONE',  ( 0.4397459620000000500, 0.0000000000000000000, 0.0000000000000000000 ) ) ;
#2933 = ORIENTED_EDGE ( 'NONE', *, *, #23, .T. ) ;
#2934 = VERTEX_POINT ( 'NONE', #2929 ) ;
#2935 = EDGE_CURVE ( 'NONE', #2840, #3356, #1779, .T. ) ;
#2936 = STYLED_ITEM ( 'NONE', ( #2275 ), #504 ) ;
#2937 = B_SPLINE_CURVE_WITH_KNOTS ( 'NONE', 3,
 ( #1572, #1591, #1891, #1569, #1561, #1548, #1530, #1514 ),
 .UNSPECIFIED., .F., .F.,
 ( 4, 2, 2, 4 ),
 ( 0.0000000000000000000, 0.001718385960364389400, 0.003436771920728778700, 0.006873543841457557500 ),
 .UNSPECIFIED. ) ;
#2938 = CARTESIAN_POINT ( 'NONE',  ( 23.85675555184569800, -3.782856064444330500, -7.500000000000000000 ) ) ;
#2939 = CARTESIAN_POINT ( 'NONE',  ( 23.63214285699999500, 2.390832478000000100, -5.544451907000000000 ) ) ;
#2940 = DIRECTION ( 'NONE',  ( -1.000000000000000000, -0.0000000000000000000, -0.0000000000000000000 ) ) ;
#2941 = DIRECTION ( 'NONE',  ( -1.000000000000000000, -0.0000000000000000000, -0.0000000000000000000 ) ) ;
#2942 = VERTEX_POINT ( 'NONE', #684 ) ;
#2943 = LINE ( 'NONE', #1326, #1717 ) ;
#2944 = ORIENTED_EDGE ( 'NONE', *, *, #4446, .F. ) ;
#2945 = CARTESIAN_POINT ( 'NONE',  ( 26.89999999999992400, -2.291775511596327000, 2.645328902886673100 ) ) ;
#2946 = ORIENTED_EDGE ( 'NONE', *, *, #4340, .F. ) ;
#2947 = FACE_OUTER_BOUND ( 'NONE', #4044, .T. ) ;
#2948 = AXIS2_PLACEMENT_3D ( 'NONE', #3318, #3159, #3183 ) ;
#2949 = PLANE ( 'NONE',  #3373 ) ;
#2950 = ORIENTED_EDGE ( 'NONE', *, *, #3087, .T. ) ;
#2951 = DIRECTION ( 'NONE',  ( 8.285246452426541800E-015, 0.0000000000000000000, 1.000000000000000000 ) ) ;
#2952 = CARTESIAN_POINT ( 'NONE',  ( 26.90000000000003400, 0.0000000000000000000, 0.0000000000000000000 ) ) ;
#2953 = EDGE_LOOP ( 'NONE', ( #4619, #1722, #4313, #3322 ) ) ;
#2954 = CARTESIAN_POINT ( 'NONE',  ( 22.54285714300000300, 1.743982588000000400, -5.740951552999999500 ) ) ;
#2955 = CARTESIAN_POINT ( 'NONE',  ( 19.86201196850000300, -8.386618560000002300, -0.4739505500000000300 ) ) ;
#2956 = DIRECTION ( 'NONE',  ( -1.000000000000000000, 0.0000000000000000000, 0.0000000000000000000 ) ) ;
#2957 = AXIS2_PLACEMENT_3D ( 'NONE', #4178, #2084, #4523 ) ;
#2958 = FACE_OUTER_BOUND ( 'NONE', #1671, .T. ) ;
#2959 = EDGE_LOOP ( 'NONE', ( #1461, #2525, #1789, #1094 ) ) ;
#2960 = ORIENTED_EDGE ( 'NONE', *, *, #1875, .F. ) ;
#2961 = CARTESIAN_POINT ( 'NONE',  ( 23.85675555194286100, 3.782856064086116200, 7.500000000000000000 ) ) ;
#2962 = LINE ( 'NONE', #1897, #2850 ) ;
#2963 = CIRCLE ( 'NONE', #2106, 6.000000000000000000 ) ;
#2964 = CARTESIAN_POINT ( 'NONE',  ( 20.80000000006638300, 0.4877022122699006300, -4.674627958671976600 ) ) ;
#2965 = VECTOR ( 'NONE', #2225, 1000.000000000000100 ) ;
#2966 = EDGE_CURVE ( 'NONE', #2633, #3991, #3436, .T. ) ;
#2967 = CARTESIAN_POINT ( 'NONE',  ( 25.81071428600000000, 3.564645933000000000, -4.873430645999999200 ) ) ;
#2968 = DIRECTION ( 'NONE',  ( 0.0000000000000000000, 0.0000000000000000000, -1.000000000000000000 ) ) ;
#2969 = AXIS2_PLACEMENT_3D ( 'NONE', #1052, #2562, #682 ) ;
#2970 = DIRECTION ( 'NONE',  ( 0.0000000000000000000, 0.0000000000000000000, 1.000000000000000000 ) ) ;
#2971 =( BOUNDED_SURFACE ( )  B_SPLINE_SURFACE ( 1, 2, ( 
 ( #935, #1694, #4162, #2063, #4504, #2429, #210 ),
 ( #2821, #567, #3173, #953, #3515, #1341, #3854 ) ),
 .UNSPECIFIED., .F., .F., .F. ) 
 B_SPLINE_SURFACE_WITH_KNOTS ( ( 2, 2 ),
 ( 3, 2, 2, 3 ),
 ( 0.0000000000000000000, 0.7107636051733690100 ),
 ( 0.0000000000000000000, 0.03571428571428570500, 0.07142857142857142500, 0.09997839300211182300 ),
 .UNSPECIFIED. ) 
 GEOMETRIC_REPRESENTATION_ITEM ( )  RATIONAL_B_SPLINE_SURFACE ( (
 ( 1.000000000000000000, 0.9937122098932428300, 1.000000000000000000, 0.9937122098932428300, 1.000000000000000000, 0.9949735720020860300, 0.9979833468637628900),
 ( 1.000000000000000000, 0.9937122098932418300, 1.000000000000000000, 0.9937122098932418300, 1.000000000000000000, 0.9949735720020860300, 0.9979833468637628900) ) ) 
 REPRESENTATION_ITEM ( '' )  SURFACE ( )  );
#2972 = CARTESIAN_POINT ( 'NONE',  ( 21.28597509018425500, -4.728510995155252400, 3.372851069009906500 ) ) ;
#2973 = ORIENTED_EDGE ( 'NONE', *, *, #1131, .F. ) ;
#2974 = DIRECTION ( 'NONE',  ( 0.0000000000000000000, 0.0000000000000000000, 1.000000000000000000 ) ) ;
#2975 = CIRCLE ( 'NONE', #3971, 3.500000000000031100 ) ;
#2976 = CARTESIAN_POINT ( 'NONE',  ( -0.4999999994808042000, 0.0000000000000000000, 0.0000000000000000000 ) ) ;
#2977 = AXIS2_PLACEMENT_3D ( 'NONE', #1057, #1013, #1040 ) ;
#2978 = CARTESIAN_POINT ( 'NONE',  ( 24.72142857099999700, 2.977739205000000200, -5.208941276999999200 ) ) ;
#2979 = ORIENTED_EDGE ( 'NONE', *, *, #4061, .F. ) ;
#2980 = DIRECTION ( 'NONE',  ( -1.000000000000000000, -0.0000000000000000000, -0.0000000000000000000 ) ) ;
#2981 = DIRECTION ( 'NONE',  ( -0.0000000000000000000, 0.8660254037656688300, 0.5000000000325102200 ) ) ;
#2982 = DIRECTION ( 'NONE',  ( 0.0000000000000000000, 0.0000000000000000000, 1.000000000000000000 ) ) ;
#2983 = CONICAL_SURFACE ( 'NONE', #255, 2.200000000000000200, 0.3889568801790071500 ) ;
#2984 = EDGE_LOOP ( 'NONE', ( #931, #1696, #2318, #2922 ) ) ;
#2985 = ORIENTED_EDGE ( 'NONE', *, *, #4009, .T. ) ;
#2986 = ORIENTED_EDGE ( 'NONE', *, *, #4337, .T. ) ;
#2987 = EDGE_CURVE ( 'NONE', #3653, #3381, #4422, .T. ) ;
#2988 = DIRECTION ( 'NONE',  ( 0.0000000000000000000, 0.0000000000000000000, 1.000000000000000000 ) ) ;
#2989 = CARTESIAN_POINT ( 'NONE',  ( 26.89999999999999900, -3.163714150825311900, -0.9409594201336885000 ) ) ;
#2990 = ORIENTED_EDGE ( 'NONE', *, *, #2801, .F. ) ;
#2991 = CARTESIAN_POINT ( 'NONE',  ( 20.80000000006441100, -5.881767712768952300, -1.185246207634487800 ) ) ;
#2992 = SURFACE_STYLE_FILL_AREA ( #3577 ) ;
#2993 = ORIENTED_EDGE ( 'NONE', *, *, #3389, .F. ) ;
#2994 = DIRECTION ( 'NONE',  ( -1.000000000000000000, -0.0000000000000000000, -0.0000000000000000000 ) ) ;
#2995 = VERTEX_POINT ( 'NONE', #4450 ) ;
#2996 = CARTESIAN_POINT ( 'NONE',  ( 20.80000000000000400, 0.09162617100000006200, -2.175366562000000200 ) ) ;
#2997 = FACE_OUTER_BOUND ( 'NONE', #3310, .T. ) ;
#2998 = CARTESIAN_POINT ( 'NONE',  ( 26.89999999999999900, 0.0000000000000000000, 0.0000000000000000000 ) ) ;
#2999 = EDGE_CURVE ( 'NONE', #2633, #4064, #3341, .T. ) ;
#3000 = DIRECTION ( 'NONE',  ( 0.0000000000000000000, -0.5000000000325102200, 0.8660254037656688300 ) ) ;
#3001 = VERTEX_POINT ( 'NONE', #1972 ) ;
#3002 = CARTESIAN_POINT ( 'NONE',  ( 15.19999999999999900, -4.603762496000000800, 7.026049450000000400 ) ) ;
#3003 = CIRCLE ( 'NONE', #3585, 6.000000000000000000 ) ;
#3004 = ORIENTED_EDGE ( 'NONE', *, *, #2354, .T. ) ;
#3005 = DIRECTION ( 'NONE',  ( 0.0000000000000000000, 0.0000000000000000000, -1.000000000000000000 ) ) ;
#3006 = ORIENTED_EDGE ( 'NONE', *, *, #2616, .T. ) ;
#3007 = CYLINDRICAL_SURFACE ( 'NONE', #45, 6.000000000000000000 ) ;
#3008 = DIRECTION ( 'NONE',  ( 0.0000000000000000000, 0.0000000000000000000, -1.000000000000000000 ) ) ;
#3009 = CARTESIAN_POINT ( 'NONE',  ( 26.89999999999999900, 4.062179543999999300, -4.415732935000000300 ) ) ;
#3010 = DIRECTION ( 'NONE',  ( -1.000000000000000000, -0.0000000000000000000, -0.0000000000000000000 ) ) ;
#3011 = FACE_OUTER_BOUND ( 'NONE', #4148, .T. ) ;
#3012 = DIRECTION ( 'NONE',  ( 0.0000000000000000000, 0.0000000000000000000, 1.000000000000000000 ) ) ;
#3013 = LINE ( 'NONE', #3170, #2023 ) ;
#3014 = ORIENTED_EDGE ( 'NONE', *, *, #397, .T. ) ;
#3015 = CARTESIAN_POINT ( 'NONE',  ( 7.699999999999999300, -8.386618560172431500, -0.4739505497013428200 ) ) ;
#3016 = FACE_OUTER_BOUND ( 'NONE', #4092, .T. ) ;
#3017 = PRESENTATION_LAYER_ASSIGNMENT (  '', '', ( #2782 ) ) ;
#3018 = ORIENTED_EDGE ( 'NONE', *, *, #1840, .T. ) ;
#3019 = VERTEX_POINT ( 'NONE', #4470 ) ;
#3020 = CARTESIAN_POINT ( 'NONE',  ( 4.700000000000000200, 6.495190528000001100, 3.750000000000000400 ) ) ;
#3021 = CARTESIAN_POINT ( 'NONE',  ( 0.4397459620000000500, 0.0000000000000000000, 0.0000000000000000000 ) ) ;
#3022 = ORIENTED_EDGE ( 'NONE', *, *, #1723, .T. ) ;
#3023 = AXIS2_PLACEMENT_3D ( 'NONE', #1171, #1579, #1368 ) ;
#3024 = FACE_OUTER_BOUND ( 'NONE', #1166, .T. ) ;
#3025 = DIRECTION ( 'NONE',  ( 1.000000000000000000, 0.0000000000000000000, 0.0000000000000000000 ) ) ;
#3026 = CARTESIAN_POINT ( 'NONE',  ( 7.700000000000000200, 4.603762496000000800, -7.026049450000000400 ) ) ;
#3027 = FACE_OUTER_BOUND ( 'NONE', #1177, .T. ) ;
#3028 = VERTEX_POINT ( 'NONE', #4190 ) ;
#3029 = CARTESIAN_POINT ( 'NONE',  ( 24.81101423728431500, 4.310115148174227300, -0.6733621791593070700 ) ) ;
#3030 = ORIENTED_EDGE ( 'NONE', *, *, #1528, .T. ) ;
#3031 = EDGE_CURVE ( 'NONE', #2934, #3413, #4217, .T. ) ;
#3032 = AXIS2_PLACEMENT_3D ( 'NONE', #877, #857, #841 ) ;
#3033 = CARTESIAN_POINT ( 'NONE',  ( 22.54285714300000300, 0.4783881190000001100, -2.124090357000000500 ) ) ;
#3034 = DIRECTION ( 'NONE',  ( 0.0000000000000000000, -0.5000000000325102200, 0.8660254037656688300 ) ) ;
#3035 = EDGE_LOOP ( 'NONE', ( #3627, #4291, #4434, #2498 ) ) ;
#3036 = CARTESIAN_POINT ( 'NONE',  ( 23.85675555209352100, -8.386618560172431500, 0.4739505497013434800 ) ) ;
#3037 = VERTEX_POINT ( 'NONE', #4432 ) ;
#3038 = ORIENTED_EDGE ( 'NONE', *, *, #1501, .T. ) ;
#3039 = VECTOR ( 'NONE', #1304, 1000.000000000000000 ) ;
#3040 = CARTESIAN_POINT ( 'NONE',  ( 25.81071428600000000, -3.564645933000000000, 4.873430645999999200 ) ) ;
#3041 = EDGE_LOOP ( 'NONE', ( #3641, #3146, #2985, #2927 ) ) ;
#3042 = EDGE_LOOP ( 'NONE', ( #1071, #1005, #3989, #2814 ) ) ;
#3043 = EDGE_CURVE ( 'NONE', #4315, #297, #389, .T. ) ;
#3044 = CYLINDRICAL_SURFACE ( 'NONE', #4377, 8.400000000000000400 ) ;
#3045 = CARTESIAN_POINT ( 'NONE',  ( 0.4397459620280225700, 3.782856063937774400, 7.500000000000000000 ) ) ;
#3046 = ORIENTED_EDGE ( 'NONE', *, *, #4006, .T. ) ;
#3047 = DIRECTION ( 'NONE',  ( 1.000000000000000000, 0.0000000000000000000, 0.0000000000000000000 ) ) ;
#3048 = EDGE_CURVE ( 'NONE', #1513, #1749, #1397, .T. ) ;
#3049 = CARTESIAN_POINT ( 'NONE',  ( 25.81071428600000000, -1.160381376000000100, 1.858578251000000000 ) ) ;
#3050 = DIRECTION ( 'NONE',  ( 1.000000000000000000, 3.226792180016382000E-018, -0.0000000000000000000 ) ) ;
#3051 = DIRECTION ( 'NONE',  ( 1.000000000000000000, -0.0000000000000000000, -0.0000000000000000000 ) ) ;
#3052 = ORIENTED_EDGE ( 'NONE', *, *, #4013, .F. ) ;
#3053 = CIRCLE ( 'NONE', #3670, 4.700000000000001100 ) ;
#3054 = EDGE_LOOP ( 'NONE', ( #1756, #1174, #876, #749, #511, #291, #15, #1890, #1539, #1540, #1189, #948, #2168, #2400, #762, #710, #890, #2064, #2587, #2763, #2944, #2990, #3268, #3363, #27, #86, #2973, #861, #4547, #2095, #2623, #4596 ) ) ;
#3055 = AXIS2_PLACEMENT_3D ( 'NONE', #4317, #4308, #4301 ) ;
#3056 = CARTESIAN_POINT ( 'NONE',  ( 2.081139542999999900, 8.386618560000002300, -0.4739505500000000300 ) ) ;
#3057 = DIRECTION ( 'NONE',  ( 0.0000000000000000000, 0.0000000000000000000, 1.000000000000000000 ) ) ;
#3058 = VERTEX_POINT ( 'NONE', #3823 ) ;
#3059 = CARTESIAN_POINT ( 'NONE',  ( 26.89999999999992400, -0.2500000005133027300, 3.491060010905508100 ) ) ;
#3060 = LINE ( 'NONE', #1908, #1959 ) ;
#3061 = AXIS2_PLACEMENT_3D ( 'NONE', #4639, #328, #467 ) ;
#3062 = FACE_OUTER_BOUND ( 'NONE', #999, .T. ) ;
#3063 = CARTESIAN_POINT ( 'NONE',  ( 0.0000000000000000000, 0.0000000000000000000, 0.0000000000000000000 ) ) ;
#3064 = CARTESIAN_POINT ( 'NONE',  ( 23.85675555199995300, 0.0000000000000000000, 0.0000000000000000000 ) ) ;
#3065 = FACE_OUTER_BOUND ( 'NONE', #29, .T. ) ;
#3066 = CARTESIAN_POINT ( 'NONE',  ( 20.80000000000000400, 0.0000000000000000000, 0.0000000000000000000 ) ) ;
#3067 = EDGE_CURVE ( 'NONE', #3636, #716, #4111, .T. ) ;
#3068 = VERTEX_POINT ( 'NONE', #3765 ) ;
#3069 = CARTESIAN_POINT ( 'NONE',  ( 23.63214285699999500, -0.4814151560000001200, -2.137530701000001100 ) ) ;
#3070 = CARTESIAN_POINT ( 'NONE',  ( -0.4999999999999444900, 0.0000000000000000000, 6.499999999999944900 ) ) ;
#3071 = EDGE_CURVE ( 'NONE', #4310, #2849, #3231, .T. ) ;
#3072 = DIRECTION ( 'NONE',  ( -1.000000000000000000, 0.0000000000000000000, 0.0000000000000000000 ) ) ;
#3073 = EDGE_LOOP ( 'NONE', ( #2651, #3479, #4257, #424 ) ) ;
#3074 = DIRECTION ( 'NONE',  ( 0.0000000000000000000, 0.0000000000000000000, 1.000000000000000000 ) ) ;
#3075 = DIRECTION ( 'NONE',  ( 0.0000000000000000000, 0.0000000000000000000, 1.000000000000000000 ) ) ;
#3076 = CARTESIAN_POINT ( 'NONE',  ( 24.19274937525866100, 2.544158429645904600, -7.499999999899596800 ) ) ;
#3077 = CARTESIAN_POINT ( 'NONE',  ( 19.86766081150000200, 3.782856064000000200, 7.500000000000000000 ) ) ;
#3078 = CIRCLE ( 'NONE', #2070, 6.000000000000000000 ) ;
#3079 = B_SPLINE_CURVE_WITH_KNOTS ( 'NONE', 3,
 ( #2945, #333, #3643, #1469, #3966, #1842, #4296, #2207, #4626, #2578 ),
 .UNSPECIFIED., .F., .F.,
 ( 4, 2, 2, 2, 4 ),
 ( 1.157973500094476600E-013, 0.001796284568814949600, 0.003592569137514102000, 0.005388853706213253500, 0.007185138274912406000 ),
 .UNSPECIFIED. ) ;
#3080 = EDGE_LOOP ( 'NONE', ( #4244, #1712 ) ) ;
#3081 = CARTESIAN_POINT ( 'NONE',  ( 21.78471948293330500, -1.934302523512129600, -3.842869361128582500 ) ) ;
#3082 = AXIS2_PLACEMENT_3D ( 'NONE', #4456, #1966, #4509 ) ;
#3083 = DIRECTION ( 'NONE',  ( 1.000000000000000000, -0.0000000000000000000, -0.0000000000000000000 ) ) ;
#3084 = ORIENTED_EDGE ( 'NONE', *, *, #3552, .T. ) ;
#3085 = ORIENTED_EDGE ( 'NONE', *, *, #2121, .T. ) ;
#3086 = ORIENTED_EDGE ( 'NONE', *, *, #2716, .T. ) ;
#3087 = EDGE_CURVE ( 'NONE', #3139, #2732, #1272, .T. ) ;
#3088 = CARTESIAN_POINT ( 'NONE',  ( 0.0000000000000000000, 0.0000000000000000000, 0.0000000000000000000 ) ) ;
#3089 = CARTESIAN_POINT ( 'NONE',  ( 21.29082889307405000, 1.182424066615972000, -4.347772809705523000 ) ) ;
#3090 = CARTESIAN_POINT ( 'NONE',  ( 24.72142857099999700, 0.9390485000000000600, -1.964383605999999900 ) ) ;
#3091 = LINE ( 'NONE', #3142, #1135 ) ;
#3092 = DIRECTION ( 'NONE',  ( 1.000000000000000000, 0.0000000000000000000, 0.0000000000000000000 ) ) ;
#3093 = CARTESIAN_POINT ( 'NONE',  ( 26.90000000000003400, 0.0000000000000000000, 0.0000000000000000000 ) ) ;
#3094 = ORIENTED_EDGE ( 'NONE', *, *, #2042, .F. ) ;
#3095 = CARTESIAN_POINT ( 'NONE',  ( 6.700000000000001100, 4.298950767839779500E-032, 0.0000000000000000000 ) ) ;
#3096 = CARTESIAN_POINT ( 'NONE',  ( 26.90000000000000200, 2.418682226519195400, 2.245316552482393500 ) ) ;
#3097 = EDGE_CURVE ( 'NONE', #3608, #4078, #2140, .T. ) ;
#3098 = CARTESIAN_POINT ( 'NONE',  ( 6.699999999999999300, 6.000000000000000000, 0.0000000000000000000 ) ) ;
#3099 = CIRCLE ( 'NONE', #1849, 2.199999999999986000 ) ;
#3100 = CARTESIAN_POINT ( 'NONE',  ( -0.05754209403671051200, -2.564466416610522400, 7.500000000000000000 ) ) ;
#3101 = VERTEX_POINT ( 'NONE', #3511 ) ;
#3102 = EDGE_CURVE ( 'NONE', #2282, #1513, #161, .T. ) ;
#3103 = AXIS2_PLACEMENT_3D ( 'NONE', #1261, #3790, #1633 ) ;
#3104 = CARTESIAN_POINT ( 'NONE',  ( 26.90000000000000200, -3.105301622237196700, 1.130750806913954700 ) ) ;
#3105 = CARTESIAN_POINT ( 'NONE',  ( 23.63214285699999500, 0.7177156240000002200, -2.070188960999999500 ) ) ;
#3106 = SHAPE_DEFINITION_REPRESENTATION ( #4468, #4028 ) ;
#3107 = CARTESIAN_POINT ( 'NONE',  ( 20.80000000000004000, -3.500366926799925300E-015, 0.0000000000000000000 ) ) ;
#3108 = ORIENTED_EDGE ( 'NONE', *, *, #1988, .F. ) ;
#3109 = DIRECTION ( 'NONE',  ( -1.000000000000000000, -4.956352788505163400E-017, 0.0000000000000000000 ) ) ;
#3110 = DIRECTION ( 'NONE',  ( 1.000000000000000000, 0.0000000000000000000, 0.0000000000000000000 ) ) ;
#3111 = AXIS2_PLACEMENT_3D ( 'NONE', #351, #195, #214 ) ;
#3112 = B_SPLINE_CURVE_WITH_KNOTS ( 'NONE', 3,
 ( #1114, #3308, #1862, #4312, #2218, #1, #2595, #361, #2972, #729 ),
 .UNSPECIFIED., .F., .F.,
 ( 4, 2, 2, 2, 4 ),
 ( 0.0000000000000000000, 0.001796284568872794800, 0.003592569137745588700, 0.005388853706618382600, 0.007185138275491177400 ),
 .UNSPECIFIED. ) ;
#3113 = LINE ( 'NONE', #844, #155 ) ;
#3114 = CARTESIAN_POINT ( 'NONE',  ( 23.28937044944712700, -1.716559005217245000, 3.260788037839681000 ) ) ;
#3115 = DIRECTION ( 'NONE',  ( -1.000000000000000000, 0.0000000000000000000, 0.0000000000000000000 ) ) ;
#3116 = CARTESIAN_POINT ( 'NONE',  ( 26.90000000000000200, 3.163714150825155200, 0.9409594201340334400 ) ) ;
#3117 = CARTESIAN_POINT ( 'NONE',  ( 26.89999999999999900, 0.7915895558270339400, 3.204093750371397300 ) ) ;
#3118 = VECTOR ( 'NONE', #3750, 1000.000000000000000 ) ;
#3119 = CARTESIAN_POINT ( 'NONE',  ( 20.80000000000000400, 7.347880794884119700E-016, -6.000000000000000000 ) ) ;
#3120 = EDGE_LOOP ( 'NONE', ( #756, #938, #1231, #1416 ) ) ;
#3121 = CARTESIAN_POINT ( 'NONE',  ( 26.89999999999999900, -2.290001407736147200, 2.381089106386491000 ) ) ;
#3122 = FACE_BOUND ( 'NONE', #1941, .T. ) ;
#3123 = ORIENTED_EDGE ( 'NONE', *, *, #301, .F. ) ;
#3124 = CARTESIAN_POINT ( 'NONE',  ( 21.67319148900000100, 0.2873134459999999700, -2.167124238000001300 ) ) ;
#3125 = DIRECTION ( 'NONE',  ( -1.000000000000000000, -6.743191670872330000E-016, -0.0000000000000000000 ) ) ;
#3126 = DIRECTION ( 'NONE',  ( 1.000000000000000000, -0.0000000000000000000, -0.0000000000000000000 ) ) ;
#3127 = CARTESIAN_POINT ( 'NONE',  ( 21.78082501750114000, -3.623781977242615900, 2.355177480718368100 ) ) ;
#3128 = CARTESIAN_POINT ( 'NONE',  ( 20.80000000000000400, 0.0000000000000000000, 3.349999999999999600 ) ) ;
#3129 = DIRECTION ( 'NONE',  ( -9.912705577010326800E-017, 1.000000000000000000, 0.0000000000000000000 ) ) ;
#3130 = CARTESIAN_POINT ( 'NONE',  ( 26.89999999999999900, 2.972226469355762700, -1.434249358930830700 ) ) ;
#3131 = CARTESIAN_POINT ( 'NONE',  ( 26.89999999999999900, 1.677346903237151100, 2.845324442712683600 ) ) ;
#3132 = EDGE_LOOP ( 'NONE', ( #308, #2172, #3038, #1078 ) ) ;
#3133 = DIRECTION ( 'NONE',  ( 0.7071067811865468000, 8.659560562354942700E-017, 0.7071067811865483500 ) ) ;
#3134 = AXIS2_PLACEMENT_3D ( 'NONE', #1905, #4355, #2260 ) ;
#3135 = FACE_OUTER_BOUND ( 'NONE', #4017, .T. ) ;
#3136 = CARTESIAN_POINT ( 'NONE',  ( 26.89999999999999900, -1.362075676705090800, 3.007253967444967200 ) ) ;
#3137 = LINE ( 'NONE', #3839, #2383 ) ;
#3138 = DIRECTION ( 'NONE',  ( 1.000000000000000000, 3.226792180016382000E-018, -0.0000000000000000000 ) ) ;
#3139 = VERTEX_POINT ( 'NONE', #3551 ) ;
#3140 = ORIENTED_EDGE ( 'NONE', *, *, #494, .T. ) ;
#3141 = DIRECTION ( 'NONE',  ( 0.0000000000000000000, 0.0000000000000000000, 1.000000000000000000 ) ) ;
#3142 = CARTESIAN_POINT ( 'NONE',  ( 26.89999999999999900, 4.078842231499999500, -0.2500000000000000000 ) ) ;
#3143 = CARTESIAN_POINT ( 'NONE',  ( 23.85675555223899000, 4.603762496005821900, -7.026049449989918600 ) ) ;
#3144 = DIRECTION ( 'NONE',  ( 0.0000000000000000000, 1.000000000000000000, 0.0000000000000000000 ) ) ;
#3145 = AXIS2_PLACEMENT_3D ( 'NONE', #924, #2750, #4068 ) ;
#3146 = ORIENTED_EDGE ( 'NONE', *, *, #188, .F. ) ;
#3147 = ORIENTED_EDGE ( 'NONE', *, *, #234, .F. ) ;
#3148 = CARTESIAN_POINT ( 'NONE',  ( 26.89999999999999900, 2.060248903837310400, -2.578147717098921500 ) ) ;
#3149 = COLOUR_RGB ( '',0.7921568627450980000, 0.8196078431372548800, 0.9333333333333333500 ) ;
#3150 = DIRECTION ( 'NONE',  ( 0.7071067811865472400, 8.659560562354937800E-017, 0.7071067811865479100 ) ) ;
#3151 = CARTESIAN_POINT ( 'NONE',  ( 26.89999999999999900, -0.3903475557979276800, -3.283500000380601400 ) ) ;
#3152 = EDGE_LOOP ( 'NONE', ( #1263, #2242 ) ) ;
#3153 = CIRCLE ( 'NONE', #1010, 6.000000000000000000 ) ;
#3154 = LINE ( 'NONE', #3187, #3739 ) ;
#3155 = CARTESIAN_POINT ( 'NONE',  ( 23.85675555199995300, -8.386618560172431500, -0.4739505497013434800 ) ) ;
#3156 = EDGE_LOOP ( 'NONE', ( #525, #1768, #3542, #3656 ) ) ;
#3157 = CARTESIAN_POINT ( 'NONE',  ( -0.5377209140000001100, 8.386618560000002300, 0.4739505500000000300 ) ) ;
#3158 = VERTEX_POINT ( 'NONE', #3397 ) ;
#3159 = DIRECTION ( 'NONE',  ( -1.000000000000000000, 0.0000000000000000000, 0.0000000000000000000 ) ) ;
#3160 = FACE_OUTER_BOUND ( 'NONE', #767, .T. ) ;
#3161 = CARTESIAN_POINT ( 'NONE',  ( 22.54285714300000300, 1.840230178000000100, -1.163687211999999900 ) ) ;
#3162 = DIRECTION ( 'NONE',  ( -6.453584360032763900E-018, 1.000000000000000000, 0.0000000000000000000 ) ) ;
#3163 = ORIENTED_EDGE ( 'NONE', *, *, #1988, .T. ) ;
#3164 = CARTESIAN_POINT ( 'NONE',  ( 0.4397459620000005500, 0.0000000000000000000, 0.0000000000000000000 ) ) ;
#3165 = EDGE_CURVE ( 'NONE', #2749, #4567, #1036, .T. ) ;
#3166 = CARTESIAN_POINT ( 'NONE',  ( 26.89999999999999900, 1.080232752455213800, -3.118807349028788400 ) ) ;
#3167 = PRESENTATION_LAYER_ASSIGNMENT (  '', '', ( #2936 ) ) ;
#3168 = DIRECTION ( 'NONE',  ( -6.453584360032763900E-018, 1.000000000000000000, 0.0000000000000000000 ) ) ;
#3169 = ORIENTED_EDGE ( 'NONE', *, *, #2322, .F. ) ;
#3170 = CARTESIAN_POINT ( 'NONE',  ( 0.0000000000000000000, 6.735557395310442000E-016, 5.500000000000000000 ) ) ;
#3171 = CARTESIAN_POINT ( 'NONE',  ( 26.89999999999999900, -1.434314707967058600, -2.972019362004170200 ) ) ;
#3172 = FACE_OUTER_BOUND ( 'NONE', #2760, .T. ) ;
#3173 = CARTESIAN_POINT ( 'NONE',  ( 24.72142857099999700, 1.698367568000000500, 1.362410599000000200 ) ) ;
#3174 = ORIENTED_EDGE ( 'NONE', *, *, #4464, .F. ) ;
#3175 = LINE ( 'NONE', #2656, #2083 ) ;
#3176 = CARTESIAN_POINT ( 'NONE',  ( 12.90000000000000000, -6.495190528000001100, -3.750000000000000400 ) ) ;
#3177 = LINE ( 'NONE', #2891, #221 ) ;
#3178 = AXIS2_PLACEMENT_3D ( 'NONE', #3345, #4262, #3332 ) ;
#3179 = DIRECTION ( 'NONE',  ( -1.000000000000000000, -0.0000000000000000000, -0.0000000000000000000 ) ) ;
#3180 = FACE_BOUND ( 'NONE', #3596, .T. ) ;
#3181 =( NAMED_UNIT ( * ) SI_UNIT ( $, .STERADIAN. ) SOLID_ANGLE_UNIT ( ) );
#3182 = ORIENTED_EDGE ( 'NONE', *, *, #821, .T. ) ;
#3183 = DIRECTION ( 'NONE',  ( 0.0000000000000000000, 0.0000000000000000000, 1.000000000000000000 ) ) ;
#3184 = DIRECTION ( 'NONE',  ( 2.065146995210484400E-016, -1.000000000000000000, 0.0000000000000000000 ) ) ;
#3185 = CARTESIAN_POINT ( 'NONE',  ( 26.89999999999999900, -2.467171915271502100, -2.191632144184482800 ) ) ;
#3186 = CARTESIAN_POINT ( 'NONE',  ( 7.699999999999997500, 8.750000000000000000, 0.0000000000000000000 ) ) ;
#3187 = CARTESIAN_POINT ( 'NONE',  ( 10.30000000000000100, -4.603762496000000800, 7.026049450000000400 ) ) ;
#3188 = DIRECTION ( 'NONE',  ( 7.381802025433245000E-016, -1.000000000000000000, 0.0000000000000000000 ) ) ;
#3189 = FILL_AREA_STYLE_COLOUR ( '', #2833 ) ;
#3190 = DIRECTION ( 'NONE',  ( 0.0000000000000000000, 1.000000000000000000, 0.0000000000000000000 ) ) ;
#3191 = B_SPLINE_CURVE_WITH_KNOTS ( 'NONE', 3,
 ( #1480, #1346, #1285, #1271, #1251, #1215, #1212, #1202 ),
 .UNSPECIFIED., .F., .F.,
 ( 4, 2, 2, 4 ),
 ( 0.0000000000000000000, 0.003805479762174662400, 0.005708219643261994500, 0.007610959524349326600 ),
 .UNSPECIFIED. ) ;
#3192 = DIRECTION ( 'NONE',  ( -5.808225924029487500E-017, 0.0000000000000000000, -1.000000000000000000 ) ) ;
#3193 = DIRECTION ( 'NONE',  ( 1.000000000000000000, 0.0000000000000000000, 0.0000000000000000000 ) ) ;
#3194 = FILL_AREA_STYLE ('',( #3189 ) ) ;
#3195 = FACE_OUTER_BOUND ( 'NONE', #3035, .T. ) ;
#3196 = EDGE_CURVE ( 'NONE', #1996, #3001, #3013, .T. ) ;
#3197 = DIRECTION ( 'NONE',  ( -1.000000000000000000, -2.065146995210484400E-016, -0.0000000000000000000 ) ) ;
#3198 = AXIS2_PLACEMENT_3D ( 'NONE', #715, #3297, #4613 ) ;
#3199 = ORIENTED_EDGE ( 'NONE', *, *, #1091, .F. ) ;
#3200 = DIRECTION ( 'NONE',  ( 0.0000000000000000000, -0.5000000000325102200, 0.8660254037656688300 ) ) ;
#3201 = ORIENTED_EDGE ( 'NONE', *, *, #1105, .F. ) ;
#3202 = SURFACE_SIDE_STYLE ('',( #1844 ) ) ;
#3203 = DIRECTION ( 'NONE',  ( -1.000000000000000000, -2.065146995210484400E-016, -0.0000000000000000000 ) ) ;
#3204 = CARTESIAN_POINT ( 'NONE',  ( 24.02510652028910300, 4.914089548785337800, -6.488547227659286600 ) ) ;
#3205 = DIRECTION ( 'NONE',  ( 0.0000000000000000000, 1.000000000000000000, 0.0000000000000000000 ) ) ;
#3206 = DIRECTION ( 'NONE',  ( 0.0000000000000000000, 3.552713678800500900E-015, 1.000000000000000000 ) ) ;
#3207 = SURFACE_STYLE_USAGE ( .BOTH. , #3202 ) ;
#3208 = AXIS2_PLACEMENT_3D ( 'NONE', #516, #463, #536 ) ;
#3209 = VERTEX_POINT ( 'NONE', #3070 ) ;
#3210 = CARTESIAN_POINT ( 'NONE',  ( 15.19999999999999900, -1.787747271648447900E-015, 0.0000000000000000000 ) ) ;
#3211 = CONICAL_SURFACE ( 'NONE', #3178, 1.399999999999999900, 0.3889568801790071500 ) ;
#3212 = ORIENTED_EDGE ( 'NONE', *, *, #705, .F. ) ;
#3213 = VECTOR ( 'NONE', #2377, 1000.000000000000200 ) ;
#3214 = EDGE_CURVE ( 'NONE', #2614, #4189, #1911, .T. ) ;
#3215 = CARTESIAN_POINT ( 'NONE',  ( 26.37479858337584900, -2.415980525038727000, -0.1312580832442421200 ) ) ;
#3216 = ORIENTED_EDGE ( 'NONE', *, *, #3427, .F. ) ;
#3217 = CARTESIAN_POINT ( 'NONE',  ( 21.77845964106096900, 5.348766841474202700, 1.679780332758297900 ) ) ;
#3218 = CARTESIAN_POINT ( 'NONE',  ( 20.80000000000000400, 0.0000000000000000000, 0.0000000000000000000 ) ) ;
#3219 = CARTESIAN_POINT ( 'NONE',  ( 17.00000000000000000, 0.0000000000000000000, 0.0000000000000000000 ) ) ;
#3220 =( BOUNDED_SURFACE ( )  B_SPLINE_SURFACE ( 1, 2, ( 
 ( #1874, #196, #2808, #557, #3161, #940, #3505 ),
 ( #1329, #3841, #1698, #4167, #2068, #4510, #2433 ) ),
 .UNSPECIFIED., .F., .F., .T. ) 
 B_SPLINE_SURFACE_WITH_KNOTS ( ( 2, 2 ),
 ( 3, 2, 2, 3 ),
 ( 0.2892363948265819800, 1.000000000000000000 ),
 ( 0.0000000000000000000, 0.03571428571428570500, 0.07142857142857142500, 0.09997839300211171200 ),
 .UNSPECIFIED. ) 
 GEOMETRIC_REPRESENTATION_ITEM ( )  RATIONAL_B_SPLINE_SURFACE ( (
 ( 1.000000000000000000, 0.9937122098932418300, 1.000000000000000000, 0.9937122098932418300, 1.000000000000000000, 0.9949735720020860300, 0.9979833468637628900),
 ( 1.000000000000000000, 0.9937122098932428300, 1.000000000000000000, 0.9937122098932428300, 1.000000000000000000, 0.9949735720020860300, 0.9979833468637628900) ) ) 
 REPRESENTATION_ITEM ( '' )  SURFACE ( )  );
#3221 = B_SPLINE_CURVE_WITH_KNOTS ( 'NONE', 3,
 ( #363, #970, #655, #441, #336, #251, #280, #158, #2, #141, #1164, #1226 ),
 .UNSPECIFIED., .F., .F.,
 ( 4, 2, 2, 2, 2, 4 ),
 ( 0.0000000000000000000, 0.001944996279955910500, 0.002917494419933863800, 0.003889992559911817500, 0.005834988839867724100, 0.007779985119823631600 ),
 .UNSPECIFIED. ) ;
#3222 = VECTOR ( 'NONE', #817, 1000.000000000000100 ) ;
#3223 = CARTESIAN_POINT ( 'NONE',  ( 26.89999999999992400, 0.2500000001998284300, 3.491060010927956800 ) ) ;
#3224 = CARTESIAN_POINT ( 'NONE',  ( 12.90000000000000200, 3.782856063937775300, 7.499999999999999100 ) ) ;
#3225 = DIRECTION ( 'NONE',  ( 1.000000000000000000, -0.0000000000000000000, -0.0000000000000000000 ) ) ;
#3226 = DIRECTION ( 'NONE',  ( 0.0000000000000000000, 0.5000000000325102200, -0.8660254037656688300 ) ) ;
#3227 = CARTESIAN_POINT ( 'NONE',  ( -0.4999999994807851100, 9.136176229098671600E-016, 7.460254038519214400 ) ) ;
#3228 = CIRCLE ( 'NONE', #2058, 3.699999999798679900 ) ;
#3229 = EDGE_CURVE ( 'NONE', #2291, #3369, #4020, .T. ) ;
#3230 = CARTESIAN_POINT ( 'NONE',  ( 20.80000000000000400, 0.5854632589999997400, -2.097104625000000100 ) ) ;
#3231 = LINE ( 'NONE', #4528, #3118 ) ;
#3232 = ORIENTED_EDGE ( 'NONE', *, *, #1235, .T. ) ;
#3233 = CARTESIAN_POINT ( 'NONE',  ( 26.89999999999996300, -3.491060010976027300, 0.2499999995283417600 ) ) ;
#3234 = DIRECTION ( 'NONE',  ( 1.000000000000000000, 0.0000000000000000000, 0.0000000000000000000 ) ) ;
#3235 = CARTESIAN_POINT ( 'NONE',  ( 24.16192098303028100, 5.227126118289615600, -5.946351984697818300 ) ) ;
#3236 = CIRCLE ( 'NONE', #2074, 4.700000000000001100 ) ;
#3237 = AXIS2_PLACEMENT_3D ( 'NONE', #266, #252, #236 ) ;
#3238 = EDGE_LOOP ( 'NONE', ( #1824, #2986, #2103, #353, #954 ) ) ;
#3239 = CARTESIAN_POINT ( 'NONE',  ( 26.89999999999999900, 0.0000000000000000000, 2.200000000000000200 ) ) ;
#3240 = CARTESIAN_POINT ( 'NONE',  ( 25.81071428600000000, 1.160381376000000100, -1.858578251000000000 ) ) ;
#3241 = CARTESIAN_POINT ( 'NONE',  ( 26.90000000000003400, 0.0000000000000000000, 0.0000000000000000000 ) ) ;
#3242 =( LENGTH_UNIT ( ) NAMED_UNIT ( * ) SI_UNIT ( .MILLI., .METRE. ) );
#3243 = CARTESIAN_POINT ( 'NONE',  ( 25.81071428600000000, -2.191063293999999700, -0.006300255000000001100 ) ) ;
#3244 = FACE_OUTER_BOUND ( 'NONE', #416, .T. ) ;
#3245 = CARTESIAN_POINT ( 'NONE',  ( 0.0000000000000000000, 0.0000000000000000000, 0.0000000000000000000 ) ) ;
#3246 = CARTESIAN_POINT ( 'NONE',  ( 17.39999999999999900, 0.0000000000000000000, 0.0000000000000000000 ) ) ;
#3247 = CARTESIAN_POINT ( 'NONE',  ( 24.39734293314359800, 5.849649578601500400, 4.868109722627518300 ) ) ;
#3248 = CARTESIAN_POINT ( 'NONE',  ( 24.34956427133048300, 5.860586872362079100, -4.849165774138535700 ) ) ;
#3249 = EDGE_CURVE ( 'NONE', #2739, #1655, #3814, .T. ) ;
#3250 = MECHANICAL_DESIGN_GEOMETRIC_PRESENTATION_REPRESENTATION (  '', ( #2782 ), #3477 ) ;
#3251 = FACE_OUTER_BOUND ( 'NONE', #2227, .T. ) ;
#3252 = B_SPLINE_CURVE_WITH_KNOTS ( 'NONE', 3,
 ( #2677, #3089, #4251, #2444, #2273, #2127, #2080, #2011, #403, #451 ),
 .UNSPECIFIED., .F., .F.,
 ( 4, 2, 2, 2, 4 ),
 ( 8.323127483160282800E-013, 0.001751156721596153300, 0.003502313442359994100, 0.005253470163123834400, 0.007004626883887674800 ),
 .UNSPECIFIED. ) ;
#3253 = VERTEX_POINT ( 'NONE', #2784 ) ;
#3254 =( NAMED_UNIT ( * ) PLANE_ANGLE_UNIT ( ) SI_UNIT ( $, .RADIAN. ) );
#3255 = VERTEX_POINT ( 'NONE', #2741 ) ;
#3256 = VERTEX_POINT ( 'NONE', #2728 ) ;
#3257 = VECTOR ( 'NONE', #4242, 1000.000000000000000 ) ;
#3258 = ORIENTED_EDGE ( 'NONE', *, *, #4512, .F. ) ;
#3259 = AXIS2_PLACEMENT_3D ( 'NONE', #864, #1232, #974 ) ;
#3260 = CARTESIAN_POINT ( 'NONE',  ( 15.70000000000004700, 0.0000000000000000000, -5.500000000000000000 ) ) ;
#3261 = CARTESIAN_POINT ( 'NONE',  ( 0.4397459620000000500, 0.0000000000000000000, 0.0000000000000000000 ) ) ;
#3262 = VERTEX_POINT ( 'NONE', #3119 ) ;
#3263 = VECTOR ( 'NONE', #4056, 1000.000000000000000 ) ;
#3264 = ORIENTED_EDGE ( 'NONE', *, *, #3416, .T. ) ;
#3265 = CARTESIAN_POINT ( 'NONE',  ( 26.89999999999961800, -3.491060010940426000, -0.2499999999999398800 ) ) ;
#3266 = CARTESIAN_POINT ( 'NONE',  ( 26.89999999993676400, 0.2499999999771642700, -3.491060010969853500 ) ) ;
#3267 = ORIENTED_EDGE ( 'NONE', *, *, #3838, .T. ) ;
#3268 = ORIENTED_EDGE ( 'NONE', *, *, #860, .F. ) ;
#3269 = ORIENTED_EDGE ( 'NONE', *, *, #6, .T. ) ;
#3270 = CARTESIAN_POINT ( 'NONE',  ( 4.699999999999999300, 1.374695441470161400E-017, 0.0000000000000000000 ) ) ;
#3271 = VECTOR ( 'NONE', #1697, 1000.000000000000200 ) ;
#3272 = DIRECTION ( 'NONE',  ( 0.0000000000000000000, -0.7071067813170313100, -0.7071067810560637300 ) ) ;
#3273 =( NAMED_UNIT ( * ) SI_UNIT ( $, .STERADIAN. ) SOLID_ANGLE_UNIT ( ) );
#3274 = EDGE_CURVE ( 'NONE', #3482, #4521, #1811, .T. ) ;
#3275 = DIRECTION ( 'NONE',  ( 0.0000000000000000000, -0.4999999998573345600, 0.8660254038668066000 ) ) ;
#3276 = AXIS2_PLACEMENT_3D ( 'NONE', #618, #599, #580 ) ;
#3277 = CARTESIAN_POINT ( 'NONE',  ( 21.78471948262546600, 3.842869361178165900, -1.934302523696289000 ) ) ;
#3278 = CARTESIAN_POINT ( 'NONE',  ( 26.89999999999996300, 2.291775512138882800, -2.645328902416610900 ) ) ;
#3279 = CIRCLE ( 'NONE', #965, 8.750000000000000000 ) ;
#3280 = CARTESIAN_POINT ( 'NONE',  ( 24.39957771590525900, 6.183319497482720800, -4.290176470217963000 ) ) ;
#3281 = ORIENTED_EDGE ( 'NONE', *, *, #2005, .F. ) ;
#3282 = B_SPLINE_CURVE_WITH_KNOTS ( 'NONE', 3,
 ( #1165, #1180, #1186, #1150, #1140, #1126, #1115, #1096, #1077, #1056 ),
 .UNSPECIFIED., .F., .F.,
 ( 4, 2, 2, 2, 4 ),
 ( 2.454177792353677000E-013, 0.001827478122771728100, 0.003654956245298038400, 0.005482434367824346100, 0.007309912490350655100 ),
 .UNSPECIFIED. ) ;
#3283 = EDGE_LOOP ( 'NONE', ( #717, #312, #1483, #1315 ) ) ;
#3284 = CARTESIAN_POINT ( 'NONE',  ( 0.0000000000000000000, 0.0000000000000000000, -5.500000000000000000 ) ) ;
#3285 = VECTOR ( 'NONE', #3564, 1000.000000000000000 ) ;
#3286 = EDGE_CURVE ( 'NONE', #4511, #411, #787, .T. ) ;
#3287 = CARTESIAN_POINT ( 'NONE',  ( 20.80000000006439400, 2.960603587200009800, 3.650318670912222200 ) ) ;
#3288 = DIRECTION ( 'NONE',  ( 0.0000000000000000000, 0.0000000000000000000, 1.000000000000000000 ) ) ;
#3289 = LINE ( 'NONE', #2485, #1455 ) ;
#3290 = AXIS2_PLACEMENT_3D ( 'NONE', #173, #2786, #4126 ) ;
#3291 = DIRECTION ( 'NONE',  ( 0.0000000000000000000, -0.8660254037656688300, -0.5000000000325102200 ) ) ;
#3292 = DIRECTION ( 'NONE',  ( 0.0000000000000000000, 0.0000000000000000000, 1.000000000000000000 ) ) ;
#3293 = CARTESIAN_POINT ( 'NONE',  ( 20.79999999967464000, -3.944174677711240300, 2.556068487319507200 ) ) ;
#3294 = EDGE_CURVE ( 'NONE', #4397, #3889, #4255, .T. ) ;
#3295 = CYLINDRICAL_SURFACE ( 'NONE', #3208, 8.400000000000000400 ) ;
#3296 = ORIENTED_EDGE ( 'NONE', *, *, #639, .F. ) ;
#3297 = DIRECTION ( 'NONE',  ( -1.000000000000000000, 0.0000000000000000000, 0.0000000000000000000 ) ) ;
#3298 = DIRECTION ( 'NONE',  ( -1.000000000000000000, 0.0000000000000000000, 0.0000000000000000000 ) ) ;
#3299 = PLANE ( 'NONE',  #1152 ) ;
#3300 = AXIS2_PLACEMENT_3D ( 'NONE', #3924, #4002, #4058 ) ;
#3301 = CARTESIAN_POINT ( 'NONE',  ( 15.19999999999999800, -1.787747271648448300E-015, 0.0000000000000000000 ) ) ;
#3302 = AXIS2_PLACEMENT_3D ( 'NONE', #4426, #59, #4601 ) ;
#3303 = DIRECTION ( 'NONE',  ( -1.000000000000000000, 0.0000000000000000000, 0.0000000000000000000 ) ) ;
#3304 = DIRECTION ( 'NONE',  ( 1.000000000000000000, -0.0000000000000000000, -0.0000000000000000000 ) ) ;
#3305 = EDGE_CURVE ( 'NONE', #1400, #1906, #4564, .T. ) ;
#3306 = CIRCLE ( 'NONE', #77, 2.199999999999986000 ) ;
#3307 = ORIENTED_EDGE ( 'NONE', *, *, #1102, .T. ) ;
#3308 = CARTESIAN_POINT ( 'NONE',  ( 26.36869308869614100, -3.695627102713531900, 0.4418583026038875300 ) ) ;
#3309 = CARTESIAN_POINT ( 'NONE',  ( 26.89999999999999900, 4.286263797015736600E-016, 3.500000000000000000 ) ) ;
#3310 = EDGE_LOOP ( 'NONE', ( #1629, #4339, #1873, #3773 ) ) ;
#3311 = CARTESIAN_POINT ( 'NONE',  ( 26.89999999999992400, 3.491060010902318700, -0.2500000005578423800 ) ) ;
#3312 = ORIENTED_EDGE ( 'NONE', *, *, #42, .T. ) ;
#3313 = VERTEX_POINT ( 'NONE', #1588 ) ;
#3314 = EDGE_CURVE ( 'NONE', #1930, #3889, #1798, .T. ) ;
#3315 = DIRECTION ( 'NONE',  ( -1.000000000000000000, -2.065146995210484400E-016, -0.0000000000000000000 ) ) ;
#3316 = CARTESIAN_POINT ( 'NONE',  ( 20.80000000000000400, 0.0000000000000000000, 0.0000000000000000000 ) ) ;
#3317 = EDGE_CURVE ( 'NONE', #2109, #723, #4483, .T. ) ;
#3318 = CARTESIAN_POINT ( 'NONE',  ( 26.89999999999999900, 0.0000000000000000000, 0.0000000000000000000 ) ) ;
#3319 = ORIENTED_EDGE ( 'NONE', *, *, #1343, .T. ) ;
#3320 = ORIENTED_EDGE ( 'NONE', *, *, #3344, .T. ) ;
#3321 = DIRECTION ( 'NONE',  ( 0.0000000000000000000, 0.0000000000000000000, 1.000000000000000000 ) ) ;
#3322 = ORIENTED_EDGE ( 'NONE', *, *, #268, .T. ) ;
#3323 = LINE ( 'NONE', #3176, #4201 ) ;
#3324 = ORIENTED_EDGE ( 'NONE', *, *, #397, .F. ) ;
#3325 = CARTESIAN_POINT ( 'NONE',  ( 17.00000000000000000, 0.0000000000000000000, 3.750000000000000000 ) ) ;
#3326 = EDGE_LOOP ( 'NONE', ( #185, #1837, #1769, #1601 ) ) ;
#3327 = PLANE ( 'NONE',  #2388 ) ;
#3328 = VECTOR ( 'NONE', #2435, 1000.000000000000100 ) ;
#3329 = DIRECTION ( 'NONE',  ( 2.065146995210484400E-016, -1.000000000000000000, 0.0000000000000000000 ) ) ;
#3330 = DIRECTION ( 'NONE',  ( -1.000000000000000000, 0.0000000000000000000, 0.0000000000000000000 ) ) ;
#3331 = CARTESIAN_POINT ( 'NONE',  ( 20.80000000006439700, -4.997133466623862000, 3.320942203115119500 ) ) ;
#3332 = DIRECTION ( 'NONE',  ( 0.0000000000000000000, 0.0000000000000000000, 1.000000000000000000 ) ) ;
#3333 = CARTESIAN_POINT ( 'NONE',  ( 20.80000000012879000, 0.3915176460539694900, -4.067698105994805900 ) ) ;
#3334 = VECTOR ( 'NONE', #3387, 1000.000000000000000 ) ;
#3335 = ORIENTED_EDGE ( 'NONE', *, *, #4345, .F. ) ;
#3336 = DIRECTION ( 'NONE',  ( -1.000000000000000000, 0.0000000000000000000, 0.0000000000000000000 ) ) ;
#3337 = CIRCLE ( 'NONE', #1566, 3.750000000000000000 ) ;
#3338 = EDGE_CURVE ( 'NONE', #1996, #2658, #4582, .T. ) ;
#3339 = DIRECTION ( 'NONE',  ( -0.0000000000000000000, 0.8660254037656688300, 0.5000000000325102200 ) ) ;
#3340 = EDGE_CURVE ( 'NONE', #2712, #2773, #3612, .T. ) ;
#3341 = CIRCLE ( 'NONE', #1299, 6.000000000000000000 ) ;
#3342 = ORIENTED_EDGE ( 'NONE', *, *, #1589, .F. ) ;
#3343 = VERTEX_POINT ( 'NONE', #2477 ) ;
#3344 = EDGE_CURVE ( 'NONE', #772, #4048, #1680, .T. ) ;
#3345 = CARTESIAN_POINT ( 'NONE',  ( 26.89999999999999900, 0.0000000000000000000, 0.0000000000000000000 ) ) ;
#3346 = ORIENTED_EDGE ( 'NONE', *, *, #4212, .F. ) ;
#3347 = CARTESIAN_POINT ( 'NONE',  ( -0.5377209140000001100, 4.603762496000000800, -7.026049450000000400 ) ) ;
#3348 = EDGE_CURVE ( 'NONE', #1447, #2822, #4374, .T. ) ;
#3349 = DIRECTION ( 'NONE',  ( -1.000000000000000000, 0.0000000000000000000, 0.0000000000000000000 ) ) ;
#3350 = VECTOR ( 'NONE', #1975, 1000.000000000000100 ) ;
#3351 = CARTESIAN_POINT ( 'NONE',  ( 15.19999999999999900, -8.400000000000002100, 0.0000000000000000000 ) ) ;
#3352 = AXIS2_PLACEMENT_3D ( 'NONE', #3587, #3303, #2534 ) ;
#3353 = CARTESIAN_POINT ( 'NONE',  ( 15.20000000000000100, -4.603762497715678100, -7.026049449109894600 ) ) ;
#3354 = CARTESIAN_POINT ( 'NONE',  ( -0.4999999999999444900, 7.960204194457728400E-016, -6.499999999999944900 ) ) ;
#3355 = VECTOR ( 'NONE', #337, 1000.000000000000000 ) ;
#3356 = VERTEX_POINT ( 'NONE', #932 ) ;
#3357 = DIRECTION ( 'NONE',  ( -0.0000000000000000000, 0.8090702002351836100, -0.5877120137375104700 ) ) ;
#3358 = EDGE_LOOP ( 'NONE', ( #4218, #3391, #3620, #4542 ) ) ;
#3359 = LINE ( 'NONE', #3845, #2395 ) ;
#3360 = CARTESIAN_POINT ( 'NONE',  ( 21.28699032833716100, 5.002124336605545500, -2.952836656722602100 ) ) ;
#3361 = AXIS2_PLACEMENT_3D ( 'NONE', #4027, #3349, #1141 ) ;
#3362 = ORIENTED_EDGE ( 'NONE', *, *, #1593, .T. ) ;
#3363 = ORIENTED_EDGE ( 'NONE', *, *, #2010, .F. ) ;
#3364 = VERTEX_POINT ( 'NONE', #1000 ) ;
#3365 = LINE ( 'NONE', #3325, #2402 ) ;
#3366 = VERTEX_POINT ( 'NONE', #636 ) ;
#3367 = ORIENTED_EDGE ( 'NONE', *, *, #1102, .F. ) ;
#3368 = CARTESIAN_POINT ( 'NONE',  ( 24.48036648299999700, 0.0000000000000000000, -5.489009164000001400 ) ) ;
#3369 = VERTEX_POINT ( 'NONE', #820 ) ;
#3370 = LINE ( 'NONE', #2331, #2531 ) ;
#3371 = DIRECTION ( 'NONE',  ( 0.0000000000000000000, 0.0000000000000000000, -1.000000000000000000 ) ) ;
#3372 = ORIENTED_EDGE ( 'NONE', *, *, #3711, .T. ) ;
#3373 = AXIS2_PLACEMENT_3D ( 'NONE', #4235, #4149, #3075 ) ;
#3374 = FILL_AREA_STYLE_COLOUR ( '', #4403 ) ;
#3375 = CARTESIAN_POINT ( 'NONE',  ( 26.36887822947248200, 3.723024760313784900, 0.05820855289955383800 ) ) ;
#3376 = AXIS2_PLACEMENT_3D ( 'NONE', #1715, #2601, #2573 ) ;
#3377 = UNCERTAINTY_MEASURE_WITH_UNIT (LENGTH_MEASURE( 1.000000000000000100E-005 ), #1682, 'distance_accuracy_value', 'NONE');
#3378 = DIRECTION ( 'NONE',  ( 0.0000000000000000000, 0.7071067813170313100, -0.7071067810560637300 ) ) ;
#3379 = VECTOR ( 'NONE', #1738, 1000.000000000000000 ) ;
#3380 = ORIENTED_EDGE ( 'NONE', *, *, #3806, .F. ) ;
#3381 = VERTEX_POINT ( 'NONE', #1264 ) ;
#3382 = DIRECTION ( 'NONE',  ( 0.0000000000000000000, 0.0000000000000000000, 1.000000000000000000 ) ) ;
#3383 = CARTESIAN_POINT ( 'NONE',  ( 25.97611828299999800, 0.0000000000000000000, -5.639084929999999200 ) ) ;
#3384 = EDGE_CURVE ( 'NONE', #1400, #4535, #2544, .T. ) ;
#3385 = CIRCLE ( 'NONE', #4161, 2.199999999999986000 ) ;
#3386 = LINE ( 'NONE', #2129, #4067 ) ;
#3387 = DIRECTION ( 'NONE',  ( 1.000000000000000000, 7.228014483236695800E-017, -0.0000000000000000000 ) ) ;
#3388 = VECTOR ( 'NONE', #286, 1000.000000000000200 ) ;
#3389 = EDGE_CURVE ( 'NONE', #1153, #3938, #1410, .T. ) ;
#3390 = MECHANICAL_DESIGN_GEOMETRIC_PRESENTATION_REPRESENTATION (  '', ( #2936 ), #3633 ) ;
#3391 = ORIENTED_EDGE ( 'NONE', *, *, #2204, .T. ) ;
#3392 = DIRECTION ( 'NONE',  ( 4.956352788505163300E-016, -1.000000000000000000, 0.0000000000000000000 ) ) ;
#3393 = DIRECTION ( 'NONE',  ( -0.0000000000000000000, -0.5000000000325102200, 0.8660254037656688300 ) ) ;
#3394 = CARTESIAN_POINT ( 'NONE',  ( 23.85675555209351700, 8.386618560172431500, -0.4739505497013434800 ) ) ;
#3395 = CARTESIAN_POINT ( 'NONE',  ( 20.80000000000004000, 0.0000000000000000000, 0.0000000000000000000 ) ) ;
#3396 = CARTESIAN_POINT ( 'NONE',  ( 15.20000000000010200, 0.0000000000000000000, 0.0000000000000000000 ) ) ;
#3397 = CARTESIAN_POINT ( 'NONE',  ( 12.90000000000000200, 4.603762495782620900, -7.026049450376514300 ) ) ;
#3398 = FACE_OUTER_BOUND ( 'NONE', #827, .T. ) ;
#3399 = EDGE_LOOP ( 'NONE', ( #2256, #2030, #1872, #1623 ) ) ;
#3400 = CARTESIAN_POINT ( 'NONE',  ( -0.4999999994807851100, 0.0000000000000000000, 0.0000000000000000000 ) ) ;
#3401 = EDGE_CURVE ( 'NONE', #3528, #2603, #131, .T. ) ;
#3402 = AXIS2_PLACEMENT_3D ( 'NONE', #2842, #587, #3190 ) ;
#3403 = DIRECTION ( 'NONE',  ( 2.065146995210484400E-016, -1.000000000000000000, 0.0000000000000000000 ) ) ;
#3404 = DIRECTION ( 'NONE',  ( -6.453584360032763900E-018, 1.000000000000000000, 0.0000000000000000000 ) ) ;
#3405 = ORIENTED_EDGE ( 'NONE', *, *, #479, .T. ) ;
#3406 = CARTESIAN_POINT ( 'NONE',  ( 24.48036648299999700, -10.97801832699999900, -5.489009164000001400 ) ) ;
#3407 = PRESENTATION_STYLE_ASSIGNMENT (( #1686 ) ) ;
#3408 = DIRECTION ( 'NONE',  ( 1.000000000000000000, -0.0000000000000000000, -0.0000000000000000000 ) ) ;
#3409 = ORIENTED_EDGE ( 'NONE', *, *, #379, .F. ) ;
#3410 = CARTESIAN_POINT ( 'NONE',  ( 21.67319148900000100, -0.8982577479999999100, -1.993015178000000100 ) ) ;
#3411 = ORIENTED_EDGE ( 'NONE', *, *, #4570, .T. ) ;
#3412 = ORIENTED_EDGE ( 'NONE', *, *, #3446, .T. ) ;
#3413 = VERTEX_POINT ( 'NONE', #261 ) ;
#3414 = DIRECTION ( 'NONE',  ( 1.000000000000000000, 0.0000000000000000000, 0.0000000000000000000 ) ) ;
#3415 = VERTEX_POINT ( 'NONE', #4332 ) ;
#3416 = EDGE_CURVE ( 'NONE', #1749, #1984, #675, .T. ) ;
#3417 = LINE ( 'NONE', #3840, #2123 ) ;
#3418 = AXIS2_PLACEMENT_3D ( 'NONE', #743, #3336, #3674 ) ;
#3419 = ORIENTED_EDGE ( 'NONE', *, *, #2847, .F. ) ;
#3420 = ORIENTED_EDGE ( 'NONE', *, *, #3934, .F. ) ;
#3421 = CARTESIAN_POINT ( 'NONE',  ( 26.89999999999996300, 2.645328902181585100, 2.291775512410165700 ) ) ;
#3422 = DIRECTION ( 'NONE',  ( 1.000000000000000000, 0.0000000000000000000, 0.0000000000000000000 ) ) ;
#3423 = LINE ( 'NONE', #1951, #2475 ) ;
#3424 = DIRECTION ( 'NONE',  ( 0.0000000000000000000, 0.0000000000000000000, 1.000000000000000000 ) ) ;
#3425 = CARTESIAN_POINT ( 'NONE',  ( 25.97611828300000200, -11.27816985999999800, -5.639084929999999200 ) ) ;
#3426 = B_SPLINE_CURVE_WITH_KNOTS ( 'NONE', 3,
 ( #2002, #4110, #2759, #509, #3117, #897, #3459, #1280, #3808, #1649, #4124, #2022, #4467, #2384, #170, #2783, #526, #3131, #915, #3478, #1294, #3822, #1670, #4142, #2037, #549, #3096, #872, #3443, #1260, #3788, #1632, #4109, #2001, #4445, #2367, #149, #2758, #507, #3116, #896, #3457, #1277, #3807, #1647, #4123, #2020, #4466, #2382, #168, #2781, #524, #3130, #914, #3476, #1292, #3821, #1669, #4140, #2036, #4482, #2407, #181, #2799, #545, #3148, #929, #3493, #1316, #3829, #1689, #4157, #2055, #4498, #2422, #202, #2812, #561, #3166, #943, #3508, #1333, #3847, #1701, #4170, #2071 ),
 .UNSPECIFIED., .F., .F.,
 ( 4, 1, 1, 1, 1, 2, 2, 1, 1, 1, 2, 2, 1, 1, 1, 2, 2, 1, 1, 1, 2, 2, 1, 1, 2, 2, 1, 2, 2, 2, 1, 1, 2, 2, 1, 1, 2, 2, 1, 1, 1, 2, 2, 1, 1, 1, 2, 2, 1, 1, 1, 2, 2, 1, 1, 1, 2, 2, 4 ),
 ( 0.0000000000000000000, 0.06249999999999945900, 0.09374999999999916700, 0.1093749999999990100, 0.1171874999999989300, 0.1210937499999988900, 0.1249999999999988600, 0.1562499999999985300, 0.1718749999999983900, 0.1796874999999983100, 0.1835937499999982500, 0.1874999999999982000, 0.2187499999999980300, 0.2343749999999979700, 0.2421874999999979500, 0.2460937499999978900, 0.2499999999999978900, 0.2812499999999978400, 0.2968749999999977200, 0.3046874999999976700, 0.3085937499999976700, 0.3124999999999976100, 0.3437499999999972200, 0.3593749999999970600, 0.3671874999999970000, 0.3749999999999968900, 0.4062499999999967200, 0.4218749999999966100, 0.4374999999999965600, 0.4999999999999962300, 0.5312499999999961100, 0.5468749999999958900, 0.5546874999999958900, 0.5624999999999957800, 0.5937499999999957800, 0.6093749999999956700, 0.6171874999999957800, 0.6249999999999957800, 0.6562499999999960000, 0.6718749999999961100, 0.6796874999999961100, 0.6835937499999962300, 0.6874999999999962300, 0.7187499999999962300, 0.7343749999999961100, 0.7421874999999961100, 0.7460937499999961100, 0.7499999999999960000, 0.7812499999999963400, 0.7968749999999964500, 0.8046874999999964500, 0.8085937499999965600, 0.8124999999999966700, 0.8437499999999974500, 0.8593749999999978900, 0.8671874999999980000, 0.8710937499999981100, 0.8749999999999982200, 1.000000000000000000 ),
 .UNSPECIFIED. ) ;
#3427 = EDGE_CURVE ( 'NONE', #4535, #719, #4274, .T. ) ;
#3428 = CARTESIAN_POINT ( 'NONE',  ( 20.80000000012879000, -3.153141697534489000, 2.599452131958164300 ) ) ;
#3429 = CIRCLE ( 'NONE', #1621, 8.400000000000000400 ) ;
#3430 = ORIENTED_EDGE ( 'NONE', *, *, #3196, .T. ) ;
#3431 = DIRECTION ( 'NONE',  ( 0.0000000000000000000, 0.0000000000000000000, 1.000000000000000000 ) ) ;
#3432 = AXIS2_PLACEMENT_3D ( 'NONE', #1475, #1488, #1517 ) ;
#3433 = FACE_OUTER_BOUND ( 'NONE', #456, .T. ) ;
#3434 = CARTESIAN_POINT ( 'NONE',  ( 20.80000000000000400, 0.0000000000000000000, 0.0000000000000000000 ) ) ;
#3435 = CARTESIAN_POINT ( 'NONE',  ( 7.699999999999999300, -4.603762495782620000, -7.026049450376513400 ) ) ;
#3436 = CIRCLE ( 'NONE', #781, 6.000000000000000000 ) ;
#3437 = CARTESIAN_POINT ( 'NONE',  ( 7.699999999999998400, -8.750000000000000000, 1.071565949253934100E-015 ) ) ;
#3438 = ORIENTED_EDGE ( 'NONE', *, *, #860, .T. ) ;
#3439 = CARTESIAN_POINT ( 'NONE',  ( 25.97611828300000200, -11.27816985999999800, 5.639084929999999200 ) ) ;
#3440 = EDGE_CURVE ( 'NONE', #3139, #33, #1563, .T. ) ;
#3441 = EDGE_LOOP ( 'NONE', ( #3930, #3510, #2805, #2154 ) ) ;
#3442 = CARTESIAN_POINT ( 'NONE',  ( 7.699999999999998400, 7.228014483236683500E-017, 0.0000000000000000000 ) ) ;
#3443 = CARTESIAN_POINT ( 'NONE',  ( 26.89999999999999900, 2.467171915271460000, 2.191632144184524100 ) ) ;
#3444 = CARTESIAN_POINT ( 'NONE',  ( 0.4397459620280225700, -3.782856063937774400, 7.500000000000000000 ) ) ;
#3445 = ORIENTED_EDGE ( 'NONE', *, *, #188, .T. ) ;
#3446 = EDGE_CURVE ( 'NONE', #2995, #1224, #3385, .T. ) ;
#3447 = CARTESIAN_POINT ( 'NONE',  ( 26.89999999999999900, -2.972226469355632600, 1.434249358931073900 ) ) ;
#3448 = CARTESIAN_POINT ( 'NONE',  ( 26.89999999999943400, -2.291775512100066700, -2.645328902446545200 ) ) ;
#3449 = DIRECTION ( 'NONE',  ( 1.000000000000000000, -0.0000000000000000000, 0.0000000000000000000 ) ) ;
#3450 = DIRECTION ( 'NONE',  ( -1.000000000000000000, -7.228014483236695800E-017, 0.0000000000000000000 ) ) ;
#3451 = CARTESIAN_POINT ( 'NONE',  ( 25.97611828299999800, 0.0000000000000000000, 5.639084929999999200 ) ) ;
#3452 = LINE ( 'NONE', #3077, #2503 ) ;
#3453 = PRODUCT ( 'PG7', 'PG7', '', ( #981 ) ) ;
#3454 = ORIENTED_EDGE ( 'NONE', *, *, #3681, .F. ) ;
#3455 = DIRECTION ( 'NONE',  ( 1.000000000000000000, 3.226792180016382000E-018, -0.0000000000000000000 ) ) ;
#3456 = CARTESIAN_POINT ( 'NONE',  ( 20.80000000000000400, 0.0000000000000000000, 0.0000000000000000000 ) ) ;
#3457 = CARTESIAN_POINT ( 'NONE',  ( 26.90000000000000200, 3.266107953056840000, 0.5461330253023776200 ) ) ;
#3458 = CIRCLE ( 'NONE', #2500, 6.000000000000000000 ) ;
#3459 = CARTESIAN_POINT ( 'NONE',  ( 26.90000000000000200, 0.8862340954929510700, 3.178785156618465700 ) ) ;
#3460 = ORIENTED_EDGE ( 'NONE', *, *, #3498, .T. ) ;
#3461 = DIRECTION ( 'NONE',  ( 1.000000000000000000, -0.0000000000000000000, -0.0000000000000000000 ) ) ;
#3462 = CARTESIAN_POINT ( 'NONE',  ( 26.89999999999999900, -2.060248903837332600, 2.578147717098894500 ) ) ;
#3463 = LINE ( 'NONE', #3774, #2516 ) ;
#3464 = CARTESIAN_POINT ( 'NONE',  ( 15.69999999999999900, 6.735557395310442000E-016, -5.500000000000000000 ) ) ;
#3465 = VERTEX_POINT ( 'NONE', #4228 ) ;
#3466 = DIRECTION ( 'NONE',  ( 1.000000000000000000, 4.956352788505163400E-017, -0.0000000000000000000 ) ) ;
#3467 = DIRECTION ( 'NONE',  ( 0.0000000000000000000, 1.000000000000000000, 0.0000000000000000000 ) ) ;
#3468 = EDGE_LOOP ( 'NONE', ( #3818, #4117, #3973, #3569, #3438, #3676, #3780, #3201, #3086, #2879, #2816, #2570 ) ) ;
#3469 = VERTEX_POINT ( 'NONE', #3918 ) ;
#3470 = ORIENTED_EDGE ( 'NONE', *, *, #3632, .F. ) ;
#3471 = CIRCLE ( 'NONE', #347, 8.400000000000000400 ) ;
#3472 = ORIENTED_EDGE ( 'NONE', *, *, #551, .T. ) ;
#3473 = FILL_AREA_STYLE_COLOUR ( '', #133 ) ;
#3474 = VERTEX_POINT ( 'NONE', #109 ) ;
#3475 = EDGE_CURVE ( 'NONE', #1887, #1759, #3495, .T. ) ;
#3476 = CARTESIAN_POINT ( 'NONE',  ( 26.89999999999999900, 2.926529810538736500, -1.525246144773720000 ) ) ;
#3477 =( GEOMETRIC_REPRESENTATION_CONTEXT ( 3 ) GLOBAL_UNCERTAINTY_ASSIGNED_CONTEXT ( ( #569 ) ) GLOBAL_UNIT_ASSIGNED_CONTEXT ( ( #674, #689, #704 ) ) REPRESENTATION_CONTEXT ( 'NONE', 'WORKASPACE' ) );
#3478 = CARTESIAN_POINT ( 'NONE',  ( 26.90000000000000200, 1.905988146882547500, 2.694141241607603400 ) ) ;
#3479 = ORIENTED_EDGE ( 'NONE', *, *, #92, .F. ) ;
#3480 = LINE ( 'NONE', #1520, #2411 ) ;
#3481 = CARTESIAN_POINT ( 'NONE',  ( 26.89999999999999900, 2.707400305999999800, -3.060953696500000400 ) ) ;
#3482 = VERTEX_POINT ( 'NONE', #3704 ) ;
#3483 = CARTESIAN_POINT ( 'NONE',  ( 26.89999999999999900, -1.080232752453524900, 3.118807349029452800 ) ) ;
#3484 = CARTESIAN_POINT ( 'NONE',  ( 23.85675555199995300, 0.0000000000000000000, 0.0000000000000000000 ) ) ;
#3485 = ORIENTED_EDGE ( 'NONE', *, *, #1247, .F. ) ;
#3486 = DIRECTION ( 'NONE',  ( 1.000000000000000000, 3.226792180016382000E-018, -0.0000000000000000000 ) ) ;
#3487 = CARTESIAN_POINT ( 'NONE',  ( 26.90000000000001600, 1.722334846876129000, 1.368781456345807600 ) ) ;
#3488 = CARTESIAN_POINT ( 'NONE',  ( 27.03908493000000500, 0.0000000000000000000, -4.576118283000000500 ) ) ;
#3489 = AXIS2_PLACEMENT_3D ( 'NONE', #1762, #1801, #1817 ) ;
#3490 = FACE_OUTER_BOUND ( 'NONE', #577, .T. ) ;
#3491 = ORIENTED_EDGE ( 'NONE', *, *, #1154, .F. ) ;
#3492 = ORIENTED_EDGE ( 'NONE', *, *, #3305, .F. ) ;
#3493 = CARTESIAN_POINT ( 'NONE',  ( 26.89999999999999900, 2.003124583723176100, -2.622533307980612800 ) ) ;
#3494 = VERTEX_POINT ( 'NONE', #3654 ) ;
#3495 = CIRCLE ( 'NONE', #4383, 8.400000000000000400 ) ;
#3496 = DIRECTION ( 'NONE',  ( -1.000000000000000000, 0.0000000000000000000, 0.0000000000000000000 ) ) ;
#3497 = FACE_OUTER_BOUND ( 'NONE', #956, .T. ) ;
#3498 = EDGE_CURVE ( 'NONE', #1245, #2831, #4164, .T. ) ;
#3499 = CARTESIAN_POINT ( 'NONE',  ( 26.89999999999999900, -0.7915895558267341800, -3.204093750371397800 ) ) ;
#3500 = AXIS2_PLACEMENT_3D ( 'NONE', #4276, #4260, #4245 ) ;
#3501 = CARTESIAN_POINT ( 'NONE',  ( -0.4999999994808042000, 0.0000000000000000000, 0.0000000000000000000 ) ) ;
#3502 = VECTOR ( 'NONE', #3047, 1000.000000000000000 ) ;
#3503 = ORIENTED_EDGE ( 'NONE', *, *, #3340, .T. ) ;
#3504 = CARTESIAN_POINT ( 'NONE',  ( 20.80000000000000400, 0.0000000000000000000, 0.0000000000000000000 ) ) ;
#3505 = CARTESIAN_POINT ( 'NONE',  ( 20.80000000000000400, 1.603005935000000100, -1.473426960999999900 ) ) ;
#3506 = CARTESIAN_POINT ( 'NONE',  ( 27.03908493000000500, -9.152236567000002800, -4.576118282999999600 ) ) ;
#3507 = CARTESIAN_POINT ( 'NONE',  ( 20.79999999962091200, -4.596366021538464100, -0.9815393000318994900 ) ) ;
#3508 = CARTESIAN_POINT ( 'NONE',  ( 26.90000000000000900, 0.9688974174349313000, -3.154576069644141200 ) ) ;
#3509 = EDGE_CURVE ( 'NONE', #1130, #3991, #2424, .T. ) ;
#3510 = ORIENTED_EDGE ( 'NONE', *, *, #547, .F. ) ;
#3511 = CARTESIAN_POINT ( 'NONE',  ( 20.79999999955238400, -0.9815393000038535900, 4.596366021573171400 ) ) ;
#3512 = AXIS2_PLACEMENT_3D ( 'NONE', #3824, #2043, #4488 ) ;
#3513 = CARTESIAN_POINT ( 'NONE',  ( 26.89999999999999900, -1.677346903237661600, -2.845324442712357200 ) ) ;
#3514 = EDGE_CURVE ( 'NONE', #3058, #3902, #438, .T. ) ;
#3515 = CARTESIAN_POINT ( 'NONE',  ( 22.54285714300000300, 1.958950826000000400, 0.9503297840000000100 ) ) ;
#3516 = FACE_OUTER_BOUND ( 'NONE', #3698, .T. ) ;
#3517 = DIRECTION ( 'NONE',  ( -0.7071067811865463500, 8.659560562354948900E-017, -0.7071067811865487900 ) ) ;
#3518 = DIRECTION ( 'NONE',  ( 0.0000000000000000000, 0.0000000000000000000, -1.000000000000000000 ) ) ;
#3519 = CARTESIAN_POINT ( 'NONE',  ( 23.85675555200000300, 0.0000000000000000000, 0.0000000000000000000 ) ) ;
#3520 = CARTESIAN_POINT ( 'NONE',  ( 27.03908493000000500, -9.152236567000002800, 4.576118282999999600 ) ) ;
#3521 = CARTESIAN_POINT ( 'NONE',  ( 6.700000000000001100, 6.269303203099677500E-032, 0.0000000000000000000 ) ) ;
#3522 = AXIS2_PLACEMENT_3D ( 'NONE', #146, #2418, #1459 ) ;
#3523 = ORIENTED_EDGE ( 'NONE', *, *, #1615, .T. ) ;
#3524 = APPLICATION_PROTOCOL_DEFINITION ( 'draft international standard', 'automotive_design', 1998, #3860 ) ;
#3525 = VECTOR ( 'NONE', #1233, 1000.000000000000000 ) ;
#3526 = AXIS2_PLACEMENT_3D ( 'NONE', #4591, #4584, #4578 ) ;
#3527 = CARTESIAN_POINT ( 'NONE',  ( 20.80000000000000400, 4.102566777143632800E-016, -3.349999999999999600 ) ) ;
#3528 = VERTEX_POINT ( 'NONE', #3331 ) ;
#3529 = CARTESIAN_POINT ( 'NONE',  ( 26.90000000000000900, -2.568863536435554500, -2.075290964400036600 ) ) ;
#3530 = ORIENTED_EDGE ( 'NONE', *, *, #4464, .T. ) ;
#3531 = LINE ( 'NONE', #2839, #2582 ) ;
#3532 = DIRECTION ( 'NONE',  ( 0.0000000000000000000, 0.0000000000000000000, 1.000000000000000000 ) ) ;
#3533 = ORIENTED_EDGE ( 'NONE', *, *, #331, .F. ) ;
#3534 = EDGE_CURVE ( 'NONE', #4297, #3636, #1454, .T. ) ;
#3535 = ORIENTED_EDGE ( 'NONE', *, *, #627, .T. ) ;
#3536 = DIRECTION ( 'NONE',  ( 1.000000000000000000, 0.0000000000000000000, 0.0000000000000000000 ) ) ;
#3537 = DIRECTION ( 'NONE',  ( 1.000000000000000000, 0.0000000000000000000, 0.0000000000000000000 ) ) ;
#3538 = ORIENTED_EDGE ( 'NONE', *, *, #3727, .F. ) ;
#3539 = PLANE ( 'NONE',  #48 ) ;
#3540 = DIRECTION ( 'NONE',  ( 0.0000000000000000000, 0.0000000000000000000, 1.000000000000000000 ) ) ;
#3541 = CARTESIAN_POINT ( 'NONE',  ( 27.03908493000000500, 0.0000000000000000000, 4.576118283000000500 ) ) ;
#3542 = ORIENTED_EDGE ( 'NONE', *, *, #798, .T. ) ;
#3543 = ORIENTED_EDGE ( 'NONE', *, *, #4194, .F. ) ;
#3544 = B_SPLINE_CURVE_WITH_KNOTS ( 'NONE', 3,
 ( #464, #482, #444, #435, #428, #422, #404, #395, #380, #364 ),
 .UNSPECIFIED., .F., .F.,
 ( 4, 2, 2, 2, 4 ),
 ( 3.398549880893801800E-013, 0.001639912531396408100, 0.003279825062452961300, 0.004919737593509514500, 0.006559650124566067700 ),
 .UNSPECIFIED. ) ;
#3545 = DIRECTION ( 'NONE',  ( -1.000000000000000000, -7.228014483236695800E-017, 0.0000000000000000000 ) ) ;
#3546 = DIRECTION ( 'NONE',  ( -1.000000000000000000, 0.0000000000000000000, 0.0000000000000000000 ) ) ;
#3547 = EDGE_CURVE ( 'NONE', #3482, #875, #1336, .T. ) ;
#3548 = APPLICATION_CONTEXT ( 'automotive_design' ) ;
#3549 = DIRECTION ( 'NONE',  ( 0.0000000000000000000, 0.0000000000000000000, 1.000000000000000000 ) ) ;
#3550 = ORIENTED_EDGE ( 'NONE', *, *, #1615, .F. ) ;
#3551 = CARTESIAN_POINT ( 'NONE',  ( 17.00000000000000000, 4.592425496802574000E-016, -3.750000000000000000 ) ) ;
#3552 = EDGE_CURVE ( 'NONE', #2831, #3653, #334, .T. ) ;
#3553 = FACE_BOUND ( 'NONE', #2581, .T. ) ;
#3554 = CARTESIAN_POINT ( 'NONE',  ( 24.72142857099999700, -5.900117750999999800, 1.090234159000000000 ) ) ;
#3555 = CARTESIAN_POINT ( 'NONE',  ( 25.85516583155023100, -2.633606069343846600, 0.02139381348905134200 ) ) ;
#3556 = DIRECTION ( 'NONE',  ( 0.0000000000000000000, 0.0000000000000000000, 1.000000000000000000 ) ) ;
#3557 = CARTESIAN_POINT ( 'NONE',  ( 24.72142857099999700, -1.964383605999999900, -0.9390485000000000600 ) ) ;
#3558 = VECTOR ( 'NONE', #4038, 1000.000000000000100 ) ;
#3559 = CARTESIAN_POINT ( 'NONE',  ( 20.80000000000000400, 0.0000000000000000000, 6.000000000000000000 ) ) ;
#3560 = CARTESIAN_POINT ( 'NONE',  ( 26.88900916400000400, 0.0000000000000000000, -3.080366483000000200 ) ) ;
#3561 = AXIS2_PLACEMENT_3D ( 'NONE', #3107, #3125, #3188 ) ;
#3562 = DIRECTION ( 'NONE',  ( 0.0000000000000000000, 1.000000000000000000, 0.0000000000000000000 ) ) ;
#3563 = FACE_OUTER_BOUND ( 'NONE', #2959, .T. ) ;
#3564 = DIRECTION ( 'NONE',  ( 0.0000000000000000000, 1.000000000000000000, 0.0000000000000000000 ) ) ;
#3565 = ORIENTED_EDGE ( 'NONE', *, *, #2586, .F. ) ;
#3566 = ORIENTED_EDGE ( 'NONE', *, *, #4543, .T. ) ;
#3567 = CARTESIAN_POINT ( 'NONE',  ( 17.00000000000000000, 4.592425496802574000E-016, -3.750000000000000000 ) ) ;
#3568 = EDGE_CURVE ( 'NONE', #4295, #891, #2305, .T. ) ;
#3569 = ORIENTED_EDGE ( 'NONE', *, *, #1501, .F. ) ;
#3570 = CARTESIAN_POINT ( 'NONE',  ( 24.72142857099999700, 3.401101305000000100, -4.942925238999999100 ) ) ;
#3571 = CARTESIAN_POINT ( 'NONE',  ( 26.90000000000003400, 4.225031457058351100E-016, -2.199999999999986000 ) ) ;
#3572 = ORIENTED_EDGE ( 'NONE', *, *, #468, .F. ) ;
#3573 = DIRECTION ( 'NONE',  ( -1.000000000000000000, 0.0000000000000000000, 0.0000000000000000000 ) ) ;
#3574 = CARTESIAN_POINT ( 'NONE',  ( 26.88900916400000100, -6.160732966999998600, -3.080366482999999700 ) ) ;
#3575 = EDGE_CURVE ( 'NONE', #809, #1526, #1205, .T. ) ;
#3576 = B_SPLINE_CURVE_WITH_KNOTS ( 'NONE', 3,
 ( #4012, #3998, #4095, #4104, #4120, #4121, #4135, #4138, #4152, #4156 ),
 .UNSPECIFIED., .F., .F.,
 ( 4, 2, 2, 2, 4 ),
 ( 1.312127354526154200E-013, 0.001827478122380999900, 0.003654956244630787000, 0.005482434366880574100, 0.007309912489130361200 ),
 .UNSPECIFIED. ) ;
#3577 = FILL_AREA_STYLE ('',( #3473 ) ) ;
#3578 = DIRECTION ( 'NONE',  ( -1.000000000000000000, 0.0000000000000000000, 0.0000000000000000000 ) ) ;
#3579 = CARTESIAN_POINT ( 'NONE',  ( 10.30000000000000100, 3.782856064000000200, 7.500000000000000000 ) ) ;
#3580 = FACE_OUTER_BOUND ( 'NONE', #2984, .T. ) ;
#3581 = EDGE_CURVE ( 'NONE', #1104, #571, #3175, .T. ) ;
#3582 = ORIENTED_EDGE ( 'NONE', *, *, #341, .T. ) ;
#3583 = LINE ( 'NONE', #641, #873 ) ;
#3584 = ORIENTED_EDGE ( 'NONE', *, *, #1568, .F. ) ;
#3585 = AXIS2_PLACEMENT_3D ( 'NONE', #3593, #3655, #4411 ) ;
#3586 = UNCERTAINTY_MEASURE_WITH_UNIT (LENGTH_MEASURE( 1.000000000000000100E-005 ), #215, 'distance_accuracy_value', 'NONE');
#3587 = CARTESIAN_POINT ( 'NONE',  ( 26.89999999999999900, 0.0000000000000000000, 0.0000000000000000000 ) ) ;
#3588 = CARTESIAN_POINT ( 'NONE',  ( 23.63214285699999500, 1.755017772000000200, 5.777277863000000100 ) ) ;
#3589 = EDGE_CURVE ( 'NONE', #4189, #1814, #3967, .T. ) ;
#3590 = SURFACE_SIDE_STYLE ('',( #2992 ) ) ;
#3591 = CARTESIAN_POINT ( 'NONE',  ( 26.89999999999999900, -3.501672361999999900, 0.2500000000000000000 ) ) ;
#3592 = ORIENTED_EDGE ( 'NONE', *, *, #4025, .T. ) ;
#3593 = CARTESIAN_POINT ( 'NONE',  ( 20.80000000000000400, 0.0000000000000000000, 0.0000000000000000000 ) ) ;
#3594 = EDGE_LOOP ( 'NONE', ( #135, #4089, #3997, #3798, #3419, #3367, #3258, #2993, #2770, #2520, #2462 ) ) ;
#3595 = VERTEX_POINT ( 'NONE', #2502 ) ;
#3596 = EDGE_LOOP ( 'NONE', ( #3543, #2342 ) ) ;
#3597 = CIRCLE ( 'NONE', #3561, 4.699999999999985100 ) ;
#3598 = ORIENTED_EDGE ( 'NONE', *, *, #568, .T. ) ;
#3599 = VERTEX_POINT ( 'NONE', #2264 ) ;
#3600 = CARTESIAN_POINT ( 'NONE',  ( 23.63214285699999500, -2.137530701000001100, 0.4814151560000001200 ) ) ;
#3601 = ORIENTED_EDGE ( 'NONE', *, *, #3214, .F. ) ;
#3602 = FACE_OUTER_BOUND ( 'NONE', #1421, .T. ) ;
#3603 = DIRECTION ( 'NONE',  ( -1.000000000000000000, 0.0000000000000000000, 0.0000000000000000000 ) ) ;
#3604 = CARTESIAN_POINT ( 'NONE',  ( 24.34956427127532300, 7.129794183822111700, 2.650834225542443100 ) ) ;
#3605 = CARTESIAN_POINT ( 'NONE',  ( 26.88900916400000400, 0.0000000000000000000, 3.080366483000000200 ) ) ;
#3606 = B_SPLINE_CURVE_WITH_KNOTS ( 'NONE', 3,
 ( #661, #608, #588, #3842, #558, #542, #521, #503, #486, #3988 ),
 .UNSPECIFIED., .F., .F.,
 ( 4, 2, 2, 2, 4 ),
 ( 1.067087121738287100E-012, 0.001751156721835322000, 0.003502313442603555800, 0.005253470163371789700, 0.007004626884140023300 ),
 .UNSPECIFIED. ) ;
#3607 = SURFACE_STYLE_USAGE ( .BOTH. , #3590 ) ;
#3608 = VERTEX_POINT ( 'NONE', #2558 ) ;
#3609 = DIRECTION ( 'NONE',  ( 0.0000000000000000000, 0.0000000000000000000, 1.000000000000000000 ) ) ;
#3610 = DIRECTION ( 'NONE',  ( -1.000000000000000000, 0.0000000000000000000, 0.0000000000000000000 ) ) ;
#3611 = CARTESIAN_POINT ( 'NONE',  ( 24.69999999999999900, 0.0000000000000000000, 0.0000000000000000000 ) ) ;
#3612 = CIRCLE ( 'NONE', #2802, 8.400000000000000400 ) ;
#3613 = CIRCLE ( 'NONE', #2702, 3.750000000000000000 ) ;
#3614 = DIRECTION ( 'NONE',  ( -1.000000000000000000, 0.0000000000000000000, 0.0000000000000000000 ) ) ;
#3615 = CARTESIAN_POINT ( 'NONE',  ( 10.30000000000000100, 8.386618560000002300, -0.4739505500000000300 ) ) ;
#3616 = CARTESIAN_POINT ( 'NONE',  ( 23.63214285699999500, -1.971346236999999400, 0.9563430680000000200 ) ) ;
#3617 = DIRECTION ( 'NONE',  ( 1.000000000000000000, 3.226792180016382000E-018, -0.0000000000000000000 ) ) ;
#3618 = CIRCLE ( 'NONE', #722, 6.000000000000000000 ) ;
#3619 = AXIS2_PLACEMENT_3D ( 'NONE', #1643, #4410, #4405 ) ;
#3620 = ORIENTED_EDGE ( 'NONE', *, *, #2700, .F. ) ;
#3621 = CARTESIAN_POINT ( 'NONE',  ( 20.80000000017777500, -3.650318670909153500, 2.960603587130026200 ) ) ;
#3622 = DIRECTION ( 'NONE',  ( -1.000000000000000000, 0.0000000000000000000, 0.0000000000000000000 ) ) ;
#3623 = CARTESIAN_POINT ( 'NONE',  ( 26.89999999999999900, 0.0000000000000000000, 0.0000000000000000000 ) ) ;
#3624 = DIRECTION ( 'NONE',  ( 5.782411586589356500E-015, 0.0000000000000000000, 1.000000000000000000 ) ) ;
#3625 = EDGE_CURVE ( 'NONE', #2822, #4064, #487, .T. ) ;
#3626 = CARTESIAN_POINT ( 'NONE',  ( 23.28937044949107000, 3.519515846506550800, -1.091934820497477500 ) ) ;
#3627 = ORIENTED_EDGE ( 'NONE', *, *, #3667, .F. ) ;
#3628 = CARTESIAN_POINT ( 'NONE',  ( 26.36869308870345900, 2.300761983093320600, -2.925643987110108300 ) ) ;
#3629 = CYLINDRICAL_SURFACE ( 'NONE', #1574, 5.500000000000000000 ) ;
#3630 = CARTESIAN_POINT ( 'NONE',  ( 15.19999999999999900, 8.386618560137902600, 0.4739505503123269700 ) ) ;
#3631 = CARTESIAN_POINT ( 'NONE',  ( 22.54285714300000300, 2.375799424999999900, 5.509589557999999200 ) ) ;
#3632 = EDGE_CURVE ( 'NONE', #362, #1245, #3862, .T. ) ;
#3633 =( GEOMETRIC_REPRESENTATION_CONTEXT ( 3 ) GLOBAL_UNCERTAINTY_ASSIGNED_CONTEXT ( ( #867 ) ) GLOBAL_UNIT_ASSIGNED_CONTEXT ( ( #2794, #2237, #2568 ) ) REPRESENTATION_CONTEXT ( 'NONE', 'WORKASPACE' ) );
#3634 = CIRCLE ( 'NONE', #2663, 3.500000000000031100 ) ;
#3635 = B_SPLINE_CURVE_WITH_KNOTS ( 'NONE', 3,
 ( #3394, #3759, #2584, #3280, #3248, #3235, #3204, #3143 ),
 .UNSPECIFIED., .F., .F.,
 ( 4, 2, 2, 4 ),
 ( 2.192076428815082800E-013, 0.003805479762280903400, 0.005708219643311751600, 0.007610959524342599300 ),
 .UNSPECIFIED. ) ;
#3636 = VERTEX_POINT ( 'NONE', #2252 ) ;
#3637 =( LENGTH_UNIT ( ) NAMED_UNIT ( * ) SI_UNIT ( .MILLI., .METRE. ) );
#3638 = CARTESIAN_POINT ( 'NONE',  ( 7.699999999999998400, 0.0000000000000000000, 0.0000000000000000000 ) ) ;
#3639 = DIRECTION ( 'NONE',  ( -1.000000000000000000, -0.0000000000000000000, -0.0000000000000000000 ) ) ;
#3640 = DIRECTION ( 'NONE',  ( -1.000000000000000000, 0.0000000000000000000, 0.0000000000000000000 ) ) ;
#3641 = ORIENTED_EDGE ( 'NONE', *, *, #4025, .F. ) ;
#3642 = LINE ( 'NONE', #2319, #3525 ) ;
#3643 = CARTESIAN_POINT ( 'NONE',  ( 25.84458229992567300, -2.275196556184586600, 3.214349474750375400 ) ) ;
#3644 = AXIS2_PLACEMENT_3D ( 'NONE', #3623, #3639, #3671 ) ;
#3645 = DIRECTION ( 'NONE',  ( 0.0000000000000000000, 0.5000000000325101100, 0.8660254037656688300 ) ) ;
#3646 = ORIENTED_EDGE ( 'NONE', *, *, #1504, .T. ) ;
#3647 = VECTOR ( 'NONE', #499, 1000.000000000000000 ) ;
#3648 = PRODUCT_DEFINITION_CONTEXT ( 'detailed design', #3548, 'design' ) ;
#3649 = DIRECTION ( 'NONE',  ( -1.000000000000000000, 0.0000000000000000000, 0.0000000000000000000 ) ) ;
#3650 = ORIENTED_EDGE ( 'NONE', *, *, #1466, .F. ) ;
#3651 = ORIENTED_EDGE ( 'NONE', *, *, #1291, .F. ) ;
#3652 =( NAMED_UNIT ( * ) PLANE_ANGLE_UNIT ( ) SI_UNIT ( $, .RADIAN. ) );
#3653 = VERTEX_POINT ( 'NONE', #1882 ) ;
#3654 = CARTESIAN_POINT ( 'NONE',  ( 4.699999999999999300, 3.782856063937775300, -7.499999999999999100 ) ) ;
#3655 = DIRECTION ( 'NONE',  ( -1.000000000000000000, 0.0000000000000000000, 0.0000000000000000000 ) ) ;
#3656 = ORIENTED_EDGE ( 'NONE', *, *, #2820, .F. ) ;
#3657 = DIRECTION ( 'NONE',  ( -1.000000000000000000, 0.0000000000000000000, 0.0000000000000000000 ) ) ;
#3658 = VERTEX_POINT ( 'NONE', #1799 ) ;
#3659 = CARTESIAN_POINT ( 'NONE',  ( 24.69999999999997100, 8.572527593920380900E-016, 6.999999999909286800 ) ) ;
#3660 = CIRCLE ( 'NONE', #373, 8.400000000000000400 ) ;
#3661 = DIRECTION ( 'NONE',  ( -1.000000000000000000, -2.065146995210484400E-016, -0.0000000000000000000 ) ) ;
#3662 = CARTESIAN_POINT ( 'NONE',  ( 20.80000000006439400, 3.725477302110487400, 4.703277460573945100 ) ) ;
#3663 = ORIENTED_EDGE ( 'NONE', *, *, #2815, .F. ) ;
#3664 = ORIENTED_EDGE ( 'NONE', *, *, #1750, .F. ) ;
#3665 = ORIENTED_EDGE ( 'NONE', *, *, #574, .T. ) ;
#3666 =( NAMED_UNIT ( * ) SI_UNIT ( $, .STERADIAN. ) SOLID_ANGLE_UNIT ( ) );
#3667 = EDGE_CURVE ( 'NONE', #1814, #2934, #3060, .T. ) ;
#3668 = CARTESIAN_POINT ( 'NONE',  ( 26.89999999999999900, -4.415732935000000300, 4.062179543999999300 ) ) ;
#3669 = CYLINDRICAL_SURFACE ( 'NONE', #2152, 8.400000000000000400 ) ;
#3670 = AXIS2_PLACEMENT_3D ( 'NONE', #2615, #378, #2988 ) ;
#3671 = DIRECTION ( 'NONE',  ( 0.0000000000000000000, 0.0000000000000000000, -1.000000000000000000 ) ) ;
#3672 = CARTESIAN_POINT ( 'NONE',  ( 21.28597509084952200, 3.372851068538527100, 4.728510995153732700 ) ) ;
#3673 = VECTOR ( 'NONE', #2637, 1000.000000000000000 ) ;
#3674 = DIRECTION ( 'NONE',  ( 0.0000000000000000000, 0.0000000000000000000, 1.000000000000000000 ) ) ;
#3675 = EDGE_CURVE ( 'NONE', #3757, #1887, #1107, .T. ) ;
#3676 = ORIENTED_EDGE ( 'NONE', *, *, #1354, .F. ) ;
#3677 = CARTESIAN_POINT ( 'NONE',  ( 4.699999999999999300, -8.386618560172431500, -0.4739505497013439300 ) ) ;
#3678 = EDGE_LOOP ( 'NONE', ( #2219, #1485, #1587, #1011 ) ) ;
#3679 = DIRECTION ( 'NONE',  ( -1.000000000000000000, 0.0000000000000000000, 0.0000000000000000000 ) ) ;
#3680 = CARTESIAN_POINT ( 'NONE',  ( 21.77616053640991800, 3.028560292919407500, 4.717878188310135300 ) ) ;
#3681 = EDGE_CURVE ( 'NONE', #74, #3599, #2962, .T. ) ;
#3682 = FACE_OUTER_BOUND ( 'NONE', #2452, .T. ) ;
#3683 = VERTEX_POINT ( 'NONE', #1537 ) ;
#3684 = DIRECTION ( 'NONE',  ( 0.0000000000000000000, 0.0000000000000000000, 1.000000000000000000 ) ) ;
#3685 = DIRECTION ( 'NONE',  ( 0.0000000000000000000, 0.5000000000325102200, -0.8660254037656688300 ) ) ;
#3686 = LINE ( 'NONE', #1497, #1886 ) ;
#3687 = EDGE_LOOP ( 'NONE', ( #9, #117 ) ) ;
#3688 = CARTESIAN_POINT ( 'NONE',  ( 4.699999999999999300, 1.374695441470161400E-017, 0.0000000000000000000 ) ) ;
#3689 = DIRECTION ( 'NONE',  ( 0.7071067811865472400, 0.0000000000000000000, -0.7071067811865479100 ) ) ;
#3690 = CARTESIAN_POINT ( 'NONE',  ( 26.89999999999999900, -3.060953696500000400, -2.707400305999999800 ) ) ;
#3691 = EDGE_CURVE ( 'NONE', #184, #1990, #845, .T. ) ;
#3692 = CARTESIAN_POINT ( 'NONE',  ( 12.90000000000000200, -3.782856063937775300, 7.499999999999999100 ) ) ;
#3693 = CARTESIAN_POINT ( 'NONE',  ( 22.76936971454352200, 2.362624362350760300, 4.631987789452613100 ) ) ;
#3694 = ORIENTED_EDGE ( 'NONE', *, *, #4412, .T. ) ;
#3695 = ORIENTED_EDGE ( 'NONE', *, *, #3401, .T. ) ;
#3696 = ORIENTED_EDGE ( 'NONE', *, *, #3165, .T. ) ;
#3697 = CYLINDRICAL_SURFACE ( 'NONE', #2097, 3.349999999999999600 ) ;
#3698 = EDGE_LOOP ( 'NONE', ( #4241, #4187, #3990, #3837 ) ) ;
#3699 = ORIENTED_EDGE ( 'NONE', *, *, #4172, .T. ) ;
#3700 = VERTEX_POINT ( 'NONE', #1431 ) ;
#3701 = FACE_OUTER_BOUND ( 'NONE', #3054, .T. ) ;
#3702 = EDGE_CURVE ( 'NONE', #3158, #3700, #3762, .T. ) ;
#3703 = CARTESIAN_POINT ( 'NONE',  ( 26.89999999999999900, 1.714505518806294400E-016, -1.399999999999999900 ) ) ;
#3704 = CARTESIAN_POINT ( 'NONE',  ( 26.90000000000003400, -1.722334846472475000, -1.368781456853713100 ) ) ;
#3705 = CARTESIAN_POINT ( 'NONE',  ( 25.98873016229186200, 0.0000000000000000000, 5.499999999517178200 ) ) ;
#3706 = CARTESIAN_POINT ( 'NONE',  ( 23.27323163479921700, 2.042112639081401500, 4.555301540133935000 ) ) ;
#3707 = ORIENTED_EDGE ( 'NONE', *, *, #3416, .F. ) ;
#3708 = CARTESIAN_POINT ( 'NONE',  ( 20.80000000000000400, -4.756400000000000200, -4.756400000000000200 ) ) ;
#3709 = CONICAL_SURFACE ( 'NONE', #1816, 2.200000000000000200, 0.3889568801790071500 ) ;
#3710 = ORIENTED_EDGE ( 'NONE', *, *, #262, .F. ) ;
#3711 = EDGE_CURVE ( 'NONE', #4535, #4064, #973, .T. ) ;
#3712 = AXIS2_PLACEMENT_3D ( 'NONE', #2877, #2894, #2920 ) ;
#3713 = CARTESIAN_POINT ( 'NONE',  ( 20.80000000006439700, 4.997133467304998100, -3.320942202090190900 ) ) ;
#3714 = VECTOR ( 'NONE', #1743, 1000.000000000000100 ) ;
#3715 = CIRCLE ( 'NONE', #2441, 4.700000000000001100 ) ;
#3716 = UNCERTAINTY_MEASURE_WITH_UNIT (LENGTH_MEASURE( 1.000000000000000100E-005 ), #4527, 'distance_accuracy_value', 'NONE');
#3717 = CARTESIAN_POINT ( 'NONE',  ( 25.81071428600000000, -3.958035223000000000, 4.559713155999999900 ) ) ;
#3718 = DIRECTION ( 'NONE',  ( 0.0000000000000000000, -5.329070518200751400E-015, 1.000000000000000000 ) ) ;
#3719 = LINE ( 'NONE', #4221, #1042 ) ;
#3720 = DIRECTION ( 'NONE',  ( 7.930164461608261200E-015, 0.0000000000000000000, 1.000000000000000000 ) ) ;
#3721 = CARTESIAN_POINT ( 'NONE',  ( 24.28986129300815100, 1.445471400931370500, 4.341663419637282800 ) ) ;
#3722 = ORIENTED_EDGE ( 'NONE', *, *, #70, .F. ) ;
#3723 = AXIS2_PLACEMENT_3D ( 'NONE', #1720, #1611, #1663 ) ;
#3724 = DIRECTION ( 'NONE',  ( 0.0000000000000000000, -0.8660254037656688300, -0.5000000000325102200 ) ) ;
#3725 = DIRECTION ( 'NONE',  ( 1.000000000000000000, -0.0000000000000000000, 0.0000000000000000000 ) ) ;
#3726 = ORIENTED_EDGE ( 'NONE', *, *, #3846, .T. ) ;
#3727 = EDGE_CURVE ( 'NONE', #3253, #3413, #869, .T. ) ;
#3728 = AXIS2_PLACEMENT_3D ( 'NONE', #4043, #4031, #4014 ) ;
#3729 = DIRECTION ( 'NONE',  ( 0.0000000000000000000, 0.0000000000000000000, -1.000000000000000000 ) ) ;
#3730 = CARTESIAN_POINT ( 'NONE',  ( 26.88900916400000100, -6.160732966999998600, 3.080366482999999700 ) ) ;
#3731 = CIRCLE ( 'NONE', #2158, 8.400000000000000400 ) ;
#3732 = ORIENTED_EDGE ( 'NONE', *, *, #2350, .T. ) ;
#3733 = CARTESIAN_POINT ( 'NONE',  ( -0.4602540379999997000, 9.184850993723149700E-016, 7.500000000000000000 ) ) ;
#3734 = VERTEX_POINT ( 'NONE', #1048 ) ;
#3735 = VECTOR ( 'NONE', #871, 1000.000000000000000 ) ;
#3736 = EDGE_CURVE ( 'NONE', #538, #1583, #1863, .T. ) ;
#3737 = AXIS2_PLACEMENT_3D ( 'NONE', #582, #2803, #3532 ) ;
#3738 = ORIENTED_EDGE ( 'NONE', *, *, #11, .F. ) ;
#3739 = VECTOR ( 'NONE', #292, 1000.000000000000000 ) ;
#3740 = EDGE_CURVE ( 'NONE', #2712, #3253, #1256, .T. ) ;
#3741 = CARTESIAN_POINT ( 'NONE',  ( 20.80000000006439400, 2.960603587200009800, 3.650318670912222200 ) ) ;
#3742 = ORIENTED_EDGE ( 'NONE', *, *, #3552, .F. ) ;
#3743 = CARTESIAN_POINT ( 'NONE',  ( 26.89999999937839400, 0.0000000000000000000, 4.588730162552599800 ) ) ;
#3744 = CARTESIAN_POINT ( 'NONE',  ( 24.80512508018416900, 1.165529089242874200, 4.205017535603853500 ) ) ;
#3745 = ORIENTED_EDGE ( 'NONE', *, *, #1197, .F. ) ;
#3746 = PRESENTATION_STYLE_ASSIGNMENT (( #3207 ) ) ;
#3747 = CARTESIAN_POINT ( 'NONE',  ( 24.39884126847075800, 1.286845765115457000, -7.499999999709300100 ) ) ;
#3748 = DIRECTION ( 'NONE',  ( 0.0000000000000000000, 0.0000000000000000000, 1.000000000000000000 ) ) ;
#3749 = AXIS2_PLACEMENT_3D ( 'NONE', #2285, #1443, #2363 ) ;
#3750 = DIRECTION ( 'NONE',  ( 1.000000000000000000, 0.0000000000000000000, 0.0000000000000000000 ) ) ;
#3751 = DIRECTION ( 'NONE',  ( 5.782411586589356500E-015, 0.0000000000000000000, 1.000000000000000000 ) ) ;
#3752 = DIRECTION ( 'NONE',  ( 1.000000000000000000, 0.0000000000000000000, 0.0000000000000000000 ) ) ;
#3753 = AXIS2_PLACEMENT_3D ( 'NONE', #228, #1554, #2557 ) ;
#3754 = PLANE ( 'NONE',  #530 ) ;
#3755 = VECTOR ( 'NONE', #14, 1000.000000000000100 ) ;
#3756 = PLANE ( 'NONE',  #1426 ) ;
#3757 = VERTEX_POINT ( 'NONE', #272 ) ;
#3758 = CARTESIAN_POINT ( 'NONE',  ( 26.90000000019789900, 0.0000000000000000000, 3.299999999381764100 ) ) ;
#3759 = CARTESIAN_POINT ( 'NONE',  ( 24.19266915157696500, 7.767417622494773100, -1.546438033789597100 ) ) ;
#3760 = EDGE_CURVE ( 'NONE', #4064, #4303, #54, .T. ) ;
#3761 = EDGE_LOOP ( 'NONE', ( #2082, #843, #3492, #247 ) ) ;
#3762 = CIRCLE ( 'NONE', #1467, 8.400000000000000400 ) ;
#3763 = CIRCLE ( 'NONE', #4404, 3.349999999999999600 ) ;
#3764 = FACE_OUTER_BOUND ( 'NONE', #127, .T. ) ;
#3765 = CARTESIAN_POINT ( 'NONE',  ( 26.90000000019789900, 0.0000000000000000000, 3.299999999381764100 ) ) ;
#3766 = EDGE_CURVE ( 'NONE', #4225, #3209, #1912, .T. ) ;
#3767 = DIRECTION ( 'NONE',  ( 0.0000000000000000000, 0.0000000000000000000, -1.000000000000000000 ) ) ;
#3768 = EDGE_CURVE ( 'NONE', #1575, #770, #2910, .T. ) ;
#3769 = DIRECTION ( 'NONE',  ( -0.0000000000000000000, -1.000000000000000000, -0.0000000000000000000 ) ) ;
#3770 = CARTESIAN_POINT ( 'NONE',  ( 24.70000000039486900, -8.460516426257409800E-010, 5.500000000206145300 ) ) ;
#3771 = DIRECTION ( 'NONE',  ( 0.0000000000000000000, 1.000000000000000000, 0.0000000000000000000 ) ) ;
#3772 = CARTESIAN_POINT ( 'NONE',  ( 25.84458230012383200, 0.6640813974044206300, 3.881695224006697800 ) ) ;
#3773 = ORIENTED_EDGE ( 'NONE', *, *, #3340, .F. ) ;
#3774 = CARTESIAN_POINT ( 'NONE',  ( 4.200000000000000200, 7.347880794884119700E-016, 6.000000000000000000 ) ) ;
#3775 = AXIS2_PLACEMENT_3D ( 'NONE', #4032, #4566, #1702 ) ;
#3776 = CARTESIAN_POINT ( 'NONE',  ( 20.80000000006439700, -1.185246209972181000, 5.881767712297887300 ) ) ;
#3777 = EDGE_CURVE ( 'NONE', #2744, #891, #2795, .T. ) ;
#3778 = LINE ( 'NONE', #4495, #2868 ) ;
#3779 = DIRECTION ( 'NONE',  ( 0.0000000000000000000, 0.0000000000000000000, 1.000000000000000000 ) ) ;
#3780 = ORIENTED_EDGE ( 'NONE', *, *, #4084, .T. ) ;
#3781 = CARTESIAN_POINT ( 'NONE',  ( 26.90000000000000600, -3.266107953056840000, -0.5461330253017251400 ) ) ;
#3782 = EDGE_CURVE ( 'NONE', #629, #3999, #1602, .T. ) ;
#3783 = CONICAL_SURFACE ( 'NONE', #1259, 6.000000000000000000, 0.7853981633974491700 ) ;
#3784 = ORIENTED_EDGE ( 'NONE', *, *, #4452, .F. ) ;
#3785 = ORIENTED_EDGE ( 'NONE', *, *, #574, .F. ) ;
#3786 = CARTESIAN_POINT ( 'NONE',  ( 23.54411837300000300, 0.0000000000000000000, 4.875361322500000800 ) ) ;
#3787 = CARTESIAN_POINT ( 'NONE',  ( 23.85675555198309900, 3.782856063937774400, -7.500000000000000000 ) ) ;
#3788 = CARTESIAN_POINT ( 'NONE',  ( 26.90000000000000200, 2.568863536435432000, 2.075290964400212400 ) ) ;
#3789 = EDGE_CURVE ( 'NONE', #3343, #3366, #788, .T. ) ;
#3790 = DIRECTION ( 'NONE',  ( 1.000000000000000000, -0.0000000000000000000, -0.0000000000000000000 ) ) ;
#3791 = ORIENTED_EDGE ( 'NONE', *, *, #1581, .F. ) ;
#3792 = DIRECTION ( 'NONE',  ( 0.0000000000000000000, 0.0000000000000000000, 1.000000000000000000 ) ) ;
#3793 = ORIENTED_EDGE ( 'NONE', *, *, #2678, .F. ) ;
#3794 = EDGE_CURVE ( 'NONE', #4303, #2368, #3715, .T. ) ;
#3795 = CYLINDRICAL_SURFACE ( 'NONE', #837, 8.400000000000000400 ) ;
#3796 = AXIS2_PLACEMENT_3D ( 'NONE', #4097, #1981, #4431 ) ;
#3797 = CARTESIAN_POINT ( 'NONE',  ( 26.89999999999999900, -2.926529810538735600, 1.525246144773718400 ) ) ;
#3798 = ORIENTED_EDGE ( 'NONE', *, *, #3983, .F. ) ;
#3799 = DIRECTION ( 'NONE',  ( 0.0000000000000000000, 0.0000000000000000000, 1.000000000000000000 ) ) ;
#3800 = DIRECTION ( 'NONE',  ( -0.0000000000000000000, -0.0000000000000000000, -1.000000000000000000 ) ) ;
#3801 = ORIENTED_EDGE ( 'NONE', *, *, #1925, .T. ) ;
#3802 = FACE_OUTER_BOUND ( 'NONE', #211, .T. ) ;
#3803 = DIRECTION ( 'NONE',  ( 0.7071067811865469100, 8.659560562354941500E-017, 0.7071067811865482400 ) ) ;
#3804 = DIRECTION ( 'NONE',  ( 1.000000000000000000, 0.0000000000000000000, 0.0000000000000000000 ) ) ;
#3805 = ORIENTED_EDGE ( 'NONE', *, *, #3581, .T. ) ;
#3806 = EDGE_CURVE ( 'NONE', #33, #3139, #3613, .T. ) ;
#3807 = CARTESIAN_POINT ( 'NONE',  ( 26.90000000000000200, 3.300022887227060900, -0.1373180951715513000 ) ) ;
#3808 = CARTESIAN_POINT ( 'NONE',  ( 26.89999999999999900, 0.9127857542709835200, 3.171268934494254800 ) ) ;
#3809 = DIRECTION ( 'NONE',  ( 1.000000000000000000, 0.0000000000000000000, 0.0000000000000000000 ) ) ;
#3810 = DIRECTION ( 'NONE',  ( 1.000000000000000000, -0.0000000000000000000, -0.0000000000000000000 ) ) ;
#3811 = CONICAL_SURFACE ( 'NONE', #1321, 5.500000000000000000, 0.7853981633974487200 ) ;
#3812 = CARTESIAN_POINT ( 'NONE',  ( 26.89999999999999500, -2.003124583723181500, 2.622533307980603000 ) ) ;
#3813 = DIRECTION ( 'NONE',  ( -1.000000000000000000, 0.0000000000000000000, 0.0000000000000000000 ) ) ;
#3814 = LINE ( 'NONE', #3098, #2792 ) ;
#3815 = PLANE ( 'NONE',  #3775 ) ;
#3816 = DIRECTION ( 'NONE',  ( -0.9253051386558226500, 0.0000000000000000000, 0.3792234174957144200 ) ) ;
#3817 = VECTOR ( 'NONE', #244, 1000.000000000000100 ) ;
#3818 = ORIENTED_EDGE ( 'NONE', *, *, #2035, .F. ) ;
#3819 = CARTESIAN_POINT ( 'NONE',  ( 26.36869308873054900, 0.4418583025991386600, 3.695627102757621100 ) ) ;
#3820 = CYLINDRICAL_SURFACE ( 'NONE', #3753, 8.400000000000000400 ) ;
#3821 = CARTESIAN_POINT ( 'NONE',  ( 26.89999999999999900, 2.755226062467520400, -1.823921629451172400 ) ) ;
#3822 = CARTESIAN_POINT ( 'NONE',  ( 26.90000000000000200, 1.958971715248243800, 2.655669650013604800 ) ) ;
#3823 = CARTESIAN_POINT ( 'NONE',  ( 26.90000000000003400, 1.722334846595382300, -1.368781456699059000 ) ) ;
#3824 = CARTESIAN_POINT ( 'NONE',  ( 26.89999999999999900, 0.2500000000000000000, -3.501672361999999900 ) ) ;
#3825 = CARTESIAN_POINT ( 'NONE',  ( 26.90000000000000200, -0.9688974174343379900, 3.154576069644374300 ) ) ;
#3826 = VERTEX_POINT ( 'NONE', #4465 ) ;
#3827 = CARTESIAN_POINT ( 'NONE',  ( 26.25550371171659200, 4.810138033419589700E-009, 3.764137823026231000 ) ) ;
#3828 = VECTOR ( 'NONE', #1409, 1000.000000000000000 ) ;
#3829 = CARTESIAN_POINT ( 'NONE',  ( 26.90000000000000600, 1.896336805745618200, -2.702767999333231400 ) ) ;
#3830 = LINE ( 'NONE', #3615, #2926 ) ;
#3831 = ORIENTED_EDGE ( 'NONE', *, *, #3389, .T. ) ;
#3832 = AXIS2_PLACEMENT_3D ( 'NONE', #2052, #1967, #1922 ) ;
#3833 = EDGE_LOOP ( 'NONE', ( #1772, #2644, #2523, #2401 ) ) ;
#3834 = DIRECTION ( 'NONE',  ( -9.912705577010326800E-017, 1.000000000000000000, 0.0000000000000000000 ) ) ;
#3835 = CARTESIAN_POINT ( 'NONE',  ( 26.89999999999999900, -0.8862340954928578100, -3.178785156618465300 ) ) ;
#3836 = DIRECTION ( 'NONE',  ( 0.0000000000000000000, 0.0000000000000000000, -1.000000000000000000 ) ) ;
#3837 = ORIENTED_EDGE ( 'NONE', *, *, #2605, .T. ) ;
#3838 = EDGE_CURVE ( 'NONE', #1224, #4303, #1628, .T. ) ;
#3839 = CARTESIAN_POINT ( 'NONE',  ( 12.90000000000000000, 0.0000000000000000000, -7.500000000000000000 ) ) ;
#3840 = CARTESIAN_POINT ( 'NONE',  ( 24.69999999999999600, 7.000000000000000000, 8.572527594031473200E-016 ) ) ;
#3841 = CARTESIAN_POINT ( 'NONE',  ( 25.81071428600000000, 5.966621169000000600, -0.9254505459999999900 ) ) ;
#3842 = CARTESIAN_POINT ( 'NONE',  ( 22.78364746181961900, -3.541570034413002300, -1.617458752569772800 ) ) ;
#3843 = ORIENTED_EDGE ( 'NONE', *, *, #4003, .F. ) ;
#3844 = CIRCLE ( 'NONE', #1529, 8.400000000000000400 ) ;
#3845 = CARTESIAN_POINT ( 'NONE',  ( 19.86201196850000300, 4.603762496000000800, 7.026049450000000400 ) ) ;
#3846 = EDGE_CURVE ( 'NONE', #1998, #4139, #1968, .T. ) ;
#3847 = CARTESIAN_POINT ( 'NONE',  ( 26.89999999999999900, 0.9334231317607294400, -3.165250000366894900 ) ) ;
#3848 = AXIS2_PLACEMENT_3D ( 'NONE', #1516, #1604, #1585 ) ;
#3849 = DIRECTION ( 'NONE',  ( 0.0000000000000000000, 0.0000000000000000000, 1.000000000000000000 ) ) ;
#3850 = ORIENTED_EDGE ( 'NONE', *, *, #728, .T. ) ;
#3851 = DIRECTION ( 'NONE',  ( 1.000000000000000000, 4.956352788505163400E-017, -0.0000000000000000000 ) ) ;
#3852 = CIRCLE ( 'NONE', #1192, 2.199999999999986000 ) ;
#3853 = CARTESIAN_POINT ( 'NONE',  ( 26.89999999999999900, -1.905988146882772600, -2.694141241607459500 ) ) ;
#3854 = CARTESIAN_POINT ( 'NONE',  ( 20.80000000000000400, 2.097104625000000100, 0.5854632589999997400 ) ) ;
#3855 = DIRECTION ( 'NONE',  ( 0.0000000000000000000, -0.5000000000325101100, -0.8660254037656688300 ) ) ;
#3856 = CARTESIAN_POINT ( 'NONE',  ( 19.86201196850000300, -8.386618560000002300, 0.4739505500000000300 ) ) ;
#3857 = AXIS2_PLACEMENT_3D ( 'NONE', #4057, #3449, #3518 ) ;
#3858 = CONICAL_SURFACE ( 'NONE', #2214, 7.000000000000000000, 1.028674551786381300 ) ;
#3859 = CARTESIAN_POINT ( 'NONE',  ( 4.700000000000000200, -6.495190528000001100, 3.750000000000000400 ) ) ;
#3860 = APPLICATION_CONTEXT ( 'automotive_design' ) ;
#3861 = ORIENTED_EDGE ( 'NONE', *, *, #2738, .F. ) ;
#3862 = CIRCLE ( 'NONE', #950, 8.400000000000000400 ) ;
#3863 = CARTESIAN_POINT ( 'NONE',  ( 7.699999999999998400, 4.956352788505155400E-017, 0.0000000000000000000 ) ) ;
#3864 = CIRCLE ( 'NONE', #1606, 3.349999999999999600 ) ;
#3865 = ADVANCED_FACE ( 'NONE', ( #2668 ), #3220, .T. ) ;
#3866 = CARTESIAN_POINT ( 'NONE',  ( 26.90000000000000600, -2.802963971597671300, -1.743702549404386700 ) ) ;
#3867 = PLANE ( 'NONE',  #708 ) ;
#3868 = LINE ( 'NONE', #2511, #2965 ) ;
#3869 = CARTESIAN_POINT ( 'NONE',  ( 26.89999999999999900, 2.707400305999999800, 3.060953696500000400 ) ) ;
#3870 = DIRECTION ( 'NONE',  ( 1.000000000000000000, -0.0000000000000000000, -0.0000000000000000000 ) ) ;
#3871 = CARTESIAN_POINT ( 'NONE',  ( 26.90000000000003400, 2.185749299470447500, -0.2499999997287697700 ) ) ;
#3872 = B_SPLINE_CURVE_WITH_KNOTS ( 'NONE', 3,
 ( #1991, #2262, #1200, #1031, #905, #832, #811, #426, #1250, #281 ),
 .UNSPECIFIED., .F., .F.,
 ( 4, 2, 2, 2, 4 ),
 ( 6.917760644909348100E-014, 0.001796284568726319900, 0.003592569137383462600, 0.005388853706040604300, 0.007185138274697747000 ),
 .UNSPECIFIED. ) ;
#3873 = CARTESIAN_POINT ( 'NONE',  ( 4.699999999999999300, 1.374695441470161400E-017, 0.0000000000000000000 ) ) ;
#3874 = CARTESIAN_POINT ( 'NONE',  ( 23.85675555199995300, -8.400000000000000400, 0.0000000000000000000 ) ) ;
#3875 = EDGE_CURVE ( 'NONE', #635, #744, #4375, .T. ) ;
#3876 = EDGE_LOOP ( 'NONE', ( #1704, #1230, #2635, #124 ) ) ;
#3877 = CARTESIAN_POINT ( 'NONE',  ( 15.19999999999999900, 4.603762495516800600, 7.026049455000000800 ) ) ;
#3878 = AXIS2_PLACEMENT_3D ( 'NONE', #1479, #1093, #3321 ) ;
#3879 = CARTESIAN_POINT ( 'NONE',  ( 2.100796005499999900, 3.782856064000000200, 7.500000000000000000 ) ) ;
#3880 = CYLINDRICAL_SURFACE ( 'NONE', #3522, 6.000000000000000000 ) ;
#3881 = CARTESIAN_POINT ( 'NONE',  ( 24.82107097610267800, -3.031638284895323400, 0.3909513524617169200 ) ) ;
#3882 = ORIENTED_EDGE ( 'NONE', *, *, #1589, .T. ) ;
#3883 = EDGE_CURVE ( 'NONE', #4021, #2739, #1683, .T. ) ;
#3884 = CARTESIAN_POINT ( 'NONE',  ( 26.89999999999999900, 0.0000000000000000000, 0.0000000000000000000 ) ) ;
#3885 = ADVANCED_FACE ( 'NONE', ( #3497 ), #4494, .F. ) ;
#3886 = FACE_OUTER_BOUND ( 'NONE', #1570, .T. ) ;
#3887 = ORIENTED_EDGE ( 'NONE', *, *, #2090, .T. ) ;
#3888 = CARTESIAN_POINT ( 'NONE',  ( 12.90000000000000200, -4.603762495782620900, 7.026049450376514300 ) ) ;
#3889 = VERTEX_POINT ( 'NONE', #226 ) ;
#3890 = ORIENTED_EDGE ( 'NONE', *, *, #1945, .T. ) ;
#3891 = DIRECTION ( 'NONE',  ( 1.000000000000000000, -0.0000000000000000000, -0.0000000000000000000 ) ) ;
#3892 = CARTESIAN_POINT ( 'NONE',  ( 15.69999999999999900, 0.0000000000000000000, 0.0000000000000000000 ) ) ;
#3893 = CARTESIAN_POINT ( 'NONE',  ( 26.89999999999999900, 0.0000000000000000000, -3.500000000000000000 ) ) ;
#3894 = CIRCLE ( 'NONE', #421, 6.000000000000000000 ) ;
#3895 = CARTESIAN_POINT ( 'NONE',  ( 22.54285714300000300, 2.215924254000000400, -5.575812022000000000 ) ) ;
#3896 = ORIENTED_EDGE ( 'NONE', *, *, #234, .T. ) ;
#3897 = EDGE_CURVE ( 'NONE', #1128, #3683, #677, .T. ) ;
#3898 = CARTESIAN_POINT ( 'NONE',  ( 26.89999999999999900, -1.352621067999999900, 1.706174458000000000 ) ) ;
#3899 = ORIENTED_EDGE ( 'NONE', *, *, #739, .F. ) ;
#3900 = VECTOR ( 'NONE', #3932, 1000.000000000000000 ) ;
#3901 = DIRECTION ( 'NONE',  ( 9.179578393710604700E-015, 0.0000000000000000000, -1.000000000000000000 ) ) ;
#3902 = VERTEX_POINT ( 'NONE', #3871 ) ;
#3903 = B_SPLINE_CURVE_WITH_KNOTS ( 'NONE', 3,
 ( #1080, #453, #786, #1159, #2130, #2209, #2241, #2347, #2398, #1612, #1600, #1557 ),
 .UNSPECIFIED., .F., .F.,
 ( 4, 2, 2, 2, 2, 4 ),
 ( 3.408946464133110200E-013, 0.001944996280361775900, 0.002917494420372215800, 0.003889992560382655700, 0.005834988840403536800, 0.007779985120424418400 ),
 .UNSPECIFIED. ) ;
#3904 = CARTESIAN_POINT ( 'NONE',  ( 24.69999999999999900, 0.0000000000000000000, 0.0000000000000000000 ) ) ;
#3905 = CARTESIAN_POINT ( 'NONE',  ( 15.19999999999999900, -8.500799999999999900, -7.500000000000000000 ) ) ;
#3906 = VECTOR ( 'NONE', #448, 1000.000000000000200 ) ;
#3907 = CARTESIAN_POINT ( 'NONE',  ( 26.90000000000003400, 0.0000000000000000000, 0.0000000000000000000 ) ) ;
#3908 = CARTESIAN_POINT ( 'NONE',  ( 6.700000000000001100, -8.750000000000000000, 1.071565949253934100E-015 ) ) ;
#3909 = EDGE_CURVE ( 'NONE', #590, #3058, #556, .T. ) ;
#3910 = ADVANCED_FACE ( 'NONE', ( #2426 ), #439, .T. ) ;
#3911 = CONICAL_SURFACE ( 'NONE', #3796, 3.500000000000000000, 0.3889568801790071500 ) ;
#3912 = DIRECTION ( 'NONE',  ( 0.0000000000000000000, -0.7071067810560637300, -0.7071067813170313100 ) ) ;
#3913 = FACE_OUTER_BOUND ( 'NONE', #2507, .T. ) ;
#3914 = DIRECTION ( 'NONE',  ( 1.000000000000000000, 0.0000000000000000000, 0.0000000000000000000 ) ) ;
#3915 = AXIS2_PLACEMENT_3D ( 'NONE', #685, #605, #553 ) ;
#3916 = DIRECTION ( 'NONE',  ( 1.000000000000000000, 0.0000000000000000000, 0.0000000000000000000 ) ) ;
#3917 = VECTOR ( 'NONE', #3496, 1000.000000000000000 ) ;
#3918 = CARTESIAN_POINT ( 'NONE',  ( 26.89999999999992400, -2.291775511596327000, 2.645328902886673100 ) ) ;
#3919 = ORIENTED_EDGE ( 'NONE', *, *, #4392, .T. ) ;
#3920 = DIRECTION ( 'NONE',  ( -0.5159546978308550100, 0.8566158706131186100, 1.049051884045179000E-016 ) ) ;
#3921 = FACE_OUTER_BOUND ( 'NONE', #1881, .T. ) ;
#3922 = CARTESIAN_POINT ( 'NONE',  ( 21.67319148900000100, -1.993015178000000100, 0.8982577479999999100 ) ) ;
#3923 = CARTESIAN_POINT ( 'NONE',  ( 24.02510652015083200, 8.076291507418899200, 1.011452771986969700 ) ) ;
#3924 = CARTESIAN_POINT ( 'NONE',  ( 4.200000000000002000, 0.0000000000000000000, 0.0000000000000000000 ) ) ;
#3925 = ADVANCED_FACE ( 'NONE', ( #2545 ), #1339, .T. ) ;
#3926 = AXIS2_PLACEMENT_3D ( 'NONE', #2976, #2994, #3008 ) ;
#3927 = B_SPLINE_CURVE_WITH_KNOTS ( 'NONE', 3,
 ( #4105, #4238, #4372, #4090, #4076, #4070, #4033, #4019, #3982, #3977, #2611, #3969 ),
 .UNSPECIFIED., .F., .F.,
 ( 4, 2, 2, 2, 2, 4 ),
 ( 0.0000000000000000000, 0.001944996280103558500, 0.002917494420155337700, 0.003889992560207116900, 0.005834988840310675400, 0.007779985120414233800 ),
 .UNSPECIFIED. ) ;
#3928 = DIRECTION ( 'NONE',  ( 0.0000000000000000000, 0.0000000000000000000, -1.000000000000000000 ) ) ;
#3929 = DIRECTION ( 'NONE',  ( 5.782411586589356500E-015, 0.0000000000000000000, 1.000000000000000000 ) ) ;
#3930 = ORIENTED_EDGE ( 'NONE', *, *, #3286, .F. ) ;
#3931 = CARTESIAN_POINT ( 'NONE',  ( 12.90000000000000000, 0.0000000000000000000, 7.500000000000000000 ) ) ;
#3932 = DIRECTION ( 'NONE',  ( -1.000000000000000000, -0.0000000000000000000, -0.0000000000000000000 ) ) ;
#3933 = FACE_OUTER_BOUND ( 'NONE', #390, .T. ) ;
#3934 = EDGE_CURVE ( 'NONE', #1990, #642, #2306, .T. ) ;
#3935 = LINE ( 'NONE', #3026, #2046 ) ;
#3936 = ORIENTED_EDGE ( 'NONE', *, *, #4003, .T. ) ;
#3937 = CARTESIAN_POINT ( 'NONE',  ( 6.700000000000001100, 4.298950767839779500E-032, 0.0000000000000000000 ) ) ;
#3938 = VERTEX_POINT ( 'NONE', #2871 ) ;
#3939 = AXIS2_PLACEMENT_3D ( 'NONE', #2591, #2610, #2639 ) ;
#3940 = CARTESIAN_POINT ( 'NONE',  ( 23.27323163429201000, 1.777092914286036300, -4.665076304666690100 ) ) ;
#3941 = CARTESIAN_POINT ( 'NONE',  ( 0.4397459618446960500, -8.386618560172431500, 0.4739505497013434800 ) ) ;
#3942 = CARTESIAN_POINT ( 'NONE',  ( 21.67319148900000100, -1.735549531000000000, 1.329226958999999900 ) ) ;
#3943 = ORIENTED_EDGE ( 'NONE', *, *, #3777, .F. ) ;
#3944 = DIRECTION ( 'NONE',  ( 0.0000000000000000000, 0.0000000000000000000, 1.000000000000000000 ) ) ;
#3945 = EDGE_CURVE ( 'NONE', #629, #3528, #3289, .T. ) ;
#3946 = CARTESIAN_POINT ( 'NONE',  ( 23.85675555199995300, 0.0000000000000000000, 0.0000000000000000000 ) ) ;
#3947 = AXIS2_PLACEMENT_3D ( 'NONE', #3976, #3961, #3944 ) ;
#3948 = EDGE_LOOP ( 'NONE', ( #2415, #1195, #1092, #961 ) ) ;
#3949 = LINE ( 'NONE', #1249, #2061 ) ;
#3950 = VERTEX_POINT ( 'NONE', #1008 ) ;
#3951 = ADVANCED_FACE ( 'NONE', ( #1565 ), #2201, .T. ) ;
#3952 = CARTESIAN_POINT ( 'NONE',  ( 24.82107097609562600, 3.031638284898682000, -0.3909513524630315300 ) ) ;
#3953 = ORIENTED_EDGE ( 'NONE', *, *, #2556, .F. ) ;
#3954 = CIRCLE ( 'NONE', #197, 4.700000000000001100 ) ;
#3955 = CARTESIAN_POINT ( 'NONE',  ( 24.80512507990721400, 2.149242891899121300, -3.797549937161687900 ) ) ;
#3956 = CARTESIAN_POINT ( 'NONE',  ( 0.4397459620000005500, 0.0000000000000000000, 0.0000000000000000000 ) ) ;
#3957 = CARTESIAN_POINT ( 'NONE',  ( 26.90000000000003400, -2.185749299447999200, -0.2499999999250363300 ) ) ;
#3958 = CARTESIAN_POINT ( 'NONE',  ( 0.4999999999999449300, 0.0000000000000000000, 0.0000000000000000000 ) ) ;
#3959 = ORIENTED_EDGE ( 'NONE', *, *, #1070, .F. ) ;
#3960 = EDGE_CURVE ( 'NONE', #1984, #2647, #3386, .T. ) ;
#3961 = DIRECTION ( 'NONE',  ( 1.000000000000000000, -0.0000000000000000000, -0.0000000000000000000 ) ) ;
#3962 = CARTESIAN_POINT ( 'NONE',  ( 12.90000000000000200, -8.386618560172431500, 0.4739505497013439300 ) ) ;
#3963 = FACE_OUTER_BOUND ( 'NONE', #657, .T. ) ;
#3964 = EDGE_CURVE ( 'NONE', #2662, #1954, #3177, .T. ) ;
#3965 = EDGE_LOOP ( 'NONE', ( #3694, #3412, #3267, #2893 ) ) ;
#3966 = CARTESIAN_POINT ( 'NONE',  ( 24.28986129273457500, -2.047917016201647600, 4.092122275316423700 ) ) ;
#3967 = LINE ( 'NONE', #2638, #104 ) ;
#3968 = TOROIDAL_SURFACE ( 'NONE', #112, 3.300000000019893200, 3.699999999798679400 ) ;
#3969 = CARTESIAN_POINT ( 'NONE',  ( 0.4397459618042095500, -4.603762495782620900, -7.026049450376514300 ) ) ;
#3970 = FACE_OUTER_BOUND ( 'NONE', #3041, .T. ) ;
#3971 = AXIS2_PLACEMENT_3D ( 'NONE', #4347, #4334, #4362 ) ;
#3972 = ADVANCED_FACE ( 'NONE', ( #3062 ), #3968, .T. ) ;
#3973 = ORIENTED_EDGE ( 'NONE', *, *, #1131, .T. ) ;
#3974 = DIRECTION ( 'NONE',  ( 1.000000000000000000, 0.0000000000000000000, 0.0000000000000000000 ) ) ;
#3975 = AXIS2_PLACEMENT_3D ( 'NONE', #4476, #4455, #4420 ) ;
#3976 = CARTESIAN_POINT ( 'NONE',  ( 17.00000000000000000, 0.0000000000000000000, 0.0000000000000000000 ) ) ;
#3977 = CARTESIAN_POINT ( 'NONE',  ( -0.05918398341391129700, -5.215446688563096300, -5.966581350385827600 ) ) ;
#3978 = EDGE_CURVE ( 'NONE', #3255, #1487, #335, .T. ) ;
#3979 = EDGE_LOOP ( 'NONE', ( #3169, #2290, #777, #3420, #1947, #3046, #3216, #3372, #612, #478, #318, #209 ) ) ;
#3980 = DIRECTION ( 'NONE',  ( 5.782411586589356500E-015, 0.0000000000000000000, 1.000000000000000000 ) ) ;
#3981 = DIRECTION ( 'NONE',  ( 1.000000000000000000, -0.0000000000000000000, -0.0000000000000000000 ) ) ;
#3982 = CARTESIAN_POINT ( 'NONE',  ( -0.3736325257098675500, -5.846943827138199300, -4.872796221634206200 ) ) ;
#3983 = EDGE_CURVE ( 'NONE', #2703, #1575, #1997, .T. ) ;
#3984 = VECTOR ( 'NONE', #240, 1000.000000000000000 ) ;
#3985 = EDGE_LOOP ( 'NONE', ( #3663, #969, #1332, #1452 ) ) ;
#3986 = EDGE_CURVE ( 'NONE', #2109, #2840, #1110, .T. ) ;
#3987 = CARTESIAN_POINT ( 'NONE',  ( 10.30000000000000100, 4.603762496000000800, -7.026049450000000400 ) ) ;
#3988 = CARTESIAN_POINT ( 'NONE',  ( 26.90000000000003400, -1.368781456875686900, -1.722334846455012100 ) ) ;
#3989 = ORIENTED_EDGE ( 'NONE', *, *, #1445, .T. ) ;
#3990 = ORIENTED_EDGE ( 'NONE', *, *, #3294, .F. ) ;
#3991 = VERTEX_POINT ( 'NONE', #4563 ) ;
#3992 = ADVANCED_FACE ( 'NONE', ( #105 ), #165, .T. ) ;
#3993 = AXIS2_PLACEMENT_3D ( 'NONE', #3245, #3092, #4266 ) ;
#3994 = CARTESIAN_POINT ( 'NONE',  ( 26.37392023556278900, 1.428509060958601500, -1.950269720836067800 ) ) ;
#3995 = CIRCLE ( 'NONE', #4366, 8.400000000000000400 ) ;
#3996 = DIRECTION ( 'NONE',  ( 0.0000000000000000000, 0.7071067813170313100, 0.7071067810560637300 ) ) ;
#3997 = ORIENTED_EDGE ( 'NONE', *, *, #3768, .F. ) ;
#3998 = CARTESIAN_POINT ( 'NONE',  ( 21.28699032847341100, -1.449065214752205600, 5.625006862475204100 ) ) ;
#3999 = VERTEX_POINT ( 'NONE', #3957 ) ;
#4000 = DIRECTION ( 'NONE',  ( -6.453584360032763900E-018, 1.000000000000000000, 0.0000000000000000000 ) ) ;
#4001 = ORIENTED_EDGE ( 'NONE', *, *, #3727, .T. ) ;
#4002 = DIRECTION ( 'NONE',  ( 1.000000000000000000, 0.0000000000000000000, 0.0000000000000000000 ) ) ;
#4003 = EDGE_CURVE ( 'NONE', #4078, #2505, #3864, .T. ) ;
#4004 = VECTOR ( 'NONE', #1257, 1000.000000000000000 ) ;
#4005 = DIRECTION ( 'NONE',  ( 1.000000000000000000, -0.0000000000000000000, -0.0000000000000000000 ) ) ;
#4006 = EDGE_CURVE ( 'NONE', #184, #719, #2963, .T. ) ;
#4007 = CARTESIAN_POINT ( 'NONE',  ( 4.699999999999999300, 4.603762495782620900, -7.026049450376514300 ) ) ;
#4008 = FACE_OUTER_BOUND ( 'NONE', #988, .T. ) ;
#4009 = EDGE_CURVE ( 'NONE', #103, #2579, #1206, .T. ) ;
#4010 = DIRECTION ( 'NONE',  ( 0.0000000000000000000, 1.000000000000000000, 0.0000000000000000000 ) ) ;
#4011 = ADVANCED_FACE ( 'NONE', ( #1961 ), #3299, .T. ) ;
#4012 = CARTESIAN_POINT ( 'NONE',  ( 20.80000000006439700, -1.185246209972181000, 5.881767712297887300 ) ) ;
#4013 = EDGE_CURVE ( 'NONE', #2505, #4078, #3763, .T. ) ;
#4014 = DIRECTION ( 'NONE',  ( 0.0000000000000000000, 7.105427357601001900E-015, 1.000000000000000000 ) ) ;
#4015 = VECTOR ( 'NONE', #1594, 1000.000000000000000 ) ;
#4016 = AXIS2_PLACEMENT_3D ( 'NONE', #2337, #1969, #2726 ) ;
#4017 = EDGE_LOOP ( 'NONE', ( #764, #3696, #3793, #137, #253, #1375, #4199, #2466, #1603, #3538, #2708 ) ) ;
#4018 = CARTESIAN_POINT ( 'NONE',  ( 26.89999999999996300, -0.2499999991703252500, -3.491060011001665400 ) ) ;
#4019 = CARTESIAN_POINT ( 'NONE',  ( -0.4603998682702047400, -6.168130515569722600, -4.316484558604242800 ) ) ;
#4020 = LINE ( 'NONE', #2917, #2909 ) ;
#4021 = VERTEX_POINT ( 'NONE', #1116 ) ;
#4022 = DIRECTION ( 'NONE',  ( -1.000000000000000000, 0.0000000000000000000, 0.0000000000000000000 ) ) ;
#4023 = FACE_OUTER_BOUND ( 'NONE', #189, .T. ) ;
#4024 = CARTESIAN_POINT ( 'NONE',  ( 7.700000000000000200, -4.603762496000000800, 7.026049450000000400 ) ) ;
#4025 = EDGE_CURVE ( 'NONE', #3019, #2049, #4637, .T. ) ;
#4026 = CARTESIAN_POINT ( 'NONE',  ( 6.699999999999999300, 8.750000000000000000, 0.0000000000000000000 ) ) ;
#4027 = CARTESIAN_POINT ( 'NONE',  ( 26.89999999999999900, 0.0000000000000000000, 0.0000000000000000000 ) ) ;
#4028 = ADVANCED_BREP_SHAPE_REPRESENTATION ( 'PG7', ( #305, #225, #504, #637, #1175, #1786 ), #4453 ) ;
#4029 = DIRECTION ( 'NONE',  ( -0.0000000000000000000, 0.5000000000325102200, 0.8660254037656688300 ) ) ;
#4030 = AXIS2_PLACEMENT_3D ( 'NONE', #3434, #3330, #3074 ) ;
#4031 = DIRECTION ( 'NONE',  ( 1.000000000000000000, -0.0000000000000000000, -0.0000000000000000000 ) ) ;
#4032 = CARTESIAN_POINT ( 'NONE',  ( 15.19999999999999900, 3.782856064000000200, 7.500000000000000000 ) ) ;
#4033 = CARTESIAN_POINT ( 'NONE',  ( -0.4601808444984384300, -6.659972976590638400, -3.464588426870151700 ) ) ;
#4034 = ADVANCED_FACE ( 'NONE', ( #975 ), #3669, .T. ) ;
#4035 = CONICAL_SURFACE ( 'NONE', #2667, 2.200000000000000200, 0.3889568801790071500 ) ;
#4036 = CARTESIAN_POINT ( 'NONE',  ( 26.89999999999999900, -4.062179543999999300, -4.415732935000000300 ) ) ;
#4037 = FACE_OUTER_BOUND ( 'NONE', #598, .T. ) ;
#4038 = DIRECTION ( 'NONE',  ( -0.0000000000000000000, -0.5000000000325102200, 0.8660254037656688300 ) ) ;
#4039 = EDGE_CURVE ( 'NONE', #1224, #2822, #1864, .T. ) ;
#4040 = ORIENTED_EDGE ( 'NONE', *, *, #3782, .T. ) ;
#4041 = AXIS2_PLACEMENT_3D ( 'NONE', #407, #779, #2650 ) ;
#4042 = CARTESIAN_POINT ( 'NONE',  ( 24.30984629972852300, 2.947669780043675300, 1.405959570250179700 ) ) ;
#4043 = CARTESIAN_POINT ( 'NONE',  ( 20.80000000000000400, 0.0000000000000000000, 0.0000000000000000000 ) ) ;
#4044 = EDGE_LOOP ( 'NONE', ( #1139, #1309, #894, #419 ) ) ;
#4045 = CARTESIAN_POINT ( 'NONE',  ( 0.4397459620000000500, 0.0000000000000000000, 0.0000000000000000000 ) ) ;
#4046 = VECTOR ( 'NONE', #89, 1000.000000000000000 ) ;
#4047 = DIRECTION ( 'NONE',  ( -1.000000000000000000, 0.0000000000000000000, 0.0000000000000000000 ) ) ;
#4048 = VERTEX_POINT ( 'NONE', #3677 ) ;
#4049 = ORIENTED_EDGE ( 'NONE', *, *, #3048, .T. ) ;
#4050 = AXIS2_PLACEMENT_3D ( 'NONE', #2855, #4477, #4421 ) ;
#4051 = ORIENTED_EDGE ( 'NONE', *, *, #1125, .T. ) ;
#4052 = DIRECTION ( 'NONE',  ( 1.000000000000000000, -0.0000000000000000000, 0.0000000000000000000 ) ) ;
#4053 = VERTEX_POINT ( 'NONE', #731 ) ;
#4054 = CYLINDRICAL_SURFACE ( 'NONE', #3723, 8.400000000000000400 ) ;
#4055 = ADVANCED_FACE ( 'NONE', ( #4536 ), #3327, .T. ) ;
#4056 = DIRECTION ( 'NONE',  ( -1.000000000000000000, -0.0000000000000000000, -0.0000000000000000000 ) ) ;
#4057 = CARTESIAN_POINT ( 'NONE',  ( 4.700000000000000200, -8.500799999999999900, 7.500000000000000000 ) ) ;
#4058 = DIRECTION ( 'NONE',  ( -2.891205793294678300E-016, 0.0000000000000000000, -1.000000000000000000 ) ) ;
#4059 = EDGE_CURVE ( 'NONE', #2707, #74, #1737, .T. ) ;
#4060 = CARTESIAN_POINT ( 'NONE',  ( 0.4999999999999449300, 0.0000000000000000000, 0.0000000000000000000 ) ) ;
#4061 = EDGE_CURVE ( 'NONE', #1930, #1990, #730, .T. ) ;
#4062 = STYLED_ITEM ( 'NONE', ( #3407 ), #637 ) ;
#4063 = DIRECTION ( 'NONE',  ( -1.000000000000000000, 0.0000000000000000000, 0.0000000000000000000 ) ) ;
#4064 = VERTEX_POINT ( 'NONE', #1892 ) ;
#4065 = DIRECTION ( 'NONE',  ( 1.000000000000000000, -0.0000000000000000000, -0.0000000000000000000 ) ) ;
#4066 = VECTOR ( 'NONE', #3272, 1000.000000000000000 ) ;
#4067 = VECTOR ( 'NONE', #4222, 1000.000000000000000 ) ;
#4068 = DIRECTION ( 'NONE',  ( 0.0000000000000000000, 0.0000000000000000000, 1.000000000000000000 ) ) ;
#4069 = CIRCLE ( 'NONE', #3432, 8.400000000000000400 ) ;
#4070 = CARTESIAN_POINT ( 'NONE',  ( -0.4379726025328604700, -6.826081446699702400, -3.176880117098662000 ) ) ;
#4071 = ADVANCED_FACE ( 'NONE', ( #2851 ), #4326, .T. ) ;
#4072 = AXIS2_PLACEMENT_3D ( 'NONE', #4103, #3610, #3549 ) ;
#4073 = CARTESIAN_POINT ( 'NONE',  ( 23.63214285699999500, -1.755017772000000200, -5.777277863000000100 ) ) ;
#4074 = CARTESIAN_POINT ( 'NONE',  ( 24.72142857099999700, -0.9390485000000000600, 1.964383605999999900 ) ) ;
#4075 = CARTESIAN_POINT ( 'NONE',  ( 24.72142857099999700, 5.900117750999999800, -1.090234159000000000 ) ) ;
#4076 = CARTESIAN_POINT ( 'NONE',  ( -0.3535034340939240400, -7.150150823745717000, -2.615575490926429900 ) ) ;
#4077 = CIRCLE ( 'NONE', #1571, 3.500000000000031100 ) ;
#4078 = VERTEX_POINT ( 'NONE', #759 ) ;
#4079 = ORIENTED_EDGE ( 'NONE', *, *, #26, .T. ) ;
#4080 = ORIENTED_EDGE ( 'NONE', *, *, #3568, .T. ) ;
#4081 = ORIENTED_EDGE ( 'NONE', *, *, #1848, .F. ) ;
#4082 = DIRECTION ( 'NONE',  ( -5.808225924029487500E-017, 3.019806626980425800E-014, -1.000000000000000000 ) ) ;
#4083 = CARTESIAN_POINT ( 'NONE',  ( 4.200000000000002000, 7.654042494670911300E-016, 6.000000000000000000 ) ) ;
#4084 = EDGE_CURVE ( 'NONE', #3528, #1500, #619, .T. ) ;
#4085 = ADVANCED_FACE ( 'NONE', ( #4418 ), #1503, .F. ) ;
#4086 = ORIENTED_EDGE ( 'NONE', *, *, #476, .F. ) ;
#4087 = CARTESIAN_POINT ( 'NONE',  ( 12.90000000000000000, 7.347880794884119700E-016, -6.000000000000000000 ) ) ;
#4088 = CARTESIAN_POINT ( 'NONE',  ( 4.699999999999999300, -4.603762495782620900, 7.026049450376514300 ) ) ;
#4089 = ORIENTED_EDGE ( 'NONE', *, *, #1247, .T. ) ;
#4090 = CARTESIAN_POINT ( 'NONE',  ( -0.2914669716643366600, -7.309584684946616000, -2.339427942903529600 ) ) ;
#4091 = ADVANCED_FACE ( 'NONE', ( #3433 ), #2723, .T. ) ;
#4092 = EDGE_LOOP ( 'NONE', ( #1982, #2221, #1228, #1822 ) ) ;
#4093 = CIRCLE ( 'NONE', #3644, 3.500000000000000000 ) ;
#4094 = EDGE_CURVE ( 'NONE', #3465, #4048, #1613, .T. ) ;
#4095 = CARTESIAN_POINT ( 'NONE',  ( 21.77845964143583000, -1.679780332923876700, 5.348766841260286700 ) ) ;
#4096 = ORIENTED_EDGE ( 'NONE', *, *, #2738, .T. ) ;
#4097 = CARTESIAN_POINT ( 'NONE',  ( 26.89999999999999900, 0.0000000000000000000, 0.0000000000000000000 ) ) ;
#4098 = DIRECTION ( 'NONE',  ( -1.000000000000000000, -0.0000000000000000000, -0.0000000000000000000 ) ) ;
#4099 = LINE ( 'NONE', #1063, #3213 ) ;
#4100 = CARTESIAN_POINT ( 'NONE',  ( 26.90000000000000200, -3.300022887227058300, 0.1373180951718797900 ) ) ;
#4101 = CIRCLE ( 'NONE', #2625, 5.500000000000000000 ) ;
#4102 = CARTESIAN_POINT ( 'NONE',  ( 26.89999999999992400, 0.0000000000000000000, 0.0000000000000000000 ) ) ;
#4103 = CARTESIAN_POINT ( 'NONE',  ( 26.89999999999999900, 0.0000000000000000000, 0.0000000000000000000 ) ) ;
#4104 = CARTESIAN_POINT ( 'NONE',  ( 22.77514619325040000, -2.075365636311576400, 4.766188140137956900 ) ) ;
#4105 = CARTESIAN_POINT ( 'NONE',  ( 0.4397459618446960500, -8.386618560172431500, -0.4739505497013434800 ) ) ;
#4106 = EDGE_CURVE ( 'NONE', #2633, #1447, #2334, .T. ) ;
#4107 = FACE_OUTER_BOUND ( 'NONE', #3358, .T. ) ;
#4108 = ADVANCED_FACE ( 'NONE', ( #2609, #4214 ), #1562, .F. ) ;
#4109 = CARTESIAN_POINT ( 'NONE',  ( 26.90000000000000200, 2.802963971597510100, 1.743702549404619700 ) ) ;
#4110 = CARTESIAN_POINT ( 'NONE',  ( 26.89999999999999500, 0.1570557461530779400, 3.300000000382514700 ) ) ;
#4111 = LINE ( 'NONE', #3893, #270 ) ;
#4112 = CARTESIAN_POINT ( 'NONE',  ( 0.4397459620000005500, 0.0000000000000000000, 0.0000000000000000000 ) ) ;
#4113 = ORIENTED_EDGE ( 'NONE', *, *, #3883, .F. ) ;
#4114 = ADVANCED_FACE ( 'NONE', ( #2484, #488 ), #2681, .F. ) ;
#4115 = EDGE_CURVE ( 'NONE', #121, #2662, #1392, .T. ) ;
#4116 = CARTESIAN_POINT ( 'NONE',  ( 26.89999999999999900, -2.755226062467519600, 1.823921629451174400 ) ) ;
#4117 = ORIENTED_EDGE ( 'NONE', *, *, #1593, .F. ) ;
#4118 = DIRECTION ( 'NONE',  ( -1.000000000000000000, 0.0000000000000000000, 0.0000000000000000000 ) ) ;
#4119 = DIRECTION ( 'NONE',  ( 1.000000000000000000, -0.0000000000000000000, -0.0000000000000000000 ) ) ;
#4120 = CARTESIAN_POINT ( 'NONE',  ( 23.27787460259165900, -2.237335697904665500, 4.461795703005088300 ) ) ;
#4121 = CARTESIAN_POINT ( 'NONE',  ( 24.29774747482511500, -2.484919289837566500, 3.840097023754920300 ) ) ;
#4122 = AXIS2_PLACEMENT_3D ( 'NONE', #17, #4, #3751 ) ;
#4123 = CARTESIAN_POINT ( 'NONE',  ( 26.89999999999999900, 3.250318500736435000, -0.5779223076510680000 ) ) ;
#4124 = CARTESIAN_POINT ( 'NONE',  ( 26.89999999999999900, 1.146257870876742800, 3.097021439439656000 ) ) ;
#4125 = LINE ( 'NONE', #2378, #1287 ) ;
#4126 = DIRECTION ( 'NONE',  ( 0.0000000000000000000, -1.000000000000000000, 0.0000000000000000000 ) ) ;
#4127 = ORIENTED_EDGE ( 'NONE', *, *, #1880, .F. ) ;
#4128 = CARTESIAN_POINT ( 'NONE',  ( 26.89999999999999900, -1.896336805745144600, 2.702767999333597300 ) ) ;
#4129 = ADVANCED_FACE ( 'NONE', ( #386 ), #267, .T. ) ;
#4130 = FACE_OUTER_BOUND ( 'NONE', #3120, .T. ) ;
#4131 = ORIENTED_EDGE ( 'NONE', *, *, #3475, .T. ) ;
#4132 = DIRECTION ( 'NONE',  ( 0.0000000000000000000, -1.776356839400250500E-015, 1.000000000000000000 ) ) ;
#4133 = EDGE_LOOP ( 'NONE', ( #4271, #1727, #1850, #4263 ) ) ;
#4134 = DIRECTION ( 'NONE',  ( 1.000000000000000000, 3.226792180016382000E-018, -0.0000000000000000000 ) ) ;
#4135 = CARTESIAN_POINT ( 'NONE',  ( 24.81101423734546100, -2.571572685592114400, 3.523850612235114100 ) ) ;
#4136 = CARTESIAN_POINT ( 'NONE',  ( 26.89999999999992400, 0.2500000001998284300, 3.491060010927956800 ) ) ;
#4137 = ADVANCED_FACE ( 'NONE', ( #4107 ), #2355, .T. ) ;
#4138 = CARTESIAN_POINT ( 'NONE',  ( 25.84607949047877500, -2.665531718785569400, 2.899929185735419200 ) ) ;
#4139 = VERTEX_POINT ( 'NONE', #3059 ) ;
#4140 = CARTESIAN_POINT ( 'NONE',  ( 26.89999999999999900, 2.557420870860014400, -2.085989484186484300 ) ) ;
#4141 = AXIS2_PLACEMENT_3D ( 'NONE', #3095, #3109, #3129 ) ;
#4142 = CARTESIAN_POINT ( 'NONE',  ( 26.89999999999999900, 2.072503036417048200, 2.570645494282259000 ) ) ;
#4143 = CIRCLE ( 'NONE', #2177, 6.000000000000000000 ) ;
#4144 = ORIENTED_EDGE ( 'NONE', *, *, #2586, .T. ) ;
#4145 = FACE_OUTER_BOUND ( 'NONE', #792, .T. ) ;
#4146 = ORIENTED_EDGE ( 'NONE', *, *, #2999, .T. ) ;
#4147 = CARTESIAN_POINT ( 'NONE',  ( 26.90000000000000200, -0.9334231317607764000, 3.165250000366895700 ) ) ;
#4148 = EDGE_LOOP ( 'NONE', ( #2481, #3430, #3108, #907 ) ) ;
#4149 = DIRECTION ( 'NONE',  ( -1.000000000000000000, 0.0000000000000000000, 0.0000000000000000000 ) ) ;
#4150 = EDGE_LOOP ( 'NONE', ( #4127, #4081, #3882, #3785 ) ) ;
#4151 = CIRCLE ( 'NONE', #2532, 8.400000000000000400 ) ;
#4152 = CARTESIAN_POINT ( 'NONE',  ( 26.36887822950202700, -2.673735716909075400, 2.591416392159234100 ) ) ;
#4153 = CARTESIAN_POINT ( 'NONE',  ( 4.200000000000000200, 0.0000000000000000000, -6.000000000000000000 ) ) ;
#4154 = AXIS2_PLACEMENT_3D ( 'NONE', #2376, #2344, #3382 ) ;
#4155 =( BOUNDED_SURFACE ( )  B_SPLINE_SURFACE ( 1, 2, ( 
 ( #2134, #3240, #3090, #3105, #3033, #3124, #2996 ),
 ( #3009, #2967, #2978, #2939, #2954, #2921, #2930 ) ),
 .UNSPECIFIED., .F., .F., .F. ) 
 B_SPLINE_SURFACE_WITH_KNOTS ( ( 2, 2 ),
 ( 3, 2, 2, 3 ),
 ( 0.2892363948265849700, 1.000000000000000000 ),
 ( 0.0000000000000000000, 0.03571428571428570500, 0.07142857142857142500, 0.09997839300211182300 ),
 .UNSPECIFIED. ) 
 GEOMETRIC_REPRESENTATION_ITEM ( )  RATIONAL_B_SPLINE_SURFACE ( (
 ( 1.000000000000000000, 0.9937122098932428300, 1.000000000000000000, 0.9937122098932428300, 1.000000000000000000, 0.9949735720020860300, 0.9979833468637628900),
 ( 1.000000000000000000, 0.9937122098932428300, 1.000000000000000000, 0.9937122098932428300, 1.000000000000000000, 0.9949735720020860300, 0.9979833468637628900) ) ) 
 REPRESENTATION_ITEM ( '' )  SURFACE ( )  );
#4156 = CARTESIAN_POINT ( 'NONE',  ( 26.89999999999980300, -2.645328902447969400, 2.291775512101400300 ) ) ;
#4157 = CARTESIAN_POINT ( 'NONE',  ( 26.89999999999999900, 1.608787562924972600, -2.882130190058991300 ) ) ;
#4158 = ADVANCED_FACE ( 'NONE', ( #2245 ), #1149, .T. ) ;
#4159 = EDGE_CURVE ( 'NONE', #1487, #2263, #2138, .T. ) ;
#4160 = CARTESIAN_POINT ( 'NONE',  ( 26.90000000000000600, -0.9127857542710021700, -3.171268934494242400 ) ) ;
#4161 = AXIS2_PLACEMENT_3D ( 'NONE', #3907, #3891, #3718 ) ;
#4162 = CARTESIAN_POINT ( 'NONE',  ( 24.72142857099999700, 4.942925238999999100, 3.401101305000000100 ) ) ;
#4163 = EDGE_LOOP ( 'NONE', ( #315, #3953 ) ) ;
#4164 = LINE ( 'NONE', #3931, #3285 ) ;
#4165 = CARTESIAN_POINT ( 'NONE',  ( 26.89999999999999900, 5.994789404000000500, 0.2500000000000000000 ) ) ;
#4166 = VECTOR ( 'NONE', #2113, 1000.000000000000000 ) ;
#4167 = CARTESIAN_POINT ( 'NONE',  ( 23.63214285699999500, 5.611093399000002300, -2.229945683999999600 ) ) ;
#4168 = DIRECTION ( 'NONE',  ( -0.0000000000000000000, -0.5000000000325102200, -0.8660254037656688300 ) ) ;
#4169 = CIRCLE ( 'NONE', #136, 6.000000000000000000 ) ;
#4170 = CARTESIAN_POINT ( 'NONE',  ( 26.89999999999999900, 0.3144597916858283800, -3.300000000382514300 ) ) ;
#4171 = ORIENTED_EDGE ( 'NONE', *, *, #2239, .F. ) ;
#4172 = EDGE_CURVE ( 'NONE', #3413, #3494, #1267, .T. ) ;
#4173 = DIRECTION ( 'NONE',  ( 0.0000000000000000000, 0.4999999998573343400, -0.8660254038668067100 ) ) ;
#4174 = AXIS2_PLACEMENT_3D ( 'NONE', #2461, #233, #2852 ) ;
#4175 = CARTESIAN_POINT ( 'NONE',  ( 26.90000000000000200, -1.958971715248312400, -2.655669650013558600 ) ) ;
#4176 = EDGE_CURVE ( 'NONE', #1984, #78, #3113, .T. ) ;
#4177 = DIRECTION ( 'NONE',  ( -1.000000000000000000, -6.743191670872330000E-016, -0.0000000000000000000 ) ) ;
#4178 = CARTESIAN_POINT ( 'NONE',  ( 20.80000000000004000, 0.0000000000000000000, 0.0000000000000000000 ) ) ;
#4179 = CARTESIAN_POINT ( 'NONE',  ( 12.90000000000000000, 6.495190528000001100, -3.750000000000000400 ) ) ;
#4180 = ADVANCED_FACE ( 'NONE', ( #3011 ), #3811, .T. ) ;
#4181 = CARTESIAN_POINT ( 'NONE',  ( 15.20000000000000100, -3.782856063937775300, -7.500000000000000000 ) ) ;
#4182 = AXIS2_PLACEMENT_3D ( 'NONE', #4479, #4607, #4270 ) ;
#4183 = CARTESIAN_POINT ( 'NONE',  ( 12.90000000000000000, -8.500799999999999900, -7.500000000000000000 ) ) ;
#4184 = SURFACE_SIDE_STYLE ('',( #1787 ) ) ;
#4185 = CARTESIAN_POINT ( 'NONE',  ( 25.81071428600000000, 6.022957638999998600, -0.4254505460000000400 ) ) ;
#4186 = FACE_OUTER_BOUND ( 'NONE', #700, .T. ) ;
#4187 = ORIENTED_EDGE ( 'NONE', *, *, #3314, .T. ) ;
#4188 = AXIS2_PLACEMENT_3D ( 'NONE', #4621, #123, #4635 ) ;
#4189 = VERTEX_POINT ( 'NONE', #4417 ) ;
#4190 = CARTESIAN_POINT ( 'NONE',  ( 7.699999999999999300, 8.386618560172431500, -0.4739505497013433200 ) ) ;
#4191 = CARTESIAN_POINT ( 'NONE',  ( 26.89999999999999900, -2.881771120781367700, -1.608217700071304000 ) ) ;
#4192 = CARTESIAN_POINT ( 'NONE',  ( 15.19999999999999900, 8.386618560000002300, 0.4739505500000000300 ) ) ;
#4193 = EDGE_LOOP ( 'NONE', ( #3405, #126, #2330, #359, #242, #699, #517, #1003, #806, #4049, #3264, #1435, #1545 ) ) ;
#4194 = EDGE_CURVE ( 'NONE', #483, #2732, #3337, .T. ) ;
#4195 = DIRECTION ( 'NONE',  ( -5.808225924029487500E-017, 0.0000000000000000000, -1.000000000000000000 ) ) ;
#4196 = PLANE ( 'NONE',  #3857 ) ;
#4197 = CARTESIAN_POINT ( 'NONE',  ( 26.90000000000001600, -2.185749299419178700, 0.2500000001770746900 ) ) ;
#4198 = CARTESIAN_POINT ( 'NONE',  ( 7.699999999999999300, -8.386618560172431500, 0.4739505497013433200 ) ) ;
#4199 = ORIENTED_EDGE ( 'NONE', *, *, #1802, .T. ) ;
#4200 = DIRECTION ( 'NONE',  ( 0.0000000000000000000, 3.552713678800500900E-015, 1.000000000000000000 ) ) ;
#4201 = VECTOR ( 'NONE', #3393, 1000.000000000000100 ) ;
#4202 = EDGE_CURVE ( 'NONE', #2025, #1184, #50, .T. ) ;
#4203 = VERTEX_POINT ( 'NONE', #4083 ) ;
#4204 = ADVANCED_FACE ( 'NONE', ( #3913 ), #3709, .F. ) ;
#4205 = LINE ( 'NONE', #2180, #1383 ) ;
#4206 = CARTESIAN_POINT ( 'NONE',  ( 24.30660449748000200, -3.211610916122959100, 0.6086793366165479400 ) ) ;
#4207 = DIRECTION ( 'NONE',  ( -1.000000000000000000, -0.0000000000000000000, -0.0000000000000000000 ) ) ;
#4208 = DIRECTION ( 'NONE',  ( -1.000000000000000000, 0.0000000000000000000, 0.0000000000000000000 ) ) ;
#4209 = AXIS2_PLACEMENT_3D ( 'NONE', #2869, #4177, #2841 ) ;
#4210 = CYLINDRICAL_SURFACE ( 'NONE', #2356, 8.400000000000000400 ) ;
#4211 = CARTESIAN_POINT ( 'NONE',  ( 7.700000000000000200, 4.603762496000000800, -7.026049450000000400 ) ) ;
#4212 = EDGE_CURVE ( 'NONE', #4567, #3343, #2365, .T. ) ;
#4213 = DIRECTION ( 'NONE',  ( 1.000000000000000000, -0.0000000000000000000, -0.0000000000000000000 ) ) ;
#4214 = FACE_OUTER_BOUND ( 'NONE', #2864, .T. ) ;
#4215 = EDGE_CURVE ( 'NONE', #1742, #3595, #3228, .T. ) ;
#4216 = CARTESIAN_POINT ( 'NONE',  ( 20.80000000000000400, 1.185246209000000200, -5.881767713000001200 ) ) ;
#4217 = CIRCLE ( 'NONE', #1553, 8.400000000000000400 ) ;
#4218 = ORIENTED_EDGE ( 'NONE', *, *, #1766, .T. ) ;
#4219 = ORIENTED_EDGE ( 'NONE', *, *, #147, .T. ) ;
#4220 = CARTESIAN_POINT ( 'NONE',  ( 20.79999999975791900, 4.596366021469075100, 0.9815393000879727400 ) ) ;
#4221 = CARTESIAN_POINT ( 'NONE',  ( 12.90000000000000000, 6.495190528000001100, 3.750000000000000400 ) ) ;
#4222 = DIRECTION ( 'NONE',  ( 1.000000000000000000, 0.0000000000000000000, 0.0000000000000000000 ) ) ;
#4223 = ADVANCED_FACE ( 'NONE', ( #4581 ), #784, .F. ) ;
#4224 = EDGE_CURVE ( 'NONE', #1104, #75, #1793, .T. ) ;
#4225 = VERTEX_POINT ( 'NONE', #901 ) ;
#4226 = CARTESIAN_POINT ( 'NONE',  ( 10.30000000000000100, -8.386618560000002300, 0.4739505500000000300 ) ) ;
#4227 = DIRECTION ( 'NONE',  ( -0.0000000000000000000, 0.5000000000325102200, -0.8660254037656688300 ) ) ;
#4228 = CARTESIAN_POINT ( 'NONE',  ( 4.699999999999999300, -4.603762495782620900, -7.026049450376514300 ) ) ;
#4229 = DIRECTION ( 'NONE',  ( 0.0000000000000000000, 0.0000000000000000000, 1.000000000000000000 ) ) ;
#4230 = EDGE_CURVE ( 'NONE', #4048, #3415, #2903, .T. ) ;
#4231 = CARTESIAN_POINT ( 'NONE',  ( 20.80000000000000400, 0.0000000000000000000, 0.0000000000000000000 ) ) ;
#4232 = CARTESIAN_POINT ( 'NONE',  ( 25.81071428600000000, -6.022957638999998600, 0.4254505460000000400 ) ) ;
#4233 = AXIS2_PLACEMENT_3D ( 'NONE', #2202, #3422, #2848 ) ;
#4234 = CYLINDRICAL_SURFACE ( 'NONE', #2408, 8.400000000000000400 ) ;
#4235 = CARTESIAN_POINT ( 'NONE',  ( 26.89999999999999900, -2.304026165000000200, 1.711722495999999900 ) ) ;
#4236 = ORIENTED_EDGE ( 'NONE', *, *, #758, .T. ) ;
#4237 = DIRECTION ( 'NONE',  ( 0.0000000000000000000, 0.0000000000000000000, 1.000000000000000000 ) ) ;
#4238 = CARTESIAN_POINT ( 'NONE',  ( 0.1698041098503803600, -8.086909620849745300, -0.9930616599909019000 ) ) ;
#4239 = EDGE_CURVE ( 'NONE', #597, #1518, #911, .T. ) ;
#4240 = CIRCLE ( 'NONE', #4122, 8.400000000000000400 ) ;
#4241 = ORIENTED_EDGE ( 'NONE', *, *, #4419, .T. ) ;
#4242 = DIRECTION ( 'NONE',  ( 1.000000000000000000, 0.0000000000000000000, 0.0000000000000000000 ) ) ;
#4243 = DIRECTION ( 'NONE',  ( 0.0000000000000000000, 0.8660254037656688300, -0.5000000000325102200 ) ) ;
#4244 = ORIENTED_EDGE ( 'NONE', *, *, #4570, .F. ) ;
#4245 = DIRECTION ( 'NONE',  ( 2.065146995210484400E-016, -1.000000000000000000, 0.0000000000000000000 ) ) ;
#4246 = CARTESIAN_POINT ( 'NONE',  ( 7.699999999999998400, 0.0000000000000000000, 0.0000000000000000000 ) ) ;
#4247 = AXIS2_PLACEMENT_3D ( 'NONE', #3063, #2846, #2538 ) ;
#4248 = ADVANCED_FACE ( 'NONE', ( #4480 ), #669, .T. ) ;
#4249 = LINE ( 'NONE', #3859, #413 ) ;
#4250 = ORIENTED_EDGE ( 'NONE', *, *, #3305, .T. ) ;
#4251 = CARTESIAN_POINT ( 'NONE',  ( 21.78471948252491700, 1.349560553169792700, -4.085077415905185000 ) ) ;
#4252 = EDGE_LOOP ( 'NONE', ( #840, #3006, #97, #1496 ) ) ;
#4253 = ORIENTED_EDGE ( 'NONE', *, *, #1708, .T. ) ;
#4254 = CARTESIAN_POINT ( 'NONE',  ( 26.37392023568372300, 0.3689405009235269300, 2.389157388702701600 ) ) ;
#4255 = B_SPLINE_CURVE_WITH_KNOTS ( 'NONE', 3,
 ( #2039, #2122, #2104, #2024, #2003, #1985, #1970, #1955 ),
 .UNSPECIFIED., .F., .F.,
 ( 4, 2, 2, 4 ),
 ( 0.0000000000000000000, 0.001718385960456753200, 0.003436771920913506400, 0.006873543841827022300 ),
 .UNSPECIFIED. ) ;
#4256 = CARTESIAN_POINT ( 'NONE',  ( 4.200000000000002000, 0.0000000000000000000, 0.0000000000000000000 ) ) ;
#4257 = ORIENTED_EDGE ( 'NONE', *, *, #3632, .T. ) ;
#4258 = EDGE_CURVE ( 'NONE', #2269, #2840, #2661, .T. ) ;
#4259 = CYLINDRICAL_SURFACE ( 'NONE', #3259, 6.000000000000000000 ) ;
#4260 = DIRECTION ( 'NONE',  ( -1.000000000000000000, -2.065146995210484400E-016, -0.0000000000000000000 ) ) ;
#4261 = AXIS2_PLACEMENT_3D ( 'NONE', #4368, #4052, #1929 ) ;
#4262 = DIRECTION ( 'NONE',  ( -1.000000000000000000, 0.0000000000000000000, 0.0000000000000000000 ) ) ;
#4263 = ORIENTED_EDGE ( 'NONE', *, *, #4239, .F. ) ;
#4264 = DIRECTION ( 'NONE',  ( -9.912705577010326800E-017, 1.000000000000000000, 0.0000000000000000000 ) ) ;
#4265 = CARTESIAN_POINT ( 'NONE',  ( 21.77616053587520300, 1.194528138527823000, -5.477559180548829500 ) ) ;
#4266 = DIRECTION ( 'NONE',  ( 0.0000000000000000000, 0.0000000000000000000, -1.000000000000000000 ) ) ;
#4267 = LINE ( 'NONE', #2108, #2297 ) ;
#4268 = DIRECTION ( 'NONE',  ( 0.0000000000000000000, 0.0000000000000000000, -1.000000000000000000 ) ) ;
#4269 = CARTESIAN_POINT ( 'NONE',  ( 26.89999999999999900, -5.994789404000000500, 0.2500000000000000000 ) ) ;
#4270 = DIRECTION ( 'NONE',  ( 0.0000000000000000000, 0.0000000000000000000, -1.000000000000000000 ) ) ;
#4271 = ORIENTED_EDGE ( 'NONE', *, *, #2686, .F. ) ;
#4272 = ADVANCED_FACE ( 'NONE', ( #1675 ), #1674, .F. ) ;
#4273 = DIRECTION ( 'NONE',  ( 1.000000000000000000, 0.0000000000000000000, 0.0000000000000000000 ) ) ;
#4274 = CIRCLE ( 'NONE', #3728, 6.000000000000000000 ) ;
#4275 = CARTESIAN_POINT ( 'NONE',  ( 25.85438030395339800, 0.5194979265954191600, 2.580066440134423500 ) ) ;
#4276 = CARTESIAN_POINT ( 'NONE',  ( 15.20000000000000100, -1.787747271648447500E-015, 0.0000000000000000000 ) ) ;
#4277 = VECTOR ( 'NONE', #2096, 1000.000000000000000 ) ;
#4278 = CARTESIAN_POINT ( 'NONE',  ( 24.69999999999994600, 0.0000000000000000000, 0.0000000000000000000 ) ) ;
#4279 = CARTESIAN_POINT ( 'NONE',  ( 15.19999999999999900, -4.603762495516798800, -7.026049454999999900 ) ) ;
#4280 = CIRCLE ( 'NONE', #1735, 4.700000000000001100 ) ;
#4281 = EDGE_CURVE ( 'NONE', #2403, #3068, #2722, .T. ) ;
#4282 = VERTEX_POINT ( 'NONE', #1298 ) ;
#4283 = CARTESIAN_POINT ( 'NONE',  ( 26.37479858347520400, 2.415980524996943900, 0.1312580832728311400 ) ) ;
#4284 = CARTESIAN_POINT ( 'NONE',  ( 7.699999999999999300, -4.603762495782620000, 7.026049450376514300 ) ) ;
#4285 = CARTESIAN_POINT ( 'NONE',  ( 24.82287172471151100, 0.8795930277394765600, 2.924735101149315200 ) ) ;
#4286 = DIRECTION ( 'NONE',  ( -1.000000000000000000, 0.0000000000000000000, 0.0000000000000000000 ) ) ;
#4287 = EDGE_CURVE ( 'NONE', #2749, #2901, #4371, .T. ) ;
#4288 = PRESENTATION_LAYER_ASSIGNMENT (  '', '', ( #4062 ) ) ;
#4289 = DIRECTION ( 'NONE',  ( -2.891205793294678300E-016, 0.0000000000000000000, -1.000000000000000000 ) ) ;
#4290 = DIRECTION ( 'NONE',  ( 7.930164461608261200E-015, -8.881784197001252300E-016, 1.000000000000000000 ) ) ;
#4291 = ORIENTED_EDGE ( 'NONE', *, *, #449, .F. ) ;
#4292 = CARTESIAN_POINT ( 'NONE',  ( 20.80000000000000400, 4.997133466999999400, -3.320942202999999500 ) ) ;
#4293 = ADVANCED_FACE ( 'NONE', ( #2541 ), #2971, .T. ) ;
#4294 = CIRCLE ( 'NONE', #3619, 8.400000000000000400 ) ;
#4295 = VERTEX_POINT ( 'NONE', #3155 ) ;
#4296 = CARTESIAN_POINT ( 'NONE',  ( 22.76936971436861900, -1.604682267979294300, 4.945937684492504300 ) ) ;
#4297 = VERTEX_POINT ( 'NONE', #2442 ) ;
#4298 = AXIS2_PLACEMENT_3D ( 'NONE', #3892, #3679, #3849 ) ;
#4299 = PLANE ( 'NONE',  #1081 ) ;
#4300 = CARTESIAN_POINT ( 'NONE',  ( 26.89999999999992400, 0.0000000000000000000, 0.0000000000000000000 ) ) ;
#4301 = DIRECTION ( 'NONE',  ( 0.0000000000000000000, 0.0000000000000000000, -1.000000000000000000 ) ) ;
#4302 = EDGE_LOOP ( 'NONE', ( #813, #360, #19, #583, #2385, #2933, #3199, #4131, #4349, #4507, #47, #100 ) ) ;
#4303 = VERTEX_POINT ( 'NONE', #223 ) ;
#4304 = CONICAL_SURFACE ( 'NONE', #4209, 2.572555490999999300, 0.3889568801763032000 ) ;
#4305 = CARTESIAN_POINT ( 'NONE',  ( 21.78471948243796100, -1.349560553143780200, 4.085077415952032000 ) ) ;
#4306 = DIRECTION ( 'NONE',  ( 1.000000000000000000, -0.0000000000000000000, -0.0000000000000000000 ) ) ;
#4307 = CARTESIAN_POINT ( 'NONE',  ( 26.89999999999999900, 2.162895058999999800, 0.2500000000000000000 ) ) ;
#4308 = DIRECTION ( 'NONE',  ( 1.000000000000000000, 0.0000000000000000000, 0.0000000000000000000 ) ) ;
#4309 = AXIS2_PLACEMENT_3D ( 'NONE', #2469, #239, #2857 ) ;
#4310 = VERTEX_POINT ( 'NONE', #2837 ) ;
#4311 = PRESENTATION_STYLE_ASSIGNMENT (( #663 ) ) ;
#4312 = CARTESIAN_POINT ( 'NONE',  ( 24.80512507997464400, -4.205017535664900700, 1.165529089349428600 ) ) ;
#4313 = ORIENTED_EDGE ( 'NONE', *, *, #998, .F. ) ;
#4314 = DIRECTION ( 'NONE',  ( 0.0000000000000000000, -1.776356839400250500E-015, 1.000000000000000000 ) ) ;
#4315 = VERTEX_POINT ( 'NONE', #3186 ) ;
#4316 = DIRECTION ( 'NONE',  ( 0.0000000000000000000, -1.000000000000000000, 0.0000000000000000000 ) ) ;
#4317 = CARTESIAN_POINT ( 'NONE',  ( 4.699999999999925600, 0.0000000000000000000, 0.0000000000000000000 ) ) ;
#4318 = CIRCLE ( 'NONE', #822, 6.000000000000000000 ) ;
#4319 = ADVANCED_FACE ( 'NONE', ( #550 ), #433, .T. ) ;
#4320 = CARTESIAN_POINT ( 'NONE',  ( 20.80000000006439400, 3.725477302110487400, 4.703277460573945100 ) ) ;
#4321 = EDGE_CURVE ( 'NONE', #4500, #4397, #1451, .T. ) ;
#4322 = AXIS2_PLACEMENT_3D ( 'NONE', #1525, #4022, #1904 ) ;
#4323 = CARTESIAN_POINT ( 'NONE',  ( 25.81071428600000000, 2.191063293999999700, 0.006300255000000001100 ) ) ;
#4324 = FACE_OUTER_BOUND ( 'NONE', #800, .T. ) ;
#4325 = CARTESIAN_POINT ( 'NONE',  ( 17.39999999999999900, 4.102566777143632800E-016, -3.349999999999999600 ) ) ;
#4326 = CONICAL_SURFACE ( 'NONE', #2911, 2.200000000000000200, 0.3889568801790071500 ) ;
#4327 = DIRECTION ( 'NONE',  ( 1.000000000000000000, -0.0000000000000000000, -0.0000000000000000000 ) ) ;
#4328 = CONICAL_SURFACE ( 'NONE', #3352, 3.500000000000000000, 0.3889568801790071500 ) ;
#4329 = ORIENTED_EDGE ( 'NONE', *, *, #2494, .T. ) ;
#4330 = ORIENTED_EDGE ( 'NONE', *, *, #4215, .T. ) ;
#4331 = AXIS2_PLACEMENT_3D ( 'NONE', #1678, #1748, #1757 ) ;
#4332 = CARTESIAN_POINT ( 'NONE',  ( 0.4397459618446960500, -8.386618560172431500, -0.4739505497013434800 ) ) ;
#4333 = CARTESIAN_POINT ( 'NONE',  ( 24.72142857099999700, 2.164296997000000600, -0.2375574500000000600 ) ) ;
#4334 = DIRECTION ( 'NONE',  ( 1.000000000000000000, -0.0000000000000000000, -0.0000000000000000000 ) ) ;
#4335 = EDGE_LOOP ( 'NONE', ( #3342, #2148, #659, #1618 ) ) ;
#4336 = ADVANCED_FACE ( 'NONE', ( #3490 ), #3867, .T. ) ;
#4337 = EDGE_CURVE ( 'NONE', #2522, #201, #1559, .T. ) ;
#4338 = CARTESIAN_POINT ( 'NONE',  ( 10.30000000000000100, -4.603762496000000800, -7.026049450000000400 ) ) ;
#4339 = ORIENTED_EDGE ( 'NONE', *, *, #1064, .F. ) ;
#4340 = EDGE_CURVE ( 'NONE', #2682, #2073, #2419, .T. ) ;
#4341 = CARTESIAN_POINT ( 'NONE',  ( 26.89999999999999900, 0.0000000000000000000, 0.0000000000000000000 ) ) ;
#4342 = CYLINDRICAL_SURFACE ( 'NONE', #1672, 3.750000000000000000 ) ;
#4343 = CARTESIAN_POINT ( 'NONE',  ( 24.69999999999994600, 0.0000000000000000000, 0.0000000000000000000 ) ) ;
#4344 = ORIENTED_EDGE ( 'NONE', *, *, #4039, .F. ) ;
#4345 = EDGE_CURVE ( 'NONE', #1128, #3001, #4267, .T. ) ;
#4346 = CARTESIAN_POINT ( 'NONE',  ( 23.63214285699999500, 2.137530701000001100, -0.4814151560000001200 ) ) ;
#4347 = CARTESIAN_POINT ( 'NONE',  ( 26.89999999999992400, 0.0000000000000000000, 0.0000000000000000000 ) ) ;
#4348 = LINE ( 'NONE', #193, #514 ) ;
#4349 = ORIENTED_EDGE ( 'NONE', *, *, #568, .F. ) ;
#4350 = ORIENTED_EDGE ( 'NONE', *, *, #1522, .T. ) ;
#4351 = DIRECTION ( 'NONE',  ( 0.0000000000000000000, 0.8660254037656688300, -0.5000000000325102200 ) ) ;
#4352 = AXIS2_PLACEMENT_3D ( 'NONE', #36, #94, #63 ) ;
#4353 = CARTESIAN_POINT ( 'NONE',  ( 7.699999999999999300, -3.782856063937774400, -7.500000000000000000 ) ) ;
#4354 = VECTOR ( 'NONE', #3816, 1000.000000000000100 ) ;
#4355 = DIRECTION ( 'NONE',  ( -1.000000000000000000, 0.0000000000000000000, 0.0000000000000000000 ) ) ;
#4356 = ADVANCED_FACE ( 'NONE', ( #1330 ), #1303, .T. ) ;
#4357 = ORIENTED_EDGE ( 'NONE', *, *, #821, .F. ) ;
#4358 = CARTESIAN_POINT ( 'NONE',  ( -0.4999999994808042000, 0.0000000000000000000, -7.460254038519194900 ) ) ;
#4359 = TOROIDAL_SURFACE ( 'NONE', #2859, 3.300000000019893200, 3.699999999798679400 ) ;
#4360 = ORIENTED_EDGE ( 'NONE', *, *, #1763, .F. ) ;
#4361 = DIRECTION ( 'NONE',  ( 0.0000000000000000000, 0.0000000000000000000, 1.000000000000000000 ) ) ;
#4362 = DIRECTION ( 'NONE',  ( 0.0000000000000000000, 8.881784197001252300E-016, 1.000000000000000000 ) ) ;
#4363 = ORIENTED_EDGE ( 'NONE', *, *, #2576, .F. ) ;
#4364 = CIRCLE ( 'NONE', #1790, 8.400000000000000400 ) ;
#4365 = DIRECTION ( 'NONE',  ( -1.000000000000000000, 0.0000000000000000000, 0.0000000000000000000 ) ) ;
#4366 = AXIS2_PLACEMENT_3D ( 'NONE', #3164, #3179, #3192 ) ;
#4367 = CARTESIAN_POINT ( 'NONE',  ( 26.90000000000003400, 0.0000000000000000000, 0.0000000000000000000 ) ) ;
#4368 = CARTESIAN_POINT ( 'NONE',  ( 6.700000000000000200, -8.855000000000002200, 8.855000000000002200 ) ) ;
#4369 = CARTESIAN_POINT ( 'NONE',  ( 26.89999999999999900, 0.0000000000000000000, 0.0000000000000000000 ) ) ;
#4370 = CARTESIAN_POINT ( 'NONE',  ( 26.89999999999961800, -3.491060010940426000, -0.2499999999999398800 ) ) ;
#4371 = CIRCLE ( 'NONE', #2818, 7.460254038519194900 ) ;
#4372 = CARTESIAN_POINT ( 'NONE',  ( -0.05486263476997008800, -7.781254137840837100, -1.522472486183344100 ) ) ;
#4373 = ORIENTED_EDGE ( 'NONE', *, *, #52, .T. ) ;
#4374 = CIRCLE ( 'NONE', #3276, 3.500000000000031100 ) ;
#4375 = CIRCLE ( 'NONE', #2957, 4.699999999999984200 ) ;
#4376 = ADVANCED_FACE ( 'NONE', ( #3172 ), #1236, .T. ) ;
#4377 = AXIS2_PLACEMENT_3D ( 'NONE', #2215, #2185, #2136 ) ;
#4378 = DIRECTION ( 'NONE',  ( 0.0000000000000000000, 0.0000000000000000000, 1.000000000000000000 ) ) ;
#4379 = LINE ( 'NONE', #2518, #3502 ) ;
#4380 = ORIENTED_EDGE ( 'NONE', *, *, #1875, .T. ) ;
#4381 = DIRECTION ( 'NONE',  ( 1.000000000000000000, 0.0000000000000000000, 0.0000000000000000000 ) ) ;
#4382 = EDGE_CURVE ( 'NONE', #2901, #3253, #2193, .T. ) ;
#4383 = AXIS2_PLACEMENT_3D ( 'NONE', #3638, #3622, #3609 ) ;
#4384 = DIRECTION ( 'NONE',  ( 0.0000000000000000000, 0.0000000000000000000, 1.000000000000000000 ) ) ;
#4385 = ORIENTED_EDGE ( 'NONE', *, *, #814, .T. ) ;
#4386 = FACE_OUTER_BOUND ( 'NONE', #3399, .T. ) ;
#4387 = DIRECTION ( 'NONE',  ( 9.179578393710604700E-015, 0.0000000000000000000, -1.000000000000000000 ) ) ;
#4388 = CARTESIAN_POINT ( 'NONE',  ( 26.89999999999999900, 0.0000000000000000000, 0.0000000000000000000 ) ) ;
#4389 = CIRCLE ( 'NONE', #3145, 4.699999999999984200 ) ;
#4390 = ORIENTED_EDGE ( 'NONE', *, *, #2605, .F. ) ;
#4391 = DIRECTION ( 'NONE',  ( 0.0000000000000000000, -1.000000000000000000, 0.0000000000000000000 ) ) ;
#4392 = EDGE_CURVE ( 'NONE', #60, #1596, #3279, .T. ) ;
#4393 = ORIENTED_EDGE ( 'NONE', *, *, #4239, .T. ) ;
#4394 = ADVANCED_FACE ( 'NONE', ( #213 ), #3858, .T. ) ;
#4395 = DIRECTION ( 'NONE',  ( 0.0000000000000000000, 0.0000000000000000000, -1.000000000000000000 ) ) ;
#4396 = EDGE_LOOP ( 'NONE', ( #190, #30, #3409, #3320, #2701, #2521, #3651, #2463, #824, #4614, #1302, #1595, #2380 ) ) ;
#4397 = VERTEX_POINT ( 'NONE', #4595 ) ;
#4398 = CARTESIAN_POINT ( 'NONE',  ( 22.54285714300000300, 2.057172047000000800, -0.7132027779999999800 ) ) ;
#4399 = CIRCLE ( 'NONE', #342, 3.699999999798679900 ) ;
#4400 = CARTESIAN_POINT ( 'NONE',  ( 21.77845964118936800, -2.594365240171082800, -4.969933368837823600 ) ) ;
#4401 = CARTESIAN_POINT ( 'NONE',  ( 21.67319148900000100, -2.871420063999999600, -5.295872144000000500 ) ) ;
#4402 = ORIENTED_EDGE ( 'NONE', *, *, #11, .T. ) ;
#4403 = COLOUR_RGB ( '',0.7921568627450980000, 0.8196078431372548800, 0.9333333333333333500 ) ;
#4404 = AXIS2_PLACEMENT_3D ( 'NONE', #1481, #3981, #1866 ) ;
#4405 = DIRECTION ( 'NONE',  ( -5.808225924029487500E-017, 1.065814103640150300E-014, -1.000000000000000000 ) ) ;
#4406 = AXIS2_PLACEMENT_3D ( 'NONE', #302, #325, #384 ) ;
#4407 = EDGE_LOOP ( 'NONE', ( #1419, #1295, #455, #1642 ) ) ;
#4408 = CARTESIAN_POINT ( 'NONE',  ( 22.77975589651818900, 3.718875899524256600, 1.184377631530782600 ) ) ;
#4409 = PLANE ( 'NONE',  #462 ) ;
#4410 = DIRECTION ( 'NONE',  ( -1.000000000000000000, -0.0000000000000000000, -0.0000000000000000000 ) ) ;
#4411 = DIRECTION ( 'NONE',  ( 0.0000000000000000000, 0.0000000000000000000, 1.000000000000000000 ) ) ;
#4412 = EDGE_CURVE ( 'NONE', #2368, #2995, #2755, .T. ) ;
#4413 = ORIENTED_EDGE ( 'NONE', *, *, #369, .F. ) ;
#4414 = CARTESIAN_POINT ( 'NONE',  ( 24.39884126834357800, -1.286845766346076400, -7.499999999709299200 ) ) ;
#4415 = ADVANCED_FACE ( 'NONE', ( #1097 ), #1953, .F. ) ;
#4416 = LINE ( 'NONE', #774, #839 ) ;
#4417 = CARTESIAN_POINT ( 'NONE',  ( 4.699999999999999300, 8.386618560172431500, -0.4739505497013439300 ) ) ;
#4418 = FACE_OUTER_BOUND ( 'NONE', #3042, .T. ) ;
#4419 = EDGE_CURVE ( 'NONE', #3469, #1930, #3079, .T. ) ;
#4420 = DIRECTION ( 'NONE',  ( 0.0000000000000000000, 0.0000000000000000000, 1.000000000000000000 ) ) ;
#4421 = DIRECTION ( 'NONE',  ( 0.0000000000000000000, 0.0000000000000000000, 1.000000000000000000 ) ) ;
#4422 = LINE ( 'NONE', #1075, #2361 ) ;
#4423 = CARTESIAN_POINT ( 'NONE',  ( 21.67319148900000100, 1.993015178000000100, -0.8982577479999999100 ) ) ;
#4424 = CARTESIAN_POINT ( 'NONE',  ( 21.28699032815036300, -2.952836656876706400, -5.002124336635668900 ) ) ;
#4425 = ORIENTED_EDGE ( 'NONE', *, *, #2062, .F. ) ;
#4426 = CARTESIAN_POINT ( 'NONE',  ( 26.89999999999999900, -3.541999999999999800, -3.541999999999999800 ) ) ;
#4427 = ORIENTED_EDGE ( 'NONE', *, *, #259, .T. ) ;
#4428 = CARTESIAN_POINT ( 'NONE',  ( 20.80000000000158500, -3.320942202658779600, -4.997133466974295500 ) ) ;
#4429 = AXIS2_PLACEMENT_3D ( 'NONE', #2143, #2128, #2112 ) ;
#4430 = VERTEX_POINT ( 'NONE', #2961 ) ;
#4431 = DIRECTION ( 'NONE',  ( 0.0000000000000000000, 0.0000000000000000000, 1.000000000000000000 ) ) ;
#4432 = CARTESIAN_POINT ( 'NONE',  ( 0.4397459618042095500, 4.603762495782620900, 7.026049450376514300 ) ) ;
#4433 = CARTESIAN_POINT ( 'NONE',  ( -0.4602540379999997000, 9.184850993723149700E-016, 7.500000000000000000 ) ) ;
#4434 = ORIENTED_EDGE ( 'NONE', *, *, #4172, .F. ) ;
#4435 = CARTESIAN_POINT ( 'NONE',  ( 26.89999999999999900, -3.250318500736431500, 0.5779223076514971000 ) ) ;
#4436 = ADVANCED_FACE ( 'NONE', ( #2958 ), #4629, .F. ) ;
#4437 = EDGE_CURVE ( 'NONE', #2579, #1500, #3112, .T. ) ;
#4438 = CARTESIAN_POINT ( 'NONE',  ( 26.89999999999999900, -2.707400305999999800, -3.060953696500000400 ) ) ;
#4439 = DIRECTION ( 'NONE',  ( -1.000000000000000000, 0.0000000000000000000, 0.0000000000000000000 ) ) ;
#4440 = CARTESIAN_POINT ( 'NONE',  ( 22.77514619316740900, -1.902698839688442600, -4.837709069104621000 ) ) ;
#4441 = CARTESIAN_POINT ( 'NONE',  ( 21.78082501724907200, 4.227762777394055100, 0.8970388415608588900 ) ) ;
#4442 = ADVANCED_FACE ( 'NONE', ( #1201 ), #2078, .T. ) ;
#4443 = VERTEX_POINT ( 'NONE', #1495 ) ;
#4444 = CARTESIAN_POINT ( 'NONE',  ( 23.27787460241065900, -1.572930754105897400, -4.737001241718932200 ) ) ;
#4445 = CARTESIAN_POINT ( 'NONE',  ( 26.89999999999999900, 2.881771120781310400, 1.608217700071388600 ) ) ;
#4446 = EDGE_CURVE ( 'NONE', #4521, #629, #3053, .T. ) ;
#4447 = FACE_OUTER_BOUND ( 'NONE', #1584, .T. ) ;
#4448 = ORIENTED_EDGE ( 'NONE', *, *, #219, .T. ) ;
#4449 = ORIENTED_EDGE ( 'NONE', *, *, #3348, .T. ) ;
#4450 = CARTESIAN_POINT ( 'NONE',  ( 26.90000000000001600, 2.185749299396730900, 0.2500000003733398000 ) ) ;
#4451 = DIRECTION ( 'NONE',  ( 0.0000000000000000000, 1.000000000000000000, -1.224646799147353200E-016 ) ) ;
#4452 = EDGE_CURVE ( 'NONE', #4078, #3139, #99, .T. ) ;
#4453 =( GEOMETRIC_REPRESENTATION_CONTEXT ( 3 ) GLOBAL_UNCERTAINTY_ASSIGNED_CONTEXT ( ( #3586 ) ) GLOBAL_UNIT_ASSIGNED_CONTEXT ( ( #215, #575, #3181 ) ) REPRESENTATION_CONTEXT ( 'NONE', 'WORKASPACE' ) );
#4454 = CARTESIAN_POINT ( 'NONE',  ( 26.89999999999999900, -2.557420870860015700, 2.085989484186484300 ) ) ;
#4455 = DIRECTION ( 'NONE',  ( -1.000000000000000000, -0.0000000000000000000, -0.0000000000000000000 ) ) ;
#4456 = CARTESIAN_POINT ( 'NONE',  ( 20.80000000000000400, 0.0000000000000000000, 0.0000000000000000000 ) ) ;
#4457 = CARTESIAN_POINT ( 'NONE',  ( 24.29774747462462200, -0.9582553652233957200, -4.472461926576391600 ) ) ;
#4458 = AXIS2_PLACEMENT_3D ( 'NONE', #751, #398, #412 ) ;
#4459 = ORIENTED_EDGE ( 'NONE', *, *, #3498, .F. ) ;
#4460 = FACE_OUTER_BOUND ( 'NONE', #21, .T. ) ;
#4461 = ORIENTED_EDGE ( 'NONE', *, *, #4115, .T. ) ;
#4462 = CARTESIAN_POINT ( 'NONE',  ( 24.81101423711290400, -0.6733621792498966100, -4.310115148231651500 ) ) ;
#4463 = ADVANCED_FACE ( 'NONE', ( #968 ), #2718, .T. ) ;
#4464 = EDGE_CURVE ( 'NONE', #1759, #4053, #2844, .T. ) ;
#4465 = CARTESIAN_POINT ( 'NONE',  ( 7.699999999999998400, -6.000000000000000000, 7.347880794884119700E-016 ) ) ;
#4466 = CARTESIAN_POINT ( 'NONE',  ( 26.89999999999999900, 3.214866498062150400, -0.7455217033444671000 ) ) ;
#4467 = CARTESIAN_POINT ( 'NONE',  ( 26.89999999999999900, 1.372001863683960200, 3.001424408035586300 ) ) ;
#4468 = PRODUCT_DEFINITION_SHAPE ( 'NONE', 'NONE',  #2027 ) ;
#4469 = EDGE_LOOP ( 'NONE', ( #3582, #2979, #2691, #2110, #1888 ) ) ;
#4470 = CARTESIAN_POINT ( 'NONE',  ( 26.90000000000001600, -1.722334846999037200, 1.368781456191152700 ) ) ;
#4471 = FACE_BOUND ( 'NONE', #1838, .T. ) ;
#4472 = ADVANCED_FACE ( 'NONE', ( #3963 ), #1889, .T. ) ;
#4473 = CARTESIAN_POINT ( 'NONE',  ( 19.86766081150000200, 3.782856064000000200, -7.500000000000000000 ) ) ;
#4474 = AXIS2_PLACEMENT_3D ( 'NONE', #3246, #3578, #2031 ) ;
#4475 = CARTESIAN_POINT ( 'NONE',  ( 26.89999999999999900, -1.608787562924351300, 2.882130190059469600 ) ) ;
#4476 = CARTESIAN_POINT ( 'NONE',  ( 28.39459064000000100, 0.0000000000000000000, 0.0000000000000000000 ) ) ;
#4477 = DIRECTION ( 'NONE',  ( -1.000000000000000000, 0.0000000000000000000, 0.0000000000000000000 ) ) ;
#4478 = CARTESIAN_POINT ( 'NONE',  ( 25.84607949028436700, -0.1657440381551424600, -3.935375146103750900 ) ) ;
#4479 = CARTESIAN_POINT ( 'NONE',  ( 0.0000000000000000000, 0.0000000000000000000, 0.0000000000000000000 ) ) ;
#4480 = FACE_OUTER_BOUND ( 'NONE', #2386, .T. ) ;
#4481 = CARTESIAN_POINT ( 'NONE',  ( 26.36887822936997900, 0.05820855285876692900, -3.723024760356844700 ) ) ;
#4482 = CARTESIAN_POINT ( 'NONE',  ( 26.89999999999999900, 2.506898965430985000, -2.146085706614892600 ) ) ;
#4483 = LINE ( 'NONE', #1369, #2666 ) ;
#4484 = EDGE_CURVE ( 'NONE', #1533, #3313, #1858, .T. ) ;
#4485 = DIRECTION ( 'NONE',  ( 0.0000000000000000000, 0.0000000000000000000, 1.000000000000000000 ) ) ;
#4486 = VECTOR ( 'NONE', #2111, 1000.000000000000000 ) ;
#4487 = AXIS2_PLACEMENT_3D ( 'NONE', #1573, #4065, #1942 ) ;
#4488 = DIRECTION ( 'NONE',  ( 0.0000000000000000000, 0.0000000000000000000, 1.000000000000000000 ) ) ;
#4489 = CARTESIAN_POINT ( 'NONE',  ( 26.90000000000000600, -0.3144597916843302500, 3.300000000382514300 ) ) ;
#4490 = CIRCLE ( 'NONE', #4406, 6.000000000000000000 ) ;
#4491 = ORIENTED_EDGE ( 'NONE', *, *, #4106, .F. ) ;
#4492 = DIRECTION ( 'NONE',  ( -1.000000000000000000, 0.0000000000000000000, 0.0000000000000000000 ) ) ;
#4493 = CARTESIAN_POINT ( 'NONE',  ( 26.89999999993676400, 0.2499999999771642700, -3.491060010969853500 ) ) ;
#4494 = PLANE ( 'NONE',  #4530 ) ;
#4495 = CARTESIAN_POINT ( 'NONE',  ( 20.80000000000000400, 7.347880794884119700E-016, -6.000000000000000000 ) ) ;
#4496 = ADVANCED_FACE ( 'NONE', ( #1732 ), #757, .T. ) ;
#4497 = CARTESIAN_POINT ( 'NONE',  ( 26.37479858359389000, -1.801169693041729100, 1.615542731764519500 ) ) ;
#4498 = CARTESIAN_POINT ( 'NONE',  ( 26.90000000000000600, 1.493016552742785400, -2.942966535001745800 ) ) ;
#4499 = AXIS2_PLACEMENT_3D ( 'NONE', #1117, #1112, #1089 ) ;
#4500 = VERTEX_POINT ( 'NONE', #2643 ) ;
#4501 = DIRECTION ( 'NONE',  ( -1.000000000000000000, 0.0000000000000000000, 0.0000000000000000000 ) ) ;
#4502 = LINE ( 'NONE', #1059, #1700 ) ;
#4503 = CARTESIAN_POINT ( 'NONE',  ( 26.89999999999999900, -1.146257870876486100, -3.097021439439847900 ) ) ;
#4504 = CARTESIAN_POINT ( 'NONE',  ( 22.54285714300000300, 5.575812022000000000, 2.215924254000000400 ) ) ;
#4505 = EDGE_CURVE ( 'NONE', #2368, #2633, #4416, .T. ) ;
#4506 = VECTOR ( 'NONE', #2902, 1000.000000000000000 ) ;
#4507 = ORIENTED_EDGE ( 'NONE', *, *, #3286, .T. ) ;
#4508 = EDGE_LOOP ( 'NONE', ( #3485, #1379, #1492, #2594, #1726, #4524, #959, #1090, #1194, #3281, #721 ) ) ;
#4509 = DIRECTION ( 'NONE',  ( 0.0000000000000000000, 8.881784197001252300E-016, 1.000000000000000000 ) ) ;
#4510 = CARTESIAN_POINT ( 'NONE',  ( 21.67319148900000100, 5.038406497000001300, -3.302389274999999900 ) ) ;
#4511 = VERTEX_POINT ( 'NONE', #3015 ) ;
#4512 = EDGE_CURVE ( 'NONE', #3938, #2437, #3660, .T. ) ;
#4513 = MECHANICAL_DESIGN_GEOMETRIC_PRESENTATION_REPRESENTATION (  '', ( #4062 ), #93 ) ;
#4514 = CARTESIAN_POINT ( 'NONE',  ( 20.80000000000000400, 1.896861941999999900, -1.068891860999999600 ) ) ;
#4515 = VECTOR ( 'NONE', #865, 1000.000000000000000 ) ;
#4516 = CARTESIAN_POINT ( 'NONE',  ( 20.80000000000000400, 0.0000000000000000000, 0.0000000000000000000 ) ) ;
#4517 = ADVANCED_FACE ( 'NONE', ( #3553, #726 ), #1162, .T. ) ;
#4518 = CARTESIAN_POINT ( 'NONE',  ( 26.89999999999999900, -2.072503036417224600, -2.570645494282089300 ) ) ;
#4519 = ORIENTED_EDGE ( 'NONE', *, *, #92, .T. ) ;
#4520 = CIRCLE ( 'NONE', #2514, 3.500000000000031100 ) ;
#4521 = VERTEX_POINT ( 'NONE', #49 ) ;
#4522 = DIRECTION ( 'NONE',  ( 0.0000000000000000000, 0.0000000000000000000, 1.000000000000000000 ) ) ;
#4523 = DIRECTION ( 'NONE',  ( 0.0000000000000000000, 0.0000000000000000000, 1.000000000000000000 ) ) ;
#4524 = ORIENTED_EDGE ( 'NONE', *, *, #1547, .F. ) ;
#4525 = CARTESIAN_POINT ( 'NONE',  ( 7.699999999999999300, 4.603762495782620000, -7.026049450376514300 ) ) ;
#4526 = CARTESIAN_POINT ( 'NONE',  ( 4.699999999999999300, 3.782856063937775300, 7.499999999999999100 ) ) ;
#4527 =( LENGTH_UNIT ( ) NAMED_UNIT ( * ) SI_UNIT ( .MILLI., .METRE. ) );
#4528 = CARTESIAN_POINT ( 'NONE',  ( 10.30000000000000100, 4.603762496000000800, 7.026049450000000400 ) ) ;
#4529 = CARTESIAN_POINT ( 'NONE',  ( 26.89999999999999900, -2.974445131477232000, -1.435459763969572500 ) ) ;
#4530 = AXIS2_PLACEMENT_3D ( 'NONE', #1347, #976, #3540 ) ;
#4531 = VECTOR ( 'NONE', #2244, 1000.000000000000000 ) ;
#4532 = CARTESIAN_POINT ( 'NONE',  ( 26.89999999999999900, 4.415732935000000300, -4.062179543999999300 ) ) ;
#4533 = ORIENTED_EDGE ( 'NONE', *, *, #2881, .T. ) ;
#4534 = ORIENTED_EDGE ( 'NONE', *, *, #4059, .F. ) ;
#4535 = VERTEX_POINT ( 'NONE', #415 ) ;
#4536 = FACE_OUTER_BOUND ( 'NONE', #3238, .T. ) ;
#4537 = CARTESIAN_POINT ( 'NONE',  ( 26.89999999999999900, 3.060953696500000400, -2.707400305999999800 ) ) ;
#4538 = CARTESIAN_POINT ( 'NONE',  ( 26.89999999999999900, -2.304026165000000200, -3.501672361999999900 ) ) ;
#4539 = ADVANCED_FACE ( 'NONE', ( #4324 ), #2479, .F. ) ;
#4540 = CARTESIAN_POINT ( 'NONE',  ( 21.29082889250071300, -1.182424066379381900, 4.347772809821996100 ) ) ;
#4541 = CYLINDRICAL_SURFACE ( 'NONE', #2898, 8.400000000000000400 ) ;
#4542 = ORIENTED_EDGE ( 'NONE', *, *, #3568, .F. ) ;
#4543 = EDGE_CURVE ( 'NONE', #3415, #2853, #3429, .T. ) ;
#4544 = AXIS2_PLACEMENT_3D ( 'NONE', #2232, #2629, #393 ) ;
#4545 = DIRECTION ( 'NONE',  ( -1.000000000000000000, 0.0000000000000000000, 0.0000000000000000000 ) ) ;
#4546 = CARTESIAN_POINT ( 'NONE',  ( 23.28937044960408200, -3.519515846474823700, 1.091934820440971300 ) ) ;
#4547 = ORIENTED_EDGE ( 'NONE', *, *, #2390, .F. ) ;
#4548 = DIRECTION ( 'NONE',  ( -0.0000000000000000000, -0.8090702002351836100, 0.5877120137375104700 ) ) ;
#4549 = CARTESIAN_POINT ( 'NONE',  ( 0.0000000000000000000, 0.0000000000000000000, 3.750000000000000000 ) ) ;
#4550 = DIRECTION ( 'NONE',  ( 1.000000000000000000, 0.0000000000000000000, 0.0000000000000000000 ) ) ;
#4551 = CARTESIAN_POINT ( 'NONE',  ( 26.36887822947519700, -3.723024760309477300, -0.05820855290260975500 ) ) ;
#4552 = CYLINDRICAL_SURFACE ( 'NONE', #4182, 6.000000000000000000 ) ;
#4553 = AXIS2_PLACEMENT_3D ( 'NONE', #1270, #1536, #1567 ) ;
#4554 = ORIENTED_EDGE ( 'NONE', *, *, #3736, .T. ) ;
#4555 = ADVANCED_FACE ( 'NONE', ( #610 ), #4210, .T. ) ;
#4556 = FACE_BOUND ( 'NONE', #1204, .T. ) ;
#4557 = ORIENTED_EDGE ( 'NONE', *, *, #1547, .T. ) ;
#4558 = CARTESIAN_POINT ( 'NONE',  ( 25.81071428600000000, 1.553770665999999700, -1.544860759999999500 ) ) ;
#4559 = ORIENTED_EDGE ( 'NONE', *, *, #4176, .F. ) ;
#4560 = EDGE_CURVE ( 'NONE', #3001, #1983, #1498, .T. ) ;
#4561 = CARTESIAN_POINT ( 'NONE',  ( 20.80000000000000400, -0.6914091210000000700, 5.960029650000000100 ) ) ;
#4562 = EDGE_CURVE ( 'NONE', #4021, #3826, #481, .T. ) ;
#4563 = CARTESIAN_POINT ( 'NONE',  ( 20.80000000006439400, 4.703277460191889000, -3.725477302592818500 ) ) ;
#4564 = B_SPLINE_CURVE_WITH_KNOTS ( 'NONE', 3,
 ( #1764, #2321, #1736, #1724, #1706, #1692, #1673, #1651, #1634, #1617 ),
 .UNSPECIFIED., .F., .F.,
 ( 4, 2, 2, 2, 4 ),
 ( 5.975399010100284600E-013, 0.001751156721362880900, 0.003502313442128222900, 0.005253470162893565500, 0.007004626883658908100 ),
 .UNSPECIFIED. ) ;
#4565 = CARTESIAN_POINT ( 'NONE',  ( 25.84607949037069800, -3.935375146070494900, 0.1657440381156068400 ) ) ;
#4566 = DIRECTION ( 'NONE',  ( -0.0000000000000000000, 0.0000000000000000000, 1.000000000000000000 ) ) ;
#4567 = VERTEX_POINT ( 'NONE', #3733 ) ;
#4568 = FACE_OUTER_BOUND ( 'NONE', #80, .T. ) ;
#4569 = ORIENTED_EDGE ( 'NONE', *, *, #2820, .T. ) ;
#4570 = EDGE_CURVE ( 'NONE', #3474, #3256, #1608, .T. ) ;
#4571 = CARTESIAN_POINT ( 'NONE',  ( 23.63214285699999500, -5.777277863000000100, 1.755017772000000200 ) ) ;
#4572 = EDGE_LOOP ( 'NONE', ( #4360, #4461, #4569, #3411 ) ) ;
#4573 = CYLINDRICAL_SURFACE ( 'NONE', #4233, 5.500000000000000000 ) ;
#4574 = CARTESIAN_POINT ( 'NONE',  ( 23.63214285699999500, -2.390832478000000100, 5.544451907000000000 ) ) ;
#4575 = CARTESIAN_POINT ( 'NONE',  ( 24.19266915177953700, 5.222963433862323900, 5.953561965891222700 ) ) ;
#4576 = DIRECTION ( 'NONE',  ( -1.000000000000000000, 0.0000000000000000000, 0.0000000000000000000 ) ) ;
#4577 = ADVANCED_FACE ( 'NONE', ( #2599 ), #2916, .T. ) ;
#4578 = DIRECTION ( 'NONE',  ( 0.0000000000000000000, 0.0000000000000000000, 1.000000000000000000 ) ) ;
#4579 = CARTESIAN_POINT ( 'NONE',  ( 24.81101423716034300, -4.310115148216467200, 0.6733621792238218000 ) ) ;
#4580 = EDGE_CURVE ( 'NONE', #2662, #121, #4101, .T. ) ;
#4581 = FACE_OUTER_BOUND ( 'NONE', #470, .T. ) ;
#4582 = CIRCLE ( 'NONE', #2540, 5.500000000000000000 ) ;
#4583 = CARTESIAN_POINT ( 'NONE',  ( 22.54285714300000300, -1.743982588000000400, 5.740951552999999500 ) ) ;
#4584 = DIRECTION ( 'NONE',  ( 1.000000000000000000, -0.0000000000000000000, -0.0000000000000000000 ) ) ;
#4585 = CARTESIAN_POINT ( 'NONE',  ( 25.81071428600000000, -2.134726823999999900, 0.4936997450000000800 ) ) ;
#4586 = CARTESIAN_POINT ( 'NONE',  ( 20.80000000000000400, 0.0000000000000000000, 0.0000000000000000000 ) ) ;
#4587 = FACE_OUTER_BOUND ( 'NONE', #2286, .T. ) ;
#4588 = AXIS2_PLACEMENT_3D ( 'NONE', #3301, #3315, #3329 ) ;
#4589 = ORIENTED_EDGE ( 'NONE', *, *, #3740, .F. ) ;
#4590 = CARTESIAN_POINT ( 'NONE',  ( 4.699999999999999300, 1.374695441470161400E-017, 0.0000000000000000000 ) ) ;
#4591 = CARTESIAN_POINT ( 'NONE',  ( 26.90000000000003400, 0.0000000000000000000, 0.0000000000000000000 ) ) ;
#4592 = CARTESIAN_POINT ( 'NONE',  ( 24.29774747465314600, -4.472461926568638700, 0.9582553652065124400 ) ) ;
#4593 = CARTESIAN_POINT ( 'NONE',  ( 20.80000000000000400, 0.0000000000000000000, 0.0000000000000000000 ) ) ;
#4594 = ADVANCED_FACE ( 'NONE', ( #2351 ), #263, .T. ) ;
#4595 = CARTESIAN_POINT ( 'NONE',  ( 26.90000000000003400, -1.368781456677084800, 1.722334846612846100 ) ) ;
#4596 = ORIENTED_EDGE ( 'NONE', *, *, #154, .F. ) ;
#4597 = CARTESIAN_POINT ( 'NONE',  ( 20.80000000006439700, 0.6914091199542686800, -5.960029649970491200 ) ) ;
#4598 = VECTOR ( 'NONE', #1275, 1000.000000000000200 ) ;
#4599 = CARTESIAN_POINT ( 'NONE',  ( 21.67319148900000100, -1.227549548999999900, 5.897833250999998900 ) ) ;
#4600 = CARTESIAN_POINT ( 'NONE',  ( 24.72142857099999700, -5.788857284000000500, 1.577698114999999800 ) ) ;
#4601 = DIRECTION ( 'NONE',  ( 0.0000000000000000000, 0.0000000000000000000, 1.000000000000000000 ) ) ;
#4602 = FACE_OUTER_BOUND ( 'NONE', #3132, .T. ) ;
#4603 = EDGE_LOOP ( 'NONE', ( #1248, #1490, #414, #4001, #3699 ) ) ;
#4604 = CARTESIAN_POINT ( 'NONE',  ( 17.39999999999999900, 0.0000000000000000000, 3.349999999999999600 ) ) ;
#4605 = CARTESIAN_POINT ( 'NONE',  ( 23.27787460240064400, -4.737001241721886300, 1.572930754111621500 ) ) ;
#4606 = DIRECTION ( 'NONE',  ( 0.0000000000000000000, 0.0000000000000000000, 1.000000000000000000 ) ) ;
#4607 = DIRECTION ( 'NONE',  ( 1.000000000000000000, 0.0000000000000000000, 0.0000000000000000000 ) ) ;
#4608 = EDGE_CURVE ( 'NONE', #1500, #2768, #1262, .T. ) ;
#4609 = CARTESIAN_POINT ( 'NONE',  ( 21.29082889419251100, -3.910439712806155200, 2.238239560511352100 ) ) ;
#4610 = AXIS2_PLACEMENT_3D ( 'NONE', #3316, #3304, #3288 ) ;
#4611 = VERTEX_POINT ( 'NONE', #3776 ) ;
#4612 = LINE ( 'NONE', #851, #3735 ) ;
#4613 = DIRECTION ( 'NONE',  ( 0.0000000000000000000, 0.0000000000000000000, 1.000000000000000000 ) ) ;
#4614 = ORIENTED_EDGE ( 'NONE', *, *, #2576, .T. ) ;
#4615 = ORIENTED_EDGE ( 'NONE', *, *, #429, .T. ) ;
#4616 = VECTOR ( 'NONE', #3536, 1000.000000000000000 ) ;
#4617 = ADVANCED_FACE ( 'NONE', ( #381 ), #3911, .T. ) ;
#4618 = CARTESIAN_POINT ( 'NONE',  ( 26.90000000000001600, -1.722334846999037200, 1.368781456191152700 ) ) ;
#4619 = ORIENTED_EDGE ( 'NONE', *, *, #578, .T. ) ;
#4620 = EDGE_CURVE ( 'NONE', #3608, #2120, #151, .T. ) ;
#4621 = CARTESIAN_POINT ( 'NONE',  ( 12.90000000000000000, 0.0000000000000000000, 0.0000000000000000000 ) ) ;
#4622 = FACE_OUTER_BOUND ( 'NONE', #702, .T. ) ;
#4623 = CARTESIAN_POINT ( 'NONE',  ( 22.77514619313885900, -4.837709069110491800, 1.902698839707158300 ) ) ;
#4624 = DIRECTION ( 'NONE',  ( -1.000000000000000000, 0.0000000000000000000, 0.0000000000000000000 ) ) ;
#4625 = CARTESIAN_POINT ( 'NONE',  ( 26.90000000019789900, 0.0000000000000000000, -3.299999999381765000 ) ) ;
#4626 = CARTESIAN_POINT ( 'NONE',  ( 21.28597509071032000, -0.9585963262413590400, 5.728528052280050400 ) ) ;
#4627 = ORIENTED_EDGE ( 'NONE', *, *, #2211, .F. ) ;
#4628 = PLANE ( 'NONE',  #913 ) ;
#4629 = CONICAL_SURFACE ( 'NONE', #3198, 6.000000000000000000, 0.7853981633974487200 ) ;
#4630 = DIRECTION ( 'NONE',  ( 0.0000000000000000000, 0.0000000000000000000, 1.000000000000000000 ) ) ;
#4631 = DIRECTION ( 'NONE',  ( -1.000000000000000000, 0.0000000000000000000, 0.0000000000000000000 ) ) ;
#4632 = ORIENTED_EDGE ( 'NONE', *, *, #2231, .T. ) ;
#4633 = DIRECTION ( 'NONE',  ( 1.000000000000000000, 3.226792180016382000E-018, -0.0000000000000000000 ) ) ;
#4634 = VECTOR ( 'NONE', #1519, 1000.000000000000000 ) ;
#4635 = DIRECTION ( 'NONE',  ( 0.0000000000000000000, 0.0000000000000000000, 1.000000000000000000 ) ) ;
#4636 = CARTESIAN_POINT ( 'NONE',  ( 21.77845964112390900, -4.969933368844418300, 2.594365240217606100 ) ) ;
#4637 = CIRCLE ( 'NONE', #1412, 2.199999999999986000 ) ;
#4638 = DIRECTION ( 'NONE',  ( -0.0000000000000000000, -1.000000000000000000, -0.0000000000000000000 ) ) ;
#4639 = CARTESIAN_POINT ( 'NONE',  ( 23.85675555200000300, 0.0000000000000000000, 0.0000000000000000000 ) ) ;
#4640 = CONICAL_SURFACE ( 'NONE', #1403, 6.000000000000000000, 0.7853981633974491700 ) ;
#4641 = ADVANCED_FACE ( 'NONE', ( #4008 ), #3007, .F. ) ;
#4642 = EDGE_CURVE ( 'NONE', #3068, #2403, #3426, .T. ) ;
#4643 = ORIENTED_EDGE ( 'NONE', *, *, #4159, .T. ) ;
ENDSEC;
END-ISO-10303-21;
