ISO-10303-21;
HEADER;
FILE_DESCRIPTION (( 'STEP AP214' ),
    '1' );
FILE_NAME ('PG9.STEP',
    '2023-11-27T12:19:41',
    ( '' ),
    ( '' ),
    'SwSTEP 2.0',
    'SolidWorks 2022',
    '' );
FILE_SCHEMA (( 'AUTOMOTIVE_DESIGN' ));
ENDSEC;

DATA;
#1 = VERTEX_POINT ( 'NONE', #581 ) ;
#2 = PLANE ( 'NONE',  #1348 ) ;
#3 = CARTESIAN_POINT ( 'NONE',  ( 5.773502691896266192, 9.000000000000000000, 25.49999999999999645 ) ) ;
#4 = EDGE_CURVE ( 'NONE', #26, #1153, #683, .T. ) ;
#5 = CARTESIAN_POINT ( 'NONE',  ( -10.68097998000807891, -0.5000000000000160982, 16.50000000000000000 ) ) ;
#6 = ORIENTED_EDGE ( 'NONE', *, *, #1258, .F. ) ;
#7 = CYLINDRICAL_SURFACE ( 'NONE', #1186, 7.500000000000000000 ) ;
#8 = DIRECTION ( 'NONE',  ( -1.000000000000000000, 0.000000000000000000, 0.000000000000000000 ) ) ;
#9 = EDGE_LOOP ( 'NONE', ( #916, #1149, #487, #1032 ) ) ;
#10 = CARTESIAN_POINT ( 'NONE',  ( 10.68097998000807891, 0.5000000000000195399, 16.50000000000000000 ) ) ;
#11 = VERTEX_POINT ( 'NONE', #689 ) ;
#12 = LINE ( 'NONE', #106, #1111 ) ;
#13 = ADVANCED_FACE ( 'NONE', ( #129 ), #24, .T. ) ;
#14 = DIRECTION ( 'NONE',  ( -0.000000000000000000, -0.000000000000000000, -1.000000000000000000 ) ) ;
#15 = DIRECTION ( 'NONE',  ( -0.000000000000000000, -0.000000000000000000, 1.000000000000000000 ) ) ;
#16 =( GEOMETRIC_REPRESENTATION_CONTEXT ( 3 ) GLOBAL_UNCERTAINTY_ASSIGNED_CONTEXT ( ( #420 ) ) GLOBAL_UNIT_ASSIGNED_CONTEXT ( ( #1268, #242, #829 ) ) REPRESENTATION_CONTEXT ( 'NONE', 'WORKASPACE' ) );
#17 = CIRCLE ( 'NONE', #1371, 7.500000000000000000 ) ;
#18 = DIRECTION ( 'NONE',  ( 0.000000000000000000, 0.000000000000000000, -1.000000000000000000 ) ) ;
#19 = AXIS2_PLACEMENT_3D ( 'NONE', #1264, #107, #1028 ) ;
#20 = ORIENTED_EDGE ( 'NONE', *, *, #1202, .T. ) ;
#21 = DIRECTION ( 'NONE',  ( 0.000000000000000000, 0.000000000000000000, -1.000000000000000000 ) ) ;
#22 = EDGE_CURVE ( 'NONE', #237, #1070, #1158, .T. ) ;
#23 = CARTESIAN_POINT ( 'NONE',  ( -5.773502691896250205, 9.000000000000003553, 12.50000000000000000 ) ) ;
#24 = PLANE ( 'NONE',  #66 ) ;
#25 = SURFACE_STYLE_FILL_AREA ( #32 ) ;
#26 = VERTEX_POINT ( 'NONE', #3 ) ;
#27 = FACE_OUTER_BOUND ( 'NONE', #911, .T. ) ;
#28 = VERTEX_POINT ( 'NONE', #472 ) ;
#29 = DIRECTION ( 'NONE',  ( -1.000000000000000000, 0.000000000000000000, 0.000000000000000000 ) ) ;
#30 = EDGE_CURVE ( 'NONE', #675, #737, #1181, .T. ) ;
#31 = CARTESIAN_POINT ( 'NONE',  ( 0.000000000000000000, 0.000000000000000000, 29.50000000000000000 ) ) ;
#32 = FILL_AREA_STYLE ('',( #1188 ) ) ;
#33 = ORIENTED_EDGE ( 'NONE', *, *, #197, .F. ) ;
#34 = DIRECTION ( 'NONE',  ( -1.000000000000000000, -1.734723475976807094E-15, 0.000000000000000000 ) ) ;
#35 = EDGE_LOOP ( 'NONE', ( #779, #1226, #1351, #467, #526, #90 ) ) ;
#36 = CARTESIAN_POINT ( 'NONE',  ( -4.907477288111810942, 8.500000000000001776, 12.50000000000000000 ) ) ;
#37 = DIRECTION ( 'NONE',  ( -0.000000000000000000, -0.000000000000000000, 1.000000000000000000 ) ) ;
#38 = EDGE_CURVE ( 'NONE', #565, #1233, #234, .T. ) ;
#39 = AXIS2_PLACEMENT_3D ( 'NONE', #1331, #188, #297 ) ;
#40 = SURFACE_SIDE_STYLE ('',( #25 ) ) ;
#41 = VECTOR ( 'NONE', #1082, 1000.000000000000114 ) ;
#42 = ORIENTED_EDGE ( 'NONE', *, *, #83, .F. ) ;
#43 = AXIS2_PLACEMENT_3D ( 'NONE', #1000, #1436, #1344 ) ;
#44 = CARTESIAN_POINT ( 'NONE',  ( -9.500000000000000000, 0.000000000000000000, 26.49999999999999645 ) ) ;
#45 = VERTEX_POINT ( 'NONE', #812 ) ;
#46 = FACE_OUTER_BOUND ( 'NONE', #441, .T. ) ;
#47 = CARTESIAN_POINT ( 'NONE',  ( 0.000000000000000000, 0.000000000000000000, -1.065442715258194882E-15 ) ) ;
#48 = CARTESIAN_POINT ( 'NONE',  ( 9.814954576223639648, 1.734723475976807094E-14, 25.49999999999999645 ) ) ;
#49 = EDGE_CURVE ( 'NONE', #896, #1271, #419, .T. ) ;
#50 = ORIENTED_EDGE ( 'NONE', *, *, #935, .T. ) ;
#51 = FACE_OUTER_BOUND ( 'NONE', #245, .T. ) ;
#52 = ORIENTED_EDGE ( 'NONE', *, *, #677, .F. ) ;
#53 = CARTESIAN_POINT ( 'NONE',  ( 8.227241335952165002, 4.750000000000003553, 25.49999999999999645 ) ) ;
#54 = DIRECTION ( 'NONE',  ( 0.000000000000000000, 0.000000000000000000, -1.000000000000000000 ) ) ;
#55 = APPLICATION_PROTOCOL_DEFINITION ( 'draft international standard', 'automotive_design', 1998, #665 ) ;
#56 = ORIENTED_EDGE ( 'NONE', *, *, #688, .T. ) ;
#57 = ADVANCED_FACE ( 'NONE', ( #240 ), #247, .F. ) ;
#58 = DIRECTION ( 'NONE',  ( 1.224646799147353207E-16, 1.000000000000000000, -0.000000000000000000 ) ) ;
#59 = EDGE_LOOP ( 'NONE', ( #1406, #1005, #1001, #142, #833 ) ) ;
#60 = EDGE_CURVE ( 'NONE', #660, #300, #599, .T. ) ;
#61 = DIRECTION ( 'NONE',  ( -0.000000000000000000, -0.000000000000000000, -1.000000000000000000 ) ) ;
#62 = CARTESIAN_POINT ( 'NONE',  ( 5.484827557301452217, 9.500000000000000000, 25.49999999999999645 ) ) ;
#63 = CARTESIAN_POINT ( 'NONE',  ( 0.000000000000000000, 0.000000000000000000, 0.000000000000000000 ) ) ;
#64 = VERTEX_POINT ( 'NONE', #1047 ) ;
#65 = PLANE ( 'NONE',  #775 ) ;
#66 = AXIS2_PLACEMENT_3D ( 'NONE', #485, #1139, #591 ) ;
#67 = ORIENTED_EDGE ( 'NONE', *, *, #1126, .T. ) ;
#68 = DIRECTION ( 'NONE',  ( -0.000000000000000000, -0.000000000000000000, 1.000000000000000000 ) ) ;
#69 = AXIS2_PLACEMENT_3D ( 'NONE', #170, #730, #598 ) ;
#70 = EDGE_CURVE ( 'NONE', #28, #151, #495, .T. ) ;
#71 = DIRECTION ( 'NONE',  ( -1.000000000000000000, -1.734723475976807094E-15, 0.000000000000000000 ) ) ;
#72 = CARTESIAN_POINT ( 'NONE',  ( -5.773502691896253758, 9.000000000000000000, 25.49999999999999645 ) ) ;
#73 = ORIENTED_EDGE ( 'NONE', *, *, #1091, .F. ) ;
#74 = DIRECTION ( 'NONE',  ( -0.000000000000000000, -0.000000000000000000, 1.000000000000000000 ) ) ;
#75 = COLOUR_RGB ( '',0.4980392156862745168, 0.4980392156862745168, 0.4980392156862745168 ) ;
#76 = CARTESIAN_POINT ( 'NONE',  ( 0.000000000000000000, 0.000000000000000000, 25.49999999999999645 ) ) ;
#77 = EDGE_CURVE ( 'NONE', #1127, #364, #1277, .T. ) ;
#78 = PRESENTATION_STYLE_ASSIGNMENT (( #1085 ) ) ;
#79 = CARTESIAN_POINT ( 'NONE',  ( 9.814954576223639648, 1.734723475976807094E-14, 25.49999999999999645 ) ) ;
#80 = ORIENTED_EDGE ( 'NONE', *, *, #1219, .T. ) ;
#81 = CARTESIAN_POINT ( 'NONE',  ( 9.814954576223639648, 1.734723475976807094E-14, 16.50000000000000000 ) ) ;
#82 = CARTESIAN_POINT ( 'NONE',  ( 9.814954576223643201, 1.214306433183764966E-14, 7.500000000000000000 ) ) ;
#83 = EDGE_CURVE ( 'NONE', #408, #1153, #697, .T. ) ;
#84 = PLANE ( 'NONE',  #1439 ) ;
#85 = ORIENTED_EDGE ( 'NONE', *, *, #1097, .F. ) ;
#86 = DIRECTION ( 'NONE',  ( -1.000000000000000000, 0.000000000000000000, 0.000000000000000000 ) ) ;
#87 = AXIS2_PLACEMENT_3D ( 'NONE', #315, #648, #1234 ) ;
#88 = CARTESIAN_POINT ( 'NONE',  ( 4.907477288111826930, 9.500000000000000000, 16.50000000000000000 ) ) ;
#89 = CIRCLE ( 'NONE', #421, 6.500000000000000000 ) ;
#90 = ORIENTED_EDGE ( 'NONE', *, *, #1110, .F. ) ;
#91 = CARTESIAN_POINT ( 'NONE',  ( -5.484827557301457546, -9.500000000000000000, 7.500000000000000000 ) ) ;
#92 = EDGE_CURVE ( 'NONE', #896, #334, #220, .T. ) ;
#93 = ORIENTED_EDGE ( 'NONE', *, *, #264, .F. ) ;
#94 = DIRECTION ( 'NONE',  ( 0.000000000000000000, 0.000000000000000000, -1.000000000000000000 ) ) ;
#95 = DIRECTION ( 'NONE',  ( 0.000000000000000000, 0.000000000000000000, -1.000000000000000000 ) ) ;
#96 = ORIENTED_EDGE ( 'NONE', *, *, #284, .F. ) ;
#97 = CARTESIAN_POINT ( 'NONE',  ( 10.68097998000807891, 0.5000000000000177636, 25.49999999999999645 ) ) ;
#98 = EDGE_CURVE ( 'NONE', #334, #366, #1252, .T. ) ;
#99 = EDGE_LOOP ( 'NONE', ( #1276, #646, #1458, #1013, #718 ) ) ;
#100 = CARTESIAN_POINT ( 'NONE',  ( -9.814954576223641425, -1.387778780781445676E-14, 25.49999999999999645 ) ) ;
#101 = ADVANCED_FACE ( 'NONE', ( #1193 ), #1074, .T. ) ;
#102 = LINE ( 'NONE', #1337, #1034 ) ;
#103 = ORIENTED_EDGE ( 'NONE', *, *, #908, .T. ) ;
#104 = CARTESIAN_POINT ( 'NONE',  ( 5.484827557301453105, 9.500000000000001776, 12.50000000000000000 ) ) ;
#105 = VERTEX_POINT ( 'NONE', #177 ) ;
#106 = CARTESIAN_POINT ( 'NONE',  ( 7.500000000000000000, 9.184850993605147944E-16, 7.500000000000000000 ) ) ;
#107 = DIRECTION ( 'NONE',  ( 0.000000000000000000, 0.000000000000000000, 1.000000000000000000 ) ) ;
#108 = EDGE_CURVE ( 'NONE', #151, #160, #1283, .T. ) ;
#109 = AXIS2_PLACEMENT_3D ( 'NONE', #132, #1290, #704 ) ;
#110 = VERTEX_POINT ( 'NONE', #1296 ) ;
#111 = DIRECTION ( 'NONE',  ( 0.000000000000000000, 0.000000000000000000, -1.000000000000000000 ) ) ;
#112 = AXIS2_PLACEMENT_3D ( 'NONE', #787, #676, #1125 ) ;
#113 = ORIENTED_EDGE ( 'NONE', *, *, #22, .F. ) ;
#114 = DIRECTION ( 'NONE',  ( 1.000000000000000000, 0.000000000000000000, 0.000000000000000000 ) ) ;
#115 = LINE ( 'NONE', #23, #687 ) ;
#116 = EDGE_CURVE ( 'NONE', #1315, #1018, #1465, .T. ) ;
#117 = ORIENTED_EDGE ( 'NONE', *, *, #146, .F. ) ;
#118 = CARTESIAN_POINT ( 'NONE',  ( 10.68097998000808069, -0.4999999999999870104, 12.50000000000000000 ) ) ;
#119 = ORIENTED_EDGE ( 'NONE', *, *, #978, .T. ) ;
#120 = DIRECTION ( 'NONE',  ( -0.5000000000000001110, 0.8660254037844385966, 0.000000000000000000 ) ) ;
#121 = ORIENTED_EDGE ( 'NONE', *, *, #354, .F. ) ;
#122 = DIRECTION ( 'NONE',  ( -0.000000000000000000, -0.000000000000000000, -1.000000000000000000 ) ) ;
#123 = CARTESIAN_POINT ( 'NONE',  ( 0.000000000000000000, 0.000000000000000000, 0.000000000000000000 ) ) ;
#124 = DIRECTION ( 'NONE',  ( -0.000000000000000000, -0.000000000000000000, 1.000000000000000000 ) ) ;
#125 = EDGE_CURVE ( 'NONE', #1191, #1174, #800, .T. ) ;
#126 = EDGE_LOOP ( 'NONE', ( #253, #1298, #1245, #317 ) ) ;
#127 = DIRECTION ( 'NONE',  ( -1.000000000000000000, 0.000000000000000000, 0.000000000000000000 ) ) ;
#128 = CARTESIAN_POINT ( 'NONE',  ( 0.000000000000000000, 0.000000000000000000, 12.50000000000000000 ) ) ;
#129 = FACE_OUTER_BOUND ( 'NONE', #884, .T. ) ;
#130 = AXIS2_PLACEMENT_3D ( 'NONE', #440, #1132, #1237 ) ;
#131 = AXIS2_PLACEMENT_3D ( 'NONE', #1386, #456, #796 ) ;
#132 = CARTESIAN_POINT ( 'NONE',  ( 4.907477288111826930, 8.499999999999998224, 25.49999999999999645 ) ) ;
#133 = AXIS2_PLACEMENT_3D ( 'NONE', #574, #14, #360 ) ;
#134 = ORIENTED_EDGE ( 'NONE', *, *, #1313, .T. ) ;
#135 = EDGE_CURVE ( 'NONE', #381, #830, #620, .T. ) ;
#136 = CARTESIAN_POINT ( 'NONE',  ( 0.000000000000000000, 0.000000000000000000, 0.000000000000000000 ) ) ;
#137 = AXIS2_PLACEMENT_3D ( 'NONE', #1035, #21, #1255 ) ;
#138 = ORIENTED_EDGE ( 'NONE', *, *, #108, .T. ) ;
#139 = LINE ( 'NONE', #367, #1400 ) ;
#140 = CARTESIAN_POINT ( 'NONE',  ( 0.000000000000000000, 0.000000000000000000, 25.49999999999999645 ) ) ;
#141 = VECTOR ( 'NONE', #504, 1000.000000000000227 ) ;
#142 = ORIENTED_EDGE ( 'NONE', *, *, #947, .T. ) ;
#143 = CARTESIAN_POINT ( 'NONE',  ( -5.484827557301458434, -9.500000000000000000, 25.49999999999999645 ) ) ;
#144 = ORIENTED_EDGE ( 'NONE', *, *, #655, .F. ) ;
#145 = CARTESIAN_POINT ( 'NONE',  ( -10.68097998000808246, -0.5000000000000143219, 7.500000000000000000 ) ) ;
#146 = EDGE_CURVE ( 'NONE', #1235, #1434, #627, .T. ) ;
#147 = CARTESIAN_POINT ( 'NONE',  ( -10.96965511460289555, -1.422972423403837189E-14, 7.500000000000000000 ) ) ;
#148 = SURFACE_STYLE_USAGE ( .BOTH. , #40 ) ;
#149 = ORIENTED_EDGE ( 'NONE', *, *, #832, .T. ) ;
#150 = DIRECTION ( 'NONE',  ( 1.000000000000000000, -1.581383788144377954E-16, 0.000000000000000000 ) ) ;
#151 = VERTEX_POINT ( 'NONE', #171 ) ;
#152 = CYLINDRICAL_SURFACE ( 'NONE', #69, 1.000000000000000000 ) ;
#153 = CARTESIAN_POINT ( 'NONE',  ( 9.814954576223643201, 1.214306433183764966E-14, 12.50000000000000000 ) ) ;
#154 = EDGE_CURVE ( 'NONE', #824, #737, #634, .T. ) ;
#155 = PRESENTATION_LAYER_ASSIGNMENT (  '', '', ( #1345 ) ) ;
#156 = DIRECTION ( 'NONE',  ( 1.000000000000000000, 0.000000000000000000, 0.000000000000000000 ) ) ;
#157 = ORIENTED_EDGE ( 'NONE', *, *, #1107, .F. ) ;
#158 = CIRCLE ( 'NONE', #986, 3.999999999999984457 ) ;
#159 = CARTESIAN_POINT ( 'NONE',  ( -5.484827557301439782, 9.500000000000001776, 16.50000000000000000 ) ) ;
#160 = VERTEX_POINT ( 'NONE', #403 ) ;
#161 = DIRECTION ( 'NONE',  ( -1.000000000000000000, -5.329070518200745083E-15, 0.000000000000000000 ) ) ;
#162 = CIRCLE ( 'NONE', #1403, 1.000000000000000000 ) ;
#163 = DIRECTION ( 'NONE',  ( -0.000000000000000000, -0.000000000000000000, 1.000000000000000000 ) ) ;
#164 = EDGE_CURVE ( 'NONE', #381, #722, #857, .T. ) ;
#165 =( NAMED_UNIT ( * ) SI_UNIT ( $, .STERADIAN. ) SOLID_ANGLE_UNIT ( ) );
#166 = EDGE_CURVE ( 'NONE', #1374, #459, #1441, .T. ) ;
#167 = ORIENTED_EDGE ( 'NONE', *, *, #77, .F. ) ;
#168 = DIRECTION ( 'NONE',  ( -1.000000000000000000, 1.581383788144377954E-16, 0.000000000000000000 ) ) ;
#169 = ORIENTED_EDGE ( 'NONE', *, *, #301, .F. ) ;
#170 = CARTESIAN_POINT ( 'NONE',  ( -4.907477288111814495, 8.499999999999998224, 25.49999999999999645 ) ) ;
#171 = CARTESIAN_POINT ( 'NONE',  ( -3.999999999999984457, 0.000000000000000000, 29.50000000000000000 ) ) ;
#172 = ORIENTED_EDGE ( 'NONE', *, *, #1295, .F. ) ;
#173 = CARTESIAN_POINT ( 'NONE',  ( 0.000000000000000000, 0.000000000000000000, 25.49999999999999645 ) ) ;
#174 = EDGE_CURVE ( 'NONE', #45, #1056, #1421, .T. ) ;
#175 = ORIENTED_EDGE ( 'NONE', *, *, #759, .T. ) ;
#176 = CARTESIAN_POINT ( 'NONE',  ( 0.000000000000000000, 0.000000000000000000, 29.49999999999999645 ) ) ;
#177 = CARTESIAN_POINT ( 'NONE',  ( 3.999999999999988010, 4.898587196589398038E-16, -1.065442715258194882E-15 ) ) ;
#178 =( NAMED_UNIT ( * ) PLANE_ANGLE_UNIT ( ) SI_UNIT ( $, .RADIAN. ) );
#179 = EDGE_LOOP ( 'NONE', ( #625, #1201 ) ) ;
#180 = DIRECTION ( 'NONE',  ( 0.000000000000000000, 0.000000000000000000, -1.000000000000000000 ) ) ;
#181 = VECTOR ( 'NONE', #901, 1000.000000000000000 ) ;
#182 = EDGE_CURVE ( 'NONE', #737, #381, #469, .T. ) ;
#183 = VECTOR ( 'NONE', #1146, 1000.000000000000000 ) ;
#184 = ORIENTED_EDGE ( 'NONE', *, *, #4, .T. ) ;
#185 = CARTESIAN_POINT ( 'NONE',  ( 4.907477288111827818, 8.500000000000001776, 7.500000000000000000 ) ) ;
#186 = CYLINDRICAL_SURFACE ( 'NONE', #202, 3.999999999999986233 ) ;
#187 = FILL_AREA_STYLE_COLOUR ( '', #75 ) ;
#188 = DIRECTION ( 'NONE',  ( -0.000000000000000000, -0.000000000000000000, -1.000000000000000000 ) ) ;
#189 = ORIENTED_EDGE ( 'NONE', *, *, #98, .F. ) ;
#190 = CARTESIAN_POINT ( 'NONE',  ( 10.68097998000808069, 0.5000000000000125455, 7.500000000000000000 ) ) ;
#191 = PLANE ( 'NONE',  #1279 ) ;
#192 = EDGE_CURVE ( 'NONE', #105, #160, #777, .T. ) ;
#193 = CARTESIAN_POINT ( 'NONE',  ( 4.907477288111826930, 9.500000000000000000, 25.49999999999999645 ) ) ;
#194 = ORIENTED_EDGE ( 'NONE', *, *, #192, .T. ) ;
#195 = LINE ( 'NONE', #633, #659 ) ;
#196 = LINE ( 'NONE', #212, #984 ) ;
#197 = EDGE_CURVE ( 'NONE', #971, #64, #509, .T. ) ;
#198 = CARTESIAN_POINT ( 'NONE',  ( 5.484827557301438894, -9.500000000000000000, 12.50000000000000000 ) ) ;
#199 = VERTEX_POINT ( 'NONE', #726 ) ;
#200 = AXIS2_PLACEMENT_3D ( 'NONE', #666, #1116, #1148 ) ;
#201 = LINE ( 'NONE', #1089, #282 ) ;
#202 = AXIS2_PLACEMENT_3D ( 'NONE', #1451, #1214, #1457 ) ;
#203 = PLANE ( 'NONE',  #1468 ) ;
#204 = CIRCLE ( 'NONE', #447, 1.000000000000000000 ) ;
#205 = ORIENTED_EDGE ( 'NONE', *, *, #767, .T. ) ;
#206 = VECTOR ( 'NONE', #150, 1000.000000000000000 ) ;
#207 = LINE ( 'NONE', #97, #535 ) ;
#208 = ADVANCED_FACE ( 'NONE', ( #1304 ), #1176, .T. ) ;
#209 = ORIENTED_EDGE ( 'NONE', *, *, #318, .T. ) ;
#210 = FACE_OUTER_BOUND ( 'NONE', #1151, .T. ) ;
#211 = ORIENTED_EDGE ( 'NONE', *, *, #744, .T. ) ;
#212 = CARTESIAN_POINT ( 'NONE',  ( 10.96965511460289200, 1.700252851085786816E-14, 25.49999999999999645 ) ) ;
#213 = ORIENTED_EDGE ( 'NONE', *, *, #919, .T. ) ;
#214 = FACE_OUTER_BOUND ( 'NONE', #770, .T. ) ;
#215 = EDGE_LOOP ( 'NONE', ( #464, #1462, #138, #1429 ) ) ;
#216 = EDGE_CURVE ( 'NONE', #160, #105, #1346, .T. ) ;
#217 = CARTESIAN_POINT ( 'NONE',  ( -5.484827557301457546, -9.500000000000000000, 12.50000000000000000 ) ) ;
#218 = ORIENTED_EDGE ( 'NONE', *, *, #919, .F. ) ;
#219 = FACE_OUTER_BOUND ( 'NONE', #278, .T. ) ;
#220 = LINE ( 'NONE', #807, #183 ) ;
#221 = CARTESIAN_POINT ( 'NONE',  ( -4.907477288111814495, 9.500000000000001776, 25.49999999999999645 ) ) ;
#222 = ORIENTED_EDGE ( 'NONE', *, *, #813, .F. ) ;
#223 = DIRECTION ( 'NONE',  ( -0.000000000000000000, -0.000000000000000000, -1.000000000000000000 ) ) ;
#224 = VECTOR ( 'NONE', #1092, 1000.000000000000114 ) ;
#225 = CARTESIAN_POINT ( 'NONE',  ( -10.96965511460289200, -1.641644101342326781E-14, 16.50000000000000000 ) ) ;
#226 = AXIS2_PLACEMENT_3D ( 'NONE', #153, #610, #1062 ) ;
#227 = CARTESIAN_POINT ( 'NONE',  ( 0.000000000000000000, 0.000000000000000000, 25.49999999999999645 ) ) ;
#228 = DIRECTION ( 'NONE',  ( 0.000000000000000000, 0.000000000000000000, -1.000000000000000000 ) ) ;
#229 = AXIS2_PLACEMENT_3D ( 'NONE', #185, #771, #293 ) ;
#230 = ORIENTED_EDGE ( 'NONE', *, *, #716, .T. ) ;
#231 = CARTESIAN_POINT ( 'NONE',  ( -10.96965511460289200, -1.641644101342326781E-14, 25.49999999999999645 ) ) ;
#232 = ORIENTED_EDGE ( 'NONE', *, *, #362, .F. ) ;
#233 = CARTESIAN_POINT ( 'NONE',  ( 4.907477288111827818, 8.500000000000001776, 12.50000000000000000 ) ) ;
#234 = LINE ( 'NONE', #361, #869 ) ;
#235 = ADVANCED_FACE ( 'NONE', ( #1411 ), #386, .F. ) ;
#236 = FACE_OUTER_BOUND ( 'NONE', #953, .T. ) ;
#237 = VERTEX_POINT ( 'NONE', #1185 ) ;
#238 = CARTESIAN_POINT ( 'NONE',  ( -5.484827557301437118, 9.500000000000001776, 12.50000000000000000 ) ) ;
#239 = CARTESIAN_POINT ( 'NONE',  ( 5.773502691896266192, 9.000000000000000000, 16.50000000000000000 ) ) ;
#240 = FACE_OUTER_BOUND ( 'NONE', #1093, .T. ) ;
#241 = EDGE_CURVE ( 'NONE', #1, #799, #958, .T. ) ;
#242 =( NAMED_UNIT ( * ) PLANE_ANGLE_UNIT ( ) SI_UNIT ( $, .RADIAN. ) );
#243 = ORIENTED_EDGE ( 'NONE', *, *, #529, .T. ) ;
#244 = DIRECTION ( 'NONE',  ( 0.000000000000000000, 0.000000000000000000, -1.000000000000000000 ) ) ;
#245 = EDGE_LOOP ( 'NONE', ( #809, #980 ) ) ;
#246 = LINE ( 'NONE', #1257, #539 ) ;
#247 = PLANE ( 'NONE',  #249 ) ;
#248 = CIRCLE ( 'NONE', #1058, 7.500000000000000000 ) ;
#249 = AXIS2_PLACEMENT_3D ( 'NONE', #140, #1243, #913 ) ;
#250 = DIRECTION ( 'NONE',  ( 0.000000000000000000, 0.000000000000000000, 1.000000000000000000 ) ) ;
#251 = CIRCLE ( 'NONE', #1084, 1.000000000000000888 ) ;
#252 = ADVANCED_BREP_SHAPE_REPRESENTATION ( 'PG9', ( #1320, #261 ), #1381 ) ;
#253 = ORIENTED_EDGE ( 'NONE', *, *, #1267, .F. ) ;
#254 = CARTESIAN_POINT ( 'NONE',  ( -4.907477288111810942, 8.500000000000001776, 12.50000000000000000 ) ) ;
#255 = ADVANCED_FACE ( 'NONE', ( #876 ), #1218, .T. ) ;
#256 = VECTOR ( 'NONE', #120, 1000.000000000000114 ) ;
#257 = VERTEX_POINT ( 'NONE', #755 ) ;
#258 = DIRECTION ( 'NONE',  ( 0.000000000000000000, -1.000000000000000000, 0.000000000000000000 ) ) ;
#259 = DIRECTION ( 'NONE',  ( 0.8660254037844384856, 0.5000000000000004441, 0.000000000000000000 ) ) ;
#260 = DIRECTION ( 'NONE',  ( -0.000000000000000000, -0.000000000000000000, -1.000000000000000000 ) ) ;
#261 = AXIS2_PLACEMENT_3D ( 'NONE', #63, #870, #1444 ) ;
#262 = ORIENTED_EDGE ( 'NONE', *, *, #1365, .T. ) ;
#263 = CARTESIAN_POINT ( 'NONE',  ( 6.500000000000000000, 0.000000000000000000, 29.49999999999999645 ) ) ;
#264 = EDGE_CURVE ( 'NONE', #1233, #364, #196, .T. ) ;
#265 = ORIENTED_EDGE ( 'NONE', *, *, #108, .F. ) ;
#266 = DIRECTION ( 'NONE',  ( 0.000000000000000000, 0.000000000000000000, -1.000000000000000000 ) ) ;
#267 = DIRECTION ( 'NONE',  ( -0.000000000000000000, -0.000000000000000000, -1.000000000000000000 ) ) ;
#268 = ORIENTED_EDGE ( 'NONE', *, *, #486, .T. ) ;
#269 = LINE ( 'NONE', #159, #206 ) ;
#270 = EDGE_LOOP ( 'NONE', ( #1216, #384, #218, #557 ) ) ;
#271 = FACE_OUTER_BOUND ( 'NONE', #510, .T. ) ;
#272 = EDGE_CURVE ( 'NONE', #799, #888, #277, .T. ) ;
#273 = DIRECTION ( 'NONE',  ( -0.000000000000000000, -0.000000000000000000, -1.000000000000000000 ) ) ;
#274 = EDGE_CURVE ( 'NONE', #1070, #1189, #431, .T. ) ;
#275 = AXIS2_PLACEMENT_3D ( 'NONE', #104, #1123, #914 ) ;
#276 = DIRECTION ( 'NONE',  ( -1.000000000000000000, 0.000000000000000000, 0.000000000000000000 ) ) ;
#277 = CIRCLE ( 'NONE', #537, 1.000000000000000888 ) ;
#278 = EDGE_LOOP ( 'NONE', ( #1401, #119, #1358, #1211 ) ) ;
#279 = VECTOR ( 'NONE', #1128, 1000.000000000000227 ) ;
#280 = CARTESIAN_POINT ( 'NONE',  ( -4.907477288111810942, 9.500000000000001776, 12.50000000000000000 ) ) ;
#281 = CARTESIAN_POINT ( 'NONE',  ( 4.907477288111826930, 8.499999999999998224, 16.50000000000000000 ) ) ;
#282 = VECTOR ( 'NONE', #74, 1000.000000000000000 ) ;
#283 = CARTESIAN_POINT ( 'NONE',  ( -3.999999999999986233, 0.000000000000000000, 0.000000000000000000 ) ) ;
#284 = EDGE_CURVE ( 'NONE', #540, #64, #17, .T. ) ;
#285 = EDGE_LOOP ( 'NONE', ( #1343, #507, #782, #747 ) ) ;
#286 = LINE ( 'NONE', #531, #224 ) ;
#287 = ORIENTED_EDGE ( 'NONE', *, *, #840, .F. ) ;
#288 = CYLINDRICAL_SURFACE ( 'NONE', #1303, 1.000000000000000000 ) ;
#289 = CARTESIAN_POINT ( 'NONE',  ( 4.907477288111813607, -8.500000000000000000, 7.500000000000000000 ) ) ;
#290 = VERTEX_POINT ( 'NONE', #1103 ) ;
#291 = LINE ( 'NONE', #1200, #964 ) ;
#292 = VERTEX_POINT ( 'NONE', #88 ) ;
#293 = DIRECTION ( 'NONE',  ( -1.000000000000000000, 0.000000000000000000, 0.000000000000000000 ) ) ;
#294 = DIRECTION ( 'NONE',  ( 0.4999999999999997780, 0.8660254037844387076, 0.000000000000000000 ) ) ;
#295 =( NAMED_UNIT ( * ) PLANE_ANGLE_UNIT ( ) SI_UNIT ( $, .RADIAN. ) );
#296 = CIRCLE ( 'NONE', #743, 1.000000000000000000 ) ;
#297 = DIRECTION ( 'NONE',  ( -1.000000000000000000, 0.000000000000000000, 0.000000000000000000 ) ) ;
#298 = VECTOR ( 'NONE', #995, 1000.000000000000000 ) ;
#299 = AXIS2_PLACEMENT_3D ( 'NONE', #842, #273, #732 ) ;
#300 = VERTEX_POINT ( 'NONE', #663 ) ;
#301 = EDGE_CURVE ( 'NONE', #366, #334, #734, .T. ) ;
#302 = LINE ( 'NONE', #761, #1137 ) ;
#303 = AXIS2_PLACEMENT_3D ( 'NONE', #176, #981, #86 ) ;
#304 = DIRECTION ( 'NONE',  ( -1.000000000000000000, 0.000000000000000000, -0.000000000000000000 ) ) ;
#305 = VECTOR ( 'NONE', #460, 1000.000000000000000 ) ;
#306 = PRODUCT_CONTEXT ( 'NONE', #665, 'mechanical' ) ;
#307 = DIRECTION ( 'NONE',  ( 0.000000000000000000, 0.000000000000000000, -1.000000000000000000 ) ) ;
#308 = ORIENTED_EDGE ( 'NONE', *, *, #677, .T. ) ;
#309 = CYLINDRICAL_SURFACE ( 'NONE', #303, 9.500000000000000000 ) ;
#310 = ADVANCED_FACE ( 'NONE', ( #543 ), #186, .F. ) ;
#311 = DIRECTION ( 'NONE',  ( -1.000000000000000000, 0.000000000000000000, 0.000000000000000000 ) ) ;
#312 = DIRECTION ( 'NONE',  ( 1.000000000000000000, 0.000000000000000000, 0.000000000000000000 ) ) ;
#313 = ORIENTED_EDGE ( 'NONE', *, *, #604, .T. ) ;
#314 = CARTESIAN_POINT ( 'NONE',  ( 5.484827557301452217, 9.500000000000000000, 25.49999999999999645 ) ) ;
#315 = CARTESIAN_POINT ( 'NONE',  ( 0.000000000000000000, 0.000000000000000000, 0.000000000000000000 ) ) ;
#316 = ADVANCED_FACE ( 'NONE', ( #1121 ), #881, .T. ) ;
#317 = ORIENTED_EDGE ( 'NONE', *, *, #318, .F. ) ;
#318 = EDGE_CURVE ( 'NONE', #708, #640, #102, .T. ) ;
#319 = DIRECTION ( 'NONE',  ( 0.5000000000000001110, 0.8660254037844384856, 0.000000000000000000 ) ) ;
#320 = CARTESIAN_POINT ( 'NONE',  ( 4.907477288111827818, 8.500000000000001776, 12.50000000000000000 ) ) ;
#321 = CARTESIAN_POINT ( 'NONE',  ( 7.500000000000000000, 9.184850993605147944E-16, 0.000000000000000000 ) ) ;
#322 = AXIS2_PLACEMENT_3D ( 'NONE', #1045, #950, #1417 ) ;
#323 = ORIENTED_EDGE ( 'NONE', *, *, #1046, .T. ) ;
#324 = VECTOR ( 'NONE', #389, 1000.000000000000227 ) ;
#325 = EDGE_CURVE ( 'NONE', #1191, #631, #437, .T. ) ;
#326 = DIRECTION ( 'NONE',  ( -1.000000000000000000, 0.000000000000000000, 0.000000000000000000 ) ) ;
#327 = ORIENTED_EDGE ( 'NONE', *, *, #146, .T. ) ;
#328 = DIRECTION ( 'NONE',  ( -1.000000000000000000, 0.000000000000000000, 0.000000000000000000 ) ) ;
#329 = ORIENTED_EDGE ( 'NONE', *, *, #716, .F. ) ;
#330 = PRODUCT_DEFINITION_FORMATION_WITH_SPECIFIED_SOURCE ( 'ANY', '', #434, .NOT_KNOWN. ) ;
#331 = CARTESIAN_POINT ( 'NONE',  ( 1.502314598737159228E-15, 9.500000000000001776, 25.49999999999999645 ) ) ;
#332 = DIRECTION ( 'NONE',  ( 0.000000000000000000, 0.000000000000000000, 1.000000000000000000 ) ) ;
#333 = CYLINDRICAL_SURFACE ( 'NONE', #609, 1.000000000000000000 ) ;
#334 = VERTEX_POINT ( 'NONE', #644 ) ;
#335 = FACE_OUTER_BOUND ( 'NONE', #844, .T. ) ;
#336 = VERTEX_POINT ( 'NONE', #1090 ) ;
#337 = DIRECTION ( 'NONE',  ( 0.000000000000000000, 0.000000000000000000, -1.000000000000000000 ) ) ;
#338 = ORIENTED_EDGE ( 'NONE', *, *, #742, .T. ) ;
#339 = CYLINDRICAL_SURFACE ( 'NONE', #635, 1.000000000000000888 ) ;
#340 = ORIENTED_EDGE ( 'NONE', *, *, #1295, .T. ) ;
#341 = DIRECTION ( 'NONE',  ( 0.4999999999999997780, 0.8660254037844387076, 0.000000000000000000 ) ) ;
#342 = ADVANCED_FACE ( 'NONE', ( #1224 ), #203, .F. ) ;
#343 = CIRCLE ( 'NONE', #130, 9.500000000000000000 ) ;
#344 = FACE_BOUND ( 'NONE', #855, .T. ) ;
#345 = AXIS2_PLACEMENT_3D ( 'NONE', #1334, #863, #311 ) ;
#346 = CIRCLE ( 'NONE', #43, 1.000000000000000000 ) ;
#347 = DIRECTION ( 'NONE',  ( 1.000000000000000000, 0.000000000000000000, 0.000000000000000000 ) ) ;
#348 = AXIS2_PLACEMENT_3D ( 'NONE', #1299, #816, #707 ) ;
#349 = DIRECTION ( 'NONE',  ( -0.4999999999999997224, -0.8660254037844388186, 0.000000000000000000 ) ) ;
#350 = ORIENTED_EDGE ( 'NONE', *, *, #773, .T. ) ;
#351 = DIRECTION ( 'NONE',  ( 0.000000000000000000, 0.000000000000000000, -1.000000000000000000 ) ) ;
#352 = ORIENTED_EDGE ( 'NONE', *, *, #197, .T. ) ;
#353 = PLANE ( 'NONE',  #519 ) ;
#354 = EDGE_CURVE ( 'NONE', #1427, #799, #973, .T. ) ;
#355 = DIRECTION ( 'NONE',  ( 0.000000000000000000, 0.000000000000000000, -1.000000000000000000 ) ) ;
#356 = FACE_OUTER_BOUND ( 'NONE', #9, .T. ) ;
#357 = VERTEX_POINT ( 'NONE', #977 ) ;
#358 = CARTESIAN_POINT ( 'NONE',  ( -10.68097998000808246, -0.5000000000000160982, 12.50000000000000000 ) ) ;
#359 = ORIENTED_EDGE ( 'NONE', *, *, #70, .T. ) ;
#360 = DIRECTION ( 'NONE',  ( 1.000000000000000000, 0.000000000000000000, 0.000000000000000000 ) ) ;
#361 = CARTESIAN_POINT ( 'NONE',  ( 10.68097998000807891, -0.4999999999999831246, 25.49999999999999645 ) ) ;
#362 = EDGE_CURVE ( 'NONE', #1339, #660, #346, .T. ) ;
#363 = CARTESIAN_POINT ( 'NONE',  ( 5.773502691896251093, -9.000000000000001776, 12.50000000000000000 ) ) ;
#364 = VERTEX_POINT ( 'NONE', #762 ) ;
#365 = FACE_OUTER_BOUND ( 'NONE', #579, .T. ) ;
#366 = VERTEX_POINT ( 'NONE', #321 ) ;
#367 = CARTESIAN_POINT ( 'NONE',  ( 5.484827557301453105, 9.500000000000001776, 12.50000000000000000 ) ) ;
#368 = DIRECTION ( 'NONE',  ( -0.5000000000000004441, 0.8660254037844384856, 0.000000000000000000 ) ) ;
#369 = VECTOR ( 'NONE', #1425, 1000.000000000000000 ) ;
#370 = CYLINDRICAL_SURFACE ( 'NONE', #394, 7.500000000000000000 ) ;
#371 = CIRCLE ( 'NONE', #1225, 0.9999999999999991118 ) ;
#372 = AXIS2_PLACEMENT_3D ( 'NONE', #982, #781, #415 ) ;
#373 = EDGE_CURVE ( 'NONE', #11, #1106, #1160, .T. ) ;
#374 = ORIENTED_EDGE ( 'NONE', *, *, #1025, .F. ) ;
#375 = DIRECTION ( 'NONE',  ( -0.8660254037844388186, -0.4999999999999998335, 0.000000000000000000 ) ) ;
#376 = CIRCLE ( 'NONE', #1209, 1.000000000000000000 ) ;
#377 = ORIENTED_EDGE ( 'NONE', *, *, #1054, .T. ) ;
#378 = LINE ( 'NONE', #608, #827 ) ;
#379 = DIRECTION ( 'NONE',  ( -1.000000000000000000, 0.000000000000000000, 0.000000000000000000 ) ) ;
#380 = CARTESIAN_POINT ( 'NONE',  ( 5.773502691896253758, -9.000000000000000000, 16.50000000000000000 ) ) ;
#381 = VERTEX_POINT ( 'NONE', #867 ) ;
#382 = ADVANCED_FACE ( 'NONE', ( #1328 ), #191, .T. ) ;
#383 = DIRECTION ( 'NONE',  ( -1.000000000000000000, 0.000000000000000000, 0.000000000000000000 ) ) ;
#384 = ORIENTED_EDGE ( 'NONE', *, *, #752, .F. ) ;
#385 = DIRECTION ( 'NONE',  ( 0.5000000000000001110, -0.8660254037844385966, 0.000000000000000000 ) ) ;
#386 = CYLINDRICAL_SURFACE ( 'NONE', #299, 3.999999999999986233 ) ;
#387 = LINE ( 'NONE', #593, #141 ) ;
#388 = ORIENTED_EDGE ( 'NONE', *, *, #182, .T. ) ;
#389 = DIRECTION ( 'NONE',  ( -0.5000000000000001110, -0.8660254037844384856, 0.000000000000000000 ) ) ;
#390 = ORIENTED_EDGE ( 'NONE', *, *, #1007, .T. ) ;
#391 = FACE_OUTER_BOUND ( 'NONE', #1041, .T. ) ;
#392 = EDGE_CURVE ( 'NONE', #237, #408, #246, .T. ) ;
#393 = DIRECTION ( 'NONE',  ( 0.000000000000000000, 0.000000000000000000, -1.000000000000000000 ) ) ;
#394 = AXIS2_PLACEMENT_3D ( 'NONE', #952, #936, #276 ) ;
#395 = APPLICATION_PROTOCOL_DEFINITION ( 'draft international standard', 'automotive_design', 1998, #1426 ) ;
#396 = AXIS2_PLACEMENT_3D ( 'NONE', #1114, #766, #772 ) ;
#397 = ORIENTED_EDGE ( 'NONE', *, *, #785, .T. ) ;
#398 = VECTOR ( 'NONE', #429, 1000.000000000000000 ) ;
#399 = DIRECTION ( 'NONE',  ( 0.000000000000000000, 0.000000000000000000, 1.000000000000000000 ) ) ;
#400 = ORIENTED_EDGE ( 'NONE', *, *, #479, .T. ) ;
#401 = DIRECTION ( 'NONE',  ( 0.000000000000000000, 0.000000000000000000, 1.000000000000000000 ) ) ;
#402 = VECTOR ( 'NONE', #728, 1000.000000000000114 ) ;
#403 = CARTESIAN_POINT ( 'NONE',  ( -3.999999999999988010, 0.000000000000000000, -1.065442715258194882E-15 ) ) ;
#404 = EDGE_CURVE ( 'NONE', #1106, #1026, #1037, .T. ) ;
#405 = CIRCLE ( 'NONE', #835, 9.500000000000000000 ) ;
#406 = ORIENTED_EDGE ( 'NONE', *, *, #900, .F. ) ;
#407 = CARTESIAN_POINT ( 'NONE',  ( -10.81495457622363965, -1.387778780781445676E-14, 25.49999999999999645 ) ) ;
#408 = VERTEX_POINT ( 'NONE', #331 ) ;
#409 = CARTESIAN_POINT ( 'NONE',  ( -10.81495457622364320, -1.561251128379126385E-14, 7.500000000000000000 ) ) ;
#410 = DIRECTION ( 'NONE',  ( -0.4999999999999997224, -0.8660254037844388186, 0.000000000000000000 ) ) ;
#411 = ADVANCED_FACE ( 'NONE', ( #344, #1463 ), #353, .F. ) ;
#412 = FACE_OUTER_BOUND ( 'NONE', #810, .T. ) ;
#413 = ORIENTED_EDGE ( 'NONE', *, *, #1065, .T. ) ;
#414 = FACE_BOUND ( 'NONE', #179, .T. ) ;
#415 = DIRECTION ( 'NONE',  ( -1.000000000000000000, 1.734723475976807094E-15, 0.000000000000000000 ) ) ;
#416 = CIRCLE ( 'NONE', #1081, 1.000000000000000888 ) ;
#417 = DIRECTION ( 'NONE',  ( 0.000000000000000000, 0.000000000000000000, -1.000000000000000000 ) ) ;
#418 = ADVANCED_FACE ( 'NONE', ( #695 ), #811, .T. ) ;
#419 = CIRCLE ( 'NONE', #892, 7.500000000000000000 ) ;
#420 = UNCERTAINTY_MEASURE_WITH_UNIT (LENGTH_MEASURE( 1.000000000000000082E-05 ), #1268, 'distance_accuracy_value', 'NONE');
#421 = AXIS2_PLACEMENT_3D ( 'NONE', #804, #841, #724 ) ;
#422 = EDGE_LOOP ( 'NONE', ( #559, #545, #618, #262 ) ) ;
#423 = FACE_OUTER_BOUND ( 'NONE', #894, .T. ) ;
#424 = DIRECTION ( 'NONE',  ( -0.8660254037844385966, -0.5000000000000001110, 0.000000000000000000 ) ) ;
#425 = SHAPE_DEFINITION_REPRESENTATION ( #1095, #252 ) ;
#426 = DIRECTION ( 'NONE',  ( -1.000000000000000000, 3.552713678800497774E-15, 0.000000000000000000 ) ) ;
#427 = EDGE_CURVE ( 'NONE', #660, #1026, #1379, .T. ) ;
#428 = ORIENTED_EDGE ( 'NONE', *, *, #889, .F. ) ;
#429 = DIRECTION ( 'NONE',  ( -1.000000000000000000, 1.581383788144376968E-16, 0.000000000000000000 ) ) ;
#430 = ADVANCED_FACE ( 'NONE', ( #588 ), #2, .F. ) ;
#431 = LINE ( 'NONE', #1319, #1105 ) ;
#432 = ORIENTED_EDGE ( 'NONE', *, *, #154, .T. ) ;
#433 = CARTESIAN_POINT ( 'NONE',  ( 7.500000000000000000, 9.184850993605147944E-16, 7.500000000000000000 ) ) ;
#434 = PRODUCT ( 'PG9', 'PG9', '', ( #306 ) ) ;
#435 = ORIENTED_EDGE ( 'NONE', *, *, #1267, .T. ) ;
#436 = DIRECTION ( 'NONE',  ( -1.000000000000000000, 0.000000000000000000, -0.000000000000000000 ) ) ;
#437 = LINE ( 'NONE', #533, #1373 ) ;
#438 = EDGE_CURVE ( 'NONE', #791, #830, #115, .T. ) ;
#439 = ORIENTED_EDGE ( 'NONE', *, *, #813, .T. ) ;
#440 = CARTESIAN_POINT ( 'NONE',  ( 0.000000000000000000, 0.000000000000000000, 25.49999999999999645 ) ) ;
#441 = EDGE_LOOP ( 'NONE', ( #222, #20, #1079, #169 ) ) ;
#442 = AXIS2_PLACEMENT_3D ( 'NONE', #553, #1253, #319 ) ;
#443 = LINE ( 'NONE', #895, #897 ) ;
#444 = AXIS2_PLACEMENT_3D ( 'NONE', #31, #934, #1369 ) ;
#445 = ORIENTED_EDGE ( 'NONE', *, *, #1313, .F. ) ;
#446 = CARTESIAN_POINT ( 'NONE',  ( 0.000000000000000000, 0.000000000000000000, 26.49999999999999645 ) ) ;
#447 = AXIS2_PLACEMENT_3D ( 'NONE', #686, #1022, #8 ) ;
#448 = ORIENTED_EDGE ( 'NONE', *, *, #116, .F. ) ;
#449 = VECTOR ( 'NONE', #1333, 1000.000000000000000 ) ;
#450 = DIRECTION ( 'NONE',  ( 0.000000000000000000, 0.000000000000000000, -1.000000000000000000 ) ) ;
#451 = EDGE_LOOP ( 'NONE', ( #1182, #601, #909, #1239 ) ) ;
#452 = DIRECTION ( 'NONE',  ( -1.000000000000000000, 0.000000000000000000, 0.000000000000000000 ) ) ;
#453 = ORIENTED_EDGE ( 'NONE', *, *, #586, .F. ) ;
#454 = AXIS2_PLACEMENT_3D ( 'NONE', #1075, #1208, #1321 ) ;
#455 = CARTESIAN_POINT ( 'NONE',  ( 0.000000000000000000, 0.000000000000000000, 25.49999999999999645 ) ) ;
#456 = DIRECTION ( 'NONE',  ( 0.000000000000000000, 0.000000000000000000, -1.000000000000000000 ) ) ;
#457 = LINE ( 'NONE', #118, #298 ) ;
#458 = EDGE_CURVE ( 'NONE', #28, #105, #478, .T. ) ;
#459 = VERTEX_POINT ( 'NONE', #1242 ) ;
#460 = DIRECTION ( 'NONE',  ( 0.000000000000000000, 0.000000000000000000, -1.000000000000000000 ) ) ;
#461 = CARTESIAN_POINT ( 'NONE',  ( 5.484827557301440670, -9.500000000000001776, 16.50000000000000000 ) ) ;
#462 = CARTESIAN_POINT ( 'NONE',  ( 4.907477288111826930, 8.499999999999998224, 25.49999999999999645 ) ) ;
#463 = DIRECTION ( 'NONE',  ( -1.000000000000000000, 1.581383788144376968E-16, 0.000000000000000000 ) ) ;
#464 = ORIENTED_EDGE ( 'NONE', *, *, #458, .F. ) ;
#465 = EDGE_CURVE ( 'NONE', #110, #1027, #852, .T. ) ;
#466 = CARTESIAN_POINT ( 'NONE',  ( -10.81495457622364320, -1.561251128379126385E-14, 12.50000000000000000 ) ) ;
#467 = ORIENTED_EDGE ( 'NONE', *, *, #947, .F. ) ;
#468 = LINE ( 'NONE', #225, #778 ) ;
#469 = CIRCLE ( 'NONE', #493, 1.000000000000000888 ) ;
#470 = AXIS2_PLACEMENT_3D ( 'NONE', #1399, #375, #831 ) ;
#471 = VECTOR ( 'NONE', #122, 1000.000000000000000 ) ;
#472 = CARTESIAN_POINT ( 'NONE',  ( 3.999999999999984457, 4.898587196589395079E-16, 29.50000000000000000 ) ) ;
#473 = CIRCLE ( 'NONE', #662, 3.000000000000000000 ) ;
#474 = CARTESIAN_POINT ( 'NONE',  ( 5.484827557301438894, -9.500000000000000000, 12.50000000000000000 ) ) ;
#475 = ORIENTED_EDGE ( 'NONE', *, *, #1078, .F. ) ;
#476 = CARTESIAN_POINT ( 'NONE',  ( -5.773502691896248429, 9.000000000000005329, 7.500000000000000000 ) ) ;
#477 = ADVANCED_FACE ( 'NONE', ( #580 ), #612, .T. ) ;
#478 = LINE ( 'NONE', #1385, #471 ) ;
#479 = EDGE_CURVE ( 'NONE', #1285, #1189, #468, .T. ) ;
#480 = CARTESIAN_POINT ( 'NONE',  ( -4.907477288111814495, 8.499999999999998224, 25.49999999999999645 ) ) ;
#481 = EDGE_LOOP ( 'NONE', ( #990, #955, #232, #6 ) ) ;
#482 = CYLINDRICAL_SURFACE ( 'NONE', #992, 9.500000000000000000 ) ;
#483 = VERTEX_POINT ( 'NONE', #1368 ) ;
#484 = CARTESIAN_POINT ( 'NONE',  ( -7.500000000000000000, 0.000000000000000000, 12.50000000000000000 ) ) ;
#485 = CARTESIAN_POINT ( 'NONE',  ( -10.96965511460289555, -1.422972423403837189E-14, 12.50000000000000000 ) ) ;
#486 = EDGE_CURVE ( 'NONE', #501, #1310, #1272, .T. ) ;
#487 = ORIENTED_EDGE ( 'NONE', *, *, #604, .F. ) ;
#488 = CARTESIAN_POINT ( 'NONE',  ( -4.907477288111831371, -9.500000000000000000, 16.50000000000000000 ) ) ;
#489 = EDGE_LOOP ( 'NONE', ( #117, #739, #1382, #1266 ) ) ;
#490 = DIRECTION ( 'NONE',  ( 0.000000000000000000, 0.000000000000000000, -1.000000000000000000 ) ) ;
#491 = VECTOR ( 'NONE', #1109, 1000.000000000000000 ) ;
#492 = CARTESIAN_POINT ( 'NONE',  ( 0.000000000000000000, 0.000000000000000000, -1.065442715258194882E-15 ) ) ;
#493 = AXIS2_PLACEMENT_3D ( 'NONE', #523, #54, #850 ) ;
#494 = ADVANCED_FACE ( 'NONE', ( #219 ), #711, .T. ) ;
#495 = CIRCLE ( 'NONE', #444, 3.999999999999984457 ) ;
#496 = CARTESIAN_POINT ( 'NONE',  ( 5.773502691896251982, -9.000000000000000000, 7.500000000000000000 ) ) ;
#497 = VECTOR ( 'NONE', #765, 1000.000000000000000 ) ;
#498 = ORIENTED_EDGE ( 'NONE', *, *, #613, .F. ) ;
#499 = DIRECTION ( 'NONE',  ( -0.000000000000000000, -0.000000000000000000, -1.000000000000000000 ) ) ;
#500 = AXIS2_PLACEMENT_3D ( 'NONE', #81, #94, #549 ) ;
#501 = VERTEX_POINT ( 'NONE', #239 ) ;
#502 = DIRECTION ( 'NONE',  ( 0.000000000000000000, 0.000000000000000000, -1.000000000000000000 ) ) ;
#503 = DIRECTION ( 'NONE',  ( -0.000000000000000000, -0.000000000000000000, -1.000000000000000000 ) ) ;
#504 = DIRECTION ( 'NONE',  ( -0.5000000000000001110, -0.8660254037844384856, 0.000000000000000000 ) ) ;
#505 = ORIENTED_EDGE ( 'NONE', *, *, #274, .T. ) ;
#506 = CARTESIAN_POINT ( 'NONE',  ( -5.484827557301439782, 9.500000000000001776, 25.49999999999999645 ) ) ;
#507 = ORIENTED_EDGE ( 'NONE', *, *, #465, .F. ) ;
#508 = DIRECTION ( 'NONE',  ( -0.000000000000000000, -0.000000000000000000, -1.000000000000000000 ) ) ;
#509 = LINE ( 'NONE', #1289, #1398 ) ;
#510 = EDGE_LOOP ( 'NONE', ( #113, #445, #1197, #853 ) ) ;
#511 = LINE ( 'NONE', #358, #1163 ) ;
#512 = ADVANCED_FACE ( 'NONE', ( #702 ), #1016, .T. ) ;
#513 = ORIENTED_EDGE ( 'NONE', *, *, #125, .F. ) ;
#514 = CARTESIAN_POINT ( 'NONE',  ( 0.000000000000000000, 0.000000000000000000, 12.50000000000000000 ) ) ;
#515 = CARTESIAN_POINT ( 'NONE',  ( -9.814954576223641425, -1.387778780781445676E-14, 16.50000000000000000 ) ) ;
#516 = CIRCLE ( 'NONE', #681, 9.500000000000000000 ) ;
#517 = VECTOR ( 'NONE', #789, 1000.000000000000000 ) ;
#518 = ORIENTED_EDGE ( 'NONE', *, *, #900, .T. ) ;
#519 = AXIS2_PLACEMENT_3D ( 'NONE', #128, #566, #921 ) ;
#520 = CARTESIAN_POINT ( 'NONE',  ( 5.773502691896251982, -9.000000000000000000, 12.50000000000000000 ) ) ;
#521 = ORIENTED_EDGE ( 'NONE', *, *, #988, .T. ) ;
#522 = CARTESIAN_POINT ( 'NONE',  ( -10.68097998000808246, 0.4999999999999855671, 12.50000000000000000 ) ) ;
#523 = CARTESIAN_POINT ( 'NONE',  ( -9.814954576223643201, -1.561251128379126385E-14, 7.500000000000000000 ) ) ;
#524 = EDGE_CURVE ( 'NONE', #640, #959, #204, .T. ) ;
#525 = DIRECTION ( 'NONE',  ( -0.000000000000000000, -0.000000000000000000, 1.000000000000000000 ) ) ;
#526 = ORIENTED_EDGE ( 'NONE', *, *, #908, .F. ) ;
#527 = LINE ( 'NONE', #314, #1424 ) ;
#528 = DIRECTION ( 'NONE',  ( 0.5000000000000001110, -0.8660254037844385966, 0.000000000000000000 ) ) ;
#529 = EDGE_CURVE ( 'NONE', #961, #561, #89, .T. ) ;
#530 =( NAMED_UNIT ( * ) SI_UNIT ( $, .STERADIAN. ) SOLID_ANGLE_UNIT ( ) );
#531 = CARTESIAN_POINT ( 'NONE',  ( -5.484827557301458434, -9.500000000000000000, 25.49999999999999645 ) ) ;
#532 = EDGE_LOOP ( 'NONE', ( #1144, #439, #189, #1341 ) ) ;
#533 = CARTESIAN_POINT ( 'NONE',  ( -10.96965511460289200, -1.641644101342326781E-14, 25.49999999999999645 ) ) ;
#534 = EDGE_CURVE ( 'NONE', #1027, #257, #1192, .T. ) ;
#535 = VECTOR ( 'NONE', #450, 1000.000000000000000 ) ;
#536 = LINE ( 'NONE', #1437, #1130 ) ;
#537 = AXIS2_PLACEMENT_3D ( 'NONE', #82, #993, #672 ) ;
#538 = ADVANCED_FACE ( 'NONE', ( #271 ), #152, .T. ) ;
#539 = VECTOR ( 'NONE', #926, 1000.000000000000000 ) ;
#540 = VERTEX_POINT ( 'NONE', #484 ) ;
#541 = DIRECTION ( 'NONE',  ( -0.4999999999999997780, 0.8660254037844388186, 0.000000000000000000 ) ) ;
#542 = AXIS2_PLACEMENT_3D ( 'NONE', #136, #1270, #738 ) ;
#543 = FACE_OUTER_BOUND ( 'NONE', #215, .T. ) ;
#544 = AXIS2_PLACEMENT_3D ( 'NONE', #254, #1166, #34 ) ;
#545 = ORIENTED_EDGE ( 'NONE', *, *, #1238, .T. ) ;
#546 = DIRECTION ( 'NONE',  ( 0.000000000000000000, -0.000000000000000000, 1.000000000000000000 ) ) ;
#547 = ORIENTED_EDGE ( 'NONE', *, *, #1449, .T. ) ;
#548 = ADVANCED_FACE ( 'NONE', ( #1068 ), #1052, .T. ) ;
#549 = DIRECTION ( 'NONE',  ( -1.000000000000000000, 0.000000000000000000, 0.000000000000000000 ) ) ;
#550 = VECTOR ( 'NONE', #1171, 1000.000000000000000 ) ;
#551 = CARTESIAN_POINT ( 'NONE',  ( 5.484827557301453105, 9.500000000000001776, 7.500000000000000000 ) ) ;
#552 = VERTEX_POINT ( 'NONE', #957 ) ;
#553 = CARTESIAN_POINT ( 'NONE',  ( 10.96965511460289378, 1.388446302009290834E-14, 12.50000000000000000 ) ) ;
#554 = ORIENTED_EDGE ( 'NONE', *, *, #1078, .T. ) ;
#555 = DIRECTION ( 'NONE',  ( -0.8660254037844388186, 0.4999999999999998335, 0.000000000000000000 ) ) ;
#556 = ADVANCED_FACE ( 'NONE', ( #391 ), #1183, .T. ) ;
#557 = ORIENTED_EDGE ( 'NONE', *, *, #404, .F. ) ;
#558 = DIRECTION ( 'NONE',  ( -1.000000000000000000, 1.581383788144376968E-16, 0.000000000000000000 ) ) ;
#559 = ORIENTED_EDGE ( 'NONE', *, *, #996, .F. ) ;
#560 = DIRECTION ( 'NONE',  ( -1.000000000000000000, 0.000000000000000000, 0.000000000000000000 ) ) ;
#561 = VERTEX_POINT ( 'NONE', #626 ) ;
#562 = AXIS2_PLACEMENT_3D ( 'NONE', #474, #721, #814 ) ;
#563 = DIRECTION ( 'NONE',  ( 0.000000000000000000, 0.000000000000000000, 1.000000000000000000 ) ) ;
#564 = AXIS2_PLACEMENT_3D ( 'NONE', #289, #749, #836 ) ;
#565 = VERTEX_POINT ( 'NONE', #1402 ) ;
#566 = DIRECTION ( 'NONE',  ( 0.000000000000000000, 0.000000000000000000, -1.000000000000000000 ) ) ;
#567 = VECTOR ( 'NONE', #508, 1000.000000000000000 ) ;
#568 = ORIENTED_EDGE ( 'NONE', *, *, #1187, .T. ) ;
#569 = CIRCLE ( 'NONE', #1230, 6.500000000000000000 ) ;
#570 = DIRECTION ( 'NONE',  ( -1.000000000000000000, 0.000000000000000000, 0.000000000000000000 ) ) ;
#571 = EDGE_LOOP ( 'NONE', ( #1466, #308, #67, #209 ) ) ;
#572 = PLANE ( 'NONE',  #615 ) ;
#573 = ORIENTED_EDGE ( 'NONE', *, *, #927, .T. ) ;
#574 = CARTESIAN_POINT ( 'NONE',  ( 0.000000000000000000, 0.000000000000000000, 26.49999999999999645 ) ) ;
#575 = CARTESIAN_POINT ( 'NONE',  ( 4.907477288111815383, -9.500000000000001776, 25.49999999999999645 ) ) ;
#576 = FACE_OUTER_BOUND ( 'NONE', #422, .T. ) ;
#577 = ORIENTED_EDGE ( 'NONE', *, *, #956, .T. ) ;
#578 = CARTESIAN_POINT ( 'NONE',  ( 0.000000000000000000, 0.000000000000000000, 25.49999999999999645 ) ) ;
#579 = EDGE_LOOP ( 'NONE', ( #937, #134, #1301, #1317, #568 ) ) ;
#580 = FACE_OUTER_BOUND ( 'NONE', #285, .T. ) ;
#581 = CARTESIAN_POINT ( 'NONE',  ( 10.68097998000808069, 0.5000000000000125455, 12.50000000000000000 ) ) ;
#582 = DIRECTION ( 'NONE',  ( -1.000000000000000000, 0.000000000000000000, 0.000000000000000000 ) ) ;
#583 = EDGE_CURVE ( 'NONE', #722, #824, #251, .T. ) ;
#584 = EDGE_LOOP ( 'NONE', ( #1178, #505, #1124, #56, #1353 ) ) ;
#585 = DIRECTION ( 'NONE',  ( -1.000000000000000000, 0.000000000000000000, -0.000000000000000000 ) ) ;
#586 = EDGE_CURVE ( 'NONE', #969, #1434, #1302, .T. ) ;
#587 = AXIS2_PLACEMENT_3D ( 'NONE', #751, #975, #979 ) ;
#588 = FACE_OUTER_BOUND ( 'NONE', #1142, .T. ) ;
#589 = VECTOR ( 'NONE', #1069, 1000.000000000000000 ) ;
#590 = CIRCLE ( 'NONE', #943, 1.000000000000000000 ) ;
#591 = DIRECTION ( 'NONE',  ( -0.5000000000000002220, -0.8660254037844384856, 0.000000000000000000 ) ) ;
#592 = CIRCLE ( 'NONE', #112, 9.500000000000000000 ) ;
#593 = CARTESIAN_POINT ( 'NONE',  ( 10.96965511460289378, 1.388446302009290834E-14, 12.50000000000000000 ) ) ;
#594 = ORIENTED_EDGE ( 'NONE', *, *, #1054, .F. ) ;
#595 = LINE ( 'NONE', #1190, #324 ) ;
#596 = EDGE_CURVE ( 'NONE', #64, #540, #1254, .T. ) ;
#597 = ORIENTED_EDGE ( 'NONE', *, *, #1305, .F. ) ;
#598 = DIRECTION ( 'NONE',  ( -1.000000000000000000, 0.000000000000000000, 0.000000000000000000 ) ) ;
#599 = LINE ( 'NONE', #575, #658 ) ;
#600 = DIRECTION ( 'NONE',  ( 0.000000000000000000, 0.000000000000000000, -1.000000000000000000 ) ) ;
#601 = ORIENTED_EDGE ( 'NONE', *, *, #1238, .F. ) ;
#602 = CARTESIAN_POINT ( 'NONE',  ( -5.773502691896269745, -9.000000000000001776, 7.500000000000000000 ) ) ;
#603 = FACE_OUTER_BOUND ( 'NONE', #126, .T. ) ;
#604 = EDGE_CURVE ( 'NONE', #292, #501, #803, .T. ) ;
#605 = CARTESIAN_POINT ( 'NONE',  ( -5.484827557301437118, 9.500000000000001776, 7.500000000000000000 ) ) ;
#606 = ORIENTED_EDGE ( 'NONE', *, *, #166, .F. ) ;
#607 = DIRECTION ( 'NONE',  ( -1.000000000000000000, 1.224646799147353207E-16, 0.000000000000000000 ) ) ;
#608 = CARTESIAN_POINT ( 'NONE',  ( 5.484827557301452217, 9.500000000000000000, 25.49999999999999645 ) ) ;
#609 = AXIS2_PLACEMENT_3D ( 'NONE', #790, #111, #570 ) ;
#610 = DIRECTION ( 'NONE',  ( 0.000000000000000000, 0.000000000000000000, -1.000000000000000000 ) ) ;
#611 = AXIS2_PLACEMENT_3D ( 'NONE', #123, #355, #1170 ) ;
#612 = TOROIDAL_SURFACE ( 'NONE', #967, 6.500000000000000000, 3.000000000000000000 ) ;
#613 = EDGE_CURVE ( 'NONE', #629, #1066, #378, .T. ) ;
#614 = LINE ( 'NONE', #1055, #550 ) ;
#615 = AXIS2_PLACEMENT_3D ( 'NONE', #578, #351, #585 ) ;
#616 = ORIENTED_EDGE ( 'NONE', *, *, #927, .F. ) ;
#617 = DIRECTION ( 'NONE',  ( -0.000000000000000000, -0.000000000000000000, 1.000000000000000000 ) ) ;
#618 = ORIENTED_EDGE ( 'NONE', *, *, #1432, .T. ) ;
#619 = DIRECTION ( 'NONE',  ( 0.000000000000000000, 0.000000000000000000, -1.000000000000000000 ) ) ;
#620 = LINE ( 'NONE', #147, #41 ) ;
#621 =( LENGTH_UNIT ( ) NAMED_UNIT ( * ) SI_UNIT ( .MILLI., .METRE. ) );
#622 = EDGE_CURVE ( 'NONE', #151, #28, #158, .T. ) ;
#623 = ORIENTED_EDGE ( 'NONE', *, *, #404, .T. ) ;
#624 = DIRECTION ( 'NONE',  ( -0.000000000000000000, -0.000000000000000000, -1.000000000000000000 ) ) ;
#625 = ORIENTED_EDGE ( 'NONE', *, *, #1091, .T. ) ;
#626 = CARTESIAN_POINT ( 'NONE',  ( -6.500000000000000000, 9.797174393178825657E-16, 29.49999999999999645 ) ) ;
#627 = LINE ( 'NONE', #605, #589 ) ;
#628 = SURFACE_STYLE_FILL_AREA ( #1307 ) ;
#629 = VERTEX_POINT ( 'NONE', #53 ) ;
#630 = FACE_BOUND ( 'NONE', #1008, .T. ) ;
#631 = VERTEX_POINT ( 'NONE', #1169 ) ;
#632 = ADVANCED_FACE ( 'NONE', ( #46 ), #1288, .T. ) ;
#633 = CARTESIAN_POINT ( 'NONE',  ( 5.773502691896266192, 9.000000000000003553, 12.50000000000000000 ) ) ;
#634 = LINE ( 'NONE', #944, #369 ) ;
#635 = AXIS2_PLACEMENT_3D ( 'NONE', #1002, #228, #776 ) ;
#636 = AXIS2_PLACEMENT_3D ( 'NONE', #62, #259, #368 ) ;
#637 = ORIENTED_EDGE ( 'NONE', *, *, #77, .T. ) ;
#638 = VECTOR ( 'NONE', #266, 1000.000000000000000 ) ;
#639 = CARTESIAN_POINT ( 'NONE',  ( -5.773502691896253758, 9.000000000000000000, 16.50000000000000000 ) ) ;
#640 = VERTEX_POINT ( 'NONE', #1423 ) ;
#641 = CARTESIAN_POINT ( 'NONE',  ( 5.484827557301440670, -9.500000000000001776, 25.49999999999999645 ) ) ;
#642 = CIRCLE ( 'NONE', #348, 1.000000000000000000 ) ;
#643 = ADVANCED_FACE ( 'NONE', ( #603 ), #288, .T. ) ;
#644 = CARTESIAN_POINT ( 'NONE',  ( -7.500000000000000000, 0.000000000000000000, 0.000000000000000000 ) ) ;
#645 = LINE ( 'NONE', #1309, #491 ) ;
#646 = ORIENTED_EDGE ( 'NONE', *, *, #38, .T. ) ;
#647 = FACE_OUTER_BOUND ( 'NONE', #1471, .T. ) ;
#648 = DIRECTION ( 'NONE',  ( 0.000000000000000000, 0.000000000000000000, -1.000000000000000000 ) ) ;
#649 = PRODUCT_DEFINITION ( 'UNKNOWN', '', #330, #1221 ) ;
#650 = FACE_OUTER_BOUND ( 'NONE', #1067, .T. ) ;
#651 = FACE_OUTER_BOUND ( 'NONE', #1422, .T. ) ;
#652 = ORIENTED_EDGE ( 'NONE', *, *, #792, .F. ) ;
#653 = LINE ( 'NONE', #1342, #918 ) ;
#654 = DIRECTION ( 'NONE',  ( 1.000000000000000000, 0.000000000000000000, 0.000000000000000000 ) ) ;
#655 = EDGE_CURVE ( 'NONE', #290, #1, #139, .T. ) ;
#656 = AXIS2_PLACEMENT_3D ( 'NONE', #1030, #1388, #1154 ) ;
#657 = DIRECTION ( 'NONE',  ( -1.000000000000000000, 0.000000000000000000, 0.000000000000000000 ) ) ;
#658 = VECTOR ( 'NONE', #703, 1000.000000000000000 ) ;
#659 = VECTOR ( 'NONE', #68, 1000.000000000000000 ) ;
#660 = VERTEX_POINT ( 'NONE', #825 ) ;
#661 = CARTESIAN_POINT ( 'NONE',  ( -5.773502691896271521, -9.000000000000000000, 25.49999999999999645 ) ) ;
#662 = AXIS2_PLACEMENT_3D ( 'NONE', #1173, #58, #607 ) ;
#663 = CARTESIAN_POINT ( 'NONE',  ( 4.907477288111815383, -9.500000000000001776, 25.49999999999999645 ) ) ;
#664 = ORIENTED_EDGE ( 'NONE', *, *, #1415, .T. ) ;
#665 = APPLICATION_CONTEXT ( 'automotive_design' ) ;
#666 = CARTESIAN_POINT ( 'NONE',  ( 0.000000000000000000, 0.000000000000000000, 29.49999999999999645 ) ) ;
#667 = EDGE_CURVE ( 'NONE', #110, #961, #757, .T. ) ;
#668 = MECHANICAL_DESIGN_GEOMETRIC_PRESENTATION_REPRESENTATION (  '', ( #1356 ), #694 ) ;
#669 = VERTEX_POINT ( 'NONE', #719 ) ;
#670 = DIRECTION ( 'NONE',  ( 0.000000000000000000, 0.000000000000000000, 1.000000000000000000 ) ) ;
#671 = ORIENTED_EDGE ( 'NONE', *, *, #216, .F. ) ;
#672 = DIRECTION ( 'NONE',  ( -1.000000000000000000, 0.000000000000000000, 0.000000000000000000 ) ) ;
#673 = ORIENTED_EDGE ( 'NONE', *, *, #427, .F. ) ;
#674 = CARTESIAN_POINT ( 'NONE',  ( 5.484827557301440670, -9.500000000000001776, 25.49999999999999645 ) ) ;
#675 = VERTEX_POINT ( 'NONE', #145 ) ;
#676 = DIRECTION ( 'NONE',  ( 0.000000000000000000, 0.000000000000000000, 1.000000000000000000 ) ) ;
#677 = EDGE_CURVE ( 'NONE', #459, #45, #1094, .T. ) ;
#678 = ORIENTED_EDGE ( 'NONE', *, *, #486, .F. ) ;
#679 = DIRECTION ( 'NONE',  ( -1.000000000000000000, 1.734723475976807094E-15, 0.000000000000000000 ) ) ;
#680 = CARTESIAN_POINT ( 'NONE',  ( -4.907477288111831371, -8.500000000000000000, 12.50000000000000000 ) ) ;
#681 = AXIS2_PLACEMENT_3D ( 'NONE', #173, #854, #769 ) ;
#682 = ORIENTED_EDGE ( 'NONE', *, *, #174, .T. ) ;
#683 = CIRCLE ( 'NONE', #710, 1.000000000000000000 ) ;
#684 = CARTESIAN_POINT ( 'NONE',  ( 0.000000000000000000, 0.000000000000000000, 16.50000000000000000 ) ) ;
#685 = EDGE_LOOP ( 'NONE', ( #554, #745, #388, #1120, #664, #327, #211, #1362, #1416, #873, #930, #323, #1293 ) ) ;
#686 = CARTESIAN_POINT ( 'NONE',  ( -4.907477288111831371, -8.500000000000000000, 7.500000000000000000 ) ) ;
#687 = VECTOR ( 'NONE', #709, 1000.000000000000000 ) ;
#688 = EDGE_CURVE ( 'NONE', #1285, #1191, #653, .T. ) ;
#689 = CARTESIAN_POINT ( 'NONE',  ( -5.773502691896271521, -9.000000000000000000, 25.49999999999999645 ) ) ;
#690 = VECTOR ( 'NONE', #723, 1000.000000000000000 ) ;
#691 = PLANE ( 'NONE',  #200 ) ;
#692 = ORIENTED_EDGE ( 'NONE', *, *, #1377, .T. ) ;
#693 = DIRECTION ( 'NONE',  ( 0.000000000000000000, 0.000000000000000000, -1.000000000000000000 ) ) ;
#694 =( GEOMETRIC_REPRESENTATION_CONTEXT ( 3 ) GLOBAL_UNCERTAINTY_ASSIGNED_CONTEXT ( ( #1447 ) ) GLOBAL_UNIT_ASSIGNED_CONTEXT ( ( #621, #178, #530 ) ) REPRESENTATION_CONTEXT ( 'NONE', 'WORKASPACE' ) );
#695 = FACE_OUTER_BOUND ( 'NONE', #1115, .T. ) ;
#696 = EDGE_CURVE ( 'NONE', #364, #483, #1102, .T. ) ;
#697 = LINE ( 'NONE', #1023, #517 ) ;
#698 = ADVANCED_FACE ( 'NONE', ( #414, #1440 ), #1336, .T. ) ;
#699 = CARTESIAN_POINT ( 'NONE',  ( -7.500000000000000000, 0.000000000000000000, 16.50000000000000000 ) ) ;
#700 = ORIENTED_EDGE ( 'NONE', *, *, #733, .F. ) ;
#701 = LINE ( 'NONE', #1014, #305 ) ;
#702 = FACE_OUTER_BOUND ( 'NONE', #99, .T. ) ;
#703 = DIRECTION ( 'NONE',  ( -0.000000000000000000, -0.000000000000000000, 1.000000000000000000 ) ) ;
#704 = DIRECTION ( 'NONE',  ( -1.000000000000000000, 0.000000000000000000, 0.000000000000000000 ) ) ;
#705 = ADVANCED_FACE ( 'NONE', ( #423 ), #309, .T. ) ;
#706 = ORIENTED_EDGE ( 'NONE', *, *, #362, .T. ) ;
#707 = DIRECTION ( 'NONE',  ( -1.000000000000000000, 0.000000000000000000, 0.000000000000000000 ) ) ;
#708 = VERTEX_POINT ( 'NONE', #885 ) ;
#709 = DIRECTION ( 'NONE',  ( 0.000000000000000000, 0.000000000000000000, -1.000000000000000000 ) ) ;
#710 = AXIS2_PLACEMENT_3D ( 'NONE', #462, #15, #1164 ) ;
#711 = TOROIDAL_SURFACE ( 'NONE', #19, 6.500000000000000000, 3.000000000000000000 ) ;
#712 = ORIENTED_EDGE ( 'NONE', *, *, #963, .F. ) ;
#713 = CIRCLE ( 'NONE', #1470, 7.500000000000000000 ) ;
#714 = DIRECTION ( 'NONE',  ( 1.000000000000000000, 0.000000000000000000, 0.000000000000000000 ) ) ;
#715 = EDGE_LOOP ( 'NONE', ( #838, #432, #1378, #859 ) ) ;
#716 = EDGE_CURVE ( 'NONE', #1427, #290, #195, .T. ) ;
#717 = CARTESIAN_POINT ( 'NONE',  ( -10.81495457622363965, -1.387778780781445676E-14, 16.50000000000000000 ) ) ;
#718 = ORIENTED_EDGE ( 'NONE', *, *, #1258, .T. ) ;
#719 = CARTESIAN_POINT ( 'NONE',  ( -8.227241335952175660, -4.750000000000001776, 25.49999999999999645 ) ) ;
#720 = DIRECTION ( 'NONE',  ( 0.000000000000000000, 0.000000000000000000, -1.000000000000000000 ) ) ;
#721 = DIRECTION ( 'NONE',  ( 0.000000000000000000, -1.000000000000000000, -0.000000000000000000 ) ) ;
#722 = VERTEX_POINT ( 'NONE', #522 ) ;
#723 = DIRECTION ( 'NONE',  ( -0.000000000000000000, -0.000000000000000000, 1.000000000000000000 ) ) ;
#724 = DIRECTION ( 'NONE',  ( 1.000000000000000000, 0.000000000000000000, 0.000000000000000000 ) ) ;
#725 = EDGE_CURVE ( 'NONE', #300, #1127, #972, .T. ) ;
#726 = CARTESIAN_POINT ( 'NONE',  ( 9.500000000000000000, 1.163414459189985485E-15, 25.49999999999999645 ) ) ;
#727 = ORIENTED_EDGE ( 'NONE', *, *, #427, .T. ) ;
#728 = DIRECTION ( 'NONE',  ( -0.4999999999999997780, 0.8660254037844388186, 0.000000000000000000 ) ) ;
#729 = ORIENTED_EDGE ( 'NONE', *, *, #851, .F. ) ;
#730 = DIRECTION ( 'NONE',  ( 0.000000000000000000, 0.000000000000000000, -1.000000000000000000 ) ) ;
#731 = AXIS2_PLACEMENT_3D ( 'NONE', #1077, #307, #1446 ) ;
#732 = DIRECTION ( 'NONE',  ( -1.000000000000000000, 0.000000000000000000, 0.000000000000000000 ) ) ;
#733 = EDGE_CURVE ( 'NONE', #290, #969, #590, .T. ) ;
#734 = CIRCLE ( 'NONE', #87, 7.500000000000000000 ) ;
#735 = VECTOR ( 'NONE', #337, 1000.000000000000000 ) ;
#736 = CARTESIAN_POINT ( 'NONE',  ( 5.773502691896266192, 9.000000000000003553, 7.500000000000000000 ) ) ;
#737 = VERTEX_POINT ( 'NONE', #409 ) ;
#738 = DIRECTION ( 'NONE',  ( -1.000000000000000000, 0.000000000000000000, -0.000000000000000000 ) ) ;
#739 = ORIENTED_EDGE ( 'NONE', *, *, #963, .T. ) ;
#740 = DIRECTION ( 'NONE',  ( -1.000000000000000000, 0.000000000000000000, 0.000000000000000000 ) ) ;
#741 = CARTESIAN_POINT ( 'NONE',  ( -9.814954576223641425, -1.387778780781445676E-14, 25.49999999999999645 ) ) ;
#742 = EDGE_CURVE ( 'NONE', #26, #629, #527, .T. ) ;
#743 = AXIS2_PLACEMENT_3D ( 'NONE', #929, #600, #1048 ) ;
#744 = EDGE_CURVE ( 'NONE', #1434, #1427, #945, .T. ) ;
#745 = ORIENTED_EDGE ( 'NONE', *, *, #30, .T. ) ;
#746 = LINE ( 'NONE', #198, #849 ) ;
#747 = ORIENTED_EDGE ( 'NONE', *, *, #785, .F. ) ;
#748 = DIRECTION ( 'NONE',  ( 0.000000000000000000, 0.000000000000000000, -1.000000000000000000 ) ) ;
#749 = DIRECTION ( 'NONE',  ( 0.000000000000000000, 0.000000000000000000, -1.000000000000000000 ) ) ;
#750 = ORIENTED_EDGE ( 'NONE', *, *, #1213, .T. ) ;
#751 = CARTESIAN_POINT ( 'NONE',  ( 0.000000000000000000, 0.000000000000000000, 25.49999999999999645 ) ) ;
#752 = EDGE_CURVE ( 'NONE', #1360, #11, #991, .T. ) ;
#753 = ORIENTED_EDGE ( 'NONE', *, *, #725, .T. ) ;
#754 = LINE ( 'NONE', #1203, #1063 ) ;
#755 = CARTESIAN_POINT ( 'NONE',  ( -9.500000000000000000, 0.000000000000000000, 25.49999999999999645 ) ) ;
#756 = AXIS2_PLACEMENT_3D ( 'NONE', #47, #503, #951 ) ;
#757 = CIRCLE ( 'NONE', #1184, 2.999999999999999112 ) ;
#758 = CARTESIAN_POINT ( 'NONE',  ( -1.502314598737158242E-15, -9.500000000000001776, 25.49999999999999645 ) ) ;
#759 = EDGE_CURVE ( 'NONE', #1360, #1315, #754, .T. ) ;
#760 = ORIENTED_EDGE ( 'NONE', *, *, #284, .T. ) ;
#761 = CARTESIAN_POINT ( 'NONE',  ( -10.96965511460289555, -1.422972423403837189E-14, 12.50000000000000000 ) ) ;
#762 = CARTESIAN_POINT ( 'NONE',  ( 8.227241335952163226, -4.749999999999994671, 25.49999999999999645 ) ) ;
#763 = DIRECTION ( 'NONE',  ( 0.000000000000000000, 0.000000000000000000, -1.000000000000000000 ) ) ;
#764 = EDGE_LOOP ( 'NONE', ( #374, #712, #1332, #1029 ) ) ;
#765 = DIRECTION ( 'NONE',  ( -0.000000000000000000, -0.000000000000000000, 1.000000000000000000 ) ) ;
#766 = DIRECTION ( 'NONE',  ( 0.000000000000000000, 0.000000000000000000, -1.000000000000000000 ) ) ;
#767 = EDGE_CURVE ( 'NONE', #110, #199, #1223, .T. ) ;
#768 = PLANE ( 'NONE',  #454 ) ;
#769 = DIRECTION ( 'NONE',  ( 1.000000000000000000, 0.000000000000000000, 0.000000000000000000 ) ) ;
#770 = EDGE_LOOP ( 'NONE', ( #243, #397 ) ) ;
#771 = DIRECTION ( 'NONE',  ( 0.000000000000000000, 0.000000000000000000, -1.000000000000000000 ) ) ;
#772 = DIRECTION ( 'NONE',  ( -1.000000000000000000, 0.000000000000000000, 0.000000000000000000 ) ) ;
#773 = EDGE_CURVE ( 'NONE', #959, #357, #201, .T. ) ;
#774 = ORIENTED_EDGE ( 'NONE', *, *, #1456, .F. ) ;
#775 = AXIS2_PLACEMENT_3D ( 'NONE', #987, #763, #1215 ) ;
#776 = DIRECTION ( 'NONE',  ( -1.000000000000000000, 0.000000000000000000, 0.000000000000000000 ) ) ;
#777 = CIRCLE ( 'NONE', #966, 3.999999999999988010 ) ;
#778 = VECTOR ( 'NONE', #912, 1000.000000000000114 ) ;
#779 = ORIENTED_EDGE ( 'NONE', *, *, #325, .F. ) ;
#780 = PLANE ( 'NONE',  #1086 ) ;
#781 = DIRECTION ( 'NONE',  ( -0.000000000000000000, -0.000000000000000000, 1.000000000000000000 ) ) ;
#782 = ORIENTED_EDGE ( 'NONE', *, *, #667, .T. ) ;
#783 = EDGE_CURVE ( 'NONE', #1310, #565, #1256, .T. ) ;
#784 = PLANE ( 'NONE',  #275 ) ;
#785 = EDGE_CURVE ( 'NONE', #561, #961, #569, .T. ) ;
#786 = ORIENTED_EDGE ( 'NONE', *, *, #583, .T. ) ;
#787 = CARTESIAN_POINT ( 'NONE',  ( 0.000000000000000000, 0.000000000000000000, 25.49999999999999645 ) ) ;
#788 = DIRECTION ( 'NONE',  ( -1.000000000000000000, 0.000000000000000000, 0.000000000000000000 ) ) ;
#789 = DIRECTION ( 'NONE',  ( 1.000000000000000000, -1.581383788144377954E-16, 0.000000000000000000 ) ) ;
#790 = CARTESIAN_POINT ( 'NONE',  ( 4.907477288111813607, -8.500000000000000000, 12.50000000000000000 ) ) ;
#791 = VERTEX_POINT ( 'NONE', #866 ) ;
#792 = EDGE_CURVE ( 'NONE', #722, #791, #302, .T. ) ;
#793 = CARTESIAN_POINT ( 'NONE',  ( -4.907477288111831371, -8.499999999999998224, 16.50000000000000000 ) ) ;
#794 = ORIENTED_EDGE ( 'NONE', *, *, #744, .F. ) ;
#795 = DIRECTION ( 'NONE',  ( 0.8660254037844388186, -0.4999999999999997224, 0.000000000000000000 ) ) ;
#796 = DIRECTION ( 'NONE',  ( -1.000000000000000000, 0.000000000000000000, 0.000000000000000000 ) ) ;
#797 = LINE ( 'NONE', #674, #823 ) ;
#798 = AXIS2_PLACEMENT_3D ( 'NONE', #680, #1260, #1024 ) ;
#799 = VERTEX_POINT ( 'NONE', #190 ) ;
#800 = CIRCLE ( 'NONE', #1011, 0.9999999999999991118 ) ;
#801 = CARTESIAN_POINT ( 'NONE',  ( 0.000000000000000000, 0.000000000000000000, 25.49999999999999645 ) ) ;
#802 = ADVANCED_FACE ( 'NONE', ( #647 ), #7, .T. ) ;
#803 = CIRCLE ( 'NONE', #1036, 1.000000000000000000 ) ;
#804 = CARTESIAN_POINT ( 'NONE',  ( 0.000000000000000000, 0.000000000000000000, 29.49999999999999645 ) ) ;
#805 = ADVANCED_FACE ( 'NONE', ( #335 ), #1150, .T. ) ;
#806 = AXIS2_PLACEMENT_3D ( 'NONE', #801, #563, #1472 ) ;
#807 = CARTESIAN_POINT ( 'NONE',  ( -7.500000000000000000, 0.000000000000000000, 7.500000000000000000 ) ) ;
#808 = CARTESIAN_POINT ( 'NONE',  ( 5.773502691896253758, -9.000000000000000000, 25.49999999999999645 ) ) ;
#809 = ORIENTED_EDGE ( 'NONE', *, *, #98, .T. ) ;
#810 = EDGE_LOOP ( 'NONE', ( #1051, #184, #42, #774 ) ) ;
#811 = CYLINDRICAL_SURFACE ( 'NONE', #1207, 1.000000000000000000 ) ;
#812 = CARTESIAN_POINT ( 'NONE',  ( 4.907477288111813607, -9.500000000000000000, 12.50000000000000000 ) ) ;
#813 = EDGE_CURVE ( 'NONE', #1271, #366, #12, .T. ) ;
#814 = DIRECTION ( 'NONE',  ( 0.000000000000000000, 0.000000000000000000, -1.000000000000000000 ) ) ;
#815 = ORIENTED_EDGE ( 'NONE', *, *, #458, .T. ) ;
#816 = DIRECTION ( 'NONE',  ( 0.000000000000000000, 0.000000000000000000, -1.000000000000000000 ) ) ;
#817 = ORIENTED_EDGE ( 'NONE', *, *, #1228, .F. ) ;
#818 = CARTESIAN_POINT ( 'NONE',  ( 0.000000000000000000, 0.000000000000000000, 7.500000000000000000 ) ) ;
#819 = EDGE_CURVE ( 'NONE', #1174, #1018, #701, .T. ) ;
#820 = CARTESIAN_POINT ( 'NONE',  ( 0.000000000000000000, 0.000000000000000000, 26.49999999999999645 ) ) ;
#821 = ORIENTED_EDGE ( 'NONE', *, *, #851, .T. ) ;
#822 = PLANE ( 'NONE',  #1038 ) ;
#823 = VECTOR ( 'NONE', #463, 1000.000000000000000 ) ;
#824 = VERTEX_POINT ( 'NONE', #466 ) ;
#825 = CARTESIAN_POINT ( 'NONE',  ( 4.907477288111815383, -9.500000000000001776, 16.50000000000000000 ) ) ;
#826 = AXIS2_PLACEMENT_3D ( 'NONE', #515, #720, #828 ) ;
#827 = VECTOR ( 'NONE', #1060, 1000.000000000000227 ) ;
#828 = DIRECTION ( 'NONE',  ( -1.000000000000000000, 0.000000000000000000, 0.000000000000000000 ) ) ;
#829 =( NAMED_UNIT ( * ) SI_UNIT ( $, .STERADIAN. ) SOLID_ANGLE_UNIT ( ) );
#830 = VERTEX_POINT ( 'NONE', #476 ) ;
#831 = DIRECTION ( 'NONE',  ( 0.4999999999999997780, -0.8660254037844387076, 0.000000000000000000 ) ) ;
#832 = EDGE_CURVE ( 'NONE', #336, #1, #1350, .T. ) ;
#833 = ORIENTED_EDGE ( 'NONE', *, *, #1107, .T. ) ;
#834 = CARTESIAN_POINT ( 'NONE',  ( 0.000000000000000000, 0.000000000000000000, 29.50000000000000000 ) ) ;
#835 = AXIS2_PLACEMENT_3D ( 'NONE', #1064, #250, #714 ) ;
#836 = DIRECTION ( 'NONE',  ( -1.000000000000000000, 0.000000000000000000, 0.000000000000000000 ) ) ;
#837 = CYLINDRICAL_SURFACE ( 'NONE', #109, 1.000000000000000000 ) ;
#838 = ORIENTED_EDGE ( 'NONE', *, *, #1219, .F. ) ;
#839 = PLANE ( 'NONE',  #542 ) ;
#840 = EDGE_CURVE ( 'NONE', #971, #1269, #713, .T. ) ;
#841 = DIRECTION ( 'NONE',  ( 0.000000000000000000, 0.000000000000000000, 1.000000000000000000 ) ) ;
#842 = CARTESIAN_POINT ( 'NONE',  ( 0.000000000000000000, 0.000000000000000000, 0.000000000000000000 ) ) ;
#843 = LINE ( 'NONE', #363, #1300 ) ;
#844 = EDGE_LOOP ( 'NONE', ( #861, #513, #1454, #940 ) ) ;
#845 = DIRECTION ( 'NONE',  ( -1.000000000000000000, 0.000000000000000000, 0.000000000000000000 ) ) ;
#846 = ORIENTED_EDGE ( 'NONE', *, *, #613, .T. ) ;
#847 = CARTESIAN_POINT ( 'NONE',  ( -9.814954576223643201, -1.561251128379126385E-14, 12.50000000000000000 ) ) ;
#848 = ADVANCED_FACE ( 'NONE', ( #903 ), #924, .T. ) ;
#849 = VECTOR ( 'NONE', #657, 1000.000000000000000 ) ;
#850 = DIRECTION ( 'NONE',  ( -1.000000000000000000, 0.000000000000000000, 0.000000000000000000 ) ) ;
#851 = EDGE_CURVE ( 'NONE', #357, #997, #1136, .T. ) ;
#852 = CIRCLE ( 'NONE', #133, 9.500000000000000000 ) ;
#853 = ORIENTED_EDGE ( 'NONE', *, *, #274, .F. ) ;
#854 = DIRECTION ( 'NONE',  ( 0.000000000000000000, 0.000000000000000000, 1.000000000000000000 ) ) ;
#855 = EDGE_LOOP ( 'NONE', ( #96, #1391 ) ) ;
#856 = DIRECTION ( 'NONE',  ( 1.000000000000000000, 0.000000000000000000, 0.000000000000000000 ) ) ;
#857 = LINE ( 'NONE', #1312, #1206 ) ;
#858 = ADVANCED_FACE ( 'NONE', ( #1359 ), #572, .F. ) ;
#859 = ORIENTED_EDGE ( 'NONE', *, *, #1007, .F. ) ;
#860 = CARTESIAN_POINT ( 'NONE',  ( -10.68097998000807891, -0.5000000000000160982, 25.49999999999999645 ) ) ;
#861 = ORIENTED_EDGE ( 'NONE', *, *, #819, .F. ) ;
#862 = CARTESIAN_POINT ( 'NONE',  ( 0.000000000000000000, 0.000000000000000000, 16.50000000000000000 ) ) ;
#863 = DIRECTION ( 'NONE',  ( 0.000000000000000000, 0.000000000000000000, -1.000000000000000000 ) ) ;
#864 = LINE ( 'NONE', #91, #1464 ) ;
#865 = ORIENTED_EDGE ( 'NONE', *, *, #1408, .T. ) ;
#866 = CARTESIAN_POINT ( 'NONE',  ( -5.773502691896248429, 9.000000000000005329, 12.50000000000000000 ) ) ;
#867 = CARTESIAN_POINT ( 'NONE',  ( -10.68097998000808246, 0.4999999999999855671, 7.500000000000000000 ) ) ;
#868 = CIRCLE ( 'NONE', #1370, 0.9999999999999991118 ) ;
#869 = VECTOR ( 'NONE', #1380, 1000.000000000000000 ) ;
#870 = DIRECTION ( 'NONE',  ( 0.000000000000000000, 0.000000000000000000, 1.000000000000000000 ) ) ;
#871 = VECTOR ( 'NONE', #528, 1000.000000000000000 ) ;
#872 = CYLINDRICAL_SURFACE ( 'NONE', #39, 7.500000000000000000 ) ;
#873 = ORIENTED_EDGE ( 'NONE', *, *, #996, .T. ) ;
#874 = EDGE_CURVE ( 'NONE', #552, #969, #910, .T. ) ;
#875 = CARTESIAN_POINT ( 'NONE',  ( 9.500000000000000000, 1.163414459189985485E-15, 29.49999999999999645 ) ) ;
#876 = FACE_OUTER_BOUND ( 'NONE', #481, .T. ) ;
#877 = DIRECTION ( 'NONE',  ( -1.000000000000000000, 0.000000000000000000, 0.000000000000000000 ) ) ;
#878 = ORIENTED_EDGE ( 'NONE', *, *, #1126, .F. ) ;
#879 = CARTESIAN_POINT ( 'NONE',  ( 10.96965511460289200, 1.700252851085786816E-14, 25.49999999999999645 ) ) ;
#880 = ADVANCED_FACE ( 'NONE', ( #1383 ), #780, .T. ) ;
#881 = CYLINDRICAL_SURFACE ( 'NONE', #396, 1.000000000000000888 ) ;
#882 = ORIENTED_EDGE ( 'NONE', *, *, #874, .F. ) ;
#883 = FACE_OUTER_BOUND ( 'NONE', #994, .T. ) ;
#884 = EDGE_LOOP ( 'NONE', ( #1157, #1261, #1248, #1101 ) ) ;
#885 = CARTESIAN_POINT ( 'NONE',  ( -4.907477288111831371, -9.500000000000000000, 12.50000000000000000 ) ) ;
#886 = DIRECTION ( 'NONE',  ( 0.000000000000000000, 0.000000000000000000, 1.000000000000000000 ) ) ;
#887 = ADVANCED_FACE ( 'NONE', ( #210 ), #1143, .T. ) ;
#888 = VERTEX_POINT ( 'NONE', #1004 ) ;
#889 = EDGE_CURVE ( 'NONE', #631, #1070, #443, .T. ) ;
#890 = AXIS2_PLACEMENT_3D ( 'NONE', #79, #525, #426 ) ;
#891 = LINE ( 'NONE', #221, #181 ) ;
#892 = AXIS2_PLACEMENT_3D ( 'NONE', #818, #1273, #1250 ) ;
#893 = AXIS2_PLACEMENT_3D ( 'NONE', #36, #1294, #941 ) ;
#894 = EDGE_LOOP ( 'NONE', ( #1161, #1129, #1291, #103, #377, #637, #1448 ) ) ;
#895 = CARTESIAN_POINT ( 'NONE',  ( -10.96965511460289200, -1.641644101342326781E-14, 25.49999999999999645 ) ) ;
#896 = VERTEX_POINT ( 'NONE', #1352 ) ;
#897 = VECTOR ( 'NONE', #341, 1000.000000000000114 ) ;
#898 = DIRECTION ( 'NONE',  ( 0.5000000000000001110, -0.8660254037844385966, 0.000000000000000000 ) ) ;
#899 = ORIENTED_EDGE ( 'NONE', *, *, #1377, .F. ) ;
#900 = EDGE_CURVE ( 'NONE', #408, #631, #592, .T. ) ;
#901 = DIRECTION ( 'NONE',  ( -0.000000000000000000, -0.000000000000000000, 1.000000000000000000 ) ) ;
#902 = ORIENTED_EDGE ( 'NONE', *, *, #1365, .F. ) ;
#903 = FACE_OUTER_BOUND ( 'NONE', #270, .T. ) ;
#904 = ORIENTED_EDGE ( 'NONE', *, *, #174, .F. ) ;
#905 = CARTESIAN_POINT ( 'NONE',  ( 10.96965511460289200, 1.700252851085786816E-14, 25.49999999999999645 ) ) ;
#906 = EDGE_LOOP ( 'NONE', ( #671, #1231 ) ) ;
#907 = PLANE ( 'NONE',  #442 ) ;
#908 = EDGE_CURVE ( 'NONE', #257, #669, #1330, .T. ) ;
#909 = ORIENTED_EDGE ( 'NONE', *, *, #272, .F. ) ;
#910 = LINE ( 'NONE', #238, #1445 ) ;
#911 = EDGE_LOOP ( 'NONE', ( #865, #205, #692, #920, #518, #1172, #1367 ) ) ;
#912 = DIRECTION ( 'NONE',  ( 0.4999999999999997780, 0.8660254037844387076, 0.000000000000000000 ) ) ;
#913 = DIRECTION ( 'NONE',  ( -1.000000000000000000, 0.000000000000000000, -0.000000000000000000 ) ) ;
#914 = DIRECTION ( 'NONE',  ( -0.5000000000000001110, 0.8660254037844385966, 0.000000000000000000 ) ) ;
#915 = CIRCLE ( 'NONE', #656, 9.500000000000000000 ) ;
#916 = ORIENTED_EDGE ( 'NONE', *, *, #4, .F. ) ;
#917 = DIRECTION ( 'NONE',  ( 0.000000000000000000, 0.000000000000000000, -1.000000000000000000 ) ) ;
#918 = VECTOR ( 'NONE', #1080, 1000.000000000000000 ) ;
#919 = EDGE_CURVE ( 'NONE', #1026, #1360, #162, .T. ) ;
#920 = ORIENTED_EDGE ( 'NONE', *, *, #1456, .T. ) ;
#921 = DIRECTION ( 'NONE',  ( -1.000000000000000000, 0.000000000000000000, -0.000000000000000000 ) ) ;
#922 = ORIENTED_EDGE ( 'NONE', *, *, #655, .T. ) ;
#923 = ORIENTED_EDGE ( 'NONE', *, *, #696, .F. ) ;
#924 = CYLINDRICAL_SURFACE ( 'NONE', #1376, 1.000000000000000000 ) ;
#925 = ORIENTED_EDGE ( 'NONE', *, *, #154, .F. ) ;
#926 = DIRECTION ( 'NONE',  ( 1.000000000000000000, -1.581383788144377954E-16, 0.000000000000000000 ) ) ;
#927 = EDGE_CURVE ( 'NONE', #1269, #540, #1179, .T. ) ;
#928 = DIRECTION ( 'NONE',  ( -0.000000000000000000, -0.000000000000000000, 1.000000000000000000 ) ) ;
#929 = CARTESIAN_POINT ( 'NONE',  ( -4.907477288111810942, 8.500000000000001776, 7.500000000000000000 ) ) ;
#930 = ORIENTED_EDGE ( 'NONE', *, *, #166, .T. ) ;
#931 = CARTESIAN_POINT ( 'NONE',  ( 0.000000000000000000, 0.000000000000000000, 29.49999999999999645 ) ) ;
#932 = ORIENTED_EDGE ( 'NONE', *, *, #583, .F. ) ;
#933 = DIRECTION ( 'NONE',  ( -0.000000000000000000, -0.000000000000000000, 1.000000000000000000 ) ) ;
#934 = DIRECTION ( 'NONE',  ( -0.000000000000000000, -0.000000000000000000, -1.000000000000000000 ) ) ;
#935 = EDGE_CURVE ( 'NONE', #1189, #1308, #642, .T. ) ;
#936 = DIRECTION ( 'NONE',  ( 0.000000000000000000, 0.000000000000000000, -1.000000000000000000 ) ) ;
#937 = ORIENTED_EDGE ( 'NONE', *, *, #988, .F. ) ;
#938 = FACE_OUTER_BOUND ( 'NONE', #59, .T. ) ;
#939 = AXIS2_PLACEMENT_3D ( 'NONE', #820, #260, #156 ) ;
#940 = ORIENTED_EDGE ( 'NONE', *, *, #1043, .F. ) ;
#941 = DIRECTION ( 'NONE',  ( -1.000000000000000000, 0.000000000000000000, 0.000000000000000000 ) ) ;
#942 = AXIS2_PLACEMENT_3D ( 'NONE', #1198, #163, #71 ) ;
#943 = AXIS2_PLACEMENT_3D ( 'NONE', #320, #1113, #1430 ) ;
#944 = CARTESIAN_POINT ( 'NONE',  ( -10.81495457622364320, -1.561251128379126385E-14, 12.50000000000000000 ) ) ;
#945 = CIRCLE ( 'NONE', #229, 1.000000000000000000 ) ;
#946 = DIRECTION ( 'NONE',  ( 0.000000000000000000, 0.000000000000000000, -1.000000000000000000 ) ) ;
#947 = EDGE_CURVE ( 'NONE', #669, #1117, #1071, .T. ) ;
#948 = EDGE_LOOP ( 'NONE', ( #1409, #815, #194, #265 ) ) ;
#949 = DIRECTION ( 'NONE',  ( 0.000000000000000000, 0.000000000000000000, -1.000000000000000000 ) ) ;
#950 = DIRECTION ( 'NONE',  ( -1.581383788144376968E-16, -1.000000000000000000, 0.000000000000000000 ) ) ;
#951 = DIRECTION ( 'NONE',  ( -1.000000000000000000, 0.000000000000000000, 0.000000000000000000 ) ) ;
#952 = CARTESIAN_POINT ( 'NONE',  ( 0.000000000000000000, 0.000000000000000000, 7.500000000000000000 ) ) ;
#953 = EDGE_LOOP ( 'NONE', ( #922, #1072, #121, #230 ) ) ;
#954 = CARTESIAN_POINT ( 'NONE',  ( 7.500000000000000000, 9.184850993605147944E-16, 16.50000000000000000 ) ) ;
#955 = ORIENTED_EDGE ( 'NONE', *, *, #60, .F. ) ;
#956 = EDGE_CURVE ( 'NONE', #300, #483, #376, .T. ) ;
#957 = CARTESIAN_POINT ( 'NONE',  ( -4.907477288111810942, 9.500000000000001776, 12.50000000000000000 ) ) ;
#958 = LINE ( 'NONE', #1418, #1059 ) ;
#959 = VERTEX_POINT ( 'NONE', #602 ) ;
#960 = LINE ( 'NONE', #280, #690 ) ;
#961 = VERTEX_POINT ( 'NONE', #263 ) ;
#962 = CARTESIAN_POINT ( 'NONE',  ( 0.000000000000000000, 0.000000000000000000, 7.500000000000000000 ) ) ;
#963 = EDGE_CURVE ( 'NONE', #1235, #552, #960, .T. ) ;
#964 = VECTOR ( 'NONE', #180, 1000.000000000000000 ) ;
#965 = DIRECTION ( 'NONE',  ( -0.000000000000000000, -0.000000000000000000, 1.000000000000000000 ) ) ;
#966 = AXIS2_PLACEMENT_3D ( 'NONE', #492, #1404, #379 ) ;
#967 = AXIS2_PLACEMENT_3D ( 'NONE', #446, #1354, #1006 ) ;
#968 = AXIS2_PLACEMENT_3D ( 'NONE', #1262, #1119, #1375 ) ;
#969 = VERTEX_POINT ( 'NONE', #1292 ) ;
#970 = CARTESIAN_POINT ( 'NONE',  ( -5.484827557301437118, 9.500000000000001776, 12.50000000000000000 ) ) ;
#971 = VERTEX_POINT ( 'NONE', #954 ) ;
#972 = LINE ( 'NONE', #641, #398 ) ;
#973 = LINE ( 'NONE', #551, #871 ) ;
#974 = ADVANCED_FACE ( 'NONE', ( #1057, #51 ), #839, .T. ) ;
#975 = DIRECTION ( 'NONE',  ( 0.000000000000000000, 0.000000000000000000, 1.000000000000000000 ) ) ;
#976 = DIRECTION ( 'NONE',  ( 0.000000000000000000, 0.000000000000000000, 1.000000000000000000 ) ) ;
#977 = CARTESIAN_POINT ( 'NONE',  ( -5.773502691896269745, -9.000000000000001776, 12.50000000000000000 ) ) ;
#978 = EDGE_CURVE ( 'NONE', #1027, #561, #473, .T. ) ;
#979 = DIRECTION ( 'NONE',  ( 1.000000000000000000, 0.000000000000000000, 0.000000000000000000 ) ) ;
#980 = ORIENTED_EDGE ( 'NONE', *, *, #301, .T. ) ;
#981 = DIRECTION ( 'NONE',  ( -0.000000000000000000, -0.000000000000000000, -1.000000000000000000 ) ) ;
#982 = CARTESIAN_POINT ( 'NONE',  ( -4.907477288111831371, -8.499999999999998224, 25.49999999999999645 ) ) ;
#983 = CIRCLE ( 'NONE', #890, 1.000000000000000888 ) ;
#984 = VECTOR ( 'NONE', #410, 1000.000000000000000 ) ;
#985 = SURFACE_SIDE_STYLE ('',( #628 ) ) ;
#986 = AXIS2_PLACEMENT_3D ( 'NONE', #834, #61, #1392 ) ;
#987 = CARTESIAN_POINT ( 'NONE',  ( 0.000000000000000000, 0.000000000000000000, 25.49999999999999645 ) ) ;
#988 = EDGE_CURVE ( 'NONE', #1308, #292, #269, .T. ) ;
#989 = VECTOR ( 'NONE', #624, 1000.000000000000000 ) ;
#990 = ORIENTED_EDGE ( 'NONE', *, *, #956, .F. ) ;
#991 = LINE ( 'NONE', #661, #1282 ) ;
#992 = AXIS2_PLACEMENT_3D ( 'NONE', #931, #499, #1278 ) ;
#993 = DIRECTION ( 'NONE',  ( 0.000000000000000000, 0.000000000000000000, -1.000000000000000000 ) ) ;
#994 = EDGE_LOOP ( 'NONE', ( #925, #932, #1195, #1165 ) ) ;
#995 = DIRECTION ( 'NONE',  ( -0.000000000000000000, -0.000000000000000000, 1.000000000000000000 ) ) ;
#996 = EDGE_CURVE ( 'NONE', #888, #1374, #595, .T. ) ;
#997 = VERTEX_POINT ( 'NONE', #1414 ) ;
#998 = CARTESIAN_POINT ( 'NONE',  ( 0.000000000000000000, 0.000000000000000000, 29.49999999999999645 ) ) ;
#999 = ADVANCED_FACE ( 'NONE', ( #365 ), #822, .T. ) ;
#1000 = CARTESIAN_POINT ( 'NONE',  ( 4.907477288111815383, -8.499999999999998224, 16.50000000000000000 ) ) ;
#1001 = ORIENTED_EDGE ( 'NONE', *, *, #1097, .T. ) ;
#1002 = CARTESIAN_POINT ( 'NONE',  ( -9.814954576223643201, -1.561251128379126385E-14, 12.50000000000000000 ) ) ;
#1003 = ORIENTED_EDGE ( 'NONE', *, *, #1432, .F. ) ;
#1004 = CARTESIAN_POINT ( 'NONE',  ( 10.68097998000808069, -0.4999999999999866773, 7.500000000000000000 ) ) ;
#1005 = ORIENTED_EDGE ( 'NONE', *, *, #752, .T. ) ;
#1006 = DIRECTION ( 'NONE',  ( 1.000000000000000000, 0.000000000000000000, 0.000000000000000000 ) ) ;
#1007 = EDGE_CURVE ( 'NONE', #997, #675, #511, .T. ) ;
#1008 = EDGE_LOOP ( 'NONE', ( #1076, #1347 ) ) ;
#1009 = COLOUR_RGB ( '',0.4980392156862745168, 0.4980392156862745168, 0.4980392156862745168 ) ;
#1010 = LINE ( 'NONE', #1363, #1131 ) ;
#1011 = AXIS2_PLACEMENT_3D ( 'NONE', #741, #965, #1053 ) ;
#1012 = AXIS2_PLACEMENT_3D ( 'NONE', #962, #502, #1311 ) ;
#1013 = ORIENTED_EDGE ( 'NONE', *, *, #696, .T. ) ;
#1014 = CARTESIAN_POINT ( 'NONE',  ( -10.81495457622363965, -1.387778780781445676E-14, 25.49999999999999645 ) ) ;
#1015 = AXIS2_PLACEMENT_3D ( 'NONE', #100, #693, #328 ) ;
#1016 = PLANE ( 'NONE',  #1443 ) ;
#1017 = ADVANCED_FACE ( 'NONE', ( #27 ), #482, .T. ) ;
#1018 = VERTEX_POINT ( 'NONE', #717 ) ;
#1019 = CARTESIAN_POINT ( 'NONE',  ( -4.907477288111810942, 9.500000000000001776, 7.500000000000000000 ) ) ;
#1020 = ORIENTED_EDGE ( 'NONE', *, *, #1065, .F. ) ;
#1021 = CARTESIAN_POINT ( 'NONE',  ( -4.907477288111831371, -8.499999999999998224, 25.49999999999999645 ) ) ;
#1022 = DIRECTION ( 'NONE',  ( 0.000000000000000000, 0.000000000000000000, -1.000000000000000000 ) ) ;
#1023 = CARTESIAN_POINT ( 'NONE',  ( -5.484827557301439782, 9.500000000000001776, 25.49999999999999645 ) ) ;
#1024 = DIRECTION ( 'NONE',  ( -1.000000000000000000, 0.000000000000000000, 0.000000000000000000 ) ) ;
#1025 = EDGE_CURVE ( 'NONE', #552, #791, #1306, .T. ) ;
#1026 = VERTEX_POINT ( 'NONE', #488 ) ;
#1027 = VERTEX_POINT ( 'NONE', #44 ) ;
#1028 = DIRECTION ( 'NONE',  ( 1.000000000000000000, 0.000000000000000000, 0.000000000000000000 ) ) ;
#1029 = ORIENTED_EDGE ( 'NONE', *, *, #438, .F. ) ;
#1030 = CARTESIAN_POINT ( 'NONE',  ( 0.000000000000000000, 0.000000000000000000, 25.49999999999999645 ) ) ;
#1031 = CIRCLE ( 'NONE', #587, 9.500000000000000000 ) ;
#1032 = ORIENTED_EDGE ( 'NONE', *, *, #1187, .F. ) ;
#1033 = ADVANCED_FACE ( 'NONE', ( #938 ), #1407, .T. ) ;
#1034 = VECTOR ( 'NONE', #1205, 1000.000000000000000 ) ;
#1035 = CARTESIAN_POINT ( 'NONE',  ( -9.814954576223641425, -1.387778780781445676E-14, 25.49999999999999645 ) ) ;
#1036 = AXIS2_PLACEMENT_3D ( 'NONE', #281, #619, #740 ) ;
#1037 = LINE ( 'NONE', #1152, #735 ) ;
#1038 = AXIS2_PLACEMENT_3D ( 'NONE', #506, #1042, #168 ) ;
#1039 = ORIENTED_EDGE ( 'NONE', *, *, #116, .T. ) ;
#1040 = CARTESIAN_POINT ( 'NONE',  ( 4.907477288111827818, 9.500000000000001776, 7.500000000000000000 ) ) ;
#1041 = EDGE_LOOP ( 'NONE', ( #1364, #623, #673, #1397, #753 ) ) ;
#1042 = DIRECTION ( 'NONE',  ( 1.581383788144377954E-16, 1.000000000000000000, 0.000000000000000000 ) ) ;
#1043 = EDGE_CURVE ( 'NONE', #1018, #1285, #371, .T. ) ;
#1044 = ORIENTED_EDGE ( 'NONE', *, *, #622, .T. ) ;
#1045 = CARTESIAN_POINT ( 'NONE',  ( 5.484827557301440670, -9.500000000000001776, 25.49999999999999645 ) ) ;
#1046 = EDGE_CURVE ( 'NONE', #459, #640, #645, .T. ) ;
#1047 = CARTESIAN_POINT ( 'NONE',  ( 7.500000000000000000, 9.184850993605147944E-16, 12.50000000000000000 ) ) ;
#1048 = DIRECTION ( 'NONE',  ( -1.000000000000000000, 0.000000000000000000, 0.000000000000000000 ) ) ;
#1049 = ORIENTED_EDGE ( 'NONE', *, *, #725, .F. ) ;
#1050 = CARTESIAN_POINT ( 'NONE',  ( -7.500000000000000000, 0.000000000000000000, 16.50000000000000000 ) ) ;
#1051 = ORIENTED_EDGE ( 'NONE', *, *, #742, .F. ) ;
#1052 = CYLINDRICAL_SURFACE ( 'NONE', #893, 1.000000000000000000 ) ;
#1053 = DIRECTION ( 'NONE',  ( -1.000000000000000000, -8.881784197001268101E-16, 0.000000000000000000 ) ) ;
#1054 = EDGE_CURVE ( 'NONE', #669, #1127, #1031, .T. ) ;
#1055 = CARTESIAN_POINT ( 'NONE',  ( 5.773502691896266192, 9.000000000000000000, 25.49999999999999645 ) ) ;
#1056 = VERTEX_POINT ( 'NONE', #520 ) ;
#1057 = FACE_BOUND ( 'NONE', #906, .T. ) ;
#1058 = AXIS2_PLACEMENT_3D ( 'NONE', #1340, #1372, #560 ) ;
#1059 = VECTOR ( 'NONE', #393, 1000.000000000000000 ) ;
#1060 = DIRECTION ( 'NONE',  ( 0.5000000000000003331, -0.8660254037844383745, 0.000000000000000000 ) ) ;
#1061 = VECTOR ( 'NONE', #558, 1000.000000000000000 ) ;
#1062 = DIRECTION ( 'NONE',  ( -1.000000000000000000, 0.000000000000000000, 0.000000000000000000 ) ) ;
#1063 = VECTOR ( 'NONE', #541, 1000.000000000000114 ) ;
#1064 = CARTESIAN_POINT ( 'NONE',  ( 0.000000000000000000, 0.000000000000000000, 25.49999999999999645 ) ) ;
#1065 = EDGE_CURVE ( 'NONE', #1233, #1066, #983, .T. ) ;
#1066 = VERTEX_POINT ( 'NONE', #1335 ) ;
#1067 = EDGE_LOOP ( 'NONE', ( #93, #413, #498, #899, #597 ) ) ;
#1068 = FACE_OUTER_BOUND ( 'NONE', #764, .T. ) ;
#1069 = DIRECTION ( 'NONE',  ( 1.000000000000000000, 0.000000000000000000, 0.000000000000000000 ) ) ;
#1070 = VERTEX_POINT ( 'NONE', #72 ) ;
#1071 = LINE ( 'NONE', #143, #402 ) ;
#1072 = ORIENTED_EDGE ( 'NONE', *, *, #241, .T. ) ;
#1073 = CARTESIAN_POINT ( 'NONE',  ( 4.907477288111827818, 9.500000000000001776, 12.50000000000000000 ) ) ;
#1074 = PLANE ( 'NONE',  #636 ) ;
#1075 = CARTESIAN_POINT ( 'NONE',  ( 0.000000000000000000, 0.000000000000000000, 25.49999999999999645 ) ) ;
#1076 = ORIENTED_EDGE ( 'NONE', *, *, #49, .F. ) ;
#1077 = CARTESIAN_POINT ( 'NONE',  ( 0.000000000000000000, 0.000000000000000000, 7.500000000000000000 ) ) ;
#1078 = EDGE_CURVE ( 'NONE', #959, #675, #864, .T. ) ;
#1079 = ORIENTED_EDGE ( 'NONE', *, *, #92, .T. ) ;
#1080 = DIRECTION ( 'NONE',  ( -0.000000000000000000, -0.000000000000000000, 1.000000000000000000 ) ) ;
#1081 = AXIS2_PLACEMENT_3D ( 'NONE', #1453, #124, #326 ) ;
#1082 = DIRECTION ( 'NONE',  ( 0.5000000000000003331, 0.8660254037844384856, 0.000000000000000000 ) ) ;
#1083 = AXIS2_PLACEMENT_3D ( 'NONE', #480, #928, #679 ) ;
#1084 = AXIS2_PLACEMENT_3D ( 'NONE', #847, #933, #161 ) ;
#1085 = SURFACE_STYLE_USAGE ( .BOTH. , #985 ) ;
#1086 = AXIS2_PLACEMENT_3D ( 'NONE', #231, #555, #1232 ) ;
#1087 = CARTESIAN_POINT ( 'NONE',  ( -10.68097998000807891, 0.4999999999999847344, 25.49999999999999645 ) ) ;
#1088 = ORIENTED_EDGE ( 'NONE', *, *, #733, .T. ) ;
#1089 = CARTESIAN_POINT ( 'NONE',  ( -5.773502691896269745, -9.000000000000001776, 12.50000000000000000 ) ) ;
#1090 = CARTESIAN_POINT ( 'NONE',  ( 10.68097998000808069, -0.4999999999999866773, 12.50000000000000000 ) ) ;
#1091 = EDGE_CURVE ( 'NONE', #1269, #971, #1156, .T. ) ;
#1092 = DIRECTION ( 'NONE',  ( -0.4999999999999997780, 0.8660254037844388186, 0.000000000000000000 ) ) ;
#1093 = EDGE_LOOP ( 'NONE', ( #1199, #1241, #428, #406 ) ) ;
#1094 = LINE ( 'NONE', #1455, #497 ) ;
#1095 = PRODUCT_DEFINITION_SHAPE ( 'NONE', 'NONE',  #649 ) ;
#1096 = CARTESIAN_POINT ( 'NONE',  ( 0.000000000000000000, 0.000000000000000000, 12.50000000000000000 ) ) ;
#1097 = EDGE_CURVE ( 'NONE', #11, #669, #286, .T. ) ;
#1098 =( LENGTH_UNIT ( ) NAMED_UNIT ( * ) SI_UNIT ( .MILLI., .METRE. ) );
#1099 = FACE_OUTER_BOUND ( 'NONE', #489, .T. ) ;
#1100 = UNCERTAINTY_MEASURE_WITH_UNIT (LENGTH_MEASURE( 1.000000000000000082E-05 ), #1098, 'distance_accuracy_value', 'NONE');
#1101 = ORIENTED_EDGE ( 'NONE', *, *, #438, .T. ) ;
#1102 = LINE ( 'NONE', #879, #1108 ) ;
#1103 = CARTESIAN_POINT ( 'NONE',  ( 5.773502691896266192, 9.000000000000003553, 12.50000000000000000 ) ) ;
#1104 = CIRCLE ( 'NONE', #798, 1.000000000000000000 ) ;
#1105 = VECTOR ( 'NONE', #1431, 1000.000000000000000 ) ;
#1106 = VERTEX_POINT ( 'NONE', #1322 ) ;
#1107 = EDGE_CURVE ( 'NONE', #1117, #1315, #536, .T. ) ;
#1108 = VECTOR ( 'NONE', #1450, 1000.000000000000000 ) ;
#1109 = DIRECTION ( 'NONE',  ( -1.000000000000000000, 0.000000000000000000, 0.000000000000000000 ) ) ;
#1110 = EDGE_CURVE ( 'NONE', #631, #257, #516, .T. ) ;
#1111 = VECTOR ( 'NONE', #1461, 1000.000000000000000 ) ;
#1112 = EDGE_LOOP ( 'NONE', ( #1044, #359 ) ) ;
#1113 = DIRECTION ( 'NONE',  ( -0.000000000000000000, -0.000000000000000000, 1.000000000000000000 ) ) ;
#1114 = CARTESIAN_POINT ( 'NONE',  ( -9.814954576223643201, -1.561251128379126385E-14, 12.50000000000000000 ) ) ;
#1115 = EDGE_LOOP ( 'NONE', ( #700, #329, #794, #453 ) ) ;
#1116 = DIRECTION ( 'NONE',  ( 0.000000000000000000, 0.000000000000000000, 1.000000000000000000 ) ) ;
#1117 = VERTEX_POINT ( 'NONE', #860 ) ;
#1118 = ADVANCED_FACE ( 'NONE', ( #651 ), #872, .T. ) ;
#1119 = DIRECTION ( 'NONE',  ( -0.000000000000000000, -0.000000000000000000, 1.000000000000000000 ) ) ;
#1120 = ORIENTED_EDGE ( 'NONE', *, *, #135, .T. ) ;
#1121 = FACE_OUTER_BOUND ( 'NONE', #715, .T. ) ;
#1122 = EDGE_LOOP ( 'NONE', ( #400, #50, #521, #313, #268, #1419, #750, #706, #727, #213, #175, #1039, #1259 ) ) ;
#1123 = DIRECTION ( 'NONE',  ( 0.8660254037844385966, 0.5000000000000001110, 0.000000000000000000 ) ) ;
#1124 = ORIENTED_EDGE ( 'NONE', *, *, #479, .F. ) ;
#1125 = DIRECTION ( 'NONE',  ( 1.000000000000000000, 0.000000000000000000, 0.000000000000000000 ) ) ;
#1126 = EDGE_CURVE ( 'NONE', #45, #708, #746, .T. ) ;
#1127 = VERTEX_POINT ( 'NONE', #758 ) ;
#1128 = DIRECTION ( 'NONE',  ( 0.5000000000000003331, -0.8660254037844383745, 0.000000000000000000 ) ) ;
#1129 = ORIENTED_EDGE ( 'NONE', *, *, #465, .T. ) ;
#1130 = VECTOR ( 'NONE', #417, 1000.000000000000000 ) ;
#1131 = VECTOR ( 'NONE', #349, 1000.000000000000000 ) ;
#1132 = DIRECTION ( 'NONE',  ( 0.000000000000000000, 0.000000000000000000, 1.000000000000000000 ) ) ;
#1133 = CLOSED_SHELL ( 'NONE', ( #494, #887, #316, #235, #1323, #1017, #802, #1147, #57, #342, #430, #858, #382, #1387, #1247, #1194, #1155, #13, #411, #1140, #1118, #880, #1033, #556, #512, #101, #999, #1467, #698, #705, #1286, #632, #974, #310, #538, #1394, #1275, #208, #848, #1338, #548, #255, #418, #805, #1314, #643, #477 ) ) ;
#1134 = AXIS2_PLACEMENT_3D ( 'NONE', #514, #401, #856 ) ;
#1135 = ORIENTED_EDGE ( 'NONE', *, *, #1025, .T. ) ;
#1136 = LINE ( 'NONE', #217, #256 ) ;
#1137 = VECTOR ( 'NONE', #1212, 1000.000000000000114 ) ;
#1138 = DIRECTION ( 'NONE',  ( 0.000000000000000000, 0.000000000000000000, -1.000000000000000000 ) ) ;
#1139 = DIRECTION ( 'NONE',  ( -0.8660254037844385966, 0.5000000000000003331, 0.000000000000000000 ) ) ;
#1140 = ADVANCED_FACE ( 'NONE', ( #630, #1210 ), #1220, .T. ) ;
#1141 = LINE ( 'NONE', #808, #1251 ) ;
#1142 = EDGE_LOOP ( 'NONE', ( #85, #1263, #817, #594 ) ) ;
#1143 = CYLINDRICAL_SURFACE ( 'NONE', #1015, 0.9999999999999991118 ) ;
#1144 = ORIENTED_EDGE ( 'NONE', *, *, #49, .T. ) ;
#1145 = DIRECTION ( 'NONE',  ( 0.000000000000000000, 0.000000000000000000, -1.000000000000000000 ) ) ;
#1146 = DIRECTION ( 'NONE',  ( 0.000000000000000000, 0.000000000000000000, -1.000000000000000000 ) ) ;
#1147 = ADVANCED_FACE ( 'NONE', ( #412 ), #65, .F. ) ;
#1148 = DIRECTION ( 'NONE',  ( 1.000000000000000000, 0.000000000000000000, -0.000000000000000000 ) ) ;
#1149 = ORIENTED_EDGE ( 'NONE', *, *, #1449, .F. ) ;
#1150 = CYLINDRICAL_SURFACE ( 'NONE', #137, 0.9999999999999991118 ) ;
#1151 = EDGE_LOOP ( 'NONE', ( #1452, #1355, #448, #157 ) ) ;
#1152 = CARTESIAN_POINT ( 'NONE',  ( -4.907477288111831371, -9.500000000000000000, 25.49999999999999645 ) ) ;
#1153 = VERTEX_POINT ( 'NONE', #193 ) ;
#1154 = DIRECTION ( 'NONE',  ( 1.000000000000000000, 0.000000000000000000, 0.000000000000000000 ) ) ;
#1155 = ADVANCED_FACE ( 'NONE', ( #1099 ), #84, .T. ) ;
#1156 = CIRCLE ( 'NONE', #1325, 7.500000000000000000 ) ;
#1157 = ORIENTED_EDGE ( 'NONE', *, *, #135, .F. ) ;
#1158 = CIRCLE ( 'NONE', #1083, 1.000000000000000000 ) ;
#1159 = DIRECTION ( 'NONE',  ( -1.000000000000000000, 0.000000000000000000, 0.000000000000000000 ) ) ;
#1160 = CIRCLE ( 'NONE', #372, 1.000000000000000000 ) ;
#1161 = ORIENTED_EDGE ( 'NONE', *, *, #767, .F. ) ;
#1162 = CARTESIAN_POINT ( 'NONE',  ( 5.484827557301452217, 9.500000000000000000, 16.50000000000000000 ) ) ;
#1163 = VECTOR ( 'NONE', #244, 1000.000000000000000 ) ;
#1164 = DIRECTION ( 'NONE',  ( -1.000000000000000000, 0.000000000000000000, 0.000000000000000000 ) ) ;
#1165 = ORIENTED_EDGE ( 'NONE', *, *, #182, .F. ) ;
#1166 = DIRECTION ( 'NONE',  ( -0.000000000000000000, -0.000000000000000000, 1.000000000000000000 ) ) ;
#1167 = EDGE_CURVE ( 'NONE', #1174, #1117, #868, .T. ) ;
#1168 = ORIENTED_EDGE ( 'NONE', *, *, #596, .T. ) ;
#1169 = CARTESIAN_POINT ( 'NONE',  ( -8.227241335952163226, 4.749999999999995559, 25.49999999999999645 ) ) ;
#1170 = DIRECTION ( 'NONE',  ( -1.000000000000000000, 0.000000000000000000, 0.000000000000000000 ) ) ;
#1171 = DIRECTION ( 'NONE',  ( -0.000000000000000000, -0.000000000000000000, 1.000000000000000000 ) ) ;
#1172 = ORIENTED_EDGE ( 'NONE', *, *, #1110, .T. ) ;
#1173 = CARTESIAN_POINT ( 'NONE',  ( -6.500000000000000000, 7.960204194457795477E-16, 26.49999999999999645 ) ) ;
#1174 = VERTEX_POINT ( 'NONE', #407 ) ;
#1175 = CARTESIAN_POINT ( 'NONE',  ( -9.500000000000000000, 0.000000000000000000, 29.49999999999999645 ) ) ;
#1176 = CYLINDRICAL_SURFACE ( 'NONE', #226, 1.000000000000000888 ) ;
#1177 = FACE_OUTER_BOUND ( 'NONE', #532, .T. ) ;
#1178 = ORIENTED_EDGE ( 'NONE', *, *, #889, .T. ) ;
#1179 = LINE ( 'NONE', #1050, #989 ) ;
#1180 = MECHANICAL_DESIGN_GEOMETRIC_PRESENTATION_REPRESENTATION (  '', ( #1345 ), #16 ) ;
#1181 = CIRCLE ( 'NONE', #131, 1.000000000000000888 ) ;
#1182 = ORIENTED_EDGE ( 'NONE', *, *, #832, .F. ) ;
#1183 = PLANE ( 'NONE',  #322 ) ;
#1184 = AXIS2_PLACEMENT_3D ( 'NONE', #1281, #258, #490 ) ;
#1185 = CARTESIAN_POINT ( 'NONE',  ( -4.907477288111814495, 9.500000000000001776, 25.49999999999999645 ) ) ;
#1186 = AXIS2_PLACEMENT_3D ( 'NONE', #1240, #223, #452 ) ;
#1187 = EDGE_CURVE ( 'NONE', #1153, #292, #291, .T. ) ;
#1188 = FILL_AREA_STYLE_COLOUR ( '', #1009 ) ;
#1189 = VERTEX_POINT ( 'NONE', #639 ) ;
#1190 = CARTESIAN_POINT ( 'NONE',  ( 10.96965511460289378, 1.388446302009290834E-14, 7.500000000000000000 ) ) ;
#1191 = VERTEX_POINT ( 'NONE', #1087 ) ;
#1192 = LINE ( 'NONE', #1175, #567 ) ;
#1193 = FACE_OUTER_BOUND ( 'NONE', #1384, .T. ) ;
#1194 = ADVANCED_FACE ( 'NONE', ( #236 ), #784, .T. ) ;
#1195 = ORIENTED_EDGE ( 'NONE', *, *, #164, .F. ) ;
#1196 = CARTESIAN_POINT ( 'NONE',  ( 0.000000000000000000, 0.000000000000000000, 16.50000000000000000 ) ) ;
#1197 = ORIENTED_EDGE ( 'NONE', *, *, #935, .F. ) ;
#1198 = CARTESIAN_POINT ( 'NONE',  ( 4.907477288111813607, -8.500000000000000000, 12.50000000000000000 ) ) ;
#1199 = ORIENTED_EDGE ( 'NONE', *, *, #392, .F. ) ;
#1200 = CARTESIAN_POINT ( 'NONE',  ( 4.907477288111826930, 9.500000000000000000, 25.49999999999999645 ) ) ;
#1201 = ORIENTED_EDGE ( 'NONE', *, *, #840, .T. ) ;
#1202 = EDGE_CURVE ( 'NONE', #1271, #896, #248, .T. ) ;
#1203 = CARTESIAN_POINT ( 'NONE',  ( -5.484827557301458434, -9.500000000000000000, 16.50000000000000000 ) ) ;
#1204 = AXIS2_PLACEMENT_3D ( 'NONE', #48, #18, #582 ) ;
#1205 = DIRECTION ( 'NONE',  ( 0.000000000000000000, 0.000000000000000000, -1.000000000000000000 ) ) ;
#1206 = VECTOR ( 'NONE', #37, 1000.000000000000000 ) ;
#1207 = AXIS2_PLACEMENT_3D ( 'NONE', #233, #1138, #788 ) ;
#1208 = DIRECTION ( 'NONE',  ( 0.000000000000000000, 0.000000000000000000, -1.000000000000000000 ) ) ;
#1209 = AXIS2_PLACEMENT_3D ( 'NONE', #1390, #617, #1159 ) ;
#1210 = FACE_OUTER_BOUND ( 'NONE', #685, .T. ) ;
#1211 = ORIENTED_EDGE ( 'NONE', *, *, #667, .F. ) ;
#1212 = DIRECTION ( 'NONE',  ( 0.5000000000000003331, 0.8660254037844384856, 0.000000000000000000 ) ) ;
#1213 = EDGE_CURVE ( 'NONE', #565, #1339, #1010, .T. ) ;
#1214 = DIRECTION ( 'NONE',  ( -0.000000000000000000, -0.000000000000000000, -1.000000000000000000 ) ) ;
#1215 = DIRECTION ( 'NONE',  ( -1.000000000000000000, 0.000000000000000000, -0.000000000000000000 ) ) ;
#1216 = ORIENTED_EDGE ( 'NONE', *, *, #373, .F. ) ;
#1217 = DIRECTION ( 'NONE',  ( 0.5000000000000003331, -0.8660254037844383745, 0.000000000000000000 ) ) ;
#1218 = CYLINDRICAL_SURFACE ( 'NONE', #345, 1.000000000000000000 ) ;
#1219 = EDGE_CURVE ( 'NONE', #824, #997, #416, .T. ) ;
#1220 = PLANE ( 'NONE',  #731 ) ;
#1221 = PRODUCT_DEFINITION_CONTEXT ( 'detailed design', #1426, 'design' ) ;
#1222 = EDGE_LOOP ( 'NONE', ( #652, #786, #80, #729, #435, #878, #682, #1003, #149, #144, #1088, #882, #1135 ) ) ;
#1223 = LINE ( 'NONE', #875, #449 ) ;
#1224 = FACE_OUTER_BOUND ( 'NONE', #35, .T. ) ;
#1225 = AXIS2_PLACEMENT_3D ( 'NONE', #1287, #949, #383 ) ;
#1226 = ORIENTED_EDGE ( 'NONE', *, *, #125, .T. ) ;
#1227 = AXIS2_PLACEMENT_3D ( 'NONE', #862, #1318, #436 ) ;
#1228 = EDGE_CURVE ( 'NONE', #1127, #1106, #797, .T. ) ;
#1229 = CARTESIAN_POINT ( 'NONE',  ( -10.68097998000807891, 0.4999999999999847344, 16.50000000000000000 ) ) ;
#1230 = AXIS2_PLACEMENT_3D ( 'NONE', #998, #976, #1435 ) ;
#1231 = ORIENTED_EDGE ( 'NONE', *, *, #192, .F. ) ;
#1232 = DIRECTION ( 'NONE',  ( -0.4999999999999997780, -0.8660254037844387076, 0.000000000000000000 ) ) ;
#1233 = VERTEX_POINT ( 'NONE', #1469 ) ;
#1234 = DIRECTION ( 'NONE',  ( -1.000000000000000000, 0.000000000000000000, 0.000000000000000000 ) ) ;
#1235 = VERTEX_POINT ( 'NONE', #1019 ) ;
#1236 = PRESENTATION_LAYER_ASSIGNMENT (  '', '', ( #1356 ) ) ;
#1237 = DIRECTION ( 'NONE',  ( 1.000000000000000000, 0.000000000000000000, 0.000000000000000000 ) ) ;
#1238 = EDGE_CURVE ( 'NONE', #888, #336, #457, .T. ) ;
#1239 = ORIENTED_EDGE ( 'NONE', *, *, #241, .F. ) ;
#1240 = CARTESIAN_POINT ( 'NONE',  ( 0.000000000000000000, 0.000000000000000000, 16.50000000000000000 ) ) ;
#1241 = ORIENTED_EDGE ( 'NONE', *, *, #22, .T. ) ;
#1242 = CARTESIAN_POINT ( 'NONE',  ( 4.907477288111813607, -9.500000000000000000, 7.500000000000000000 ) ) ;
#1243 = DIRECTION ( 'NONE',  ( 0.000000000000000000, 0.000000000000000000, -1.000000000000000000 ) ) ;
#1244 = FACE_BOUND ( 'NONE', #1112, .T. ) ;
#1245 = ORIENTED_EDGE ( 'NONE', *, *, #524, .F. ) ;
#1246 = DIRECTION ( 'NONE',  ( 0.000000000000000000, 0.000000000000000000, -1.000000000000000000 ) ) ;
#1247 = ADVANCED_FACE ( 'NONE', ( #576 ), #907, .T. ) ;
#1248 = ORIENTED_EDGE ( 'NONE', *, *, #792, .T. ) ;
#1249 = DIRECTION ( 'NONE',  ( 0.4999999999999997224, 0.8660254037844388186, 0.000000000000000000 ) ) ;
#1250 = DIRECTION ( 'NONE',  ( -1.000000000000000000, 0.000000000000000000, 0.000000000000000000 ) ) ;
#1251 = VECTOR ( 'NONE', #1349, 1000.000000000000000 ) ;
#1252 = CIRCLE ( 'NONE', #611, 7.500000000000000000 ) ;
#1253 = DIRECTION ( 'NONE',  ( 0.8660254037844385966, -0.5000000000000002220, 0.000000000000000000 ) ) ;
#1254 = CIRCLE ( 'NONE', #1134, 7.500000000000000000 ) ;
#1255 = DIRECTION ( 'NONE',  ( -1.000000000000000000, 0.000000000000000000, 0.000000000000000000 ) ) ;
#1256 = CIRCLE ( 'NONE', #500, 1.000000000000000888 ) ;
#1257 = CARTESIAN_POINT ( 'NONE',  ( -5.484827557301439782, 9.500000000000001776, 25.49999999999999645 ) ) ;
#1258 = EDGE_CURVE ( 'NONE', #483, #1339, #1141, .T. ) ;
#1259 = ORIENTED_EDGE ( 'NONE', *, *, #1043, .T. ) ;
#1260 = DIRECTION ( 'NONE',  ( -0.000000000000000000, -0.000000000000000000, 1.000000000000000000 ) ) ;
#1261 = ORIENTED_EDGE ( 'NONE', *, *, #164, .T. ) ;
#1262 = CARTESIAN_POINT ( 'NONE',  ( 9.814954576223643201, 1.214306433183764966E-14, 12.50000000000000000 ) ) ;
#1263 = ORIENTED_EDGE ( 'NONE', *, *, #373, .T. ) ;
#1264 = CARTESIAN_POINT ( 'NONE',  ( 0.000000000000000000, 0.000000000000000000, 26.49999999999999645 ) ) ;
#1265 = PRODUCT_RELATED_PRODUCT_CATEGORY ( 'part', '', ( #434 ) ) ;
#1266 = ORIENTED_EDGE ( 'NONE', *, *, #586, .T. ) ;
#1267 = EDGE_CURVE ( 'NONE', #357, #708, #1104, .T. ) ;
#1268 =( LENGTH_UNIT ( ) NAMED_UNIT ( * ) SI_UNIT ( .MILLI., .METRE. ) );
#1269 = VERTEX_POINT ( 'NONE', #699 ) ;
#1270 = DIRECTION ( 'NONE',  ( 0.000000000000000000, 0.000000000000000000, -1.000000000000000000 ) ) ;
#1271 = VERTEX_POINT ( 'NONE', #433 ) ;
#1272 = LINE ( 'NONE', #1162, #279 ) ;
#1273 = DIRECTION ( 'NONE',  ( 0.000000000000000000, 0.000000000000000000, -1.000000000000000000 ) ) ;
#1274 = CYLINDRICAL_SURFACE ( 'NONE', #1204, 1.000000000000000888 ) ;
#1275 = ADVANCED_FACE ( 'NONE', ( #883 ), #339, .T. ) ;
#1276 = ORIENTED_EDGE ( 'NONE', *, *, #1213, .F. ) ;
#1277 = CIRCLE ( 'NONE', #1327, 9.500000000000000000 ) ;
#1278 = DIRECTION ( 'NONE',  ( -1.000000000000000000, 0.000000000000000000, 0.000000000000000000 ) ) ;
#1279 = AXIS2_PLACEMENT_3D ( 'NONE', #1442, #424, #898 ) ;
#1280 = EDGE_LOOP ( 'NONE', ( #904, #52, #606, #902 ) ) ;
#1281 = CARTESIAN_POINT ( 'NONE',  ( 6.500000000000000000, 0.000000000000000000, 26.49999999999999645 ) ) ;
#1282 = VECTOR ( 'NONE', #1326, 1000.000000000000000 ) ;
#1283 = LINE ( 'NONE', #283, #1329 ) ;
#1284 = PLANE ( 'NONE',  #562 ) ;
#1285 = VERTEX_POINT ( 'NONE', #1229 ) ;
#1286 = ADVANCED_FACE ( 'NONE', ( #214, #1244 ), #691, .T. ) ;
#1287 = CARTESIAN_POINT ( 'NONE',  ( -9.814954576223641425, -1.387778780781445676E-14, 16.50000000000000000 ) ) ;
#1288 = CYLINDRICAL_SURFACE ( 'NONE', #1012, 7.500000000000000000 ) ;
#1289 = CARTESIAN_POINT ( 'NONE',  ( 7.500000000000000000, 9.184850993605147944E-16, 16.50000000000000000 ) ) ;
#1290 = DIRECTION ( 'NONE',  ( 0.000000000000000000, 0.000000000000000000, -1.000000000000000000 ) ) ;
#1291 = ORIENTED_EDGE ( 'NONE', *, *, #534, .T. ) ;
#1292 = CARTESIAN_POINT ( 'NONE',  ( 4.907477288111827818, 9.500000000000001776, 12.50000000000000000 ) ) ;
#1293 = ORIENTED_EDGE ( 'NONE', *, *, #524, .T. ) ;
#1294 = DIRECTION ( 'NONE',  ( 0.000000000000000000, 0.000000000000000000, -1.000000000000000000 ) ) ;
#1295 = EDGE_CURVE ( 'NONE', #1066, #1310, #207, .T. ) ;
#1296 = CARTESIAN_POINT ( 'NONE',  ( 9.500000000000000000, 1.163414459189985485E-15, 26.49999999999999645 ) ) ;
#1297 = FACE_OUTER_BOUND ( 'NONE', #571, .T. ) ;
#1298 = ORIENTED_EDGE ( 'NONE', *, *, #773, .F. ) ;
#1299 = CARTESIAN_POINT ( 'NONE',  ( -4.907477288111814495, 8.499999999999998224, 16.50000000000000000 ) ) ;
#1300 = VECTOR ( 'NONE', #946, 1000.000000000000000 ) ;
#1301 = ORIENTED_EDGE ( 'NONE', *, *, #392, .T. ) ;
#1302 = LINE ( 'NONE', #1073, #638 ) ;
#1303 = AXIS2_PLACEMENT_3D ( 'NONE', #1410, #748, #29 ) ;
#1304 = FACE_OUTER_BOUND ( 'NONE', #451, .T. ) ;
#1305 = EDGE_CURVE ( 'NONE', #364, #199, #343, .T. ) ;
#1306 = CIRCLE ( 'NONE', #544, 1.000000000000000000 ) ;
#1307 = FILL_AREA_STYLE ('',( #187 ) ) ;
#1308 = VERTEX_POINT ( 'NONE', #1459 ) ;
#1309 = CARTESIAN_POINT ( 'NONE',  ( 5.484827557301438894, -9.500000000000000000, 7.500000000000000000 ) ) ;
#1310 = VERTEX_POINT ( 'NONE', #10 ) ;
#1311 = DIRECTION ( 'NONE',  ( -1.000000000000000000, 0.000000000000000000, 0.000000000000000000 ) ) ;
#1312 = CARTESIAN_POINT ( 'NONE',  ( -10.68097998000808246, 0.4999999999999854561, 12.50000000000000000 ) ) ;
#1313 = EDGE_CURVE ( 'NONE', #1308, #237, #891, .T. ) ;
#1314 = ADVANCED_FACE ( 'NONE', ( #1357 ), #333, .T. ) ;
#1315 = VERTEX_POINT ( 'NONE', #5 ) ;
#1316 = DIRECTION ( 'NONE',  ( -0.000000000000000000, -0.000000000000000000, 1.000000000000000000 ) ) ;
#1317 = ORIENTED_EDGE ( 'NONE', *, *, #83, .T. ) ;
#1318 = DIRECTION ( 'NONE',  ( 0.000000000000000000, 0.000000000000000000, -1.000000000000000000 ) ) ;
#1319 = CARTESIAN_POINT ( 'NONE',  ( -5.773502691896253758, 9.000000000000000000, 25.49999999999999645 ) ) ;
#1320 = MANIFOLD_SOLID_BREP ( 'Fillet2', #1133 ) ;
#1321 = DIRECTION ( 'NONE',  ( -1.000000000000000000, 0.000000000000000000, -0.000000000000000000 ) ) ;
#1322 = CARTESIAN_POINT ( 'NONE',  ( -4.907477288111831371, -9.500000000000000000, 25.49999999999999645 ) ) ;
#1323 = ADVANCED_FACE ( 'NONE', ( #1177 ), #370, .T. ) ;
#1324 = EDGE_LOOP ( 'NONE', ( #1020, #1460, #1413, #172 ) ) ;
#1325 = AXIS2_PLACEMENT_3D ( 'NONE', #1196, #399, #312 ) ;
#1326 = DIRECTION ( 'NONE',  ( -0.000000000000000000, -0.000000000000000000, 1.000000000000000000 ) ) ;
#1327 = AXIS2_PLACEMENT_3D ( 'NONE', #227, #332, #347 ) ;
#1328 = FACE_OUTER_BOUND ( 'NONE', #1438, .T. ) ;
#1329 = VECTOR ( 'NONE', #1393, 1000.000000000000000 ) ;
#1330 = CIRCLE ( 'NONE', #806, 9.500000000000000000 ) ;
#1331 = CARTESIAN_POINT ( 'NONE',  ( 0.000000000000000000, 0.000000000000000000, 16.50000000000000000 ) ) ;
#1332 = ORIENTED_EDGE ( 'NONE', *, *, #1415, .F. ) ;
#1333 = DIRECTION ( 'NONE',  ( -0.000000000000000000, -0.000000000000000000, -1.000000000000000000 ) ) ;
#1334 = CARTESIAN_POINT ( 'NONE',  ( 4.907477288111815383, -8.499999999999998224, 25.49999999999999645 ) ) ;
#1335 = CARTESIAN_POINT ( 'NONE',  ( 10.68097998000807891, 0.5000000000000195399, 25.49999999999999645 ) ) ;
#1336 = PLANE ( 'NONE',  #1227 ) ;
#1337 = CARTESIAN_POINT ( 'NONE',  ( -4.907477288111831371, -9.500000000000000000, 12.50000000000000000 ) ) ;
#1338 = ADVANCED_FACE ( 'NONE', ( #1395 ), #1274, .T. ) ;
#1339 = VERTEX_POINT ( 'NONE', #380 ) ;
#1340 = CARTESIAN_POINT ( 'NONE',  ( 0.000000000000000000, 0.000000000000000000, 7.500000000000000000 ) ) ;
#1341 = ORIENTED_EDGE ( 'NONE', *, *, #92, .F. ) ;
#1342 = CARTESIAN_POINT ( 'NONE',  ( -10.68097998000807891, 0.4999999999999847344, 25.49999999999999645 ) ) ;
#1343 = ORIENTED_EDGE ( 'NONE', *, *, #978, .F. ) ;
#1344 = DIRECTION ( 'NONE',  ( -1.000000000000000000, 0.000000000000000000, 0.000000000000000000 ) ) ;
#1345 = STYLED_ITEM ( 'NONE', ( #1405 ), #1320 ) ;
#1346 = CIRCLE ( 'NONE', #756, 3.999999999999988010 ) ;
#1347 = ORIENTED_EDGE ( 'NONE', *, *, #1202, .F. ) ;
#1348 = AXIS2_PLACEMENT_3D ( 'NONE', #455, #1145, #1361 ) ;
#1349 = DIRECTION ( 'NONE',  ( 0.000000000000000000, 0.000000000000000000, -1.000000000000000000 ) ) ;
#1350 = CIRCLE ( 'NONE', #968, 1.000000000000000888 ) ;
#1351 = ORIENTED_EDGE ( 'NONE', *, *, #1167, .T. ) ;
#1352 = CARTESIAN_POINT ( 'NONE',  ( -7.500000000000000000, 0.000000000000000000, 7.500000000000000000 ) ) ;
#1353 = ORIENTED_EDGE ( 'NONE', *, *, #325, .T. ) ;
#1354 = DIRECTION ( 'NONE',  ( 0.000000000000000000, 0.000000000000000000, 1.000000000000000000 ) ) ;
#1355 = ORIENTED_EDGE ( 'NONE', *, *, #819, .T. ) ;
#1356 = STYLED_ITEM ( 'NONE', ( #78 ), #252 ) ;
#1357 = FACE_OUTER_BOUND ( 'NONE', #1280, .T. ) ;
#1358 = ORIENTED_EDGE ( 'NONE', *, *, #529, .F. ) ;
#1359 = FACE_OUTER_BOUND ( 'NONE', #1389, .T. ) ;
#1360 = VERTEX_POINT ( 'NONE', #1412 ) ;
#1361 = DIRECTION ( 'NONE',  ( -1.000000000000000000, 0.000000000000000000, -0.000000000000000000 ) ) ;
#1362 = ORIENTED_EDGE ( 'NONE', *, *, #354, .T. ) ;
#1363 = CARTESIAN_POINT ( 'NONE',  ( 10.96965511460289200, 1.700252851085786816E-14, 16.50000000000000000 ) ) ;
#1364 = ORIENTED_EDGE ( 'NONE', *, *, #1228, .T. ) ;
#1365 = EDGE_CURVE ( 'NONE', #1056, #1374, #843, .T. ) ;
#1366 = DIRECTION ( 'NONE',  ( 1.000000000000000000, 0.000000000000000000, 0.000000000000000000 ) ) ;
#1367 = ORIENTED_EDGE ( 'NONE', *, *, #534, .F. ) ;
#1368 = CARTESIAN_POINT ( 'NONE',  ( 5.773502691896253758, -9.000000000000000000, 25.49999999999999645 ) ) ;
#1369 = DIRECTION ( 'NONE',  ( -1.000000000000000000, 0.000000000000000000, 0.000000000000000000 ) ) ;
#1370 = AXIS2_PLACEMENT_3D ( 'NONE', #1420, #1316, #877 ) ;
#1371 = AXIS2_PLACEMENT_3D ( 'NONE', #1096, #886, #654 ) ;
#1372 = DIRECTION ( 'NONE',  ( 0.000000000000000000, 0.000000000000000000, -1.000000000000000000 ) ) ;
#1373 = VECTOR ( 'NONE', #294, 1000.000000000000114 ) ;
#1374 = VERTEX_POINT ( 'NONE', #496 ) ;
#1375 = DIRECTION ( 'NONE',  ( -1.000000000000000000, 0.000000000000000000, 0.000000000000000000 ) ) ;
#1376 = AXIS2_PLACEMENT_3D ( 'NONE', #1021, #917, #127 ) ;
#1377 = EDGE_CURVE ( 'NONE', #199, #629, #915, .T. ) ;
#1378 = ORIENTED_EDGE ( 'NONE', *, *, #30, .F. ) ;
#1379 = LINE ( 'NONE', #461, #1061 ) ;
#1380 = DIRECTION ( 'NONE',  ( -0.000000000000000000, -0.000000000000000000, 1.000000000000000000 ) ) ;
#1381 =( GEOMETRIC_REPRESENTATION_CONTEXT ( 3 ) GLOBAL_UNCERTAINTY_ASSIGNED_CONTEXT ( ( #1100 ) ) GLOBAL_UNIT_ASSIGNED_CONTEXT ( ( #1098, #295, #165 ) ) REPRESENTATION_CONTEXT ( 'NONE', 'WORKASPACE' ) );
#1382 = ORIENTED_EDGE ( 'NONE', *, *, #874, .T. ) ;
#1383 = FACE_OUTER_BOUND ( 'NONE', #584, .T. ) ;
#1384 = EDGE_LOOP ( 'NONE', ( #678, #547, #338, #846, #340 ) ) ;
#1385 = CARTESIAN_POINT ( 'NONE',  ( 3.999999999999986233, 4.898587196589396065E-16, 0.000000000000000000 ) ) ;
#1386 = CARTESIAN_POINT ( 'NONE',  ( -9.814954576223643201, -1.561251128379126385E-14, 7.500000000000000000 ) ) ;
#1387 = ADVANCED_FACE ( 'NONE', ( #1297 ), #1284, .T. ) ;
#1388 = DIRECTION ( 'NONE',  ( 0.000000000000000000, 0.000000000000000000, 1.000000000000000000 ) ) ;
#1389 = EDGE_LOOP ( 'NONE', ( #1049, #577, #923, #167 ) ) ;
#1390 = CARTESIAN_POINT ( 'NONE',  ( 4.907477288111815383, -8.499999999999998224, 25.49999999999999645 ) ) ;
#1391 = ORIENTED_EDGE ( 'NONE', *, *, #596, .F. ) ;
#1392 = DIRECTION ( 'NONE',  ( -1.000000000000000000, 0.000000000000000000, 0.000000000000000000 ) ) ;
#1393 = DIRECTION ( 'NONE',  ( -0.000000000000000000, -0.000000000000000000, -1.000000000000000000 ) ) ;
#1394 = ADVANCED_FACE ( 'NONE', ( #356 ), #837, .T. ) ;
#1395 = FACE_OUTER_BOUND ( 'NONE', #1324, .T. ) ;
#1396 = CIRCLE ( 'NONE', #939, 9.500000000000000000 ) ;
#1397 = ORIENTED_EDGE ( 'NONE', *, *, #60, .T. ) ;
#1398 = VECTOR ( 'NONE', #267, 1000.000000000000000 ) ;
#1399 = CARTESIAN_POINT ( 'NONE',  ( -5.484827557301458434, -9.500000000000000000, 25.49999999999999645 ) ) ;
#1400 = VECTOR ( 'NONE', #385, 1000.000000000000000 ) ;
#1401 = ORIENTED_EDGE ( 'NONE', *, *, #1408, .F. ) ;
#1402 = CARTESIAN_POINT ( 'NONE',  ( 10.68097998000807891, -0.4999999999999832911, 16.50000000000000000 ) ) ;
#1403 = AXIS2_PLACEMENT_3D ( 'NONE', #793, #1246, #845 ) ;
#1404 = DIRECTION ( 'NONE',  ( -0.000000000000000000, -0.000000000000000000, -1.000000000000000000 ) ) ;
#1405 = PRESENTATION_STYLE_ASSIGNMENT (( #148 ) ) ;
#1406 = ORIENTED_EDGE ( 'NONE', *, *, #759, .F. ) ;
#1407 = PLANE ( 'NONE',  #470 ) ;
#1408 = EDGE_CURVE ( 'NONE', #1027, #110, #1396, .T. ) ;
#1409 = ORIENTED_EDGE ( 'NONE', *, *, #70, .F. ) ;
#1410 = CARTESIAN_POINT ( 'NONE',  ( -4.907477288111831371, -8.500000000000000000, 12.50000000000000000 ) ) ;
#1411 = FACE_OUTER_BOUND ( 'NONE', #948, .T. ) ;
#1412 = CARTESIAN_POINT ( 'NONE',  ( -5.773502691896271521, -9.000000000000000000, 16.50000000000000000 ) ) ;
#1413 = ORIENTED_EDGE ( 'NONE', *, *, #783, .F. ) ;
#1414 = CARTESIAN_POINT ( 'NONE',  ( -10.68097998000808246, -0.5000000000000143219, 12.50000000000000000 ) ) ;
#1415 = EDGE_CURVE ( 'NONE', #830, #1235, #296, .T. ) ;
#1416 = ORIENTED_EDGE ( 'NONE', *, *, #272, .T. ) ;
#1417 = DIRECTION ( 'NONE',  ( 1.000000000000000000, -1.581383788144376968E-16, 0.000000000000000000 ) ) ;
#1418 = CARTESIAN_POINT ( 'NONE',  ( 10.68097998000808069, 0.5000000000000125455, 12.50000000000000000 ) ) ;
#1419 = ORIENTED_EDGE ( 'NONE', *, *, #783, .T. ) ;
#1420 = CARTESIAN_POINT ( 'NONE',  ( -9.814954576223641425, -1.387778780781445676E-14, 25.49999999999999645 ) ) ;
#1421 = CIRCLE ( 'NONE', #942, 1.000000000000000000 ) ;
#1422 = EDGE_LOOP ( 'NONE', ( #33, #73, #573, #760 ) ) ;
#1423 = CARTESIAN_POINT ( 'NONE',  ( -4.907477288111831371, -9.500000000000000000, 7.500000000000000000 ) ) ;
#1424 = VECTOR ( 'NONE', #1217, 1000.000000000000227 ) ;
#1425 = DIRECTION ( 'NONE',  ( 0.000000000000000000, 0.000000000000000000, -1.000000000000000000 ) ) ;
#1426 = APPLICATION_CONTEXT ( 'automotive_design' ) ;
#1427 = VERTEX_POINT ( 'NONE', #736 ) ;
#1428 = DIRECTION ( 'NONE',  ( -0.000000000000000000, 1.000000000000000000, 0.000000000000000000 ) ) ;
#1429 = ORIENTED_EDGE ( 'NONE', *, *, #216, .T. ) ;
#1430 = DIRECTION ( 'NONE',  ( -1.000000000000000000, -1.734723475976807094E-15, 0.000000000000000000 ) ) ;
#1431 = DIRECTION ( 'NONE',  ( 0.000000000000000000, 0.000000000000000000, -1.000000000000000000 ) ) ;
#1432 = EDGE_CURVE ( 'NONE', #336, #1056, #387, .T. ) ;
#1433 = DIRECTION ( 'NONE',  ( -0.5000000000000001110, 0.8660254037844385966, 0.000000000000000000 ) ) ;
#1434 = VERTEX_POINT ( 'NONE', #1040 ) ;
#1435 = DIRECTION ( 'NONE',  ( 1.000000000000000000, 0.000000000000000000, 0.000000000000000000 ) ) ;
#1436 = DIRECTION ( 'NONE',  ( 0.000000000000000000, 0.000000000000000000, -1.000000000000000000 ) ) ;
#1437 = CARTESIAN_POINT ( 'NONE',  ( -10.68097998000807891, -0.5000000000000143219, 25.49999999999999645 ) ) ;
#1438 = EDGE_LOOP ( 'NONE', ( #821, #390, #475, #350 ) ) ;
#1439 = AXIS2_PLACEMENT_3D ( 'NONE', #970, #1428, #546 ) ;
#1440 = FACE_OUTER_BOUND ( 'NONE', #1122, .T. ) ;
#1441 = CIRCLE ( 'NONE', #564, 1.000000000000000000 ) ;
#1442 = CARTESIAN_POINT ( 'NONE',  ( -5.484827557301457546, -9.500000000000000000, 12.50000000000000000 ) ) ;
#1443 = AXIS2_PLACEMENT_3D ( 'NONE', #905, #795, #1249 ) ;
#1444 = DIRECTION ( 'NONE',  ( 1.000000000000000000, 0.000000000000000000, 0.000000000000000000 ) ) ;
#1445 = VECTOR ( 'NONE', #1366, 1000.000000000000000 ) ;
#1446 = DIRECTION ( 'NONE',  ( -1.000000000000000000, 0.000000000000000000, -0.000000000000000000 ) ) ;
#1447 = UNCERTAINTY_MEASURE_WITH_UNIT (LENGTH_MEASURE( 1.000000000000000082E-05 ), #621, 'distance_accuracy_value', 'NONE');
#1448 = ORIENTED_EDGE ( 'NONE', *, *, #1305, .T. ) ;
#1449 = EDGE_CURVE ( 'NONE', #501, #26, #614, .T. ) ;
#1450 = DIRECTION ( 'NONE',  ( -0.4999999999999997224, -0.8660254037844388186, 0.000000000000000000 ) ) ;
#1451 = CARTESIAN_POINT ( 'NONE',  ( 0.000000000000000000, 0.000000000000000000, 0.000000000000000000 ) ) ;
#1452 = ORIENTED_EDGE ( 'NONE', *, *, #1167, .F. ) ;
#1453 = CARTESIAN_POINT ( 'NONE',  ( -9.814954576223643201, -1.561251128379126385E-14, 12.50000000000000000 ) ) ;
#1454 = ORIENTED_EDGE ( 'NONE', *, *, #688, .F. ) ;
#1455 = CARTESIAN_POINT ( 'NONE',  ( 4.907477288111813607, -9.500000000000000000, 12.50000000000000000 ) ) ;
#1456 = EDGE_CURVE ( 'NONE', #629, #408, #405, .T. ) ;
#1457 = DIRECTION ( 'NONE',  ( -1.000000000000000000, 0.000000000000000000, 0.000000000000000000 ) ) ;
#1458 = ORIENTED_EDGE ( 'NONE', *, *, #264, .T. ) ;
#1459 = CARTESIAN_POINT ( 'NONE',  ( -4.907477288111814495, 9.500000000000001776, 16.50000000000000000 ) ) ;
#1460 = ORIENTED_EDGE ( 'NONE', *, *, #38, .F. ) ;
#1461 = DIRECTION ( 'NONE',  ( 0.000000000000000000, 0.000000000000000000, -1.000000000000000000 ) ) ;
#1462 = ORIENTED_EDGE ( 'NONE', *, *, #622, .F. ) ;
#1463 = FACE_OUTER_BOUND ( 'NONE', #1222, .T. ) ;
#1464 = VECTOR ( 'NONE', #1433, 1000.000000000000114 ) ;
#1465 = CIRCLE ( 'NONE', #826, 0.9999999999999991118 ) ;
#1466 = ORIENTED_EDGE ( 'NONE', *, *, #1046, .F. ) ;
#1467 = ADVANCED_FACE ( 'NONE', ( #650 ), #768, .F. ) ;
#1468 = AXIS2_PLACEMENT_3D ( 'NONE', #76, #95, #304 ) ;
#1469 = CARTESIAN_POINT ( 'NONE',  ( 10.68097998000807891, -0.4999999999999832911, 25.49999999999999645 ) ) ;
#1470 = AXIS2_PLACEMENT_3D ( 'NONE', #684, #670, #114 ) ;
#1471 = EDGE_LOOP ( 'NONE', ( #287, #352, #1168, #616 ) ) ;
#1472 = DIRECTION ( 'NONE',  ( 1.000000000000000000, 0.000000000000000000, 0.000000000000000000 ) ) ;
ENDSEC;
END-ISO-10303-21;
